ISO-10303-21;
HEADER;
FILE_DESCRIPTION(('Open CASCADE Model'),'2;1');
FILE_NAME('Open CASCADE Shape Model','2026-05-31T15:12:00',('Author'),(
    'Open CASCADE'),'Open CASCADE STEP processor 7.7','Open CASCADE 7.7'
  ,'Unknown');
FILE_SCHEMA(('AUTOMOTIVE_DESIGN { 1 0 10303 214 1 1 1 1 }'));
ENDSEC;
DATA;
#1 = APPLICATION_PROTOCOL_DEFINITION('international standard',
  'automotive_design',2000,#2);
#2 = APPLICATION_CONTEXT(
  'core data for automotive mechanical design processes');
#3 = SHAPE_DEFINITION_REPRESENTATION(#4,#10);
#4 = PRODUCT_DEFINITION_SHAPE('','',#5);
#5 = PRODUCT_DEFINITION('design','',#6,#9);
#6 = PRODUCT_DEFINITION_FORMATION('','',#7);
#7 = PRODUCT('Open CASCADE STEP translator 7.7 1',
  'Open CASCADE STEP translator 7.7 1','',(#8));
#8 = PRODUCT_CONTEXT('',#2,'mechanical');
#9 = PRODUCT_DEFINITION_CONTEXT('part definition',#2,'design');
#10 = ADVANCED_BREP_SHAPE_REPRESENTATION('',(#11,#15),#7584);
#11 = AXIS2_PLACEMENT_3D('',#12,#13,#14);
#12 = CARTESIAN_POINT('',(0.,0.,0.));
#13 = DIRECTION('',(0.,0.,1.));
#14 = DIRECTION('',(1.,0.,-0.));
#15 = MANIFOLD_SOLID_BREP('',#16);
#16 = CLOSED_SHELL('',(#17,#137,#619,#669,#723,#952,#979,#1006,#1033,
    #1060,#1067,#1094,#1121,#1148,#1222,#1344,#1391,#1422,#1453,#1480,
    #3202,#3766,#5088,#5136,#5184,#5234,#5260,#5288,#5338,#5364,#5392,
    #5442,#5468,#5496,#5546,#5572,#5600,#5650,#5676,#5704,#5754,#5780,
    #5808,#5858,#5884,#5912,#5962,#5988,#6016,#6066,#6092,#6120,#6170,
    #6196,#6224,#6274,#6300,#6328,#6378,#6404,#6432,#6482,#6508,#6536,
    #6586,#6612,#6640,#6690,#6716,#6744,#6794,#6820,#6848,#6898,#6924,
    #6952,#6980,#7030,#7056,#7084,#7134,#7160,#7188,#7238,#7264,#7292,
    #7342,#7368,#7396,#7446,#7472,#7500,#7550,#7576));
#17 = ADVANCED_FACE('',(#18),#32,.F.);
#18 = FACE_BOUND('',#19,.F.);
#19 = EDGE_LOOP('',(#20,#55,#83,#111));
#20 = ORIENTED_EDGE('',*,*,#21,.F.);
#21 = EDGE_CURVE('',#22,#24,#26,.T.);
#22 = VERTEX_POINT('',#23);
#23 = CARTESIAN_POINT('',(-60.,-27.5,10.));
#24 = VERTEX_POINT('',#25);
#25 = CARTESIAN_POINT('',(-60.,27.5,10.));
#26 = SURFACE_CURVE('',#27,(#31,#43),.PCURVE_S1.);
#27 = LINE('',#28,#29);
#28 = CARTESIAN_POINT('',(-60.,-32.5,10.));
#29 = VECTOR('',#30,1.);
#30 = DIRECTION('',(0.,1.,0.));
#31 = PCURVE('',#32,#37);
#32 = PLANE('',#33);
#33 = AXIS2_PLACEMENT_3D('',#34,#35,#36);
#34 = CARTESIAN_POINT('',(-60.,-32.5,0.));
#35 = DIRECTION('',(1.,0.,0.));
#36 = DIRECTION('',(0.,0.,1.));
#37 = DEFINITIONAL_REPRESENTATION('',(#38),#42);
#38 = LINE('',#39,#40);
#39 = CARTESIAN_POINT('',(10.,0.));
#40 = VECTOR('',#41,1.);
#41 = DIRECTION('',(0.,-1.));
#42 = ( GEOMETRIC_REPRESENTATION_CONTEXT(2) 
PARAMETRIC_REPRESENTATION_CONTEXT() REPRESENTATION_CONTEXT('2D SPACE',''
  ) );
#43 = PCURVE('',#44,#49);
#44 = PLANE('',#45);
#45 = AXIS2_PLACEMENT_3D('',#46,#47,#48);
#46 = CARTESIAN_POINT('',(-60.,-32.5,10.));
#47 = DIRECTION('',(0.,0.,1.));
#48 = DIRECTION('',(1.,0.,0.));
#49 = DEFINITIONAL_REPRESENTATION('',(#50),#54);
#50 = LINE('',#51,#52);
#51 = CARTESIAN_POINT('',(0.,0.));
#52 = VECTOR('',#53,1.);
#53 = DIRECTION('',(0.,1.));
#54 = ( GEOMETRIC_REPRESENTATION_CONTEXT(2) 
PARAMETRIC_REPRESENTATION_CONTEXT() REPRESENTATION_CONTEXT('2D SPACE',''
  ) );
#55 = ORIENTED_EDGE('',*,*,#56,.F.);
#56 = EDGE_CURVE('',#57,#22,#59,.T.);
#57 = VERTEX_POINT('',#58);
#58 = CARTESIAN_POINT('',(-60.,-27.5,0.));
#59 = SURFACE_CURVE('',#60,(#64,#71),.PCURVE_S1.);
#60 = LINE('',#61,#62);
#61 = CARTESIAN_POINT('',(-60.,-27.5,0.));
#62 = VECTOR('',#63,1.);
#63 = DIRECTION('',(0.,0.,1.));
#64 = PCURVE('',#32,#65);
#65 = DEFINITIONAL_REPRESENTATION('',(#66),#70);
#66 = LINE('',#67,#68);
#67 = CARTESIAN_POINT('',(0.,-5.));
#68 = VECTOR('',#69,1.);
#69 = DIRECTION('',(1.,0.));
#70 = ( GEOMETRIC_REPRESENTATION_CONTEXT(2) 
PARAMETRIC_REPRESENTATION_CONTEXT() REPRESENTATION_CONTEXT('2D SPACE',''
  ) );
#71 = PCURVE('',#72,#77);
#72 = CYLINDRICAL_SURFACE('',#73,5.);
#73 = AXIS2_PLACEMENT_3D('',#74,#75,#76);
#74 = CARTESIAN_POINT('',(-55.,-27.5,0.));
#75 = DIRECTION('',(0.,0.,1.));
#76 = DIRECTION('',(-1.,-0.,0.));
#77 = DEFINITIONAL_REPRESENTATION('',(#78),#82);
#78 = LINE('',#79,#80);
#79 = CARTESIAN_POINT('',(0.,0.));
#80 = VECTOR('',#81,1.);
#81 = DIRECTION('',(0.,1.));
#82 = ( GEOMETRIC_REPRESENTATION_CONTEXT(2) 
PARAMETRIC_REPRESENTATION_CONTEXT() REPRESENTATION_CONTEXT('2D SPACE',''
  ) );
#83 = ORIENTED_EDGE('',*,*,#84,.T.);
#84 = EDGE_CURVE('',#57,#85,#87,.T.);
#85 = VERTEX_POINT('',#86);
#86 = CARTESIAN_POINT('',(-60.,27.5,0.));
#87 = SURFACE_CURVE('',#88,(#92,#99),.PCURVE_S1.);
#88 = LINE('',#89,#90);
#89 = CARTESIAN_POINT('',(-60.,-32.5,0.));
#90 = VECTOR('',#91,1.);
#91 = DIRECTION('',(0.,1.,0.));
#92 = PCURVE('',#32,#93);
#93 = DEFINITIONAL_REPRESENTATION('',(#94),#98);
#94 = LINE('',#95,#96);
#95 = CARTESIAN_POINT('',(0.,0.));
#96 = VECTOR('',#97,1.);
#97 = DIRECTION('',(0.,-1.));
#98 = ( GEOMETRIC_REPRESENTATION_CONTEXT(2) 
PARAMETRIC_REPRESENTATION_CONTEXT() REPRESENTATION_CONTEXT('2D SPACE',''
  ) );
#99 = PCURVE('',#100,#105);
#100 = PLANE('',#101);
#101 = AXIS2_PLACEMENT_3D('',#102,#103,#104);
#102 = CARTESIAN_POINT('',(-60.,-32.5,0.));
#103 = DIRECTION('',(0.,0.,1.));
#104 = DIRECTION('',(1.,0.,0.));
#105 = DEFINITIONAL_REPRESENTATION('',(#106),#110);
#106 = LINE('',#107,#108);
#107 = CARTESIAN_POINT('',(0.,0.));
#108 = VECTOR('',#109,1.);
#109 = DIRECTION('',(0.,1.));
#110 = ( GEOMETRIC_REPRESENTATION_CONTEXT(2) 
PARAMETRIC_REPRESENTATION_CONTEXT() REPRESENTATION_CONTEXT('2D SPACE',''
  ) );
#111 = ORIENTED_EDGE('',*,*,#112,.T.);
#112 = EDGE_CURVE('',#85,#24,#113,.T.);
#113 = SURFACE_CURVE('',#114,(#118,#125),.PCURVE_S1.);
#114 = LINE('',#115,#116);
#115 = CARTESIAN_POINT('',(-60.,27.5,0.));
#116 = VECTOR('',#117,1.);
#117 = DIRECTION('',(0.,0.,1.));
#118 = PCURVE('',#32,#119);
#119 = DEFINITIONAL_REPRESENTATION('',(#120),#124);
#120 = LINE('',#121,#122);
#121 = CARTESIAN_POINT('',(0.,-60.));
#122 = VECTOR('',#123,1.);
#123 = DIRECTION('',(1.,0.));
#124 = ( GEOMETRIC_REPRESENTATION_CONTEXT(2) 
PARAMETRIC_REPRESENTATION_CONTEXT() REPRESENTATION_CONTEXT('2D SPACE',''
  ) );
#125 = PCURVE('',#126,#131);
#126 = CYLINDRICAL_SURFACE('',#127,5.);
#127 = AXIS2_PLACEMENT_3D('',#128,#129,#130);
#128 = CARTESIAN_POINT('',(-55.,27.5,0.));
#129 = DIRECTION('',(0.,0.,1.));
#130 = DIRECTION('',(-1.,-0.,0.));
#131 = DEFINITIONAL_REPRESENTATION('',(#132),#136);
#132 = LINE('',#133,#134);
#133 = CARTESIAN_POINT('',(-0.,0.));
#134 = VECTOR('',#135,1.);
#135 = DIRECTION('',(-0.,1.));
#136 = ( GEOMETRIC_REPRESENTATION_CONTEXT(2) 
PARAMETRIC_REPRESENTATION_CONTEXT() REPRESENTATION_CONTEXT('2D SPACE',''
  ) );
#137 = ADVANCED_FACE('',(#138,#337,#372,#407,#442,#584),#44,.T.);
#138 = FACE_BOUND('',#139,.T.);
#139 = EDGE_LOOP('',(#140,#141,#165,#193,#226,#254,#283,#311));
#140 = ORIENTED_EDGE('',*,*,#21,.F.);
#141 = ORIENTED_EDGE('',*,*,#142,.T.);
#142 = EDGE_CURVE('',#22,#143,#145,.T.);
#143 = VERTEX_POINT('',#144);
#144 = CARTESIAN_POINT('',(-55.,-32.5,10.));
#145 = SURFACE_CURVE('',#146,(#151,#158),.PCURVE_S1.);
#146 = CIRCLE('',#147,5.);
#147 = AXIS2_PLACEMENT_3D('',#148,#149,#150);
#148 = CARTESIAN_POINT('',(-55.,-27.5,10.));
#149 = DIRECTION('',(0.,0.,1.));
#150 = DIRECTION('',(0.,-1.,0.));
#151 = PCURVE('',#44,#152);
#152 = DEFINITIONAL_REPRESENTATION('',(#153),#157);
#153 = CIRCLE('',#154,5.);
#154 = AXIS2_PLACEMENT_2D('',#155,#156);
#155 = CARTESIAN_POINT('',(5.,5.));
#156 = DIRECTION('',(0.,-1.));
#157 = ( GEOMETRIC_REPRESENTATION_CONTEXT(2) 
PARAMETRIC_REPRESENTATION_CONTEXT() REPRESENTATION_CONTEXT('2D SPACE',''
  ) );
#158 = PCURVE('',#72,#159);
#159 = DEFINITIONAL_REPRESENTATION('',(#160),#164);
#160 = LINE('',#161,#162);
#161 = CARTESIAN_POINT('',(-4.712388980385,10.));
#162 = VECTOR('',#163,1.);
#163 = DIRECTION('',(1.,0.));
#164 = ( GEOMETRIC_REPRESENTATION_CONTEXT(2) 
PARAMETRIC_REPRESENTATION_CONTEXT() REPRESENTATION_CONTEXT('2D SPACE',''
  ) );
#165 = ORIENTED_EDGE('',*,*,#166,.T.);
#166 = EDGE_CURVE('',#143,#167,#169,.T.);
#167 = VERTEX_POINT('',#168);
#168 = CARTESIAN_POINT('',(55.,-32.5,10.));
#169 = SURFACE_CURVE('',#170,(#174,#181),.PCURVE_S1.);
#170 = LINE('',#171,#172);
#171 = CARTESIAN_POINT('',(-60.,-32.5,10.));
#172 = VECTOR('',#173,1.);
#173 = DIRECTION('',(1.,0.,0.));
#174 = PCURVE('',#44,#175);
#175 = DEFINITIONAL_REPRESENTATION('',(#176),#180);
#176 = LINE('',#177,#178);
#177 = CARTESIAN_POINT('',(0.,0.));
#178 = VECTOR('',#179,1.);
#179 = DIRECTION('',(1.,0.));
#180 = ( GEOMETRIC_REPRESENTATION_CONTEXT(2) 
PARAMETRIC_REPRESENTATION_CONTEXT() REPRESENTATION_CONTEXT('2D SPACE',''
  ) );
#181 = PCURVE('',#182,#187);
#182 = PLANE('',#183);
#183 = AXIS2_PLACEMENT_3D('',#184,#185,#186);
#184 = CARTESIAN_POINT('',(-60.,-32.5,0.));
#185 = DIRECTION('',(0.,1.,0.));
#186 = DIRECTION('',(0.,0.,1.));
#187 = DEFINITIONAL_REPRESENTATION('',(#188),#192);
#188 = LINE('',#189,#190);
#189 = CARTESIAN_POINT('',(10.,0.));
#190 = VECTOR('',#191,1.);
#191 = DIRECTION('',(0.,1.));
#192 = ( GEOMETRIC_REPRESENTATION_CONTEXT(2) 
PARAMETRIC_REPRESENTATION_CONTEXT() REPRESENTATION_CONTEXT('2D SPACE',''
  ) );
#193 = ORIENTED_EDGE('',*,*,#194,.F.);
#194 = EDGE_CURVE('',#195,#167,#197,.T.);
#195 = VERTEX_POINT('',#196);
#196 = CARTESIAN_POINT('',(60.,-27.5,10.));
#197 = SURFACE_CURVE('',#198,(#203,#214),.PCURVE_S1.);
#198 = CIRCLE('',#199,5.);
#199 = AXIS2_PLACEMENT_3D('',#200,#201,#202);
#200 = CARTESIAN_POINT('',(55.,-27.5,10.));
#201 = DIRECTION('',(-0.,-0.,-1.));
#202 = DIRECTION('',(0.,-1.,0.));
#203 = PCURVE('',#44,#204);
#204 = DEFINITIONAL_REPRESENTATION('',(#205),#213);
#205 = ( BOUNDED_CURVE() B_SPLINE_CURVE(2,(#206,#207,#208,#209,#210,#211
,#212),.UNSPECIFIED.,.T.,.F.) B_SPLINE_CURVE_WITH_KNOTS((1,2,2,2,2,1),(
    -2.094395102393,0.,2.094395102393,4.188790204786,6.28318530718,
8.377580409573),.UNSPECIFIED.) CURVE() GEOMETRIC_REPRESENTATION_ITEM() 
RATIONAL_B_SPLINE_CURVE((1.,0.5,1.,0.5,1.,0.5,1.)) REPRESENTATION_ITEM(
  '') );
#206 = CARTESIAN_POINT('',(115.,0.));
#207 = CARTESIAN_POINT('',(106.33974596215,0.));
#208 = CARTESIAN_POINT('',(110.66987298107,7.5));
#209 = CARTESIAN_POINT('',(115.,15.));
#210 = CARTESIAN_POINT('',(119.33012701892,7.5));
#211 = CARTESIAN_POINT('',(123.66025403784,7.993605777301E-15));
#212 = CARTESIAN_POINT('',(115.,0.));
#213 = ( GEOMETRIC_REPRESENTATION_CONTEXT(2) 
PARAMETRIC_REPRESENTATION_CONTEXT() REPRESENTATION_CONTEXT('2D SPACE',''
  ) );
#214 = PCURVE('',#215,#220);
#215 = CYLINDRICAL_SURFACE('',#216,5.);
#216 = AXIS2_PLACEMENT_3D('',#217,#218,#219);
#217 = CARTESIAN_POINT('',(55.,-27.5,0.));
#218 = DIRECTION('',(0.,0.,1.));
#219 = DIRECTION('',(1.,0.,-0.));
#220 = DEFINITIONAL_REPRESENTATION('',(#221),#225);
#221 = LINE('',#222,#223);
#222 = CARTESIAN_POINT('',(4.712388980385,10.));
#223 = VECTOR('',#224,1.);
#224 = DIRECTION('',(-1.,0.));
#225 = ( GEOMETRIC_REPRESENTATION_CONTEXT(2) 
PARAMETRIC_REPRESENTATION_CONTEXT() REPRESENTATION_CONTEXT('2D SPACE',''
  ) );
#226 = ORIENTED_EDGE('',*,*,#227,.T.);
#227 = EDGE_CURVE('',#195,#228,#230,.T.);
#228 = VERTEX_POINT('',#229);
#229 = CARTESIAN_POINT('',(60.,27.5,10.));
#230 = SURFACE_CURVE('',#231,(#235,#242),.PCURVE_S1.);
#231 = LINE('',#232,#233);
#232 = CARTESIAN_POINT('',(60.,-32.5,10.));
#233 = VECTOR('',#234,1.);
#234 = DIRECTION('',(0.,1.,0.));
#235 = PCURVE('',#44,#236);
#236 = DEFINITIONAL_REPRESENTATION('',(#237),#241);
#237 = LINE('',#238,#239);
#238 = CARTESIAN_POINT('',(120.,0.));
#239 = VECTOR('',#240,1.);
#240 = DIRECTION('',(0.,1.));
#241 = ( GEOMETRIC_REPRESENTATION_CONTEXT(2) 
PARAMETRIC_REPRESENTATION_CONTEXT() REPRESENTATION_CONTEXT('2D SPACE',''
  ) );
#242 = PCURVE('',#243,#248);
#243 = PLANE('',#244);
#244 = AXIS2_PLACEMENT_3D('',#245,#246,#247);
#245 = CARTESIAN_POINT('',(60.,-32.5,0.));
#246 = DIRECTION('',(1.,0.,0.));
#247 = DIRECTION('',(0.,0.,1.));
#248 = DEFINITIONAL_REPRESENTATION('',(#249),#253);
#249 = LINE('',#250,#251);
#250 = CARTESIAN_POINT('',(10.,0.));
#251 = VECTOR('',#252,1.);
#252 = DIRECTION('',(0.,-1.));
#253 = ( GEOMETRIC_REPRESENTATION_CONTEXT(2) 
PARAMETRIC_REPRESENTATION_CONTEXT() REPRESENTATION_CONTEXT('2D SPACE',''
  ) );
#254 = ORIENTED_EDGE('',*,*,#255,.T.);
#255 = EDGE_CURVE('',#228,#256,#258,.T.);
#256 = VERTEX_POINT('',#257);
#257 = CARTESIAN_POINT('',(55.,32.5,10.));
#258 = SURFACE_CURVE('',#259,(#264,#271),.PCURVE_S1.);
#259 = CIRCLE('',#260,5.);
#260 = AXIS2_PLACEMENT_3D('',#261,#262,#263);
#261 = CARTESIAN_POINT('',(55.,27.5,10.));
#262 = DIRECTION('',(0.,0.,1.));
#263 = DIRECTION('',(0.,-1.,0.));
#264 = PCURVE('',#44,#265);
#265 = DEFINITIONAL_REPRESENTATION('',(#266),#270);
#266 = CIRCLE('',#267,5.);
#267 = AXIS2_PLACEMENT_2D('',#268,#269);
#268 = CARTESIAN_POINT('',(115.,60.));
#269 = DIRECTION('',(0.,-1.));
#270 = ( GEOMETRIC_REPRESENTATION_CONTEXT(2) 
PARAMETRIC_REPRESENTATION_CONTEXT() REPRESENTATION_CONTEXT('2D SPACE',''
  ) );
#271 = PCURVE('',#272,#277);
#272 = CYLINDRICAL_SURFACE('',#273,5.);
#273 = AXIS2_PLACEMENT_3D('',#274,#275,#276);
#274 = CARTESIAN_POINT('',(55.,27.5,0.));
#275 = DIRECTION('',(0.,0.,1.));
#276 = DIRECTION('',(1.,0.,-0.));
#277 = DEFINITIONAL_REPRESENTATION('',(#278),#282);
#278 = LINE('',#279,#280);
#279 = CARTESIAN_POINT('',(-1.570796326795,10.));
#280 = VECTOR('',#281,1.);
#281 = DIRECTION('',(1.,0.));
#282 = ( GEOMETRIC_REPRESENTATION_CONTEXT(2) 
PARAMETRIC_REPRESENTATION_CONTEXT() REPRESENTATION_CONTEXT('2D SPACE',''
  ) );
#283 = ORIENTED_EDGE('',*,*,#284,.F.);
#284 = EDGE_CURVE('',#285,#256,#287,.T.);
#285 = VERTEX_POINT('',#286);
#286 = CARTESIAN_POINT('',(-55.,32.5,10.));
#287 = SURFACE_CURVE('',#288,(#292,#299),.PCURVE_S1.);
#288 = LINE('',#289,#290);
#289 = CARTESIAN_POINT('',(-60.,32.5,10.));
#290 = VECTOR('',#291,1.);
#291 = DIRECTION('',(1.,0.,0.));
#292 = PCURVE('',#44,#293);
#293 = DEFINITIONAL_REPRESENTATION('',(#294),#298);
#294 = LINE('',#295,#296);
#295 = CARTESIAN_POINT('',(0.,65.));
#296 = VECTOR('',#297,1.);
#297 = DIRECTION('',(1.,0.));
#298 = ( GEOMETRIC_REPRESENTATION_CONTEXT(2) 
PARAMETRIC_REPRESENTATION_CONTEXT() REPRESENTATION_CONTEXT('2D SPACE',''
  ) );
#299 = PCURVE('',#300,#305);
#300 = PLANE('',#301);
#301 = AXIS2_PLACEMENT_3D('',#302,#303,#304);
#302 = CARTESIAN_POINT('',(-60.,32.5,0.));
#303 = DIRECTION('',(0.,1.,0.));
#304 = DIRECTION('',(0.,0.,1.));
#305 = DEFINITIONAL_REPRESENTATION('',(#306),#310);
#306 = LINE('',#307,#308);
#307 = CARTESIAN_POINT('',(10.,0.));
#308 = VECTOR('',#309,1.);
#309 = DIRECTION('',(0.,1.));
#310 = ( GEOMETRIC_REPRESENTATION_CONTEXT(2) 
PARAMETRIC_REPRESENTATION_CONTEXT() REPRESENTATION_CONTEXT('2D SPACE',''
  ) );
#311 = ORIENTED_EDGE('',*,*,#312,.F.);
#312 = EDGE_CURVE('',#24,#285,#313,.T.);
#313 = SURFACE_CURVE('',#314,(#319,#330),.PCURVE_S1.);
#314 = CIRCLE('',#315,5.);
#315 = AXIS2_PLACEMENT_3D('',#316,#317,#318);
#316 = CARTESIAN_POINT('',(-55.,27.5,10.));
#317 = DIRECTION('',(-0.,-0.,-1.));
#318 = DIRECTION('',(0.,-1.,0.));
#319 = PCURVE('',#44,#320);
#320 = DEFINITIONAL_REPRESENTATION('',(#321),#329);
#321 = ( BOUNDED_CURVE() B_SPLINE_CURVE(2,(#322,#323,#324,#325,#326,#327
,#328),.UNSPECIFIED.,.T.,.F.) B_SPLINE_CURVE_WITH_KNOTS((1,2,2,2,2,1),(
    -2.094395102393,0.,2.094395102393,4.188790204786,6.28318530718,
8.377580409573),.UNSPECIFIED.) CURVE() GEOMETRIC_REPRESENTATION_ITEM() 
RATIONAL_B_SPLINE_CURVE((1.,0.5,1.,0.5,1.,0.5,1.)) REPRESENTATION_ITEM(
  '') );
#322 = CARTESIAN_POINT('',(5.,55.));
#323 = CARTESIAN_POINT('',(-3.660254037844,55.));
#324 = CARTESIAN_POINT('',(0.669872981078,62.5));
#325 = CARTESIAN_POINT('',(5.,70.));
#326 = CARTESIAN_POINT('',(9.330127018922,62.5));
#327 = CARTESIAN_POINT('',(13.660254037844,55.));
#328 = CARTESIAN_POINT('',(5.,55.));
#329 = ( GEOMETRIC_REPRESENTATION_CONTEXT(2) 
PARAMETRIC_REPRESENTATION_CONTEXT() REPRESENTATION_CONTEXT('2D SPACE',''
  ) );
#330 = PCURVE('',#126,#331);
#331 = DEFINITIONAL_REPRESENTATION('',(#332),#336);
#332 = LINE('',#333,#334);
#333 = CARTESIAN_POINT('',(1.570796326795,10.));
#334 = VECTOR('',#335,1.);
#335 = DIRECTION('',(-1.,0.));
#336 = ( GEOMETRIC_REPRESENTATION_CONTEXT(2) 
PARAMETRIC_REPRESENTATION_CONTEXT() REPRESENTATION_CONTEXT('2D SPACE',''
  ) );
#337 = FACE_BOUND('',#338,.T.);
#338 = EDGE_LOOP('',(#339));
#339 = ORIENTED_EDGE('',*,*,#340,.T.);
#340 = EDGE_CURVE('',#341,#341,#343,.T.);
#341 = VERTEX_POINT('',#342);
#342 = CARTESIAN_POINT('',(-44.3,-22.5,10.));
#343 = SURFACE_CURVE('',#344,(#349,#360),.PCURVE_S1.);
#344 = CIRCLE('',#345,3.2);
#345 = AXIS2_PLACEMENT_3D('',#346,#347,#348);
#346 = CARTESIAN_POINT('',(-47.5,-22.5,10.));
#347 = DIRECTION('',(0.,0.,-1.));
#348 = DIRECTION('',(1.,0.,0.));
#349 = PCURVE('',#44,#350);
#350 = DEFINITIONAL_REPRESENTATION('',(#351),#359);
#351 = ( BOUNDED_CURVE() B_SPLINE_CURVE(2,(#352,#353,#354,#355,#356,#357
,#358),.UNSPECIFIED.,.T.,.F.) B_SPLINE_CURVE_WITH_KNOTS((1,2,2,2,2,1),(
    -2.094395102393,0.,2.094395102393,4.188790204786,6.28318530718,
8.377580409573),.UNSPECIFIED.) CURVE() GEOMETRIC_REPRESENTATION_ITEM() 
RATIONAL_B_SPLINE_CURVE((1.,0.5,1.,0.5,1.,0.5,1.)) REPRESENTATION_ITEM(
  '') );
#352 = CARTESIAN_POINT('',(15.7,10.));
#353 = CARTESIAN_POINT('',(15.7,4.45743741578));
#354 = CARTESIAN_POINT('',(10.9,7.22871870789));
#355 = CARTESIAN_POINT('',(6.1,10.));
#356 = CARTESIAN_POINT('',(10.9,12.77128129211));
#357 = CARTESIAN_POINT('',(15.7,15.54256258422));
#358 = CARTESIAN_POINT('',(15.7,10.));
#359 = ( GEOMETRIC_REPRESENTATION_CONTEXT(2) 
PARAMETRIC_REPRESENTATION_CONTEXT() REPRESENTATION_CONTEXT('2D SPACE',''
  ) );
#360 = PCURVE('',#361,#366);
#361 = CYLINDRICAL_SURFACE('',#362,3.2);
#362 = AXIS2_PLACEMENT_3D('',#363,#364,#365);
#363 = CARTESIAN_POINT('',(-47.5,-22.5,-110.0000002));
#364 = DIRECTION('',(-0.,-0.,-1.));
#365 = DIRECTION('',(1.,0.,0.));
#366 = DEFINITIONAL_REPRESENTATION('',(#367),#371);
#367 = LINE('',#368,#369);
#368 = CARTESIAN_POINT('',(-6.28318530718,-120.0000002));
#369 = VECTOR('',#370,1.);
#370 = DIRECTION('',(1.,-0.));
#371 = ( GEOMETRIC_REPRESENTATION_CONTEXT(2) 
PARAMETRIC_REPRESENTATION_CONTEXT() REPRESENTATION_CONTEXT('2D SPACE',''
  ) );
#372 = FACE_BOUND('',#373,.T.);
#373 = EDGE_LOOP('',(#374));
#374 = ORIENTED_EDGE('',*,*,#375,.T.);
#375 = EDGE_CURVE('',#376,#376,#378,.T.);
#376 = VERTEX_POINT('',#377);
#377 = CARTESIAN_POINT('',(50.7,-22.5,10.));
#378 = SURFACE_CURVE('',#379,(#384,#395),.PCURVE_S1.);
#379 = CIRCLE('',#380,3.2);
#380 = AXIS2_PLACEMENT_3D('',#381,#382,#383);
#381 = CARTESIAN_POINT('',(47.5,-22.5,10.));
#382 = DIRECTION('',(0.,0.,-1.));
#383 = DIRECTION('',(1.,0.,0.));
#384 = PCURVE('',#44,#385);
#385 = DEFINITIONAL_REPRESENTATION('',(#386),#394);
#386 = ( BOUNDED_CURVE() B_SPLINE_CURVE(2,(#387,#388,#389,#390,#391,#392
,#393),.UNSPECIFIED.,.T.,.F.) B_SPLINE_CURVE_WITH_KNOTS((1,2,2,2,2,1),(
    -2.094395102393,0.,2.094395102393,4.188790204786,6.28318530718,
8.377580409573),.UNSPECIFIED.) CURVE() GEOMETRIC_REPRESENTATION_ITEM() 
RATIONAL_B_SPLINE_CURVE((1.,0.5,1.,0.5,1.,0.5,1.)) REPRESENTATION_ITEM(
  '') );
#387 = CARTESIAN_POINT('',(110.7,10.));
#388 = CARTESIAN_POINT('',(110.7,4.45743741578));
#389 = CARTESIAN_POINT('',(105.9,7.22871870789));
#390 = CARTESIAN_POINT('',(101.1,10.));
#391 = CARTESIAN_POINT('',(105.9,12.77128129211));
#392 = CARTESIAN_POINT('',(110.7,15.54256258422));
#393 = CARTESIAN_POINT('',(110.7,10.));
#394 = ( GEOMETRIC_REPRESENTATION_CONTEXT(2) 
PARAMETRIC_REPRESENTATION_CONTEXT() REPRESENTATION_CONTEXT('2D SPACE',''
  ) );
#395 = PCURVE('',#396,#401);
#396 = CYLINDRICAL_SURFACE('',#397,3.2);
#397 = AXIS2_PLACEMENT_3D('',#398,#399,#400);
#398 = CARTESIAN_POINT('',(47.5,-22.5,-110.0000002));
#399 = DIRECTION('',(-0.,-0.,-1.));
#400 = DIRECTION('',(1.,0.,0.));
#401 = DEFINITIONAL_REPRESENTATION('',(#402),#406);
#402 = LINE('',#403,#404);
#403 = CARTESIAN_POINT('',(-6.28318530718,-120.0000002));
#404 = VECTOR('',#405,1.);
#405 = DIRECTION('',(1.,-0.));
#406 = ( GEOMETRIC_REPRESENTATION_CONTEXT(2) 
PARAMETRIC_REPRESENTATION_CONTEXT() REPRESENTATION_CONTEXT('2D SPACE',''
  ) );
#407 = FACE_BOUND('',#408,.T.);
#408 = EDGE_LOOP('',(#409));
#409 = ORIENTED_EDGE('',*,*,#410,.T.);
#410 = EDGE_CURVE('',#411,#411,#413,.T.);
#411 = VERTEX_POINT('',#412);
#412 = CARTESIAN_POINT('',(-44.3,22.5,10.));
#413 = SURFACE_CURVE('',#414,(#419,#430),.PCURVE_S1.);
#414 = CIRCLE('',#415,3.2);
#415 = AXIS2_PLACEMENT_3D('',#416,#417,#418);
#416 = CARTESIAN_POINT('',(-47.5,22.5,10.));
#417 = DIRECTION('',(0.,0.,-1.));
#418 = DIRECTION('',(1.,0.,0.));
#419 = PCURVE('',#44,#420);
#420 = DEFINITIONAL_REPRESENTATION('',(#421),#429);
#421 = ( BOUNDED_CURVE() B_SPLINE_CURVE(2,(#422,#423,#424,#425,#426,#427
,#428),.UNSPECIFIED.,.T.,.F.) B_SPLINE_CURVE_WITH_KNOTS((1,2,2,2,2,1),(
    -2.094395102393,0.,2.094395102393,4.188790204786,6.28318530718,
8.377580409573),.UNSPECIFIED.) CURVE() GEOMETRIC_REPRESENTATION_ITEM() 
RATIONAL_B_SPLINE_CURVE((1.,0.5,1.,0.5,1.,0.5,1.)) REPRESENTATION_ITEM(
  '') );
#422 = CARTESIAN_POINT('',(15.7,55.));
#423 = CARTESIAN_POINT('',(15.7,49.45743741578));
#424 = CARTESIAN_POINT('',(10.9,52.22871870789));
#425 = CARTESIAN_POINT('',(6.1,55.));
#426 = CARTESIAN_POINT('',(10.9,57.77128129211));
#427 = CARTESIAN_POINT('',(15.7,60.54256258422));
#428 = CARTESIAN_POINT('',(15.7,55.));
#429 = ( GEOMETRIC_REPRESENTATION_CONTEXT(2) 
PARAMETRIC_REPRESENTATION_CONTEXT() REPRESENTATION_CONTEXT('2D SPACE',''
  ) );
#430 = PCURVE('',#431,#436);
#431 = CYLINDRICAL_SURFACE('',#432,3.2);
#432 = AXIS2_PLACEMENT_3D('',#433,#434,#435);
#433 = CARTESIAN_POINT('',(-47.5,22.5,-110.0000002));
#434 = DIRECTION('',(-0.,-0.,-1.));
#435 = DIRECTION('',(1.,0.,0.));
#436 = DEFINITIONAL_REPRESENTATION('',(#437),#441);
#437 = LINE('',#438,#439);
#438 = CARTESIAN_POINT('',(-6.28318530718,-120.0000002));
#439 = VECTOR('',#440,1.);
#440 = DIRECTION('',(1.,-0.));
#441 = ( GEOMETRIC_REPRESENTATION_CONTEXT(2) 
PARAMETRIC_REPRESENTATION_CONTEXT() REPRESENTATION_CONTEXT('2D SPACE',''
  ) );
#442 = FACE_BOUND('',#443,.T.);
#443 = EDGE_LOOP('',(#444,#474,#502,#530,#558));
#444 = ORIENTED_EDGE('',*,*,#445,.T.);
#445 = EDGE_CURVE('',#446,#448,#450,.T.);
#446 = VERTEX_POINT('',#447);
#447 = CARTESIAN_POINT('',(30.,0.,10.));
#448 = VERTEX_POINT('',#449);
#449 = CARTESIAN_POINT('',(30.,4.,10.));
#450 = SURFACE_CURVE('',#451,(#455,#462),.PCURVE_S1.);
#451 = LINE('',#452,#453);
#452 = CARTESIAN_POINT('',(30.,0.,10.));
#453 = VECTOR('',#454,1.);
#454 = DIRECTION('',(0.,1.,0.));
#455 = PCURVE('',#44,#456);
#456 = DEFINITIONAL_REPRESENTATION('',(#457),#461);
#457 = LINE('',#458,#459);
#458 = CARTESIAN_POINT('',(90.,32.5));
#459 = VECTOR('',#460,1.);
#460 = DIRECTION('',(0.,1.));
#461 = ( GEOMETRIC_REPRESENTATION_CONTEXT(2) 
PARAMETRIC_REPRESENTATION_CONTEXT() REPRESENTATION_CONTEXT('2D SPACE',''
  ) );
#462 = PCURVE('',#463,#468);
#463 = PLANE('',#464);
#464 = AXIS2_PLACEMENT_3D('',#465,#466,#467);
#465 = CARTESIAN_POINT('',(30.,0.,10.));
#466 = DIRECTION('',(1.,0.,0.));
#467 = DIRECTION('',(0.,0.,1.));
#468 = DEFINITIONAL_REPRESENTATION('',(#469),#473);
#469 = LINE('',#470,#471);
#470 = CARTESIAN_POINT('',(0.,0.));
#471 = VECTOR('',#472,1.);
#472 = DIRECTION('',(0.,-1.));
#473 = ( GEOMETRIC_REPRESENTATION_CONTEXT(2) 
PARAMETRIC_REPRESENTATION_CONTEXT() REPRESENTATION_CONTEXT('2D SPACE',''
  ) );
#474 = ORIENTED_EDGE('',*,*,#475,.T.);
#475 = EDGE_CURVE('',#448,#476,#478,.T.);
#476 = VERTEX_POINT('',#477);
#477 = CARTESIAN_POINT('',(50.,4.,10.));
#478 = SURFACE_CURVE('',#479,(#483,#490),.PCURVE_S1.);
#479 = LINE('',#480,#481);
#480 = CARTESIAN_POINT('',(30.,4.,10.));
#481 = VECTOR('',#482,1.);
#482 = DIRECTION('',(1.,0.,0.));
#483 = PCURVE('',#44,#484);
#484 = DEFINITIONAL_REPRESENTATION('',(#485),#489);
#485 = LINE('',#486,#487);
#486 = CARTESIAN_POINT('',(90.,36.5));
#487 = VECTOR('',#488,1.);
#488 = DIRECTION('',(1.,0.));
#489 = ( GEOMETRIC_REPRESENTATION_CONTEXT(2) 
PARAMETRIC_REPRESENTATION_CONTEXT() REPRESENTATION_CONTEXT('2D SPACE',''
  ) );
#490 = PCURVE('',#491,#496);
#491 = PLANE('',#492);
#492 = AXIS2_PLACEMENT_3D('',#493,#494,#495);
#493 = CARTESIAN_POINT('',(30.,4.,10.));
#494 = DIRECTION('',(0.,1.,0.));
#495 = DIRECTION('',(0.,0.,1.));
#496 = DEFINITIONAL_REPRESENTATION('',(#497),#501);
#497 = LINE('',#498,#499);
#498 = CARTESIAN_POINT('',(0.,0.));
#499 = VECTOR('',#500,1.);
#500 = DIRECTION('',(0.,1.));
#501 = ( GEOMETRIC_REPRESENTATION_CONTEXT(2) 
PARAMETRIC_REPRESENTATION_CONTEXT() REPRESENTATION_CONTEXT('2D SPACE',''
  ) );
#502 = ORIENTED_EDGE('',*,*,#503,.F.);
#503 = EDGE_CURVE('',#504,#476,#506,.T.);
#504 = VERTEX_POINT('',#505);
#505 = CARTESIAN_POINT('',(50.,0.,10.));
#506 = SURFACE_CURVE('',#507,(#511,#518),.PCURVE_S1.);
#507 = LINE('',#508,#509);
#508 = CARTESIAN_POINT('',(50.,0.,10.));
#509 = VECTOR('',#510,1.);
#510 = DIRECTION('',(0.,1.,0.));
#511 = PCURVE('',#44,#512);
#512 = DEFINITIONAL_REPRESENTATION('',(#513),#517);
#513 = LINE('',#514,#515);
#514 = CARTESIAN_POINT('',(110.,32.5));
#515 = VECTOR('',#516,1.);
#516 = DIRECTION('',(0.,1.));
#517 = ( GEOMETRIC_REPRESENTATION_CONTEXT(2) 
PARAMETRIC_REPRESENTATION_CONTEXT() REPRESENTATION_CONTEXT('2D SPACE',''
  ) );
#518 = PCURVE('',#519,#524);
#519 = PLANE('',#520);
#520 = AXIS2_PLACEMENT_3D('',#521,#522,#523);
#521 = CARTESIAN_POINT('',(50.,0.,10.));
#522 = DIRECTION('',(1.,0.,0.));
#523 = DIRECTION('',(0.,0.,1.));
#524 = DEFINITIONAL_REPRESENTATION('',(#525),#529);
#525 = LINE('',#526,#527);
#526 = CARTESIAN_POINT('',(0.,0.));
#527 = VECTOR('',#528,1.);
#528 = DIRECTION('',(0.,-1.));
#529 = ( GEOMETRIC_REPRESENTATION_CONTEXT(2) 
PARAMETRIC_REPRESENTATION_CONTEXT() REPRESENTATION_CONTEXT('2D SPACE',''
  ) );
#530 = ORIENTED_EDGE('',*,*,#531,.F.);
#531 = EDGE_CURVE('',#532,#504,#534,.T.);
#532 = VERTEX_POINT('',#533);
#533 = CARTESIAN_POINT('',(40.,0.,10.));
#534 = SURFACE_CURVE('',#535,(#539,#546),.PCURVE_S1.);
#535 = LINE('',#536,#537);
#536 = CARTESIAN_POINT('',(30.,0.,10.));
#537 = VECTOR('',#538,1.);
#538 = DIRECTION('',(1.,0.,0.));
#539 = PCURVE('',#44,#540);
#540 = DEFINITIONAL_REPRESENTATION('',(#541),#545);
#541 = LINE('',#542,#543);
#542 = CARTESIAN_POINT('',(90.,32.5));
#543 = VECTOR('',#544,1.);
#544 = DIRECTION('',(1.,0.));
#545 = ( GEOMETRIC_REPRESENTATION_CONTEXT(2) 
PARAMETRIC_REPRESENTATION_CONTEXT() REPRESENTATION_CONTEXT('2D SPACE',''
  ) );
#546 = PCURVE('',#547,#552);
#547 = PLANE('',#548);
#548 = AXIS2_PLACEMENT_3D('',#549,#550,#551);
#549 = CARTESIAN_POINT('',(30.,0.,10.));
#550 = DIRECTION('',(0.,1.,0.));
#551 = DIRECTION('',(0.,0.,1.));
#552 = DEFINITIONAL_REPRESENTATION('',(#553),#557);
#553 = LINE('',#554,#555);
#554 = CARTESIAN_POINT('',(0.,0.));
#555 = VECTOR('',#556,1.);
#556 = DIRECTION('',(0.,1.));
#557 = ( GEOMETRIC_REPRESENTATION_CONTEXT(2) 
PARAMETRIC_REPRESENTATION_CONTEXT() REPRESENTATION_CONTEXT('2D SPACE',''
  ) );
#558 = ORIENTED_EDGE('',*,*,#559,.F.);
#559 = EDGE_CURVE('',#446,#532,#560,.T.);
#560 = SURFACE_CURVE('',#561,(#565,#572),.PCURVE_S1.);
#561 = LINE('',#562,#563);
#562 = CARTESIAN_POINT('',(30.,0.,10.));
#563 = VECTOR('',#564,1.);
#564 = DIRECTION('',(1.,0.,0.));
#565 = PCURVE('',#44,#566);
#566 = DEFINITIONAL_REPRESENTATION('',(#567),#571);
#567 = LINE('',#568,#569);
#568 = CARTESIAN_POINT('',(90.,32.5));
#569 = VECTOR('',#570,1.);
#570 = DIRECTION('',(1.,0.));
#571 = ( GEOMETRIC_REPRESENTATION_CONTEXT(2) 
PARAMETRIC_REPRESENTATION_CONTEXT() REPRESENTATION_CONTEXT('2D SPACE',''
  ) );
#572 = PCURVE('',#573,#578);
#573 = PLANE('',#574);
#574 = AXIS2_PLACEMENT_3D('',#575,#576,#577);
#575 = CARTESIAN_POINT('',(30.,0.,10.));
#576 = DIRECTION('',(0.,1.,0.));
#577 = DIRECTION('',(0.,0.,1.));
#578 = DEFINITIONAL_REPRESENTATION('',(#579),#583);
#579 = LINE('',#580,#581);
#580 = CARTESIAN_POINT('',(0.,0.));
#581 = VECTOR('',#582,1.);
#582 = DIRECTION('',(0.,1.));
#583 = ( GEOMETRIC_REPRESENTATION_CONTEXT(2) 
PARAMETRIC_REPRESENTATION_CONTEXT() REPRESENTATION_CONTEXT('2D SPACE',''
  ) );
#584 = FACE_BOUND('',#585,.T.);
#585 = EDGE_LOOP('',(#586));
#586 = ORIENTED_EDGE('',*,*,#587,.T.);
#587 = EDGE_CURVE('',#588,#588,#590,.T.);
#588 = VERTEX_POINT('',#589);
#589 = CARTESIAN_POINT('',(50.7,22.5,10.));
#590 = SURFACE_CURVE('',#591,(#596,#607),.PCURVE_S1.);
#591 = CIRCLE('',#592,3.2);
#592 = AXIS2_PLACEMENT_3D('',#593,#594,#595);
#593 = CARTESIAN_POINT('',(47.5,22.5,10.));
#594 = DIRECTION('',(0.,0.,-1.));
#595 = DIRECTION('',(1.,0.,0.));
#596 = PCURVE('',#44,#597);
#597 = DEFINITIONAL_REPRESENTATION('',(#598),#606);
#598 = ( BOUNDED_CURVE() B_SPLINE_CURVE(2,(#599,#600,#601,#602,#603,#604
,#605),.UNSPECIFIED.,.T.,.F.) B_SPLINE_CURVE_WITH_KNOTS((1,2,2,2,2,1),(
    -2.094395102393,0.,2.094395102393,4.188790204786,6.28318530718,
8.377580409573),.UNSPECIFIED.) CURVE() GEOMETRIC_REPRESENTATION_ITEM() 
RATIONAL_B_SPLINE_CURVE((1.,0.5,1.,0.5,1.,0.5,1.)) REPRESENTATION_ITEM(
  '') );
#599 = CARTESIAN_POINT('',(110.7,55.));
#600 = CARTESIAN_POINT('',(110.7,49.45743741578));
#601 = CARTESIAN_POINT('',(105.9,52.22871870789));
#602 = CARTESIAN_POINT('',(101.1,55.));
#603 = CARTESIAN_POINT('',(105.9,57.77128129211));
#604 = CARTESIAN_POINT('',(110.7,60.54256258422));
#605 = CARTESIAN_POINT('',(110.7,55.));
#606 = ( GEOMETRIC_REPRESENTATION_CONTEXT(2) 
PARAMETRIC_REPRESENTATION_CONTEXT() REPRESENTATION_CONTEXT('2D SPACE',''
  ) );
#607 = PCURVE('',#608,#613);
#608 = CYLINDRICAL_SURFACE('',#609,3.2);
#609 = AXIS2_PLACEMENT_3D('',#610,#611,#612);
#610 = CARTESIAN_POINT('',(47.5,22.5,-110.0000002));
#611 = DIRECTION('',(-0.,-0.,-1.));
#612 = DIRECTION('',(1.,0.,0.));
#613 = DEFINITIONAL_REPRESENTATION('',(#614),#618);
#614 = LINE('',#615,#616);
#615 = CARTESIAN_POINT('',(-6.28318530718,-120.0000002));
#616 = VECTOR('',#617,1.);
#617 = DIRECTION('',(1.,-0.));
#618 = ( GEOMETRIC_REPRESENTATION_CONTEXT(2) 
PARAMETRIC_REPRESENTATION_CONTEXT() REPRESENTATION_CONTEXT('2D SPACE',''
  ) );
#619 = ADVANCED_FACE('',(#620),#72,.T.);
#620 = FACE_BOUND('',#621,.T.);
#621 = EDGE_LOOP('',(#622,#646,#667,#668));
#622 = ORIENTED_EDGE('',*,*,#623,.T.);
#623 = EDGE_CURVE('',#57,#624,#626,.T.);
#624 = VERTEX_POINT('',#625);
#625 = CARTESIAN_POINT('',(-55.,-32.5,0.));
#626 = SURFACE_CURVE('',#627,(#632,#639),.PCURVE_S1.);
#627 = CIRCLE('',#628,5.);
#628 = AXIS2_PLACEMENT_3D('',#629,#630,#631);
#629 = CARTESIAN_POINT('',(-55.,-27.5,0.));
#630 = DIRECTION('',(0.,0.,1.));
#631 = DIRECTION('',(0.,-1.,0.));
#632 = PCURVE('',#72,#633);
#633 = DEFINITIONAL_REPRESENTATION('',(#634),#638);
#634 = LINE('',#635,#636);
#635 = CARTESIAN_POINT('',(-4.712388980385,0.));
#636 = VECTOR('',#637,1.);
#637 = DIRECTION('',(1.,0.));
#638 = ( GEOMETRIC_REPRESENTATION_CONTEXT(2) 
PARAMETRIC_REPRESENTATION_CONTEXT() REPRESENTATION_CONTEXT('2D SPACE',''
  ) );
#639 = PCURVE('',#100,#640);
#640 = DEFINITIONAL_REPRESENTATION('',(#641),#645);
#641 = CIRCLE('',#642,5.);
#642 = AXIS2_PLACEMENT_2D('',#643,#644);
#643 = CARTESIAN_POINT('',(5.,5.));
#644 = DIRECTION('',(0.,-1.));
#645 = ( GEOMETRIC_REPRESENTATION_CONTEXT(2) 
PARAMETRIC_REPRESENTATION_CONTEXT() REPRESENTATION_CONTEXT('2D SPACE',''
  ) );
#646 = ORIENTED_EDGE('',*,*,#647,.T.);
#647 = EDGE_CURVE('',#624,#143,#648,.T.);
#648 = SURFACE_CURVE('',#649,(#653,#660),.PCURVE_S1.);
#649 = LINE('',#650,#651);
#650 = CARTESIAN_POINT('',(-55.,-32.5,0.));
#651 = VECTOR('',#652,1.);
#652 = DIRECTION('',(0.,0.,1.));
#653 = PCURVE('',#72,#654);
#654 = DEFINITIONAL_REPRESENTATION('',(#655),#659);
#655 = LINE('',#656,#657);
#656 = CARTESIAN_POINT('',(1.570796326795,0.));
#657 = VECTOR('',#658,1.);
#658 = DIRECTION('',(0.,1.));
#659 = ( GEOMETRIC_REPRESENTATION_CONTEXT(2) 
PARAMETRIC_REPRESENTATION_CONTEXT() REPRESENTATION_CONTEXT('2D SPACE',''
  ) );
#660 = PCURVE('',#182,#661);
#661 = DEFINITIONAL_REPRESENTATION('',(#662),#666);
#662 = LINE('',#663,#664);
#663 = CARTESIAN_POINT('',(0.,5.));
#664 = VECTOR('',#665,1.);
#665 = DIRECTION('',(1.,0.));
#666 = ( GEOMETRIC_REPRESENTATION_CONTEXT(2) 
PARAMETRIC_REPRESENTATION_CONTEXT() REPRESENTATION_CONTEXT('2D SPACE',''
  ) );
#667 = ORIENTED_EDGE('',*,*,#142,.F.);
#668 = ORIENTED_EDGE('',*,*,#56,.F.);
#669 = ADVANCED_FACE('',(#670),#126,.T.);
#670 = FACE_BOUND('',#671,.F.);
#671 = EDGE_LOOP('',(#672,#700,#721,#722));
#672 = ORIENTED_EDGE('',*,*,#673,.T.);
#673 = EDGE_CURVE('',#85,#674,#676,.T.);
#674 = VERTEX_POINT('',#675);
#675 = CARTESIAN_POINT('',(-55.,32.5,0.));
#676 = SURFACE_CURVE('',#677,(#682,#689),.PCURVE_S1.);
#677 = CIRCLE('',#678,5.);
#678 = AXIS2_PLACEMENT_3D('',#679,#680,#681);
#679 = CARTESIAN_POINT('',(-55.,27.5,0.));
#680 = DIRECTION('',(-0.,-0.,-1.));
#681 = DIRECTION('',(0.,-1.,0.));
#682 = PCURVE('',#126,#683);
#683 = DEFINITIONAL_REPRESENTATION('',(#684),#688);
#684 = LINE('',#685,#686);
#685 = CARTESIAN_POINT('',(1.570796326795,-0.));
#686 = VECTOR('',#687,1.);
#687 = DIRECTION('',(-1.,0.));
#688 = ( GEOMETRIC_REPRESENTATION_CONTEXT(2) 
PARAMETRIC_REPRESENTATION_CONTEXT() REPRESENTATION_CONTEXT('2D SPACE',''
  ) );
#689 = PCURVE('',#100,#690);
#690 = DEFINITIONAL_REPRESENTATION('',(#691),#699);
#691 = ( BOUNDED_CURVE() B_SPLINE_CURVE(2,(#692,#693,#694,#695,#696,#697
,#698),.UNSPECIFIED.,.T.,.F.) B_SPLINE_CURVE_WITH_KNOTS((1,2,2,2,2,1),(
    -2.094395102393,0.,2.094395102393,4.188790204786,6.28318530718,
8.377580409573),.UNSPECIFIED.) CURVE() GEOMETRIC_REPRESENTATION_ITEM() 
RATIONAL_B_SPLINE_CURVE((1.,0.5,1.,0.5,1.,0.5,1.)) REPRESENTATION_ITEM(
  '') );
#692 = CARTESIAN_POINT('',(5.,55.));
#693 = CARTESIAN_POINT('',(-3.660254037844,55.));
#694 = CARTESIAN_POINT('',(0.669872981078,62.5));
#695 = CARTESIAN_POINT('',(5.,70.));
#696 = CARTESIAN_POINT('',(9.330127018922,62.5));
#697 = CARTESIAN_POINT('',(13.660254037844,55.));
#698 = CARTESIAN_POINT('',(5.,55.));
#699 = ( GEOMETRIC_REPRESENTATION_CONTEXT(2) 
PARAMETRIC_REPRESENTATION_CONTEXT() REPRESENTATION_CONTEXT('2D SPACE',''
  ) );
#700 = ORIENTED_EDGE('',*,*,#701,.T.);
#701 = EDGE_CURVE('',#674,#285,#702,.T.);
#702 = SURFACE_CURVE('',#703,(#707,#714),.PCURVE_S1.);
#703 = LINE('',#704,#705);
#704 = CARTESIAN_POINT('',(-55.,32.5,0.));
#705 = VECTOR('',#706,1.);
#706 = DIRECTION('',(0.,0.,1.));
#707 = PCURVE('',#126,#708);
#708 = DEFINITIONAL_REPRESENTATION('',(#709),#713);
#709 = LINE('',#710,#711);
#710 = CARTESIAN_POINT('',(-1.570796326795,0.));
#711 = VECTOR('',#712,1.);
#712 = DIRECTION('',(-0.,1.));
#713 = ( GEOMETRIC_REPRESENTATION_CONTEXT(2) 
PARAMETRIC_REPRESENTATION_CONTEXT() REPRESENTATION_CONTEXT('2D SPACE',''
  ) );
#714 = PCURVE('',#300,#715);
#715 = DEFINITIONAL_REPRESENTATION('',(#716),#720);
#716 = LINE('',#717,#718);
#717 = CARTESIAN_POINT('',(0.,5.));
#718 = VECTOR('',#719,1.);
#719 = DIRECTION('',(1.,0.));
#720 = ( GEOMETRIC_REPRESENTATION_CONTEXT(2) 
PARAMETRIC_REPRESENTATION_CONTEXT() REPRESENTATION_CONTEXT('2D SPACE',''
  ) );
#721 = ORIENTED_EDGE('',*,*,#312,.F.);
#722 = ORIENTED_EDGE('',*,*,#112,.F.);
#723 = ADVANCED_FACE('',(#724,#848,#874,#900,#926),#100,.F.);
#724 = FACE_BOUND('',#725,.F.);
#725 = EDGE_LOOP('',(#726,#727,#728,#751,#779,#802,#826,#847));
#726 = ORIENTED_EDGE('',*,*,#84,.F.);
#727 = ORIENTED_EDGE('',*,*,#623,.T.);
#728 = ORIENTED_EDGE('',*,*,#729,.T.);
#729 = EDGE_CURVE('',#624,#730,#732,.T.);
#730 = VERTEX_POINT('',#731);
#731 = CARTESIAN_POINT('',(55.,-32.5,0.));
#732 = SURFACE_CURVE('',#733,(#737,#744),.PCURVE_S1.);
#733 = LINE('',#734,#735);
#734 = CARTESIAN_POINT('',(-60.,-32.5,0.));
#735 = VECTOR('',#736,1.);
#736 = DIRECTION('',(1.,0.,0.));
#737 = PCURVE('',#100,#738);
#738 = DEFINITIONAL_REPRESENTATION('',(#739),#743);
#739 = LINE('',#740,#741);
#740 = CARTESIAN_POINT('',(0.,0.));
#741 = VECTOR('',#742,1.);
#742 = DIRECTION('',(1.,0.));
#743 = ( GEOMETRIC_REPRESENTATION_CONTEXT(2) 
PARAMETRIC_REPRESENTATION_CONTEXT() REPRESENTATION_CONTEXT('2D SPACE',''
  ) );
#744 = PCURVE('',#182,#745);
#745 = DEFINITIONAL_REPRESENTATION('',(#746),#750);
#746 = LINE('',#747,#748);
#747 = CARTESIAN_POINT('',(0.,0.));
#748 = VECTOR('',#749,1.);
#749 = DIRECTION('',(0.,1.));
#750 = ( GEOMETRIC_REPRESENTATION_CONTEXT(2) 
PARAMETRIC_REPRESENTATION_CONTEXT() REPRESENTATION_CONTEXT('2D SPACE',''
  ) );
#751 = ORIENTED_EDGE('',*,*,#752,.F.);
#752 = EDGE_CURVE('',#753,#730,#755,.T.);
#753 = VERTEX_POINT('',#754);
#754 = CARTESIAN_POINT('',(60.,-27.5,0.));
#755 = SURFACE_CURVE('',#756,(#761,#772),.PCURVE_S1.);
#756 = CIRCLE('',#757,5.);
#757 = AXIS2_PLACEMENT_3D('',#758,#759,#760);
#758 = CARTESIAN_POINT('',(55.,-27.5,0.));
#759 = DIRECTION('',(-0.,-0.,-1.));
#760 = DIRECTION('',(0.,-1.,0.));
#761 = PCURVE('',#100,#762);
#762 = DEFINITIONAL_REPRESENTATION('',(#763),#771);
#763 = ( BOUNDED_CURVE() B_SPLINE_CURVE(2,(#764,#765,#766,#767,#768,#769
,#770),.UNSPECIFIED.,.T.,.F.) B_SPLINE_CURVE_WITH_KNOTS((1,2,2,2,2,1),(
    -2.094395102393,0.,2.094395102393,4.188790204786,6.28318530718,
8.377580409573),.UNSPECIFIED.) CURVE() GEOMETRIC_REPRESENTATION_ITEM() 
RATIONAL_B_SPLINE_CURVE((1.,0.5,1.,0.5,1.,0.5,1.)) REPRESENTATION_ITEM(
  '') );
#764 = CARTESIAN_POINT('',(115.,0.));
#765 = CARTESIAN_POINT('',(106.33974596215,0.));
#766 = CARTESIAN_POINT('',(110.66987298107,7.5));
#767 = CARTESIAN_POINT('',(115.,15.));
#768 = CARTESIAN_POINT('',(119.33012701892,7.5));
#769 = CARTESIAN_POINT('',(123.66025403784,7.993605777301E-15));
#770 = CARTESIAN_POINT('',(115.,0.));
#771 = ( GEOMETRIC_REPRESENTATION_CONTEXT(2) 
PARAMETRIC_REPRESENTATION_CONTEXT() REPRESENTATION_CONTEXT('2D SPACE',''
  ) );
#772 = PCURVE('',#215,#773);
#773 = DEFINITIONAL_REPRESENTATION('',(#774),#778);
#774 = LINE('',#775,#776);
#775 = CARTESIAN_POINT('',(4.712388980385,-0.));
#776 = VECTOR('',#777,1.);
#777 = DIRECTION('',(-1.,0.));
#778 = ( GEOMETRIC_REPRESENTATION_CONTEXT(2) 
PARAMETRIC_REPRESENTATION_CONTEXT() REPRESENTATION_CONTEXT('2D SPACE',''
  ) );
#779 = ORIENTED_EDGE('',*,*,#780,.T.);
#780 = EDGE_CURVE('',#753,#781,#783,.T.);
#781 = VERTEX_POINT('',#782);
#782 = CARTESIAN_POINT('',(60.,27.5,0.));
#783 = SURFACE_CURVE('',#784,(#788,#795),.PCURVE_S1.);
#784 = LINE('',#785,#786);
#785 = CARTESIAN_POINT('',(60.,-32.5,0.));
#786 = VECTOR('',#787,1.);
#787 = DIRECTION('',(0.,1.,0.));
#788 = PCURVE('',#100,#789);
#789 = DEFINITIONAL_REPRESENTATION('',(#790),#794);
#790 = LINE('',#791,#792);
#791 = CARTESIAN_POINT('',(120.,0.));
#792 = VECTOR('',#793,1.);
#793 = DIRECTION('',(0.,1.));
#794 = ( GEOMETRIC_REPRESENTATION_CONTEXT(2) 
PARAMETRIC_REPRESENTATION_CONTEXT() REPRESENTATION_CONTEXT('2D SPACE',''
  ) );
#795 = PCURVE('',#243,#796);
#796 = DEFINITIONAL_REPRESENTATION('',(#797),#801);
#797 = LINE('',#798,#799);
#798 = CARTESIAN_POINT('',(0.,0.));
#799 = VECTOR('',#800,1.);
#800 = DIRECTION('',(0.,-1.));
#801 = ( GEOMETRIC_REPRESENTATION_CONTEXT(2) 
PARAMETRIC_REPRESENTATION_CONTEXT() REPRESENTATION_CONTEXT('2D SPACE',''
  ) );
#802 = ORIENTED_EDGE('',*,*,#803,.T.);
#803 = EDGE_CURVE('',#781,#804,#806,.T.);
#804 = VERTEX_POINT('',#805);
#805 = CARTESIAN_POINT('',(55.,32.5,0.));
#806 = SURFACE_CURVE('',#807,(#812,#819),.PCURVE_S1.);
#807 = CIRCLE('',#808,5.);
#808 = AXIS2_PLACEMENT_3D('',#809,#810,#811);
#809 = CARTESIAN_POINT('',(55.,27.5,0.));
#810 = DIRECTION('',(0.,0.,1.));
#811 = DIRECTION('',(0.,-1.,0.));
#812 = PCURVE('',#100,#813);
#813 = DEFINITIONAL_REPRESENTATION('',(#814),#818);
#814 = CIRCLE('',#815,5.);
#815 = AXIS2_PLACEMENT_2D('',#816,#817);
#816 = CARTESIAN_POINT('',(115.,60.));
#817 = DIRECTION('',(0.,-1.));
#818 = ( GEOMETRIC_REPRESENTATION_CONTEXT(2) 
PARAMETRIC_REPRESENTATION_CONTEXT() REPRESENTATION_CONTEXT('2D SPACE',''
  ) );
#819 = PCURVE('',#272,#820);
#820 = DEFINITIONAL_REPRESENTATION('',(#821),#825);
#821 = LINE('',#822,#823);
#822 = CARTESIAN_POINT('',(-1.570796326795,0.));
#823 = VECTOR('',#824,1.);
#824 = DIRECTION('',(1.,0.));
#825 = ( GEOMETRIC_REPRESENTATION_CONTEXT(2) 
PARAMETRIC_REPRESENTATION_CONTEXT() REPRESENTATION_CONTEXT('2D SPACE',''
  ) );
#826 = ORIENTED_EDGE('',*,*,#827,.F.);
#827 = EDGE_CURVE('',#674,#804,#828,.T.);
#828 = SURFACE_CURVE('',#829,(#833,#840),.PCURVE_S1.);
#829 = LINE('',#830,#831);
#830 = CARTESIAN_POINT('',(-60.,32.5,0.));
#831 = VECTOR('',#832,1.);
#832 = DIRECTION('',(1.,0.,0.));
#833 = PCURVE('',#100,#834);
#834 = DEFINITIONAL_REPRESENTATION('',(#835),#839);
#835 = LINE('',#836,#837);
#836 = CARTESIAN_POINT('',(0.,65.));
#837 = VECTOR('',#838,1.);
#838 = DIRECTION('',(1.,0.));
#839 = ( GEOMETRIC_REPRESENTATION_CONTEXT(2) 
PARAMETRIC_REPRESENTATION_CONTEXT() REPRESENTATION_CONTEXT('2D SPACE',''
  ) );
#840 = PCURVE('',#300,#841);
#841 = DEFINITIONAL_REPRESENTATION('',(#842),#846);
#842 = LINE('',#843,#844);
#843 = CARTESIAN_POINT('',(0.,0.));
#844 = VECTOR('',#845,1.);
#845 = DIRECTION('',(0.,1.));
#846 = ( GEOMETRIC_REPRESENTATION_CONTEXT(2) 
PARAMETRIC_REPRESENTATION_CONTEXT() REPRESENTATION_CONTEXT('2D SPACE',''
  ) );
#847 = ORIENTED_EDGE('',*,*,#673,.F.);
#848 = FACE_BOUND('',#849,.F.);
#849 = EDGE_LOOP('',(#850));
#850 = ORIENTED_EDGE('',*,*,#851,.F.);
#851 = EDGE_CURVE('',#852,#852,#854,.T.);
#852 = VERTEX_POINT('',#853);
#853 = CARTESIAN_POINT('',(-44.3,-22.5,0.));
#854 = SURFACE_CURVE('',#855,(#860,#867),.PCURVE_S1.);
#855 = CIRCLE('',#856,3.2);
#856 = AXIS2_PLACEMENT_3D('',#857,#858,#859);
#857 = CARTESIAN_POINT('',(-47.5,-22.5,0.));
#858 = DIRECTION('',(0.,0.,1.));
#859 = DIRECTION('',(1.,1.110223024625E-15,-0.));
#860 = PCURVE('',#100,#861);
#861 = DEFINITIONAL_REPRESENTATION('',(#862),#866);
#862 = CIRCLE('',#863,3.2);
#863 = AXIS2_PLACEMENT_2D('',#864,#865);
#864 = CARTESIAN_POINT('',(12.5,10.));
#865 = DIRECTION('',(1.,1.110223024625E-15));
#866 = ( GEOMETRIC_REPRESENTATION_CONTEXT(2) 
PARAMETRIC_REPRESENTATION_CONTEXT() REPRESENTATION_CONTEXT('2D SPACE',''
  ) );
#867 = PCURVE('',#361,#868);
#868 = DEFINITIONAL_REPRESENTATION('',(#869),#873);
#869 = LINE('',#870,#871);
#870 = CARTESIAN_POINT('',(-0.,-110.0000002));
#871 = VECTOR('',#872,1.);
#872 = DIRECTION('',(-1.,-0.));
#873 = ( GEOMETRIC_REPRESENTATION_CONTEXT(2) 
PARAMETRIC_REPRESENTATION_CONTEXT() REPRESENTATION_CONTEXT('2D SPACE',''
  ) );
#874 = FACE_BOUND('',#875,.F.);
#875 = EDGE_LOOP('',(#876));
#876 = ORIENTED_EDGE('',*,*,#877,.F.);
#877 = EDGE_CURVE('',#878,#878,#880,.T.);
#878 = VERTEX_POINT('',#879);
#879 = CARTESIAN_POINT('',(50.7,-22.5,0.));
#880 = SURFACE_CURVE('',#881,(#886,#893),.PCURVE_S1.);
#881 = CIRCLE('',#882,3.2);
#882 = AXIS2_PLACEMENT_3D('',#883,#884,#885);
#883 = CARTESIAN_POINT('',(47.5,-22.5,0.));
#884 = DIRECTION('',(0.,0.,1.));
#885 = DIRECTION('',(1.,1.110223024625E-15,-0.));
#886 = PCURVE('',#100,#887);
#887 = DEFINITIONAL_REPRESENTATION('',(#888),#892);
#888 = CIRCLE('',#889,3.2);
#889 = AXIS2_PLACEMENT_2D('',#890,#891);
#890 = CARTESIAN_POINT('',(107.5,10.));
#891 = DIRECTION('',(1.,1.110223024625E-15));
#892 = ( GEOMETRIC_REPRESENTATION_CONTEXT(2) 
PARAMETRIC_REPRESENTATION_CONTEXT() REPRESENTATION_CONTEXT('2D SPACE',''
  ) );
#893 = PCURVE('',#396,#894);
#894 = DEFINITIONAL_REPRESENTATION('',(#895),#899);
#895 = LINE('',#896,#897);
#896 = CARTESIAN_POINT('',(-0.,-110.0000002));
#897 = VECTOR('',#898,1.);
#898 = DIRECTION('',(-1.,-0.));
#899 = ( GEOMETRIC_REPRESENTATION_CONTEXT(2) 
PARAMETRIC_REPRESENTATION_CONTEXT() REPRESENTATION_CONTEXT('2D SPACE',''
  ) );
#900 = FACE_BOUND('',#901,.F.);
#901 = EDGE_LOOP('',(#902));
#902 = ORIENTED_EDGE('',*,*,#903,.F.);
#903 = EDGE_CURVE('',#904,#904,#906,.T.);
#904 = VERTEX_POINT('',#905);
#905 = CARTESIAN_POINT('',(-44.3,22.5,0.));
#906 = SURFACE_CURVE('',#907,(#912,#919),.PCURVE_S1.);
#907 = CIRCLE('',#908,3.2);
#908 = AXIS2_PLACEMENT_3D('',#909,#910,#911);
#909 = CARTESIAN_POINT('',(-47.5,22.5,0.));
#910 = DIRECTION('',(0.,0.,1.));
#911 = DIRECTION('',(1.,1.110223024625E-15,-0.));
#912 = PCURVE('',#100,#913);
#913 = DEFINITIONAL_REPRESENTATION('',(#914),#918);
#914 = CIRCLE('',#915,3.2);
#915 = AXIS2_PLACEMENT_2D('',#916,#917);
#916 = CARTESIAN_POINT('',(12.5,55.));
#917 = DIRECTION('',(1.,1.110223024625E-15));
#918 = ( GEOMETRIC_REPRESENTATION_CONTEXT(2) 
PARAMETRIC_REPRESENTATION_CONTEXT() REPRESENTATION_CONTEXT('2D SPACE',''
  ) );
#919 = PCURVE('',#431,#920);
#920 = DEFINITIONAL_REPRESENTATION('',(#921),#925);
#921 = LINE('',#922,#923);
#922 = CARTESIAN_POINT('',(-0.,-110.0000002));
#923 = VECTOR('',#924,1.);
#924 = DIRECTION('',(-1.,-0.));
#925 = ( GEOMETRIC_REPRESENTATION_CONTEXT(2) 
PARAMETRIC_REPRESENTATION_CONTEXT() REPRESENTATION_CONTEXT('2D SPACE',''
  ) );
#926 = FACE_BOUND('',#927,.F.);
#927 = EDGE_LOOP('',(#928));
#928 = ORIENTED_EDGE('',*,*,#929,.F.);
#929 = EDGE_CURVE('',#930,#930,#932,.T.);
#930 = VERTEX_POINT('',#931);
#931 = CARTESIAN_POINT('',(50.7,22.5,0.));
#932 = SURFACE_CURVE('',#933,(#938,#945),.PCURVE_S1.);
#933 = CIRCLE('',#934,3.2);
#934 = AXIS2_PLACEMENT_3D('',#935,#936,#937);
#935 = CARTESIAN_POINT('',(47.5,22.5,0.));
#936 = DIRECTION('',(0.,0.,1.));
#937 = DIRECTION('',(1.,1.110223024625E-15,-0.));
#938 = PCURVE('',#100,#939);
#939 = DEFINITIONAL_REPRESENTATION('',(#940),#944);
#940 = CIRCLE('',#941,3.2);
#941 = AXIS2_PLACEMENT_2D('',#942,#943);
#942 = CARTESIAN_POINT('',(107.5,55.));
#943 = DIRECTION('',(1.,1.110223024625E-15));
#944 = ( GEOMETRIC_REPRESENTATION_CONTEXT(2) 
PARAMETRIC_REPRESENTATION_CONTEXT() REPRESENTATION_CONTEXT('2D SPACE',''
  ) );
#945 = PCURVE('',#608,#946);
#946 = DEFINITIONAL_REPRESENTATION('',(#947),#951);
#947 = LINE('',#948,#949);
#948 = CARTESIAN_POINT('',(-0.,-110.0000002));
#949 = VECTOR('',#950,1.);
#950 = DIRECTION('',(-1.,-0.));
#951 = ( GEOMETRIC_REPRESENTATION_CONTEXT(2) 
PARAMETRIC_REPRESENTATION_CONTEXT() REPRESENTATION_CONTEXT('2D SPACE',''
  ) );
#952 = ADVANCED_FACE('',(#953),#182,.F.);
#953 = FACE_BOUND('',#954,.F.);
#954 = EDGE_LOOP('',(#955,#956,#957,#958));
#955 = ORIENTED_EDGE('',*,*,#729,.F.);
#956 = ORIENTED_EDGE('',*,*,#647,.T.);
#957 = ORIENTED_EDGE('',*,*,#166,.T.);
#958 = ORIENTED_EDGE('',*,*,#959,.F.);
#959 = EDGE_CURVE('',#730,#167,#960,.T.);
#960 = SURFACE_CURVE('',#961,(#965,#972),.PCURVE_S1.);
#961 = LINE('',#962,#963);
#962 = CARTESIAN_POINT('',(55.,-32.5,0.));
#963 = VECTOR('',#964,1.);
#964 = DIRECTION('',(0.,0.,1.));
#965 = PCURVE('',#182,#966);
#966 = DEFINITIONAL_REPRESENTATION('',(#967),#971);
#967 = LINE('',#968,#969);
#968 = CARTESIAN_POINT('',(0.,115.));
#969 = VECTOR('',#970,1.);
#970 = DIRECTION('',(1.,0.));
#971 = ( GEOMETRIC_REPRESENTATION_CONTEXT(2) 
PARAMETRIC_REPRESENTATION_CONTEXT() REPRESENTATION_CONTEXT('2D SPACE',''
  ) );
#972 = PCURVE('',#215,#973);
#973 = DEFINITIONAL_REPRESENTATION('',(#974),#978);
#974 = LINE('',#975,#976);
#975 = CARTESIAN_POINT('',(-1.570796326795,0.));
#976 = VECTOR('',#977,1.);
#977 = DIRECTION('',(-0.,1.));
#978 = ( GEOMETRIC_REPRESENTATION_CONTEXT(2) 
PARAMETRIC_REPRESENTATION_CONTEXT() REPRESENTATION_CONTEXT('2D SPACE',''
  ) );
#979 = ADVANCED_FACE('',(#980),#215,.T.);
#980 = FACE_BOUND('',#981,.F.);
#981 = EDGE_LOOP('',(#982,#983,#984,#985));
#982 = ORIENTED_EDGE('',*,*,#752,.T.);
#983 = ORIENTED_EDGE('',*,*,#959,.T.);
#984 = ORIENTED_EDGE('',*,*,#194,.F.);
#985 = ORIENTED_EDGE('',*,*,#986,.F.);
#986 = EDGE_CURVE('',#753,#195,#987,.T.);
#987 = SURFACE_CURVE('',#988,(#992,#999),.PCURVE_S1.);
#988 = LINE('',#989,#990);
#989 = CARTESIAN_POINT('',(60.,-27.5,0.));
#990 = VECTOR('',#991,1.);
#991 = DIRECTION('',(0.,0.,1.));
#992 = PCURVE('',#215,#993);
#993 = DEFINITIONAL_REPRESENTATION('',(#994),#998);
#994 = LINE('',#995,#996);
#995 = CARTESIAN_POINT('',(-0.,0.));
#996 = VECTOR('',#997,1.);
#997 = DIRECTION('',(-0.,1.));
#998 = ( GEOMETRIC_REPRESENTATION_CONTEXT(2) 
PARAMETRIC_REPRESENTATION_CONTEXT() REPRESENTATION_CONTEXT('2D SPACE',''
  ) );
#999 = PCURVE('',#243,#1000);
#1000 = DEFINITIONAL_REPRESENTATION('',(#1001),#1005);
#1001 = LINE('',#1002,#1003);
#1002 = CARTESIAN_POINT('',(0.,-5.));
#1003 = VECTOR('',#1004,1.);
#1004 = DIRECTION('',(1.,0.));
#1005 = ( GEOMETRIC_REPRESENTATION_CONTEXT(2) 
PARAMETRIC_REPRESENTATION_CONTEXT() REPRESENTATION_CONTEXT('2D SPACE',''
  ) );
#1006 = ADVANCED_FACE('',(#1007),#243,.T.);
#1007 = FACE_BOUND('',#1008,.T.);
#1008 = EDGE_LOOP('',(#1009,#1010,#1011,#1012));
#1009 = ORIENTED_EDGE('',*,*,#227,.F.);
#1010 = ORIENTED_EDGE('',*,*,#986,.F.);
#1011 = ORIENTED_EDGE('',*,*,#780,.T.);
#1012 = ORIENTED_EDGE('',*,*,#1013,.T.);
#1013 = EDGE_CURVE('',#781,#228,#1014,.T.);
#1014 = SURFACE_CURVE('',#1015,(#1019,#1026),.PCURVE_S1.);
#1015 = LINE('',#1016,#1017);
#1016 = CARTESIAN_POINT('',(60.,27.5,0.));
#1017 = VECTOR('',#1018,1.);
#1018 = DIRECTION('',(0.,0.,1.));
#1019 = PCURVE('',#243,#1020);
#1020 = DEFINITIONAL_REPRESENTATION('',(#1021),#1025);
#1021 = LINE('',#1022,#1023);
#1022 = CARTESIAN_POINT('',(0.,-60.));
#1023 = VECTOR('',#1024,1.);
#1024 = DIRECTION('',(1.,0.));
#1025 = ( GEOMETRIC_REPRESENTATION_CONTEXT(2) 
PARAMETRIC_REPRESENTATION_CONTEXT() REPRESENTATION_CONTEXT('2D SPACE',''
  ) );
#1026 = PCURVE('',#272,#1027);
#1027 = DEFINITIONAL_REPRESENTATION('',(#1028),#1032);
#1028 = LINE('',#1029,#1030);
#1029 = CARTESIAN_POINT('',(0.,0.));
#1030 = VECTOR('',#1031,1.);
#1031 = DIRECTION('',(0.,1.));
#1032 = ( GEOMETRIC_REPRESENTATION_CONTEXT(2) 
PARAMETRIC_REPRESENTATION_CONTEXT() REPRESENTATION_CONTEXT('2D SPACE',''
  ) );
#1033 = ADVANCED_FACE('',(#1034),#272,.T.);
#1034 = FACE_BOUND('',#1035,.T.);
#1035 = EDGE_LOOP('',(#1036,#1037,#1058,#1059));
#1036 = ORIENTED_EDGE('',*,*,#803,.T.);
#1037 = ORIENTED_EDGE('',*,*,#1038,.T.);
#1038 = EDGE_CURVE('',#804,#256,#1039,.T.);
#1039 = SURFACE_CURVE('',#1040,(#1044,#1051),.PCURVE_S1.);
#1040 = LINE('',#1041,#1042);
#1041 = CARTESIAN_POINT('',(55.,32.5,0.));
#1042 = VECTOR('',#1043,1.);
#1043 = DIRECTION('',(0.,0.,1.));
#1044 = PCURVE('',#272,#1045);
#1045 = DEFINITIONAL_REPRESENTATION('',(#1046),#1050);
#1046 = LINE('',#1047,#1048);
#1047 = CARTESIAN_POINT('',(1.570796326795,0.));
#1048 = VECTOR('',#1049,1.);
#1049 = DIRECTION('',(0.,1.));
#1050 = ( GEOMETRIC_REPRESENTATION_CONTEXT(2) 
PARAMETRIC_REPRESENTATION_CONTEXT() REPRESENTATION_CONTEXT('2D SPACE',''
  ) );
#1051 = PCURVE('',#300,#1052);
#1052 = DEFINITIONAL_REPRESENTATION('',(#1053),#1057);
#1053 = LINE('',#1054,#1055);
#1054 = CARTESIAN_POINT('',(0.,115.));
#1055 = VECTOR('',#1056,1.);
#1056 = DIRECTION('',(1.,0.));
#1057 = ( GEOMETRIC_REPRESENTATION_CONTEXT(2) 
PARAMETRIC_REPRESENTATION_CONTEXT() REPRESENTATION_CONTEXT('2D SPACE',''
  ) );
#1058 = ORIENTED_EDGE('',*,*,#255,.F.);
#1059 = ORIENTED_EDGE('',*,*,#1013,.F.);
#1060 = ADVANCED_FACE('',(#1061),#300,.T.);
#1061 = FACE_BOUND('',#1062,.T.);
#1062 = EDGE_LOOP('',(#1063,#1064,#1065,#1066));
#1063 = ORIENTED_EDGE('',*,*,#827,.F.);
#1064 = ORIENTED_EDGE('',*,*,#701,.T.);
#1065 = ORIENTED_EDGE('',*,*,#284,.T.);
#1066 = ORIENTED_EDGE('',*,*,#1038,.F.);
#1067 = ADVANCED_FACE('',(#1068),#361,.F.);
#1068 = FACE_BOUND('',#1069,.T.);
#1069 = EDGE_LOOP('',(#1070,#1071,#1092,#1093));
#1070 = ORIENTED_EDGE('',*,*,#851,.F.);
#1071 = ORIENTED_EDGE('',*,*,#1072,.T.);
#1072 = EDGE_CURVE('',#852,#341,#1073,.T.);
#1073 = SEAM_CURVE('',#1074,(#1078,#1085),.PCURVE_S1.);
#1074 = LINE('',#1075,#1076);
#1075 = CARTESIAN_POINT('',(-44.3,-22.5,-110.0000002));
#1076 = VECTOR('',#1077,1.);
#1077 = DIRECTION('',(0.,0.,1.));
#1078 = PCURVE('',#361,#1079);
#1079 = DEFINITIONAL_REPRESENTATION('',(#1080),#1084);
#1080 = LINE('',#1081,#1082);
#1081 = CARTESIAN_POINT('',(-0.,0.));
#1082 = VECTOR('',#1083,1.);
#1083 = DIRECTION('',(-0.,-1.));
#1084 = ( GEOMETRIC_REPRESENTATION_CONTEXT(2) 
PARAMETRIC_REPRESENTATION_CONTEXT() REPRESENTATION_CONTEXT('2D SPACE',''
  ) );
#1085 = PCURVE('',#361,#1086);
#1086 = DEFINITIONAL_REPRESENTATION('',(#1087),#1091);
#1087 = LINE('',#1088,#1089);
#1088 = CARTESIAN_POINT('',(-6.28318530718,0.));
#1089 = VECTOR('',#1090,1.);
#1090 = DIRECTION('',(-0.,-1.));
#1091 = ( GEOMETRIC_REPRESENTATION_CONTEXT(2) 
PARAMETRIC_REPRESENTATION_CONTEXT() REPRESENTATION_CONTEXT('2D SPACE',''
  ) );
#1092 = ORIENTED_EDGE('',*,*,#340,.F.);
#1093 = ORIENTED_EDGE('',*,*,#1072,.F.);
#1094 = ADVANCED_FACE('',(#1095),#396,.F.);
#1095 = FACE_BOUND('',#1096,.T.);
#1096 = EDGE_LOOP('',(#1097,#1098,#1119,#1120));
#1097 = ORIENTED_EDGE('',*,*,#877,.F.);
#1098 = ORIENTED_EDGE('',*,*,#1099,.T.);
#1099 = EDGE_CURVE('',#878,#376,#1100,.T.);
#1100 = SEAM_CURVE('',#1101,(#1105,#1112),.PCURVE_S1.);
#1101 = LINE('',#1102,#1103);
#1102 = CARTESIAN_POINT('',(50.7,-22.5,-110.0000002));
#1103 = VECTOR('',#1104,1.);
#1104 = DIRECTION('',(0.,0.,1.));
#1105 = PCURVE('',#396,#1106);
#1106 = DEFINITIONAL_REPRESENTATION('',(#1107),#1111);
#1107 = LINE('',#1108,#1109);
#1108 = CARTESIAN_POINT('',(-0.,0.));
#1109 = VECTOR('',#1110,1.);
#1110 = DIRECTION('',(-0.,-1.));
#1111 = ( GEOMETRIC_REPRESENTATION_CONTEXT(2) 
PARAMETRIC_REPRESENTATION_CONTEXT() REPRESENTATION_CONTEXT('2D SPACE',''
  ) );
#1112 = PCURVE('',#396,#1113);
#1113 = DEFINITIONAL_REPRESENTATION('',(#1114),#1118);
#1114 = LINE('',#1115,#1116);
#1115 = CARTESIAN_POINT('',(-6.28318530718,0.));
#1116 = VECTOR('',#1117,1.);
#1117 = DIRECTION('',(-0.,-1.));
#1118 = ( GEOMETRIC_REPRESENTATION_CONTEXT(2) 
PARAMETRIC_REPRESENTATION_CONTEXT() REPRESENTATION_CONTEXT('2D SPACE',''
  ) );
#1119 = ORIENTED_EDGE('',*,*,#375,.F.);
#1120 = ORIENTED_EDGE('',*,*,#1099,.F.);
#1121 = ADVANCED_FACE('',(#1122),#431,.F.);
#1122 = FACE_BOUND('',#1123,.T.);
#1123 = EDGE_LOOP('',(#1124,#1125,#1146,#1147));
#1124 = ORIENTED_EDGE('',*,*,#903,.F.);
#1125 = ORIENTED_EDGE('',*,*,#1126,.T.);
#1126 = EDGE_CURVE('',#904,#411,#1127,.T.);
#1127 = SEAM_CURVE('',#1128,(#1132,#1139),.PCURVE_S1.);
#1128 = LINE('',#1129,#1130);
#1129 = CARTESIAN_POINT('',(-44.3,22.5,-110.0000002));
#1130 = VECTOR('',#1131,1.);
#1131 = DIRECTION('',(0.,0.,1.));
#1132 = PCURVE('',#431,#1133);
#1133 = DEFINITIONAL_REPRESENTATION('',(#1134),#1138);
#1134 = LINE('',#1135,#1136);
#1135 = CARTESIAN_POINT('',(-0.,0.));
#1136 = VECTOR('',#1137,1.);
#1137 = DIRECTION('',(-0.,-1.));
#1138 = ( GEOMETRIC_REPRESENTATION_CONTEXT(2) 
PARAMETRIC_REPRESENTATION_CONTEXT() REPRESENTATION_CONTEXT('2D SPACE',''
  ) );
#1139 = PCURVE('',#431,#1140);
#1140 = DEFINITIONAL_REPRESENTATION('',(#1141),#1145);
#1141 = LINE('',#1142,#1143);
#1142 = CARTESIAN_POINT('',(-6.28318530718,0.));
#1143 = VECTOR('',#1144,1.);
#1144 = DIRECTION('',(-0.,-1.));
#1145 = ( GEOMETRIC_REPRESENTATION_CONTEXT(2) 
PARAMETRIC_REPRESENTATION_CONTEXT() REPRESENTATION_CONTEXT('2D SPACE',''
  ) );
#1146 = ORIENTED_EDGE('',*,*,#410,.F.);
#1147 = ORIENTED_EDGE('',*,*,#1126,.F.);
#1148 = ADVANCED_FACE('',(#1149),#463,.F.);
#1149 = FACE_BOUND('',#1150,.F.);
#1150 = EDGE_LOOP('',(#1151,#1174,#1175,#1198));
#1151 = ORIENTED_EDGE('',*,*,#1152,.F.);
#1152 = EDGE_CURVE('',#446,#1153,#1155,.T.);
#1153 = VERTEX_POINT('',#1154);
#1154 = CARTESIAN_POINT('',(30.,0.,12.679491924311));
#1155 = SURFACE_CURVE('',#1156,(#1160,#1167),.PCURVE_S1.);
#1156 = LINE('',#1157,#1158);
#1157 = CARTESIAN_POINT('',(30.,0.,10.));
#1158 = VECTOR('',#1159,1.);
#1159 = DIRECTION('',(0.,0.,1.));
#1160 = PCURVE('',#463,#1161);
#1161 = DEFINITIONAL_REPRESENTATION('',(#1162),#1166);
#1162 = LINE('',#1163,#1164);
#1163 = CARTESIAN_POINT('',(0.,0.));
#1164 = VECTOR('',#1165,1.);
#1165 = DIRECTION('',(1.,0.));
#1166 = ( GEOMETRIC_REPRESENTATION_CONTEXT(2) 
PARAMETRIC_REPRESENTATION_CONTEXT() REPRESENTATION_CONTEXT('2D SPACE',''
  ) );
#1167 = PCURVE('',#573,#1168);
#1168 = DEFINITIONAL_REPRESENTATION('',(#1169),#1173);
#1169 = LINE('',#1170,#1171);
#1170 = CARTESIAN_POINT('',(0.,0.));
#1171 = VECTOR('',#1172,1.);
#1172 = DIRECTION('',(1.,0.));
#1173 = ( GEOMETRIC_REPRESENTATION_CONTEXT(2) 
PARAMETRIC_REPRESENTATION_CONTEXT() REPRESENTATION_CONTEXT('2D SPACE',''
  ) );
#1174 = ORIENTED_EDGE('',*,*,#445,.T.);
#1175 = ORIENTED_EDGE('',*,*,#1176,.T.);
#1176 = EDGE_CURVE('',#448,#1177,#1179,.T.);
#1177 = VERTEX_POINT('',#1178);
#1178 = CARTESIAN_POINT('',(30.,4.,12.679491924311));
#1179 = SURFACE_CURVE('',#1180,(#1184,#1191),.PCURVE_S1.);
#1180 = LINE('',#1181,#1182);
#1181 = CARTESIAN_POINT('',(30.,4.,10.));
#1182 = VECTOR('',#1183,1.);
#1183 = DIRECTION('',(0.,0.,1.));
#1184 = PCURVE('',#463,#1185);
#1185 = DEFINITIONAL_REPRESENTATION('',(#1186),#1190);
#1186 = LINE('',#1187,#1188);
#1187 = CARTESIAN_POINT('',(0.,-4.));
#1188 = VECTOR('',#1189,1.);
#1189 = DIRECTION('',(1.,0.));
#1190 = ( GEOMETRIC_REPRESENTATION_CONTEXT(2) 
PARAMETRIC_REPRESENTATION_CONTEXT() REPRESENTATION_CONTEXT('2D SPACE',''
  ) );
#1191 = PCURVE('',#491,#1192);
#1192 = DEFINITIONAL_REPRESENTATION('',(#1193),#1197);
#1193 = LINE('',#1194,#1195);
#1194 = CARTESIAN_POINT('',(0.,0.));
#1195 = VECTOR('',#1196,1.);
#1196 = DIRECTION('',(1.,0.));
#1197 = ( GEOMETRIC_REPRESENTATION_CONTEXT(2) 
PARAMETRIC_REPRESENTATION_CONTEXT() REPRESENTATION_CONTEXT('2D SPACE',''
  ) );
#1198 = ORIENTED_EDGE('',*,*,#1199,.T.);
#1199 = EDGE_CURVE('',#1177,#1153,#1200,.T.);
#1200 = SURFACE_CURVE('',#1201,(#1205,#1211),.PCURVE_S1.);
#1201 = LINE('',#1202,#1203);
#1202 = CARTESIAN_POINT('',(30.,4.,12.679491924311));
#1203 = VECTOR('',#1204,1.);
#1204 = DIRECTION('',(0.,-1.,1.110223024625E-16));
#1205 = PCURVE('',#463,#1206);
#1206 = DEFINITIONAL_REPRESENTATION('',(#1207),#1210);
#1207 = B_SPLINE_CURVE_WITH_KNOTS('',1,(#1208,#1209),.UNSPECIFIED.,.F.,
  .F.,(2,2),(-5.999999999062E-07,4.4),.PIECEWISE_BEZIER_KNOTS.);
#1208 = CARTESIAN_POINT('',(2.679491924311,-4.0000006));
#1209 = CARTESIAN_POINT('',(2.679491924311,0.4));
#1210 = ( GEOMETRIC_REPRESENTATION_CONTEXT(2) 
PARAMETRIC_REPRESENTATION_CONTEXT() REPRESENTATION_CONTEXT('2D SPACE',''
  ) );
#1211 = PCURVE('',#1212,#1217);
#1212 = CYLINDRICAL_SURFACE('',#1213,20.);
#1213 = AXIS2_PLACEMENT_3D('',#1214,#1215,#1216);
#1214 = CARTESIAN_POINT('',(40.,4.,30.));
#1215 = DIRECTION('',(0.,-1.,1.110223024625E-16));
#1216 = DIRECTION('',(1.,0.,0.));
#1217 = DEFINITIONAL_REPRESENTATION('',(#1218),#1221);
#1218 = B_SPLINE_CURVE_WITH_KNOTS('',1,(#1219,#1220),.UNSPECIFIED.,.F.,
  .F.,(2,2),(-5.999999999062E-07,4.4),.PIECEWISE_BEZIER_KNOTS.);
#1219 = CARTESIAN_POINT('',(4.188790204786,-6.000000000528E-07));
#1220 = CARTESIAN_POINT('',(4.188790204786,4.4));
#1221 = ( GEOMETRIC_REPRESENTATION_CONTEXT(2) 
PARAMETRIC_REPRESENTATION_CONTEXT() REPRESENTATION_CONTEXT('2D SPACE',''
  ) );
#1222 = ADVANCED_FACE('',(#1223,#1309),#491,.T.);
#1223 = FACE_BOUND('',#1224,.T.);
#1224 = EDGE_LOOP('',(#1225,#1226,#1227,#1255,#1288));
#1225 = ORIENTED_EDGE('',*,*,#475,.F.);
#1226 = ORIENTED_EDGE('',*,*,#1176,.T.);
#1227 = ORIENTED_EDGE('',*,*,#1228,.F.);
#1228 = EDGE_CURVE('',#1229,#1177,#1231,.T.);
#1229 = VERTEX_POINT('',#1230);
#1230 = CARTESIAN_POINT('',(60.,4.,30.));
#1231 = SURFACE_CURVE('',#1232,(#1237,#1248),.PCURVE_S1.);
#1232 = CIRCLE('',#1233,20.);
#1233 = AXIS2_PLACEMENT_3D('',#1234,#1235,#1236);
#1234 = CARTESIAN_POINT('',(40.,4.,30.));
#1235 = DIRECTION('',(0.,-1.,1.110223024625E-16));
#1236 = DIRECTION('',(1.,0.,0.));
#1237 = PCURVE('',#491,#1238);
#1238 = DEFINITIONAL_REPRESENTATION('',(#1239),#1247);
#1239 = ( BOUNDED_CURVE() B_SPLINE_CURVE(2,(#1240,#1241,#1242,#1243,
#1244,#1245,#1246),.UNSPECIFIED.,.T.,.F.) B_SPLINE_CURVE_WITH_KNOTS((1,2
    ,2,2,2,1),(-2.094395102393,0.,2.094395102393,4.188790204786,
6.28318530718,8.377580409573),.UNSPECIFIED.) CURVE() 
GEOMETRIC_REPRESENTATION_ITEM() RATIONAL_B_SPLINE_CURVE((1.,0.5,1.,0.5,
1.,0.5,1.)) REPRESENTATION_ITEM('') );
#1240 = CARTESIAN_POINT('',(20.,30.));
#1241 = CARTESIAN_POINT('',(54.641016151378,30.));
#1242 = CARTESIAN_POINT('',(37.320508075689,3.552713678801E-15));
#1243 = CARTESIAN_POINT('',(20.,-30.));
#1244 = CARTESIAN_POINT('',(2.679491924311,-8.881784197001E-15));
#1245 = CARTESIAN_POINT('',(-14.64101615137,30.));
#1246 = CARTESIAN_POINT('',(20.,30.));
#1247 = ( GEOMETRIC_REPRESENTATION_CONTEXT(2) 
PARAMETRIC_REPRESENTATION_CONTEXT() REPRESENTATION_CONTEXT('2D SPACE',''
  ) );
#1248 = PCURVE('',#1212,#1249);
#1249 = DEFINITIONAL_REPRESENTATION('',(#1250),#1254);
#1250 = LINE('',#1251,#1252);
#1251 = CARTESIAN_POINT('',(0.,0.));
#1252 = VECTOR('',#1253,1.);
#1253 = DIRECTION('',(1.,0.));
#1254 = ( GEOMETRIC_REPRESENTATION_CONTEXT(2) 
PARAMETRIC_REPRESENTATION_CONTEXT() REPRESENTATION_CONTEXT('2D SPACE',''
  ) );
#1255 = ORIENTED_EDGE('',*,*,#1256,.F.);
#1256 = EDGE_CURVE('',#1257,#1229,#1259,.T.);
#1257 = VERTEX_POINT('',#1258);
#1258 = CARTESIAN_POINT('',(50.,4.,12.679491924311));
#1259 = SURFACE_CURVE('',#1260,(#1265,#1276),.PCURVE_S1.);
#1260 = CIRCLE('',#1261,20.);
#1261 = AXIS2_PLACEMENT_3D('',#1262,#1263,#1264);
#1262 = CARTESIAN_POINT('',(40.,4.,30.));
#1263 = DIRECTION('',(0.,-1.,1.110223024625E-16));
#1264 = DIRECTION('',(1.,0.,0.));
#1265 = PCURVE('',#491,#1266);
#1266 = DEFINITIONAL_REPRESENTATION('',(#1267),#1275);
#1267 = ( BOUNDED_CURVE() B_SPLINE_CURVE(2,(#1268,#1269,#1270,#1271,
#1272,#1273,#1274),.UNSPECIFIED.,.T.,.F.) B_SPLINE_CURVE_WITH_KNOTS((1,2
    ,2,2,2,1),(-2.094395102393,0.,2.094395102393,4.188790204786,
6.28318530718,8.377580409573),.UNSPECIFIED.) CURVE() 
GEOMETRIC_REPRESENTATION_ITEM() RATIONAL_B_SPLINE_CURVE((1.,0.5,1.,0.5,
1.,0.5,1.)) REPRESENTATION_ITEM('') );
#1268 = CARTESIAN_POINT('',(20.,30.));
#1269 = CARTESIAN_POINT('',(54.641016151378,30.));
#1270 = CARTESIAN_POINT('',(37.320508075689,3.552713678801E-15));
#1271 = CARTESIAN_POINT('',(20.,-30.));
#1272 = CARTESIAN_POINT('',(2.679491924311,-8.881784197001E-15));
#1273 = CARTESIAN_POINT('',(-14.64101615137,30.));
#1274 = CARTESIAN_POINT('',(20.,30.));
#1275 = ( GEOMETRIC_REPRESENTATION_CONTEXT(2) 
PARAMETRIC_REPRESENTATION_CONTEXT() REPRESENTATION_CONTEXT('2D SPACE',''
  ) );
#1276 = PCURVE('',#1277,#1282);
#1277 = CYLINDRICAL_SURFACE('',#1278,20.);
#1278 = AXIS2_PLACEMENT_3D('',#1279,#1280,#1281);
#1279 = CARTESIAN_POINT('',(40.,4.,30.));
#1280 = DIRECTION('',(0.,-1.,1.110223024625E-16));
#1281 = DIRECTION('',(1.,0.,0.));
#1282 = DEFINITIONAL_REPRESENTATION('',(#1283),#1287);
#1283 = LINE('',#1284,#1285);
#1284 = CARTESIAN_POINT('',(0.,0.));
#1285 = VECTOR('',#1286,1.);
#1286 = DIRECTION('',(1.,0.));
#1287 = ( GEOMETRIC_REPRESENTATION_CONTEXT(2) 
PARAMETRIC_REPRESENTATION_CONTEXT() REPRESENTATION_CONTEXT('2D SPACE',''
  ) );
#1288 = ORIENTED_EDGE('',*,*,#1289,.F.);
#1289 = EDGE_CURVE('',#476,#1257,#1290,.T.);
#1290 = SURFACE_CURVE('',#1291,(#1295,#1302),.PCURVE_S1.);
#1291 = LINE('',#1292,#1293);
#1292 = CARTESIAN_POINT('',(50.,4.,10.));
#1293 = VECTOR('',#1294,1.);
#1294 = DIRECTION('',(0.,0.,1.));
#1295 = PCURVE('',#491,#1296);
#1296 = DEFINITIONAL_REPRESENTATION('',(#1297),#1301);
#1297 = LINE('',#1298,#1299);
#1298 = CARTESIAN_POINT('',(0.,20.));
#1299 = VECTOR('',#1300,1.);
#1300 = DIRECTION('',(1.,0.));
#1301 = ( GEOMETRIC_REPRESENTATION_CONTEXT(2) 
PARAMETRIC_REPRESENTATION_CONTEXT() REPRESENTATION_CONTEXT('2D SPACE',''
  ) );
#1302 = PCURVE('',#519,#1303);
#1303 = DEFINITIONAL_REPRESENTATION('',(#1304),#1308);
#1304 = LINE('',#1305,#1306);
#1305 = CARTESIAN_POINT('',(0.,-4.));
#1306 = VECTOR('',#1307,1.);
#1307 = DIRECTION('',(1.,0.));
#1308 = ( GEOMETRIC_REPRESENTATION_CONTEXT(2) 
PARAMETRIC_REPRESENTATION_CONTEXT() REPRESENTATION_CONTEXT('2D SPACE',''
  ) );
#1309 = FACE_BOUND('',#1310,.T.);
#1310 = EDGE_LOOP('',(#1311));
#1311 = ORIENTED_EDGE('',*,*,#1312,.T.);
#1312 = EDGE_CURVE('',#1313,#1313,#1315,.T.);
#1313 = VERTEX_POINT('',#1314);
#1314 = CARTESIAN_POINT('',(43.2,4.,30.));
#1315 = SURFACE_CURVE('',#1316,(#1321,#1332),.PCURVE_S1.);
#1316 = CIRCLE('',#1317,3.2);
#1317 = AXIS2_PLACEMENT_3D('',#1318,#1319,#1320);
#1318 = CARTESIAN_POINT('',(40.,4.,30.));
#1319 = DIRECTION('',(0.,-1.,1.110223024625E-16));
#1320 = DIRECTION('',(1.,3.104448135771E-32,2.79623829349E-16));
#1321 = PCURVE('',#491,#1322);
#1322 = DEFINITIONAL_REPRESENTATION('',(#1323),#1331);
#1323 = ( BOUNDED_CURVE() B_SPLINE_CURVE(2,(#1324,#1325,#1326,#1327,
#1328,#1329,#1330),.UNSPECIFIED.,.T.,.F.) B_SPLINE_CURVE_WITH_KNOTS((1,2
    ,2,2,2,1),(-2.094395102393,0.,2.094395102393,4.188790204786,
6.28318530718,8.377580409573),.UNSPECIFIED.) CURVE() 
GEOMETRIC_REPRESENTATION_ITEM() RATIONAL_B_SPLINE_CURVE((1.,0.5,1.,0.5,
1.,0.5,1.)) REPRESENTATION_ITEM('') );
#1324 = CARTESIAN_POINT('',(20.,13.2));
#1325 = CARTESIAN_POINT('',(25.54256258422,13.2));
#1326 = CARTESIAN_POINT('',(22.77128129211,8.4));
#1327 = CARTESIAN_POINT('',(20.,3.6));
#1328 = CARTESIAN_POINT('',(17.22871870789,8.4));
#1329 = CARTESIAN_POINT('',(14.45743741578,13.2));
#1330 = CARTESIAN_POINT('',(20.,13.2));
#1331 = ( GEOMETRIC_REPRESENTATION_CONTEXT(2) 
PARAMETRIC_REPRESENTATION_CONTEXT() REPRESENTATION_CONTEXT('2D SPACE',''
  ) );
#1332 = PCURVE('',#1333,#1338);
#1333 = CYLINDRICAL_SURFACE('',#1334,3.2);
#1334 = AXIS2_PLACEMENT_3D('',#1335,#1336,#1337);
#1335 = CARTESIAN_POINT('',(40.,16.,30.));
#1336 = DIRECTION('',(0.,-1.,1.110223024625E-16));
#1337 = DIRECTION('',(1.,0.,0.));
#1338 = DEFINITIONAL_REPRESENTATION('',(#1339),#1343);
#1339 = LINE('',#1340,#1341);
#1340 = CARTESIAN_POINT('',(-0.,12.));
#1341 = VECTOR('',#1342,1.);
#1342 = DIRECTION('',(1.,0.));
#1343 = ( GEOMETRIC_REPRESENTATION_CONTEXT(2) 
PARAMETRIC_REPRESENTATION_CONTEXT() REPRESENTATION_CONTEXT('2D SPACE',''
  ) );
#1344 = ADVANCED_FACE('',(#1345),#519,.T.);
#1345 = FACE_BOUND('',#1346,.T.);
#1346 = EDGE_LOOP('',(#1347,#1370,#1371,#1372));
#1347 = ORIENTED_EDGE('',*,*,#1348,.F.);
#1348 = EDGE_CURVE('',#504,#1349,#1351,.T.);
#1349 = VERTEX_POINT('',#1350);
#1350 = CARTESIAN_POINT('',(50.,0.,12.679491924311));
#1351 = SURFACE_CURVE('',#1352,(#1356,#1363),.PCURVE_S1.);
#1352 = LINE('',#1353,#1354);
#1353 = CARTESIAN_POINT('',(50.,0.,10.));
#1354 = VECTOR('',#1355,1.);
#1355 = DIRECTION('',(0.,0.,1.));
#1356 = PCURVE('',#519,#1357);
#1357 = DEFINITIONAL_REPRESENTATION('',(#1358),#1362);
#1358 = LINE('',#1359,#1360);
#1359 = CARTESIAN_POINT('',(0.,0.));
#1360 = VECTOR('',#1361,1.);
#1361 = DIRECTION('',(1.,0.));
#1362 = ( GEOMETRIC_REPRESENTATION_CONTEXT(2) 
PARAMETRIC_REPRESENTATION_CONTEXT() REPRESENTATION_CONTEXT('2D SPACE',''
  ) );
#1363 = PCURVE('',#547,#1364);
#1364 = DEFINITIONAL_REPRESENTATION('',(#1365),#1369);
#1365 = LINE('',#1366,#1367);
#1366 = CARTESIAN_POINT('',(0.,20.));
#1367 = VECTOR('',#1368,1.);
#1368 = DIRECTION('',(1.,0.));
#1369 = ( GEOMETRIC_REPRESENTATION_CONTEXT(2) 
PARAMETRIC_REPRESENTATION_CONTEXT() REPRESENTATION_CONTEXT('2D SPACE',''
  ) );
#1370 = ORIENTED_EDGE('',*,*,#503,.T.);
#1371 = ORIENTED_EDGE('',*,*,#1289,.T.);
#1372 = ORIENTED_EDGE('',*,*,#1373,.T.);
#1373 = EDGE_CURVE('',#1257,#1349,#1374,.T.);
#1374 = SURFACE_CURVE('',#1375,(#1379,#1385),.PCURVE_S1.);
#1375 = LINE('',#1376,#1377);
#1376 = CARTESIAN_POINT('',(50.,4.,12.679491924311));
#1377 = VECTOR('',#1378,1.);
#1378 = DIRECTION('',(0.,-1.,1.110223024625E-16));
#1379 = PCURVE('',#519,#1380);
#1380 = DEFINITIONAL_REPRESENTATION('',(#1381),#1384);
#1381 = B_SPLINE_CURVE_WITH_KNOTS('',1,(#1382,#1383),.UNSPECIFIED.,.F.,
  .F.,(2,2),(-5.999999999062E-07,4.4),.PIECEWISE_BEZIER_KNOTS.);
#1382 = CARTESIAN_POINT('',(2.679491924311,-4.0000006));
#1383 = CARTESIAN_POINT('',(2.679491924311,0.4));
#1384 = ( GEOMETRIC_REPRESENTATION_CONTEXT(2) 
PARAMETRIC_REPRESENTATION_CONTEXT() REPRESENTATION_CONTEXT('2D SPACE',''
  ) );
#1385 = PCURVE('',#1277,#1386);
#1386 = DEFINITIONAL_REPRESENTATION('',(#1387),#1390);
#1387 = B_SPLINE_CURVE_WITH_KNOTS('',1,(#1388,#1389),.UNSPECIFIED.,.F.,
  .F.,(2,2),(-5.999999999062E-07,4.4),.PIECEWISE_BEZIER_KNOTS.);
#1388 = CARTESIAN_POINT('',(5.235987755983,-6.000000000528E-07));
#1389 = CARTESIAN_POINT('',(5.235987755983,4.4));
#1390 = ( GEOMETRIC_REPRESENTATION_CONTEXT(2) 
PARAMETRIC_REPRESENTATION_CONTEXT() REPRESENTATION_CONTEXT('2D SPACE',''
  ) );
#1391 = ADVANCED_FACE('',(#1392),#547,.F.);
#1392 = FACE_BOUND('',#1393,.F.);
#1393 = EDGE_LOOP('',(#1394,#1395,#1421));
#1394 = ORIENTED_EDGE('',*,*,#531,.F.);
#1395 = ORIENTED_EDGE('',*,*,#1396,.T.);
#1396 = EDGE_CURVE('',#532,#1349,#1397,.T.);
#1397 = SURFACE_CURVE('',#1398,(#1403,#1414),.PCURVE_S1.);
#1398 = CIRCLE('',#1399,20.);
#1399 = AXIS2_PLACEMENT_3D('',#1400,#1401,#1402);
#1400 = CARTESIAN_POINT('',(40.,0.,30.));
#1401 = DIRECTION('',(0.,-1.,1.110223024625E-16));
#1402 = DIRECTION('',(1.,0.,0.));
#1403 = PCURVE('',#547,#1404);
#1404 = DEFINITIONAL_REPRESENTATION('',(#1405),#1413);
#1405 = ( BOUNDED_CURVE() B_SPLINE_CURVE(2,(#1406,#1407,#1408,#1409,
#1410,#1411,#1412),.UNSPECIFIED.,.T.,.F.) B_SPLINE_CURVE_WITH_KNOTS((1,2
    ,2,2,2,1),(-2.094395102393,0.,2.094395102393,4.188790204786,
6.28318530718,8.377580409573),.UNSPECIFIED.) CURVE() 
GEOMETRIC_REPRESENTATION_ITEM() RATIONAL_B_SPLINE_CURVE((1.,0.5,1.,0.5,
1.,0.5,1.)) REPRESENTATION_ITEM('') );
#1406 = CARTESIAN_POINT('',(20.,30.));
#1407 = CARTESIAN_POINT('',(54.641016151378,30.));
#1408 = CARTESIAN_POINT('',(37.320508075689,3.552713678801E-15));
#1409 = CARTESIAN_POINT('',(20.,-30.));
#1410 = CARTESIAN_POINT('',(2.679491924311,-8.881784197001E-15));
#1411 = CARTESIAN_POINT('',(-14.64101615137,30.));
#1412 = CARTESIAN_POINT('',(20.,30.));
#1413 = ( GEOMETRIC_REPRESENTATION_CONTEXT(2) 
PARAMETRIC_REPRESENTATION_CONTEXT() REPRESENTATION_CONTEXT('2D SPACE',''
  ) );
#1414 = PCURVE('',#1277,#1415);
#1415 = DEFINITIONAL_REPRESENTATION('',(#1416),#1420);
#1416 = LINE('',#1417,#1418);
#1417 = CARTESIAN_POINT('',(0.,4.));
#1418 = VECTOR('',#1419,1.);
#1419 = DIRECTION('',(1.,0.));
#1420 = ( GEOMETRIC_REPRESENTATION_CONTEXT(2) 
PARAMETRIC_REPRESENTATION_CONTEXT() REPRESENTATION_CONTEXT('2D SPACE',''
  ) );
#1421 = ORIENTED_EDGE('',*,*,#1348,.F.);
#1422 = ADVANCED_FACE('',(#1423),#573,.F.);
#1423 = FACE_BOUND('',#1424,.F.);
#1424 = EDGE_LOOP('',(#1425,#1426,#1427));
#1425 = ORIENTED_EDGE('',*,*,#559,.F.);
#1426 = ORIENTED_EDGE('',*,*,#1152,.T.);
#1427 = ORIENTED_EDGE('',*,*,#1428,.T.);
#1428 = EDGE_CURVE('',#1153,#532,#1429,.T.);
#1429 = SURFACE_CURVE('',#1430,(#1435,#1446),.PCURVE_S1.);
#1430 = CIRCLE('',#1431,20.);
#1431 = AXIS2_PLACEMENT_3D('',#1432,#1433,#1434);
#1432 = CARTESIAN_POINT('',(40.,0.,30.));
#1433 = DIRECTION('',(0.,-1.,1.110223024625E-16));
#1434 = DIRECTION('',(1.,0.,0.));
#1435 = PCURVE('',#573,#1436);
#1436 = DEFINITIONAL_REPRESENTATION('',(#1437),#1445);
#1437 = ( BOUNDED_CURVE() B_SPLINE_CURVE(2,(#1438,#1439,#1440,#1441,
#1442,#1443,#1444),.UNSPECIFIED.,.T.,.F.) B_SPLINE_CURVE_WITH_KNOTS((1,2
    ,2,2,2,1),(-2.094395102393,0.,2.094395102393,4.188790204786,
6.28318530718,8.377580409573),.UNSPECIFIED.) CURVE() 
GEOMETRIC_REPRESENTATION_ITEM() RATIONAL_B_SPLINE_CURVE((1.,0.5,1.,0.5,
1.,0.5,1.)) REPRESENTATION_ITEM('') );
#1438 = CARTESIAN_POINT('',(20.,30.));
#1439 = CARTESIAN_POINT('',(54.641016151378,30.));
#1440 = CARTESIAN_POINT('',(37.320508075689,3.552713678801E-15));
#1441 = CARTESIAN_POINT('',(20.,-30.));
#1442 = CARTESIAN_POINT('',(2.679491924311,-8.881784197001E-15));
#1443 = CARTESIAN_POINT('',(-14.64101615137,30.));
#1444 = CARTESIAN_POINT('',(20.,30.));
#1445 = ( GEOMETRIC_REPRESENTATION_CONTEXT(2) 
PARAMETRIC_REPRESENTATION_CONTEXT() REPRESENTATION_CONTEXT('2D SPACE',''
  ) );
#1446 = PCURVE('',#1212,#1447);
#1447 = DEFINITIONAL_REPRESENTATION('',(#1448),#1452);
#1448 = LINE('',#1449,#1450);
#1449 = CARTESIAN_POINT('',(0.,4.));
#1450 = VECTOR('',#1451,1.);
#1451 = DIRECTION('',(1.,0.));
#1452 = ( GEOMETRIC_REPRESENTATION_CONTEXT(2) 
PARAMETRIC_REPRESENTATION_CONTEXT() REPRESENTATION_CONTEXT('2D SPACE',''
  ) );
#1453 = ADVANCED_FACE('',(#1454),#608,.F.);
#1454 = FACE_BOUND('',#1455,.T.);
#1455 = EDGE_LOOP('',(#1456,#1457,#1478,#1479));
#1456 = ORIENTED_EDGE('',*,*,#929,.F.);
#1457 = ORIENTED_EDGE('',*,*,#1458,.T.);
#1458 = EDGE_CURVE('',#930,#588,#1459,.T.);
#1459 = SEAM_CURVE('',#1460,(#1464,#1471),.PCURVE_S1.);
#1460 = LINE('',#1461,#1462);
#1461 = CARTESIAN_POINT('',(50.7,22.5,-110.0000002));
#1462 = VECTOR('',#1463,1.);
#1463 = DIRECTION('',(0.,0.,1.));
#1464 = PCURVE('',#608,#1465);
#1465 = DEFINITIONAL_REPRESENTATION('',(#1466),#1470);
#1466 = LINE('',#1467,#1468);
#1467 = CARTESIAN_POINT('',(-0.,0.));
#1468 = VECTOR('',#1469,1.);
#1469 = DIRECTION('',(-0.,-1.));
#1470 = ( GEOMETRIC_REPRESENTATION_CONTEXT(2) 
PARAMETRIC_REPRESENTATION_CONTEXT() REPRESENTATION_CONTEXT('2D SPACE',''
  ) );
#1471 = PCURVE('',#608,#1472);
#1472 = DEFINITIONAL_REPRESENTATION('',(#1473),#1477);
#1473 = LINE('',#1474,#1475);
#1474 = CARTESIAN_POINT('',(-6.28318530718,0.));
#1475 = VECTOR('',#1476,1.);
#1476 = DIRECTION('',(-0.,-1.));
#1477 = ( GEOMETRIC_REPRESENTATION_CONTEXT(2) 
PARAMETRIC_REPRESENTATION_CONTEXT() REPRESENTATION_CONTEXT('2D SPACE',''
  ) );
#1478 = ORIENTED_EDGE('',*,*,#587,.F.);
#1479 = ORIENTED_EDGE('',*,*,#1458,.F.);
#1480 = ADVANCED_FACE('',(#1481),#1212,.T.);
#1481 = FACE_BOUND('',#1482,.T.);
#1482 = EDGE_LOOP('',(#1483,#1514,#1546,#1567,#1568,#1569,#1570,#1591,
    #1623,#1652,#1684,#1716,#1745,#1777,#1809,#1838,#1870,#1902,#1931,
    #1963,#1995,#2024,#2056,#2088,#2117,#2149,#2181,#2210,#2242,#2274,
    #2303,#2335,#2367,#2396,#2428,#2460,#2489,#2521,#2553,#2582,#2614,
    #2646,#2675,#2707,#2739,#2768,#2800,#2832,#2861,#2893,#2925,#2954,
    #2986,#3018,#3047,#3079,#3111,#3140,#3172));
#1483 = ORIENTED_EDGE('',*,*,#1484,.F.);
#1484 = EDGE_CURVE('',#1485,#1487,#1489,.T.);
#1485 = VERTEX_POINT('',#1486);
#1486 = CARTESIAN_POINT('',(59.966688234488,-4.,31.153846153846));
#1487 = VERTEX_POINT('',#1488);
#1488 = CARTESIAN_POINT('',(59.584977190888,-4.,34.053229383146));
#1489 = SURFACE_CURVE('',#1490,(#1495,#1502),.PCURVE_S1.);
#1490 = CIRCLE('',#1491,20.);
#1491 = AXIS2_PLACEMENT_3D('',#1492,#1493,#1494);
#1492 = CARTESIAN_POINT('',(40.,-4.,30.));
#1493 = DIRECTION('',(0.,-1.,1.110223024625E-16));
#1494 = DIRECTION('',(1.,0.,0.));
#1495 = PCURVE('',#1212,#1496);
#1496 = DEFINITIONAL_REPRESENTATION('',(#1497),#1501);
#1497 = LINE('',#1498,#1499);
#1498 = CARTESIAN_POINT('',(0.,8.));
#1499 = VECTOR('',#1500,1.);
#1500 = DIRECTION('',(1.,0.));
#1501 = ( GEOMETRIC_REPRESENTATION_CONTEXT(2) 
PARAMETRIC_REPRESENTATION_CONTEXT() REPRESENTATION_CONTEXT('2D SPACE',''
  ) );
#1502 = PCURVE('',#1503,#1508);
#1503 = PLANE('',#1504);
#1504 = AXIS2_PLACEMENT_3D('',#1505,#1506,#1507);
#1505 = CARTESIAN_POINT('',(40.,-4.,30.));
#1506 = DIRECTION('',(0.,-1.,1.110223024625E-16));
#1507 = DIRECTION('',(1.,0.,0.));
#1508 = DEFINITIONAL_REPRESENTATION('',(#1509),#1513);
#1509 = CIRCLE('',#1510,20.);
#1510 = AXIS2_PLACEMENT_2D('',#1511,#1512);
#1511 = CARTESIAN_POINT('',(0.,0.));
#1512 = DIRECTION('',(1.,0.));
#1513 = ( GEOMETRIC_REPRESENTATION_CONTEXT(2) 
PARAMETRIC_REPRESENTATION_CONTEXT() REPRESENTATION_CONTEXT('2D SPACE',''
  ) );
#1514 = ORIENTED_EDGE('',*,*,#1515,.F.);
#1515 = EDGE_CURVE('',#1516,#1485,#1518,.T.);
#1516 = VERTEX_POINT('',#1517);
#1517 = CARTESIAN_POINT('',(60.,-2.8,30.));
#1518 = SURFACE_CURVE('',#1519,(#1524,#1534),.PCURVE_S1.);
#1519 = ELLIPSE('',#1520,28.855502074994,20.);
#1520 = AXIS2_PLACEMENT_3D('',#1521,#1522,#1523);
#1521 = CARTESIAN_POINT('',(40.,-2.8,30.));
#1522 = DIRECTION('',(-0.,-0.693108716252,-0.720833064902));
#1523 = DIRECTION('',(0.,-0.720833064902,0.693108716252));
#1524 = PCURVE('',#1212,#1525);
#1525 = DEFINITIONAL_REPRESENTATION('',(#1526),#1533);
#1526 = B_SPLINE_CURVE_WITH_KNOTS('',5,(#1527,#1528,#1529,#1530,#1531,
    #1532),.UNSPECIFIED.,.F.,.F.,(6,6),(4.712388980385,4.77011336887),
  .PIECEWISE_BEZIER_KNOTS.);
#1527 = CARTESIAN_POINT('',(0.,6.8));
#1528 = CARTESIAN_POINT('',(1.154487769709E-02,7.0401334561));
#1529 = CARTESIAN_POINT('',(2.308975539419E-02,7.2802669122));
#1530 = CARTESIAN_POINT('',(3.463463309128E-02,7.520333689139));
#1531 = CARTESIAN_POINT('',(4.617951078838E-02,7.76026710777));
#1532 = CARTESIAN_POINT('',(5.772438848547E-02,8.0000006));
#1533 = ( GEOMETRIC_REPRESENTATION_CONTEXT(2) 
PARAMETRIC_REPRESENTATION_CONTEXT() REPRESENTATION_CONTEXT('2D SPACE',''
  ) );
#1534 = PCURVE('',#1535,#1540);
#1535 = PLANE('',#1536);
#1536 = AXIS2_PLACEMENT_3D('',#1537,#1538,#1539);
#1537 = CARTESIAN_POINT('',(40.,-2.8,30.));
#1538 = DIRECTION('',(0.,-0.693108716252,-0.720833064902));
#1539 = DIRECTION('',(0.,-0.720833064902,0.693108716252));
#1540 = DEFINITIONAL_REPRESENTATION('',(#1541),#1545);
#1541 = ELLIPSE('',#1542,28.855502074994,20.);
#1542 = AXIS2_PLACEMENT_2D('',#1543,#1544);
#1543 = CARTESIAN_POINT('',(0.,0.));
#1544 = DIRECTION('',(1.,0.));
#1545 = ( GEOMETRIC_REPRESENTATION_CONTEXT(2) 
PARAMETRIC_REPRESENTATION_CONTEXT() REPRESENTATION_CONTEXT('2D SPACE',''
  ) );
#1546 = ORIENTED_EDGE('',*,*,#1547,.F.);
#1547 = EDGE_CURVE('',#1229,#1516,#1548,.T.);
#1548 = SURFACE_CURVE('',#1549,(#1553,#1560),.PCURVE_S1.);
#1549 = LINE('',#1550,#1551);
#1550 = CARTESIAN_POINT('',(60.,4.,30.));
#1551 = VECTOR('',#1552,1.);
#1552 = DIRECTION('',(0.,-1.,1.110223024625E-16));
#1553 = PCURVE('',#1212,#1554);
#1554 = DEFINITIONAL_REPRESENTATION('',(#1555),#1559);
#1555 = LINE('',#1556,#1557);
#1556 = CARTESIAN_POINT('',(0.,-0.));
#1557 = VECTOR('',#1558,1.);
#1558 = DIRECTION('',(0.,1.));
#1559 = ( GEOMETRIC_REPRESENTATION_CONTEXT(2) 
PARAMETRIC_REPRESENTATION_CONTEXT() REPRESENTATION_CONTEXT('2D SPACE',''
  ) );
#1560 = PCURVE('',#1277,#1561);
#1561 = DEFINITIONAL_REPRESENTATION('',(#1562),#1566);
#1562 = LINE('',#1563,#1564);
#1563 = CARTESIAN_POINT('',(6.28318530718,-0.));
#1564 = VECTOR('',#1565,1.);
#1565 = DIRECTION('',(0.,1.));
#1566 = ( GEOMETRIC_REPRESENTATION_CONTEXT(2) 
PARAMETRIC_REPRESENTATION_CONTEXT() REPRESENTATION_CONTEXT('2D SPACE',''
  ) );
#1567 = ORIENTED_EDGE('',*,*,#1228,.T.);
#1568 = ORIENTED_EDGE('',*,*,#1199,.T.);
#1569 = ORIENTED_EDGE('',*,*,#1428,.T.);
#1570 = ORIENTED_EDGE('',*,*,#1571,.T.);
#1571 = EDGE_CURVE('',#532,#1572,#1574,.T.);
#1572 = VERTEX_POINT('',#1573);
#1573 = CARTESIAN_POINT('',(40.,-2.8,10.));
#1574 = SURFACE_CURVE('',#1575,(#1579,#1585),.PCURVE_S1.);
#1575 = LINE('',#1576,#1577);
#1576 = CARTESIAN_POINT('',(40.,4.,10.));
#1577 = VECTOR('',#1578,1.);
#1578 = DIRECTION('',(0.,-1.,1.110223024625E-16));
#1579 = PCURVE('',#1212,#1580);
#1580 = DEFINITIONAL_REPRESENTATION('',(#1581),#1584);
#1581 = B_SPLINE_CURVE_WITH_KNOTS('',1,(#1582,#1583),.UNSPECIFIED.,.F.,
  .F.,(2,2),(-5.999999981299E-07,8.0000006),.PIECEWISE_BEZIER_KNOTS.);
#1582 = CARTESIAN_POINT('',(4.712388980385,-6.000000003503E-07));
#1583 = CARTESIAN_POINT('',(4.712388980385,8.0000006));
#1584 = ( GEOMETRIC_REPRESENTATION_CONTEXT(2) 
PARAMETRIC_REPRESENTATION_CONTEXT() REPRESENTATION_CONTEXT('2D SPACE',''
  ) );
#1585 = PCURVE('',#1277,#1586);
#1586 = DEFINITIONAL_REPRESENTATION('',(#1587),#1590);
#1587 = B_SPLINE_CURVE_WITH_KNOTS('',1,(#1588,#1589),.UNSPECIFIED.,.F.,
  .F.,(2,2),(-5.999999981299E-07,8.0000006),.PIECEWISE_BEZIER_KNOTS.);
#1588 = CARTESIAN_POINT('',(4.712388980385,-6.000000003503E-07));
#1589 = CARTESIAN_POINT('',(4.712388980385,8.0000006));
#1590 = ( GEOMETRIC_REPRESENTATION_CONTEXT(2) 
PARAMETRIC_REPRESENTATION_CONTEXT() REPRESENTATION_CONTEXT('2D SPACE',''
  ) );
#1591 = ORIENTED_EDGE('',*,*,#1592,.F.);
#1592 = EDGE_CURVE('',#1593,#1572,#1595,.T.);
#1593 = VERTEX_POINT('',#1594);
#1594 = CARTESIAN_POINT('',(38.846153846154,-4.,10.033311765512));
#1595 = SURFACE_CURVE('',#1596,(#1601,#1611),.PCURVE_S1.);
#1596 = ELLIPSE('',#1597,28.855502074994,20.);
#1597 = AXIS2_PLACEMENT_3D('',#1598,#1599,#1600);
#1598 = CARTESIAN_POINT('',(40.,-2.8,30.));
#1599 = DIRECTION('',(0.720833064902,-0.693108716252,-8.310656757792E-17
    ));
#1600 = DIRECTION('',(-0.693108716252,-0.720833064902,2.339295976267E-16
    ));
#1601 = PCURVE('',#1212,#1602);
#1602 = DEFINITIONAL_REPRESENTATION('',(#1603),#1610);
#1603 = B_SPLINE_CURVE_WITH_KNOTS('',5,(#1604,#1605,#1606,#1607,#1608,
    #1609),.UNSPECIFIED.,.F.,.F.,(6,6),(1.513071938309,1.577046367486),
  .PIECEWISE_BEZIER_KNOTS.);
#1604 = CARTESIAN_POINT('',(4.654664591899,8.0000006));
#1605 = CARTESIAN_POINT('',(4.667459477734,7.734310244116));
#1606 = CARTESIAN_POINT('',(4.68025436357,7.468374324456));
#1607 = CARTESIAN_POINT('',(4.693049249405,7.202283457531));
#1608 = CARTESIAN_POINT('',(4.70584413524,6.9361284274));
#1609 = CARTESIAN_POINT('',(4.718639021076,6.67));
#1610 = ( GEOMETRIC_REPRESENTATION_CONTEXT(2) 
PARAMETRIC_REPRESENTATION_CONTEXT() REPRESENTATION_CONTEXT('2D SPACE',''
  ) );
#1611 = PCURVE('',#1612,#1617);
#1612 = PLANE('',#1613);
#1613 = AXIS2_PLACEMENT_3D('',#1614,#1615,#1616);
#1614 = CARTESIAN_POINT('',(38.75,-4.1,30.));
#1615 = DIRECTION('',(0.720833064902,-0.693108716252,-8.310656757792E-17
    ));
#1616 = DIRECTION('',(0.693108716252,0.720833064902,-2.339295976267E-16)
  );
#1617 = DEFINITIONAL_REPRESENTATION('',(#1618),#1622);
#1618 = ELLIPSE('',#1619,28.855502074994,20.);
#1619 = AXIS2_PLACEMENT_2D('',#1620,#1621);
#1620 = CARTESIAN_POINT('',(1.803468879687,4.218847493576E-16));
#1621 = DIRECTION('',(-1.,0.));
#1622 = ( GEOMETRIC_REPRESENTATION_CONTEXT(2) 
PARAMETRIC_REPRESENTATION_CONTEXT() REPRESENTATION_CONTEXT('2D SPACE',''
  ) );
#1623 = ORIENTED_EDGE('',*,*,#1624,.F.);
#1624 = EDGE_CURVE('',#1625,#1593,#1627,.T.);
#1625 = VERTEX_POINT('',#1626);
#1626 = CARTESIAN_POINT('',(35.946770616854,-4.,10.415022809112));
#1627 = SURFACE_CURVE('',#1628,(#1633,#1640),.PCURVE_S1.);
#1628 = CIRCLE('',#1629,20.);
#1629 = AXIS2_PLACEMENT_3D('',#1630,#1631,#1632);
#1630 = CARTESIAN_POINT('',(40.,-4.,30.));
#1631 = DIRECTION('',(0.,-1.,1.110223024625E-16));
#1632 = DIRECTION('',(1.,0.,0.));
#1633 = PCURVE('',#1212,#1634);
#1634 = DEFINITIONAL_REPRESENTATION('',(#1635),#1639);
#1635 = LINE('',#1636,#1637);
#1636 = CARTESIAN_POINT('',(0.,8.));
#1637 = VECTOR('',#1638,1.);
#1638 = DIRECTION('',(1.,0.));
#1639 = ( GEOMETRIC_REPRESENTATION_CONTEXT(2) 
PARAMETRIC_REPRESENTATION_CONTEXT() REPRESENTATION_CONTEXT('2D SPACE',''
  ) );
#1640 = PCURVE('',#1641,#1646);
#1641 = PLANE('',#1642);
#1642 = AXIS2_PLACEMENT_3D('',#1643,#1644,#1645);
#1643 = CARTESIAN_POINT('',(40.,-4.,30.));
#1644 = DIRECTION('',(0.,-1.,1.110223024625E-16));
#1645 = DIRECTION('',(1.,0.,0.));
#1646 = DEFINITIONAL_REPRESENTATION('',(#1647),#1651);
#1647 = CIRCLE('',#1648,20.);
#1648 = AXIS2_PLACEMENT_2D('',#1649,#1650);
#1649 = CARTESIAN_POINT('',(0.,0.));
#1650 = DIRECTION('',(1.,0.));
#1651 = ( GEOMETRIC_REPRESENTATION_CONTEXT(2) 
PARAMETRIC_REPRESENTATION_CONTEXT() REPRESENTATION_CONTEXT('2D SPACE',''
  ) );
#1652 = ORIENTED_EDGE('',*,*,#1653,.F.);
#1653 = EDGE_CURVE('',#1654,#1625,#1656,.T.);
#1654 = VERTEX_POINT('',#1655);
#1655 = CARTESIAN_POINT('',(34.82361909795,-2.8,10.681483474219));
#1656 = SURFACE_CURVE('',#1657,(#1662,#1672),.PCURVE_S1.);
#1657 = ELLIPSE('',#1658,28.855502074994,20.);
#1658 = AXIS2_PLACEMENT_3D('',#1659,#1660,#1661);
#1659 = CARTESIAN_POINT('',(40.,-2.8,30.));
#1660 = DIRECTION('',(-0.696271273832,-0.693108716252,0.186565325536));
#1661 = DIRECTION('',(0.669491609454,-0.720833064902,-0.179389736093));
#1662 = PCURVE('',#1212,#1663);
#1663 = DEFINITIONAL_REPRESENTATION('',(#1664),#1671);
#1664 = B_SPLINE_CURVE_WITH_KNOTS('',5,(#1665,#1666,#1667,#1668,#1669,
    #1670),.UNSPECIFIED.,.F.,.F.,(6,6),(4.706138939694,4.77011336887),
  .PIECEWISE_BEZIER_KNOTS.);
#1665 = CARTESIAN_POINT('',(4.444339551895,6.67));
#1666 = CARTESIAN_POINT('',(4.45713443773,6.9361284274));
#1667 = CARTESIAN_POINT('',(4.469929323565,7.202283457531));
#1668 = CARTESIAN_POINT('',(4.482724209401,7.468374324456));
#1669 = CARTESIAN_POINT('',(4.495519095236,7.734310244116));
#1670 = CARTESIAN_POINT('',(4.508313981071,8.0000006));
#1671 = ( GEOMETRIC_REPRESENTATION_CONTEXT(2) 
PARAMETRIC_REPRESENTATION_CONTEXT() REPRESENTATION_CONTEXT('2D SPACE',''
  ) );
#1672 = PCURVE('',#1673,#1678);
#1673 = PLANE('',#1674);
#1674 = AXIS2_PLACEMENT_3D('',#1675,#1676,#1677);
#1675 = CARTESIAN_POINT('',(40.,-2.8,30.));
#1676 = DIRECTION('',(-0.696271273832,-0.693108716252,0.186565325536));
#1677 = DIRECTION('',(0.669491609454,-0.720833064902,-0.179389736093));
#1678 = DEFINITIONAL_REPRESENTATION('',(#1679),#1683);
#1679 = ELLIPSE('',#1680,28.855502074994,20.);
#1680 = AXIS2_PLACEMENT_2D('',#1681,#1682);
#1681 = CARTESIAN_POINT('',(0.,0.));
#1682 = DIRECTION('',(1.,0.));
#1683 = ( GEOMETRIC_REPRESENTATION_CONTEXT(2) 
PARAMETRIC_REPRESENTATION_CONTEXT() REPRESENTATION_CONTEXT('2D SPACE',''
  ) );
#1684 = ORIENTED_EDGE('',*,*,#1685,.F.);
#1685 = EDGE_CURVE('',#1686,#1654,#1688,.T.);
#1686 = VERTEX_POINT('',#1687);
#1687 = CARTESIAN_POINT('',(33.717711017726,-4.,11.012297528579));
#1688 = SURFACE_CURVE('',#1689,(#1694,#1704),.PCURVE_S1.);
#1689 = ELLIPSE('',#1690,28.855502074994,20.);
#1690 = AXIS2_PLACEMENT_3D('',#1691,#1692,#1693);
#1691 = CARTESIAN_POINT('',(40.,-2.8,30.));
#1692 = DIRECTION('',(0.696271273832,-0.693108716252,-0.186565325536));
#1693 = DIRECTION('',(-0.669491609454,-0.720833064902,0.179389736093));
#1694 = PCURVE('',#1212,#1695);
#1695 = DEFINITIONAL_REPRESENTATION('',(#1696),#1703);
#1696 = B_SPLINE_CURVE_WITH_KNOTS('',5,(#1697,#1698,#1699,#1700,#1701,
    #1702),.UNSPECIFIED.,.F.,.F.,(6,6),(1.513071938309,1.577046367486),
  .PIECEWISE_BEZIER_KNOTS.);
#1697 = CARTESIAN_POINT('',(4.3928652041,8.0000006));
#1698 = CARTESIAN_POINT('',(4.405660089935,7.734310244116));
#1699 = CARTESIAN_POINT('',(4.418454975771,7.468374324456));
#1700 = CARTESIAN_POINT('',(4.431249861606,7.202283457531));
#1701 = CARTESIAN_POINT('',(4.444044747441,6.9361284274));
#1702 = CARTESIAN_POINT('',(4.456839633276,6.67));
#1703 = ( GEOMETRIC_REPRESENTATION_CONTEXT(2) 
PARAMETRIC_REPRESENTATION_CONTEXT() REPRESENTATION_CONTEXT('2D SPACE',''
  ) );
#1704 = PCURVE('',#1705,#1710);
#1705 = PLANE('',#1706);
#1706 = AXIS2_PLACEMENT_3D('',#1707,#1708,#1709);
#1707 = CARTESIAN_POINT('',(38.792592717139,-4.1,30.323523806378));
#1708 = DIRECTION('',(0.696271273832,-0.693108716252,-0.186565325536));
#1709 = DIRECTION('',(0.669491609454,0.720833064902,-0.179389736093));
#1710 = DEFINITIONAL_REPRESENTATION('',(#1711),#1715);
#1711 = ELLIPSE('',#1712,28.855502074994,20.);
#1712 = AXIS2_PLACEMENT_2D('',#1713,#1714);
#1713 = CARTESIAN_POINT('',(1.803468879687,-1.221245327088E-15));
#1714 = DIRECTION('',(-1.,-2.775557561563E-17));
#1715 = ( GEOMETRIC_REPRESENTATION_CONTEXT(2) 
PARAMETRIC_REPRESENTATION_CONTEXT() REPRESENTATION_CONTEXT('2D SPACE',''
  ) );
#1716 = ORIENTED_EDGE('',*,*,#1717,.F.);
#1717 = EDGE_CURVE('',#1718,#1686,#1720,.T.);
#1718 = VERTEX_POINT('',#1719);
#1719 = CARTESIAN_POINT('',(31.015915964046,-4.,12.131417682566));
#1720 = SURFACE_CURVE('',#1721,(#1726,#1733),.PCURVE_S1.);
#1721 = CIRCLE('',#1722,20.);
#1722 = AXIS2_PLACEMENT_3D('',#1723,#1724,#1725);
#1723 = CARTESIAN_POINT('',(40.,-4.,30.));
#1724 = DIRECTION('',(0.,-1.,1.110223024625E-16));
#1725 = DIRECTION('',(1.,0.,0.));
#1726 = PCURVE('',#1212,#1727);
#1727 = DEFINITIONAL_REPRESENTATION('',(#1728),#1732);
#1728 = LINE('',#1729,#1730);
#1729 = CARTESIAN_POINT('',(0.,8.));
#1730 = VECTOR('',#1731,1.);
#1731 = DIRECTION('',(1.,0.));
#1732 = ( GEOMETRIC_REPRESENTATION_CONTEXT(2) 
PARAMETRIC_REPRESENTATION_CONTEXT() REPRESENTATION_CONTEXT('2D SPACE',''
  ) );
#1733 = PCURVE('',#1734,#1739);
#1734 = PLANE('',#1735);
#1735 = AXIS2_PLACEMENT_3D('',#1736,#1737,#1738);
#1736 = CARTESIAN_POINT('',(40.,-4.,30.));
#1737 = DIRECTION('',(0.,-1.,1.110223024625E-16));
#1738 = DIRECTION('',(1.,0.,0.));
#1739 = DEFINITIONAL_REPRESENTATION('',(#1740),#1744);
#1740 = CIRCLE('',#1741,20.);
#1741 = AXIS2_PLACEMENT_2D('',#1742,#1743);
#1742 = CARTESIAN_POINT('',(0.,0.));
#1743 = DIRECTION('',(1.,0.));
#1744 = ( GEOMETRIC_REPRESENTATION_CONTEXT(2) 
PARAMETRIC_REPRESENTATION_CONTEXT() REPRESENTATION_CONTEXT('2D SPACE',''
  ) );
#1745 = ORIENTED_EDGE('',*,*,#1746,.F.);
#1746 = EDGE_CURVE('',#1747,#1718,#1749,.T.);
#1747 = VERTEX_POINT('',#1748);
#1748 = CARTESIAN_POINT('',(30.,-2.8,12.679491924311));
#1749 = SURFACE_CURVE('',#1750,(#1755,#1765),.PCURVE_S1.);
#1750 = ELLIPSE('',#1751,28.855502074994,20.);
#1751 = AXIS2_PLACEMENT_3D('',#1752,#1753,#1754);
#1752 = CARTESIAN_POINT('',(40.,-2.8,30.));
#1753 = DIRECTION('',(-0.624259746093,-0.693108716252,0.360416532451));
#1754 = DIRECTION('',(0.600249755858,-0.720833064902,-0.346554358126));
#1755 = PCURVE('',#1212,#1756);
#1756 = DEFINITIONAL_REPRESENTATION('',(#1757),#1764);
#1757 = B_SPLINE_CURVE_WITH_KNOTS('',5,(#1758,#1759,#1760,#1761,#1762,
    #1763),.UNSPECIFIED.,.F.,.F.,(6,6),(4.706138939694,4.77011336887),
  .PIECEWISE_BEZIER_KNOTS.);
#1758 = CARTESIAN_POINT('',(4.182540164096,6.67));
#1759 = CARTESIAN_POINT('',(4.195335049931,6.9361284274));
#1760 = CARTESIAN_POINT('',(4.208129935766,7.202283457531));
#1761 = CARTESIAN_POINT('',(4.220924821601,7.468374324456));
#1762 = CARTESIAN_POINT('',(4.233719707437,7.734310244116));
#1763 = CARTESIAN_POINT('',(4.246514593272,8.0000006));
#1764 = ( GEOMETRIC_REPRESENTATION_CONTEXT(2) 
PARAMETRIC_REPRESENTATION_CONTEXT() REPRESENTATION_CONTEXT('2D SPACE',''
  ) );
#1765 = PCURVE('',#1766,#1771);
#1766 = PLANE('',#1767);
#1767 = AXIS2_PLACEMENT_3D('',#1768,#1769,#1770);
#1768 = CARTESIAN_POINT('',(40.,-2.8,30.));
#1769 = DIRECTION('',(-0.624259746093,-0.693108716252,0.360416532451));
#1770 = DIRECTION('',(0.600249755858,-0.720833064902,-0.346554358126));
#1771 = DEFINITIONAL_REPRESENTATION('',(#1772),#1776);
#1772 = ELLIPSE('',#1773,28.855502074994,20.);
#1773 = AXIS2_PLACEMENT_2D('',#1774,#1775);
#1774 = CARTESIAN_POINT('',(0.,0.));
#1775 = DIRECTION('',(1.,0.));
#1776 = ( GEOMETRIC_REPRESENTATION_CONTEXT(2) 
PARAMETRIC_REPRESENTATION_CONTEXT() REPRESENTATION_CONTEXT('2D SPACE',''
  ) );
#1777 = ORIENTED_EDGE('',*,*,#1778,.F.);
#1778 = EDGE_CURVE('',#1779,#1747,#1781,.T.);
#1779 = VERTEX_POINT('',#1780);
#1780 = CARTESIAN_POINT('',(29.017395801466,-4.,13.285263836412));
#1781 = SURFACE_CURVE('',#1782,(#1787,#1797),.PCURVE_S1.);
#1782 = ELLIPSE('',#1783,28.855502074994,20.);
#1783 = AXIS2_PLACEMENT_3D('',#1784,#1785,#1786);
#1784 = CARTESIAN_POINT('',(40.,-2.8,30.));
#1785 = DIRECTION('',(0.624259746093,-0.693108716252,-0.360416532451));
#1786 = DIRECTION('',(-0.600249755858,-0.720833064902,0.346554358126));
#1787 = PCURVE('',#1212,#1788);
#1788 = DEFINITIONAL_REPRESENTATION('',(#1789),#1796);
#1789 = B_SPLINE_CURVE_WITH_KNOTS('',5,(#1790,#1791,#1792,#1793,#1794,
    #1795),.UNSPECIFIED.,.F.,.F.,(6,6),(1.513071938309,1.577046367486),
  .PIECEWISE_BEZIER_KNOTS.);
#1790 = CARTESIAN_POINT('',(4.131065816301,8.0000006));
#1791 = CARTESIAN_POINT('',(4.143860702136,7.734310244116));
#1792 = CARTESIAN_POINT('',(4.156655587971,7.468374324456));
#1793 = CARTESIAN_POINT('',(4.169450473807,7.202283457531));
#1794 = CARTESIAN_POINT('',(4.182245359642,6.9361284274));
#1795 = CARTESIAN_POINT('',(4.195040245477,6.67));
#1796 = ( GEOMETRIC_REPRESENTATION_CONTEXT(2) 
PARAMETRIC_REPRESENTATION_CONTEXT() REPRESENTATION_CONTEXT('2D SPACE',''
  ) );
#1797 = PCURVE('',#1798,#1803);
#1798 = PLANE('',#1799);
#1799 = AXIS2_PLACEMENT_3D('',#1800,#1801,#1802);
#1800 = CARTESIAN_POINT('',(38.917468245269,-4.1,30.625));
#1801 = DIRECTION('',(0.624259746093,-0.693108716252,-0.360416532451));
#1802 = DIRECTION('',(0.600249755858,0.720833064902,-0.346554358126));
#1803 = DEFINITIONAL_REPRESENTATION('',(#1804),#1808);
#1804 = ELLIPSE('',#1805,28.855502074994,20.);
#1805 = AXIS2_PLACEMENT_2D('',#1806,#1807);
#1806 = CARTESIAN_POINT('',(1.803468879687,-4.440892098501E-16));
#1807 = DIRECTION('',(-1.,-5.551115123126E-17));
#1808 = ( GEOMETRIC_REPRESENTATION_CONTEXT(2) 
PARAMETRIC_REPRESENTATION_CONTEXT() REPRESENTATION_CONTEXT('2D SPACE',''
  ) );
#1809 = ORIENTED_EDGE('',*,*,#1810,.F.);
#1810 = EDGE_CURVE('',#1811,#1779,#1813,.T.);
#1811 = VERTEX_POINT('',#1812);
#1812 = CARTESIAN_POINT('',(26.697311791386,-4.,15.065526911725));
#1813 = SURFACE_CURVE('',#1814,(#1819,#1826),.PCURVE_S1.);
#1814 = CIRCLE('',#1815,20.);
#1815 = AXIS2_PLACEMENT_3D('',#1816,#1817,#1818);
#1816 = CARTESIAN_POINT('',(40.,-4.,30.));
#1817 = DIRECTION('',(0.,-1.,1.110223024625E-16));
#1818 = DIRECTION('',(1.,0.,0.));
#1819 = PCURVE('',#1212,#1820);
#1820 = DEFINITIONAL_REPRESENTATION('',(#1821),#1825);
#1821 = LINE('',#1822,#1823);
#1822 = CARTESIAN_POINT('',(0.,8.));
#1823 = VECTOR('',#1824,1.);
#1824 = DIRECTION('',(1.,0.));
#1825 = ( GEOMETRIC_REPRESENTATION_CONTEXT(2) 
PARAMETRIC_REPRESENTATION_CONTEXT() REPRESENTATION_CONTEXT('2D SPACE',''
  ) );
#1826 = PCURVE('',#1827,#1832);
#1827 = PLANE('',#1828);
#1828 = AXIS2_PLACEMENT_3D('',#1829,#1830,#1831);
#1829 = CARTESIAN_POINT('',(40.,-4.,30.));
#1830 = DIRECTION('',(0.,-1.,1.110223024625E-16));
#1831 = DIRECTION('',(1.,0.,0.));
#1832 = DEFINITIONAL_REPRESENTATION('',(#1833),#1837);
#1833 = CIRCLE('',#1834,20.);
#1834 = AXIS2_PLACEMENT_2D('',#1835,#1836);
#1835 = CARTESIAN_POINT('',(0.,0.));
#1836 = DIRECTION('',(1.,0.));
#1837 = ( GEOMETRIC_REPRESENTATION_CONTEXT(2) 
PARAMETRIC_REPRESENTATION_CONTEXT() REPRESENTATION_CONTEXT('2D SPACE',''
  ) );
#1838 = ORIENTED_EDGE('',*,*,#1839,.F.);
#1839 = EDGE_CURVE('',#1840,#1811,#1842,.T.);
#1840 = VERTEX_POINT('',#1841);
#1841 = CARTESIAN_POINT('',(25.857864376269,-2.8,15.857864376269));
#1842 = SURFACE_CURVE('',#1843,(#1848,#1858),.PCURVE_S1.);
#1843 = ELLIPSE('',#1844,28.855502074994,20.);
#1844 = AXIS2_PLACEMENT_3D('',#1845,#1846,#1847);
#1845 = CARTESIAN_POINT('',(40.,-2.8,30.));
#1846 = DIRECTION('',(-0.509705948296,-0.693108716252,0.509705948296));
#1847 = DIRECTION('',(0.490101873361,-0.720833064902,-0.490101873361));
#1848 = PCURVE('',#1212,#1849);
#1849 = DEFINITIONAL_REPRESENTATION('',(#1850),#1857);
#1850 = B_SPLINE_CURVE_WITH_KNOTS('',5,(#1851,#1852,#1853,#1854,#1855,
    #1856),.UNSPECIFIED.,.F.,.F.,(6,6),(4.706138939694,4.77011336887),
  .PIECEWISE_BEZIER_KNOTS.);
#1851 = CARTESIAN_POINT('',(3.920740776296,6.67));
#1852 = CARTESIAN_POINT('',(3.933535662132,6.9361284274));
#1853 = CARTESIAN_POINT('',(3.946330547967,7.202283457531));
#1854 = CARTESIAN_POINT('',(3.959125433802,7.468374324456));
#1855 = CARTESIAN_POINT('',(3.971920319637,7.734310244116));
#1856 = CARTESIAN_POINT('',(3.984715205473,8.0000006));
#1857 = ( GEOMETRIC_REPRESENTATION_CONTEXT(2) 
PARAMETRIC_REPRESENTATION_CONTEXT() REPRESENTATION_CONTEXT('2D SPACE',''
  ) );
#1858 = PCURVE('',#1859,#1864);
#1859 = PLANE('',#1860);
#1860 = AXIS2_PLACEMENT_3D('',#1861,#1862,#1863);
#1861 = CARTESIAN_POINT('',(40.,-2.8,30.));
#1862 = DIRECTION('',(-0.509705948296,-0.693108716252,0.509705948296));
#1863 = DIRECTION('',(0.490101873361,-0.720833064902,-0.490101873361));
#1864 = DEFINITIONAL_REPRESENTATION('',(#1865),#1869);
#1865 = ELLIPSE('',#1866,28.855502074994,20.);
#1866 = AXIS2_PLACEMENT_2D('',#1867,#1868);
#1867 = CARTESIAN_POINT('',(0.,0.));
#1868 = DIRECTION('',(1.,5.551115123126E-17));
#1869 = ( GEOMETRIC_REPRESENTATION_CONTEXT(2) 
PARAMETRIC_REPRESENTATION_CONTEXT() REPRESENTATION_CONTEXT('2D SPACE',''
  ) );
#1870 = ORIENTED_EDGE('',*,*,#1871,.F.);
#1871 = EDGE_CURVE('',#1872,#1840,#1874,.T.);
#1872 = VERTEX_POINT('',#1873);
#1873 = CARTESIAN_POINT('',(25.065526911725,-4.,16.697311791386));
#1874 = SURFACE_CURVE('',#1875,(#1880,#1890),.PCURVE_S1.);
#1875 = ELLIPSE('',#1876,28.855502074994,20.);
#1876 = AXIS2_PLACEMENT_3D('',#1877,#1878,#1879);
#1877 = CARTESIAN_POINT('',(40.,-2.8,30.));
#1878 = DIRECTION('',(0.509705948296,-0.693108716252,-0.509705948296));
#1879 = DIRECTION('',(-0.490101873361,-0.720833064902,0.490101873361));
#1880 = PCURVE('',#1212,#1881);
#1881 = DEFINITIONAL_REPRESENTATION('',(#1882),#1889);
#1882 = B_SPLINE_CURVE_WITH_KNOTS('',5,(#1883,#1884,#1885,#1886,#1887,
    #1888),.UNSPECIFIED.,.F.,.F.,(6,6),(1.513071938309,1.577046367486),
  .PIECEWISE_BEZIER_KNOTS.);
#1883 = CARTESIAN_POINT('',(3.869266428502,8.0000006));
#1884 = CARTESIAN_POINT('',(3.882061314337,7.734310244116));
#1885 = CARTESIAN_POINT('',(3.894856200172,7.468374324456));
#1886 = CARTESIAN_POINT('',(3.907651086008,7.202283457531));
#1887 = CARTESIAN_POINT('',(3.920445971843,6.9361284274));
#1888 = CARTESIAN_POINT('',(3.933240857678,6.67));
#1889 = ( GEOMETRIC_REPRESENTATION_CONTEXT(2) 
PARAMETRIC_REPRESENTATION_CONTEXT() REPRESENTATION_CONTEXT('2D SPACE',''
  ) );
#1890 = PCURVE('',#1891,#1896);
#1891 = PLANE('',#1892);
#1892 = AXIS2_PLACEMENT_3D('',#1893,#1894,#1895);
#1893 = CARTESIAN_POINT('',(39.116116523517,-4.1,30.883883476483));
#1894 = DIRECTION('',(0.509705948296,-0.693108716252,-0.509705948296));
#1895 = DIRECTION('',(0.490101873361,0.720833064902,-0.490101873361));
#1896 = DEFINITIONAL_REPRESENTATION('',(#1897),#1901);
#1897 = ELLIPSE('',#1898,28.855502074994,20.);
#1898 = AXIS2_PLACEMENT_2D('',#1899,#1900);
#1899 = CARTESIAN_POINT('',(1.803468879687,2.22044604925E-16));
#1900 = DIRECTION('',(-1.,5.551115123126E-17));
#1901 = ( GEOMETRIC_REPRESENTATION_CONTEXT(2) 
PARAMETRIC_REPRESENTATION_CONTEXT() REPRESENTATION_CONTEXT('2D SPACE',''
  ) );
#1902 = ORIENTED_EDGE('',*,*,#1903,.F.);
#1903 = EDGE_CURVE('',#1904,#1872,#1906,.T.);
#1904 = VERTEX_POINT('',#1905);
#1905 = CARTESIAN_POINT('',(23.285263836412,-4.,19.017395801466));
#1906 = SURFACE_CURVE('',#1907,(#1912,#1919),.PCURVE_S1.);
#1907 = CIRCLE('',#1908,20.);
#1908 = AXIS2_PLACEMENT_3D('',#1909,#1910,#1911);
#1909 = CARTESIAN_POINT('',(40.,-4.,30.));
#1910 = DIRECTION('',(0.,-1.,1.110223024625E-16));
#1911 = DIRECTION('',(1.,0.,0.));
#1912 = PCURVE('',#1212,#1913);
#1913 = DEFINITIONAL_REPRESENTATION('',(#1914),#1918);
#1914 = LINE('',#1915,#1916);
#1915 = CARTESIAN_POINT('',(0.,8.));
#1916 = VECTOR('',#1917,1.);
#1917 = DIRECTION('',(1.,0.));
#1918 = ( GEOMETRIC_REPRESENTATION_CONTEXT(2) 
PARAMETRIC_REPRESENTATION_CONTEXT() REPRESENTATION_CONTEXT('2D SPACE',''
  ) );
#1919 = PCURVE('',#1920,#1925);
#1920 = PLANE('',#1921);
#1921 = AXIS2_PLACEMENT_3D('',#1922,#1923,#1924);
#1922 = CARTESIAN_POINT('',(40.,-4.,30.));
#1923 = DIRECTION('',(0.,-1.,1.110223024625E-16));
#1924 = DIRECTION('',(1.,0.,0.));
#1925 = DEFINITIONAL_REPRESENTATION('',(#1926),#1930);
#1926 = CIRCLE('',#1927,20.);
#1927 = AXIS2_PLACEMENT_2D('',#1928,#1929);
#1928 = CARTESIAN_POINT('',(0.,0.));
#1929 = DIRECTION('',(1.,0.));
#1930 = ( GEOMETRIC_REPRESENTATION_CONTEXT(2) 
PARAMETRIC_REPRESENTATION_CONTEXT() REPRESENTATION_CONTEXT('2D SPACE',''
  ) );
#1931 = ORIENTED_EDGE('',*,*,#1932,.F.);
#1932 = EDGE_CURVE('',#1933,#1904,#1935,.T.);
#1933 = VERTEX_POINT('',#1934);
#1934 = CARTESIAN_POINT('',(22.679491924311,-2.8,20.));
#1935 = SURFACE_CURVE('',#1936,(#1941,#1951),.PCURVE_S1.);
#1936 = ELLIPSE('',#1937,28.855502074994,20.);
#1937 = AXIS2_PLACEMENT_3D('',#1938,#1939,#1940);
#1938 = CARTESIAN_POINT('',(40.,-2.8,30.));
#1939 = DIRECTION('',(-0.360416532451,-0.693108716252,0.624259746093));
#1940 = DIRECTION('',(0.346554358126,-0.720833064902,-0.600249755858));
#1941 = PCURVE('',#1212,#1942);
#1942 = DEFINITIONAL_REPRESENTATION('',(#1943),#1950);
#1943 = B_SPLINE_CURVE_WITH_KNOTS('',5,(#1944,#1945,#1946,#1947,#1948,
    #1949),.UNSPECIFIED.,.F.,.F.,(6,6),(4.706138939694,4.77011336887),
  .PIECEWISE_BEZIER_KNOTS.);
#1944 = CARTESIAN_POINT('',(3.658941388497,6.67));
#1945 = CARTESIAN_POINT('',(3.671736274333,6.9361284274));
#1946 = CARTESIAN_POINT('',(3.684531160168,7.202283457531));
#1947 = CARTESIAN_POINT('',(3.697326046003,7.468374324456));
#1948 = CARTESIAN_POINT('',(3.710120931838,7.734310244116));
#1949 = CARTESIAN_POINT('',(3.722915817674,8.0000006));
#1950 = ( GEOMETRIC_REPRESENTATION_CONTEXT(2) 
PARAMETRIC_REPRESENTATION_CONTEXT() REPRESENTATION_CONTEXT('2D SPACE',''
  ) );
#1951 = PCURVE('',#1952,#1957);
#1952 = PLANE('',#1953);
#1953 = AXIS2_PLACEMENT_3D('',#1954,#1955,#1956);
#1954 = CARTESIAN_POINT('',(40.,-2.8,30.));
#1955 = DIRECTION('',(-0.360416532451,-0.693108716252,0.624259746093));
#1956 = DIRECTION('',(0.346554358126,-0.720833064902,-0.600249755858));
#1957 = DEFINITIONAL_REPRESENTATION('',(#1958),#1962);
#1958 = ELLIPSE('',#1959,28.855502074994,20.);
#1959 = AXIS2_PLACEMENT_2D('',#1960,#1961);
#1960 = CARTESIAN_POINT('',(0.,0.));
#1961 = DIRECTION('',(1.,0.));
#1962 = ( GEOMETRIC_REPRESENTATION_CONTEXT(2) 
PARAMETRIC_REPRESENTATION_CONTEXT() REPRESENTATION_CONTEXT('2D SPACE',''
  ) );
#1963 = ORIENTED_EDGE('',*,*,#1964,.F.);
#1964 = EDGE_CURVE('',#1965,#1933,#1967,.T.);
#1965 = VERTEX_POINT('',#1966);
#1966 = CARTESIAN_POINT('',(22.131417682566,-4.,21.015915964046));
#1967 = SURFACE_CURVE('',#1968,(#1973,#1983),.PCURVE_S1.);
#1968 = ELLIPSE('',#1969,28.855502074994,20.);
#1969 = AXIS2_PLACEMENT_3D('',#1970,#1971,#1972);
#1970 = CARTESIAN_POINT('',(40.,-2.8,30.));
#1971 = DIRECTION('',(0.360416532451,-0.693108716252,-0.624259746093));
#1972 = DIRECTION('',(-0.346554358126,-0.720833064902,0.600249755858));
#1973 = PCURVE('',#1212,#1974);
#1974 = DEFINITIONAL_REPRESENTATION('',(#1975),#1982);
#1975 = B_SPLINE_CURVE_WITH_KNOTS('',5,(#1976,#1977,#1978,#1979,#1980,
    #1981),.UNSPECIFIED.,.F.,.F.,(6,6),(1.513071938309,1.577046367486),
  .PIECEWISE_BEZIER_KNOTS.);
#1976 = CARTESIAN_POINT('',(3.607467040703,8.0000006));
#1977 = CARTESIAN_POINT('',(3.620261926538,7.734310244116));
#1978 = CARTESIAN_POINT('',(3.633056812373,7.468374324456));
#1979 = CARTESIAN_POINT('',(3.645851698208,7.202283457531));
#1980 = CARTESIAN_POINT('',(3.658646584044,6.9361284274));
#1981 = CARTESIAN_POINT('',(3.671441469879,6.67));
#1982 = ( GEOMETRIC_REPRESENTATION_CONTEXT(2) 
PARAMETRIC_REPRESENTATION_CONTEXT() REPRESENTATION_CONTEXT('2D SPACE',''
  ) );
#1983 = PCURVE('',#1984,#1989);
#1984 = PLANE('',#1985);
#1985 = AXIS2_PLACEMENT_3D('',#1986,#1987,#1988);
#1986 = CARTESIAN_POINT('',(39.375,-4.1,31.082531754731));
#1987 = DIRECTION('',(0.360416532451,-0.693108716252,-0.624259746093));
#1988 = DIRECTION('',(0.346554358126,0.720833064902,-0.600249755858));
#1989 = DEFINITIONAL_REPRESENTATION('',(#1990),#1994);
#1990 = ELLIPSE('',#1991,28.855502074994,20.);
#1991 = AXIS2_PLACEMENT_2D('',#1992,#1993);
#1992 = CARTESIAN_POINT('',(1.803468879687,-6.661338147751E-16));
#1993 = DIRECTION('',(-1.,0.));
#1994 = ( GEOMETRIC_REPRESENTATION_CONTEXT(2) 
PARAMETRIC_REPRESENTATION_CONTEXT() REPRESENTATION_CONTEXT('2D SPACE',''
  ) );
#1995 = ORIENTED_EDGE('',*,*,#1996,.F.);
#1996 = EDGE_CURVE('',#1997,#1965,#1999,.T.);
#1997 = VERTEX_POINT('',#1998);
#1998 = CARTESIAN_POINT('',(21.012297528579,-4.,23.717711017726));
#1999 = SURFACE_CURVE('',#2000,(#2005,#2012),.PCURVE_S1.);
#2000 = CIRCLE('',#2001,20.);
#2001 = AXIS2_PLACEMENT_3D('',#2002,#2003,#2004);
#2002 = CARTESIAN_POINT('',(40.,-4.,30.));
#2003 = DIRECTION('',(0.,-1.,1.110223024625E-16));
#2004 = DIRECTION('',(1.,0.,0.));
#2005 = PCURVE('',#1212,#2006);
#2006 = DEFINITIONAL_REPRESENTATION('',(#2007),#2011);
#2007 = LINE('',#2008,#2009);
#2008 = CARTESIAN_POINT('',(0.,8.));
#2009 = VECTOR('',#2010,1.);
#2010 = DIRECTION('',(1.,0.));
#2011 = ( GEOMETRIC_REPRESENTATION_CONTEXT(2) 
PARAMETRIC_REPRESENTATION_CONTEXT() REPRESENTATION_CONTEXT('2D SPACE',''
  ) );
#2012 = PCURVE('',#2013,#2018);
#2013 = PLANE('',#2014);
#2014 = AXIS2_PLACEMENT_3D('',#2015,#2016,#2017);
#2015 = CARTESIAN_POINT('',(40.,-4.,30.));
#2016 = DIRECTION('',(0.,-1.,1.110223024625E-16));
#2017 = DIRECTION('',(1.,0.,0.));
#2018 = DEFINITIONAL_REPRESENTATION('',(#2019),#2023);
#2019 = CIRCLE('',#2020,20.);
#2020 = AXIS2_PLACEMENT_2D('',#2021,#2022);
#2021 = CARTESIAN_POINT('',(0.,0.));
#2022 = DIRECTION('',(1.,0.));
#2023 = ( GEOMETRIC_REPRESENTATION_CONTEXT(2) 
PARAMETRIC_REPRESENTATION_CONTEXT() REPRESENTATION_CONTEXT('2D SPACE',''
  ) );
#2024 = ORIENTED_EDGE('',*,*,#2025,.F.);
#2025 = EDGE_CURVE('',#2026,#1997,#2028,.T.);
#2026 = VERTEX_POINT('',#2027);
#2027 = CARTESIAN_POINT('',(20.681483474219,-2.8,24.82361909795));
#2028 = SURFACE_CURVE('',#2029,(#2034,#2044),.PCURVE_S1.);
#2029 = ELLIPSE('',#2030,28.855502074994,20.);
#2030 = AXIS2_PLACEMENT_3D('',#2031,#2032,#2033);
#2031 = CARTESIAN_POINT('',(40.,-2.8,30.));
#2032 = DIRECTION('',(-0.186565325536,-0.693108716252,0.696271273832));
#2033 = DIRECTION('',(0.179389736093,-0.720833064902,-0.669491609454));
#2034 = PCURVE('',#1212,#2035);
#2035 = DEFINITIONAL_REPRESENTATION('',(#2036),#2043);
#2036 = B_SPLINE_CURVE_WITH_KNOTS('',5,(#2037,#2038,#2039,#2040,#2041,
    #2042),.UNSPECIFIED.,.F.,.F.,(6,6),(4.706138939694,4.77011336887),
  .PIECEWISE_BEZIER_KNOTS.);
#2037 = CARTESIAN_POINT('',(3.397142000698,6.67));
#2038 = CARTESIAN_POINT('',(3.409936886533,6.9361284274));
#2039 = CARTESIAN_POINT('',(3.422731772369,7.202283457531));
#2040 = CARTESIAN_POINT('',(3.435526658204,7.468374324456));
#2041 = CARTESIAN_POINT('',(3.448321544039,7.734310244116));
#2042 = CARTESIAN_POINT('',(3.461116429874,8.0000006));
#2043 = ( GEOMETRIC_REPRESENTATION_CONTEXT(2) 
PARAMETRIC_REPRESENTATION_CONTEXT() REPRESENTATION_CONTEXT('2D SPACE',''
  ) );
#2044 = PCURVE('',#2045,#2050);
#2045 = PLANE('',#2046);
#2046 = AXIS2_PLACEMENT_3D('',#2047,#2048,#2049);
#2047 = CARTESIAN_POINT('',(40.,-2.8,30.));
#2048 = DIRECTION('',(-0.186565325536,-0.693108716252,0.696271273832));
#2049 = DIRECTION('',(0.179389736093,-0.720833064902,-0.669491609454));
#2050 = DEFINITIONAL_REPRESENTATION('',(#2051),#2055);
#2051 = ELLIPSE('',#2052,28.855502074994,20.);
#2052 = AXIS2_PLACEMENT_2D('',#2053,#2054);
#2053 = CARTESIAN_POINT('',(0.,0.));
#2054 = DIRECTION('',(1.,-2.775557561563E-17));
#2055 = ( GEOMETRIC_REPRESENTATION_CONTEXT(2) 
PARAMETRIC_REPRESENTATION_CONTEXT() REPRESENTATION_CONTEXT('2D SPACE',''
  ) );
#2056 = ORIENTED_EDGE('',*,*,#2057,.F.);
#2057 = EDGE_CURVE('',#2058,#2026,#2060,.T.);
#2058 = VERTEX_POINT('',#2059);
#2059 = CARTESIAN_POINT('',(20.415022809112,-4.,25.946770616854));
#2060 = SURFACE_CURVE('',#2061,(#2066,#2076),.PCURVE_S1.);
#2061 = ELLIPSE('',#2062,28.855502074994,20.);
#2062 = AXIS2_PLACEMENT_3D('',#2063,#2064,#2065);
#2063 = CARTESIAN_POINT('',(40.,-2.8,30.));
#2064 = DIRECTION('',(0.186565325536,-0.693108716252,-0.696271273832));
#2065 = DIRECTION('',(-0.179389736093,-0.720833064902,0.669491609454));
#2066 = PCURVE('',#1212,#2067);
#2067 = DEFINITIONAL_REPRESENTATION('',(#2068),#2075);
#2068 = B_SPLINE_CURVE_WITH_KNOTS('',5,(#2069,#2070,#2071,#2072,#2073,
    #2074),.UNSPECIFIED.,.F.,.F.,(6,6),(1.513071938309,1.577046367486),
  .PIECEWISE_BEZIER_KNOTS.);
#2069 = CARTESIAN_POINT('',(3.345667652903,8.0000006));
#2070 = CARTESIAN_POINT('',(3.358462538739,7.734310244116));
#2071 = CARTESIAN_POINT('',(3.371257424574,7.468374324456));
#2072 = CARTESIAN_POINT('',(3.384052310409,7.202283457531));
#2073 = CARTESIAN_POINT('',(3.396847196245,6.9361284274));
#2074 = CARTESIAN_POINT('',(3.40964208208,6.67));
#2075 = ( GEOMETRIC_REPRESENTATION_CONTEXT(2) 
PARAMETRIC_REPRESENTATION_CONTEXT() REPRESENTATION_CONTEXT('2D SPACE',''
  ) );
#2076 = PCURVE('',#2077,#2082);
#2077 = PLANE('',#2078);
#2078 = AXIS2_PLACEMENT_3D('',#2079,#2080,#2081);
#2079 = CARTESIAN_POINT('',(39.676476193622,-4.1,31.207407282861));
#2080 = DIRECTION('',(0.186565325536,-0.693108716252,-0.696271273832));
#2081 = DIRECTION('',(0.179389736093,0.720833064902,-0.669491609454));
#2082 = DEFINITIONAL_REPRESENTATION('',(#2083),#2087);
#2083 = ELLIPSE('',#2084,28.855502074994,20.);
#2084 = AXIS2_PLACEMENT_2D('',#2085,#2086);
#2085 = CARTESIAN_POINT('',(1.803468879687,-3.053113317719E-15));
#2086 = DIRECTION('',(-1.,2.775557561563E-17));
#2087 = ( GEOMETRIC_REPRESENTATION_CONTEXT(2) 
PARAMETRIC_REPRESENTATION_CONTEXT() REPRESENTATION_CONTEXT('2D SPACE',''
  ) );
#2088 = ORIENTED_EDGE('',*,*,#2089,.F.);
#2089 = EDGE_CURVE('',#2090,#2058,#2092,.T.);
#2090 = VERTEX_POINT('',#2091);
#2091 = CARTESIAN_POINT('',(20.033311765512,-4.,28.846153846154));
#2092 = SURFACE_CURVE('',#2093,(#2098,#2105),.PCURVE_S1.);
#2093 = CIRCLE('',#2094,20.);
#2094 = AXIS2_PLACEMENT_3D('',#2095,#2096,#2097);
#2095 = CARTESIAN_POINT('',(40.,-4.,30.));
#2096 = DIRECTION('',(0.,-1.,1.110223024625E-16));
#2097 = DIRECTION('',(1.,0.,0.));
#2098 = PCURVE('',#1212,#2099);
#2099 = DEFINITIONAL_REPRESENTATION('',(#2100),#2104);
#2100 = LINE('',#2101,#2102);
#2101 = CARTESIAN_POINT('',(0.,8.));
#2102 = VECTOR('',#2103,1.);
#2103 = DIRECTION('',(1.,0.));
#2104 = ( GEOMETRIC_REPRESENTATION_CONTEXT(2) 
PARAMETRIC_REPRESENTATION_CONTEXT() REPRESENTATION_CONTEXT('2D SPACE',''
  ) );
#2105 = PCURVE('',#2106,#2111);
#2106 = PLANE('',#2107);
#2107 = AXIS2_PLACEMENT_3D('',#2108,#2109,#2110);
#2108 = CARTESIAN_POINT('',(40.,-4.,30.));
#2109 = DIRECTION('',(0.,-1.,1.110223024625E-16));
#2110 = DIRECTION('',(1.,0.,0.));
#2111 = DEFINITIONAL_REPRESENTATION('',(#2112),#2116);
#2112 = CIRCLE('',#2113,20.);
#2113 = AXIS2_PLACEMENT_2D('',#2114,#2115);
#2114 = CARTESIAN_POINT('',(0.,0.));
#2115 = DIRECTION('',(1.,0.));
#2116 = ( GEOMETRIC_REPRESENTATION_CONTEXT(2) 
PARAMETRIC_REPRESENTATION_CONTEXT() REPRESENTATION_CONTEXT('2D SPACE',''
  ) );
#2117 = ORIENTED_EDGE('',*,*,#2118,.F.);
#2118 = EDGE_CURVE('',#2119,#2090,#2121,.T.);
#2119 = VERTEX_POINT('',#2120);
#2120 = CARTESIAN_POINT('',(20.,-2.8,30.));
#2121 = SURFACE_CURVE('',#2122,(#2127,#2137),.PCURVE_S1.);
#2122 = ELLIPSE('',#2123,28.855502074994,20.);
#2123 = AXIS2_PLACEMENT_3D('',#2124,#2125,#2126);
#2124 = CARTESIAN_POINT('',(40.,-2.8,30.));
#2125 = DIRECTION('',(8.827659056516E-17,-0.693108716252,0.720833064902)
  );
#2126 = DIRECTION('',(-8.488133708189E-17,-0.720833064902,
    -0.693108716252));
#2127 = PCURVE('',#1212,#2128);
#2128 = DEFINITIONAL_REPRESENTATION('',(#2129),#2136);
#2129 = B_SPLINE_CURVE_WITH_KNOTS('',5,(#2130,#2131,#2132,#2133,#2134,
    #2135),.UNSPECIFIED.,.F.,.F.,(6,6),(4.706138939694,4.77011336887),
  .PIECEWISE_BEZIER_KNOTS.);
#2130 = CARTESIAN_POINT('',(3.135342612899,6.67));
#2131 = CARTESIAN_POINT('',(3.148137498734,6.9361284274));
#2132 = CARTESIAN_POINT('',(3.160932384569,7.202283457531));
#2133 = CARTESIAN_POINT('',(3.173727270405,7.468374324456));
#2134 = CARTESIAN_POINT('',(3.18652215624,7.734310244116));
#2135 = CARTESIAN_POINT('',(3.199317042075,8.0000006));
#2136 = ( GEOMETRIC_REPRESENTATION_CONTEXT(2) 
PARAMETRIC_REPRESENTATION_CONTEXT() REPRESENTATION_CONTEXT('2D SPACE',''
  ) );
#2137 = PCURVE('',#2138,#2143);
#2138 = PLANE('',#2139);
#2139 = AXIS2_PLACEMENT_3D('',#2140,#2141,#2142);
#2140 = CARTESIAN_POINT('',(40.,-2.8,30.));
#2141 = DIRECTION('',(8.827659056516E-17,-0.693108716252,0.720833064902)
  );
#2142 = DIRECTION('',(-8.488133708189E-17,-0.720833064902,
    -0.693108716252));
#2143 = DEFINITIONAL_REPRESENTATION('',(#2144),#2148);
#2144 = ELLIPSE('',#2145,28.855502074994,20.);
#2145 = AXIS2_PLACEMENT_2D('',#2146,#2147);
#2146 = CARTESIAN_POINT('',(0.,0.));
#2147 = DIRECTION('',(1.,2.465190328816E-32));
#2148 = ( GEOMETRIC_REPRESENTATION_CONTEXT(2) 
PARAMETRIC_REPRESENTATION_CONTEXT() REPRESENTATION_CONTEXT('2D SPACE',''
  ) );
#2149 = ORIENTED_EDGE('',*,*,#2150,.F.);
#2150 = EDGE_CURVE('',#2151,#2119,#2153,.T.);
#2151 = VERTEX_POINT('',#2152);
#2152 = CARTESIAN_POINT('',(20.033311765512,-4.,31.153846153846));
#2153 = SURFACE_CURVE('',#2154,(#2159,#2169),.PCURVE_S1.);
#2154 = ELLIPSE('',#2155,28.855502074994,20.);
#2155 = AXIS2_PLACEMENT_3D('',#2156,#2157,#2158);
#2156 = CARTESIAN_POINT('',(40.,-2.8,30.));
#2157 = DIRECTION('',(-8.827659056516E-17,-0.693108716252,
    -0.720833064902));
#2158 = DIRECTION('',(8.488133708189E-17,-0.720833064902,0.693108716252)
  );
#2159 = PCURVE('',#1212,#2160);
#2160 = DEFINITIONAL_REPRESENTATION('',(#2161),#2168);
#2161 = B_SPLINE_CURVE_WITH_KNOTS('',5,(#2162,#2163,#2164,#2165,#2166,
    #2167),.UNSPECIFIED.,.F.,.F.,(6,6),(1.513071938309,1.577046367486),
  .PIECEWISE_BEZIER_KNOTS.);
#2162 = CARTESIAN_POINT('',(3.083868265104,8.0000006));
#2163 = CARTESIAN_POINT('',(3.09666315094,7.734310244116));
#2164 = CARTESIAN_POINT('',(3.109458036775,7.468374324456));
#2165 = CARTESIAN_POINT('',(3.12225292261,7.202283457531));
#2166 = CARTESIAN_POINT('',(3.135047808445,6.9361284274));
#2167 = CARTESIAN_POINT('',(3.147842694281,6.67));
#2168 = ( GEOMETRIC_REPRESENTATION_CONTEXT(2) 
PARAMETRIC_REPRESENTATION_CONTEXT() REPRESENTATION_CONTEXT('2D SPACE',''
  ) );
#2169 = PCURVE('',#2170,#2175);
#2170 = PLANE('',#2171);
#2171 = AXIS2_PLACEMENT_3D('',#2172,#2173,#2174);
#2172 = CARTESIAN_POINT('',(40.,-4.1,31.25));
#2173 = DIRECTION('',(-8.827659056516E-17,-0.693108716252,
    -0.720833064902));
#2174 = DIRECTION('',(-8.488133708189E-17,0.720833064902,-0.693108716252
    ));
#2175 = DEFINITIONAL_REPRESENTATION('',(#2176),#2180);
#2176 = ELLIPSE('',#2177,28.855502074994,20.);
#2177 = AXIS2_PLACEMENT_2D('',#2178,#2179);
#2178 = CARTESIAN_POINT('',(1.803468879687,1.530808498934E-16));
#2179 = DIRECTION('',(-1.,-1.232595164408E-32));
#2180 = ( GEOMETRIC_REPRESENTATION_CONTEXT(2) 
PARAMETRIC_REPRESENTATION_CONTEXT() REPRESENTATION_CONTEXT('2D SPACE',''
  ) );
#2181 = ORIENTED_EDGE('',*,*,#2182,.F.);
#2182 = EDGE_CURVE('',#2183,#2151,#2185,.T.);
#2183 = VERTEX_POINT('',#2184);
#2184 = CARTESIAN_POINT('',(20.415022809112,-4.,34.053229383146));
#2185 = SURFACE_CURVE('',#2186,(#2191,#2198),.PCURVE_S1.);
#2186 = CIRCLE('',#2187,20.);
#2187 = AXIS2_PLACEMENT_3D('',#2188,#2189,#2190);
#2188 = CARTESIAN_POINT('',(40.,-4.,30.));
#2189 = DIRECTION('',(0.,-1.,1.110223024625E-16));
#2190 = DIRECTION('',(1.,0.,0.));
#2191 = PCURVE('',#1212,#2192);
#2192 = DEFINITIONAL_REPRESENTATION('',(#2193),#2197);
#2193 = LINE('',#2194,#2195);
#2194 = CARTESIAN_POINT('',(0.,8.));
#2195 = VECTOR('',#2196,1.);
#2196 = DIRECTION('',(1.,0.));
#2197 = ( GEOMETRIC_REPRESENTATION_CONTEXT(2) 
PARAMETRIC_REPRESENTATION_CONTEXT() REPRESENTATION_CONTEXT('2D SPACE',''
  ) );
#2198 = PCURVE('',#2199,#2204);
#2199 = PLANE('',#2200);
#2200 = AXIS2_PLACEMENT_3D('',#2201,#2202,#2203);
#2201 = CARTESIAN_POINT('',(40.,-4.,30.));
#2202 = DIRECTION('',(0.,-1.,1.110223024625E-16));
#2203 = DIRECTION('',(1.,0.,0.));
#2204 = DEFINITIONAL_REPRESENTATION('',(#2205),#2209);
#2205 = CIRCLE('',#2206,20.);
#2206 = AXIS2_PLACEMENT_2D('',#2207,#2208);
#2207 = CARTESIAN_POINT('',(0.,0.));
#2208 = DIRECTION('',(1.,0.));
#2209 = ( GEOMETRIC_REPRESENTATION_CONTEXT(2) 
PARAMETRIC_REPRESENTATION_CONTEXT() REPRESENTATION_CONTEXT('2D SPACE',''
  ) );
#2210 = ORIENTED_EDGE('',*,*,#2211,.F.);
#2211 = EDGE_CURVE('',#2212,#2183,#2214,.T.);
#2212 = VERTEX_POINT('',#2213);
#2213 = CARTESIAN_POINT('',(20.681483474219,-2.8,35.17638090205));
#2214 = SURFACE_CURVE('',#2215,(#2220,#2230),.PCURVE_S1.);
#2215 = ELLIPSE('',#2216,28.855502074994,20.);
#2216 = AXIS2_PLACEMENT_3D('',#2217,#2218,#2219);
#2217 = CARTESIAN_POINT('',(40.,-2.8,30.));
#2218 = DIRECTION('',(0.186565325536,-0.693108716252,0.696271273832));
#2219 = DIRECTION('',(-0.179389736093,-0.720833064902,-0.669491609454));
#2220 = PCURVE('',#1212,#2221);
#2221 = DEFINITIONAL_REPRESENTATION('',(#2222),#2229);
#2222 = B_SPLINE_CURVE_WITH_KNOTS('',5,(#2223,#2224,#2225,#2226,#2227,
    #2228),.UNSPECIFIED.,.F.,.F.,(6,6),(4.706138939694,4.77011336887),
  .PIECEWISE_BEZIER_KNOTS.);
#2223 = CARTESIAN_POINT('',(2.8735432251,6.67));
#2224 = CARTESIAN_POINT('',(2.886338110935,6.9361284274));
#2225 = CARTESIAN_POINT('',(2.89913299677,7.202283457531));
#2226 = CARTESIAN_POINT('',(2.911927882606,7.468374324456));
#2227 = CARTESIAN_POINT('',(2.924722768441,7.734310244116));
#2228 = CARTESIAN_POINT('',(2.937517654276,8.0000006));
#2229 = ( GEOMETRIC_REPRESENTATION_CONTEXT(2) 
PARAMETRIC_REPRESENTATION_CONTEXT() REPRESENTATION_CONTEXT('2D SPACE',''
  ) );
#2230 = PCURVE('',#2231,#2236);
#2231 = PLANE('',#2232);
#2232 = AXIS2_PLACEMENT_3D('',#2233,#2234,#2235);
#2233 = CARTESIAN_POINT('',(40.,-2.8,30.));
#2234 = DIRECTION('',(0.186565325536,-0.693108716252,0.696271273832));
#2235 = DIRECTION('',(-0.179389736093,-0.720833064902,-0.669491609454));
#2236 = DEFINITIONAL_REPRESENTATION('',(#2237),#2241);
#2237 = ELLIPSE('',#2238,28.855502074994,20.);
#2238 = AXIS2_PLACEMENT_2D('',#2239,#2240);
#2239 = CARTESIAN_POINT('',(0.,0.));
#2240 = DIRECTION('',(1.,2.775557561563E-17));
#2241 = ( GEOMETRIC_REPRESENTATION_CONTEXT(2) 
PARAMETRIC_REPRESENTATION_CONTEXT() REPRESENTATION_CONTEXT('2D SPACE',''
  ) );
#2242 = ORIENTED_EDGE('',*,*,#2243,.F.);
#2243 = EDGE_CURVE('',#2244,#2212,#2246,.T.);
#2244 = VERTEX_POINT('',#2245);
#2245 = CARTESIAN_POINT('',(21.012297528579,-4.,36.282288982274));
#2246 = SURFACE_CURVE('',#2247,(#2252,#2262),.PCURVE_S1.);
#2247 = ELLIPSE('',#2248,28.855502074994,20.);
#2248 = AXIS2_PLACEMENT_3D('',#2249,#2250,#2251);
#2249 = CARTESIAN_POINT('',(40.,-2.8,30.));
#2250 = DIRECTION('',(-0.186565325536,-0.693108716252,-0.696271273832));
#2251 = DIRECTION('',(0.179389736093,-0.720833064902,0.669491609454));
#2252 = PCURVE('',#1212,#2253);
#2253 = DEFINITIONAL_REPRESENTATION('',(#2254),#2261);
#2254 = B_SPLINE_CURVE_WITH_KNOTS('',5,(#2255,#2256,#2257,#2258,#2259,
    #2260),.UNSPECIFIED.,.F.,.F.,(6,6),(1.513071938309,1.577046367486),
  .PIECEWISE_BEZIER_KNOTS.);
#2255 = CARTESIAN_POINT('',(2.822068877305,8.0000006));
#2256 = CARTESIAN_POINT('',(2.83486376314,7.734310244116));
#2257 = CARTESIAN_POINT('',(2.847658648976,7.468374324456));
#2258 = CARTESIAN_POINT('',(2.860453534811,7.202283457531));
#2259 = CARTESIAN_POINT('',(2.873248420646,6.9361284274));
#2260 = CARTESIAN_POINT('',(2.886043306481,6.67));
#2261 = ( GEOMETRIC_REPRESENTATION_CONTEXT(2) 
PARAMETRIC_REPRESENTATION_CONTEXT() REPRESENTATION_CONTEXT('2D SPACE',''
  ) );
#2262 = PCURVE('',#2263,#2268);
#2263 = PLANE('',#2264);
#2264 = AXIS2_PLACEMENT_3D('',#2265,#2266,#2267);
#2265 = CARTESIAN_POINT('',(40.323523806378,-4.1,31.207407282861));
#2266 = DIRECTION('',(-0.186565325536,-0.693108716252,-0.696271273832));
#2267 = DIRECTION('',(-0.179389736093,0.720833064902,-0.669491609454));
#2268 = DEFINITIONAL_REPRESENTATION('',(#2269),#2273);
#2269 = ELLIPSE('',#2270,28.855502074994,20.);
#2270 = AXIS2_PLACEMENT_2D('',#2271,#2272);
#2271 = CARTESIAN_POINT('',(1.803468879687,3.275157922644E-15));
#2272 = DIRECTION('',(-1.,-5.551115123126E-17));
#2273 = ( GEOMETRIC_REPRESENTATION_CONTEXT(2) 
PARAMETRIC_REPRESENTATION_CONTEXT() REPRESENTATION_CONTEXT('2D SPACE',''
  ) );
#2274 = ORIENTED_EDGE('',*,*,#2275,.F.);
#2275 = EDGE_CURVE('',#2276,#2244,#2278,.T.);
#2276 = VERTEX_POINT('',#2277);
#2277 = CARTESIAN_POINT('',(22.131417682566,-4.,38.984084035954));
#2278 = SURFACE_CURVE('',#2279,(#2284,#2291),.PCURVE_S1.);
#2279 = CIRCLE('',#2280,20.);
#2280 = AXIS2_PLACEMENT_3D('',#2281,#2282,#2283);
#2281 = CARTESIAN_POINT('',(40.,-4.,30.));
#2282 = DIRECTION('',(0.,-1.,1.110223024625E-16));
#2283 = DIRECTION('',(1.,0.,0.));
#2284 = PCURVE('',#1212,#2285);
#2285 = DEFINITIONAL_REPRESENTATION('',(#2286),#2290);
#2286 = LINE('',#2287,#2288);
#2287 = CARTESIAN_POINT('',(0.,8.));
#2288 = VECTOR('',#2289,1.);
#2289 = DIRECTION('',(1.,0.));
#2290 = ( GEOMETRIC_REPRESENTATION_CONTEXT(2) 
PARAMETRIC_REPRESENTATION_CONTEXT() REPRESENTATION_CONTEXT('2D SPACE',''
  ) );
#2291 = PCURVE('',#2292,#2297);
#2292 = PLANE('',#2293);
#2293 = AXIS2_PLACEMENT_3D('',#2294,#2295,#2296);
#2294 = CARTESIAN_POINT('',(40.,-4.,30.));
#2295 = DIRECTION('',(0.,-1.,1.110223024625E-16));
#2296 = DIRECTION('',(1.,0.,0.));
#2297 = DEFINITIONAL_REPRESENTATION('',(#2298),#2302);
#2298 = CIRCLE('',#2299,20.);
#2299 = AXIS2_PLACEMENT_2D('',#2300,#2301);
#2300 = CARTESIAN_POINT('',(0.,0.));
#2301 = DIRECTION('',(1.,0.));
#2302 = ( GEOMETRIC_REPRESENTATION_CONTEXT(2) 
PARAMETRIC_REPRESENTATION_CONTEXT() REPRESENTATION_CONTEXT('2D SPACE',''
  ) );
#2303 = ORIENTED_EDGE('',*,*,#2304,.F.);
#2304 = EDGE_CURVE('',#2305,#2276,#2307,.T.);
#2305 = VERTEX_POINT('',#2306);
#2306 = CARTESIAN_POINT('',(22.679491924311,-2.8,40.));
#2307 = SURFACE_CURVE('',#2308,(#2313,#2323),.PCURVE_S1.);
#2308 = ELLIPSE('',#2309,28.855502074994,20.);
#2309 = AXIS2_PLACEMENT_3D('',#2310,#2311,#2312);
#2310 = CARTESIAN_POINT('',(40.,-2.8,30.));
#2311 = DIRECTION('',(0.360416532451,-0.693108716252,0.624259746093));
#2312 = DIRECTION('',(-0.346554358126,-0.720833064902,-0.600249755858));
#2313 = PCURVE('',#1212,#2314);
#2314 = DEFINITIONAL_REPRESENTATION('',(#2315),#2322);
#2315 = B_SPLINE_CURVE_WITH_KNOTS('',5,(#2316,#2317,#2318,#2319,#2320,
    #2321),.UNSPECIFIED.,.F.,.F.,(6,6),(4.706138939694,4.77011336887),
  .PIECEWISE_BEZIER_KNOTS.);
#2316 = CARTESIAN_POINT('',(2.611743837301,6.67));
#2317 = CARTESIAN_POINT('',(2.624538723136,6.9361284274));
#2318 = CARTESIAN_POINT('',(2.637333608971,7.202283457531));
#2319 = CARTESIAN_POINT('',(2.650128494806,7.468374324456));
#2320 = CARTESIAN_POINT('',(2.662923380642,7.734310244116));
#2321 = CARTESIAN_POINT('',(2.675718266477,8.0000006));
#2322 = ( GEOMETRIC_REPRESENTATION_CONTEXT(2) 
PARAMETRIC_REPRESENTATION_CONTEXT() REPRESENTATION_CONTEXT('2D SPACE',''
  ) );
#2323 = PCURVE('',#2324,#2329);
#2324 = PLANE('',#2325);
#2325 = AXIS2_PLACEMENT_3D('',#2326,#2327,#2328);
#2326 = CARTESIAN_POINT('',(40.,-2.8,30.));
#2327 = DIRECTION('',(0.360416532451,-0.693108716252,0.624259746093));
#2328 = DIRECTION('',(-0.346554358126,-0.720833064902,-0.600249755858));
#2329 = DEFINITIONAL_REPRESENTATION('',(#2330),#2334);
#2330 = ELLIPSE('',#2331,28.855502074994,20.);
#2331 = AXIS2_PLACEMENT_2D('',#2332,#2333);
#2332 = CARTESIAN_POINT('',(0.,0.));
#2333 = DIRECTION('',(1.,-5.551115123126E-17));
#2334 = ( GEOMETRIC_REPRESENTATION_CONTEXT(2) 
PARAMETRIC_REPRESENTATION_CONTEXT() REPRESENTATION_CONTEXT('2D SPACE',''
  ) );
#2335 = ORIENTED_EDGE('',*,*,#2336,.F.);
#2336 = EDGE_CURVE('',#2337,#2305,#2339,.T.);
#2337 = VERTEX_POINT('',#2338);
#2338 = CARTESIAN_POINT('',(23.285263836412,-4.,40.982604198534));
#2339 = SURFACE_CURVE('',#2340,(#2345,#2355),.PCURVE_S1.);
#2340 = ELLIPSE('',#2341,28.855502074994,20.);
#2341 = AXIS2_PLACEMENT_3D('',#2342,#2343,#2344);
#2342 = CARTESIAN_POINT('',(40.,-2.8,30.));
#2343 = DIRECTION('',(-0.360416532451,-0.693108716252,-0.624259746093));
#2344 = DIRECTION('',(0.346554358126,-0.720833064902,0.600249755858));
#2345 = PCURVE('',#1212,#2346);
#2346 = DEFINITIONAL_REPRESENTATION('',(#2347),#2354);
#2347 = B_SPLINE_CURVE_WITH_KNOTS('',5,(#2348,#2349,#2350,#2351,#2352,
    #2353),.UNSPECIFIED.,.F.,.F.,(6,6),(1.513071938309,1.577046367486),
  .PIECEWISE_BEZIER_KNOTS.);
#2348 = CARTESIAN_POINT('',(2.560269489506,8.0000006));
#2349 = CARTESIAN_POINT('',(2.573064375341,7.734310244116));
#2350 = CARTESIAN_POINT('',(2.585859261177,7.468374324456));
#2351 = CARTESIAN_POINT('',(2.598654147012,7.202283457531));
#2352 = CARTESIAN_POINT('',(2.611449032847,6.9361284274));
#2353 = CARTESIAN_POINT('',(2.624243918682,6.67));
#2354 = ( GEOMETRIC_REPRESENTATION_CONTEXT(2) 
PARAMETRIC_REPRESENTATION_CONTEXT() REPRESENTATION_CONTEXT('2D SPACE',''
  ) );
#2355 = PCURVE('',#2356,#2361);
#2356 = PLANE('',#2357);
#2357 = AXIS2_PLACEMENT_3D('',#2358,#2359,#2360);
#2358 = CARTESIAN_POINT('',(40.625,-4.1,31.082531754731));
#2359 = DIRECTION('',(-0.360416532451,-0.693108716252,-0.624259746093));
#2360 = DIRECTION('',(-0.346554358126,0.720833064902,-0.600249755858));
#2361 = DEFINITIONAL_REPRESENTATION('',(#2362),#2366);
#2362 = ELLIPSE('',#2363,28.855502074994,20.);
#2363 = AXIS2_PLACEMENT_2D('',#2364,#2365);
#2364 = CARTESIAN_POINT('',(1.803468879687,2.22044604925E-16));
#2365 = DIRECTION('',(-1.,1.110223024625E-16));
#2366 = ( GEOMETRIC_REPRESENTATION_CONTEXT(2) 
PARAMETRIC_REPRESENTATION_CONTEXT() REPRESENTATION_CONTEXT('2D SPACE',''
  ) );
#2367 = ORIENTED_EDGE('',*,*,#2368,.F.);
#2368 = EDGE_CURVE('',#2369,#2337,#2371,.T.);
#2369 = VERTEX_POINT('',#2370);
#2370 = CARTESIAN_POINT('',(25.065526911725,-4.,43.302688208614));
#2371 = SURFACE_CURVE('',#2372,(#2377,#2384),.PCURVE_S1.);
#2372 = CIRCLE('',#2373,20.);
#2373 = AXIS2_PLACEMENT_3D('',#2374,#2375,#2376);
#2374 = CARTESIAN_POINT('',(40.,-4.,30.));
#2375 = DIRECTION('',(0.,-1.,1.110223024625E-16));
#2376 = DIRECTION('',(1.,0.,0.));
#2377 = PCURVE('',#1212,#2378);
#2378 = DEFINITIONAL_REPRESENTATION('',(#2379),#2383);
#2379 = LINE('',#2380,#2381);
#2380 = CARTESIAN_POINT('',(0.,8.));
#2381 = VECTOR('',#2382,1.);
#2382 = DIRECTION('',(1.,0.));
#2383 = ( GEOMETRIC_REPRESENTATION_CONTEXT(2) 
PARAMETRIC_REPRESENTATION_CONTEXT() REPRESENTATION_CONTEXT('2D SPACE',''
  ) );
#2384 = PCURVE('',#2385,#2390);
#2385 = PLANE('',#2386);
#2386 = AXIS2_PLACEMENT_3D('',#2387,#2388,#2389);
#2387 = CARTESIAN_POINT('',(40.,-4.,30.));
#2388 = DIRECTION('',(0.,-1.,1.110223024625E-16));
#2389 = DIRECTION('',(1.,0.,0.));
#2390 = DEFINITIONAL_REPRESENTATION('',(#2391),#2395);
#2391 = CIRCLE('',#2392,20.);
#2392 = AXIS2_PLACEMENT_2D('',#2393,#2394);
#2393 = CARTESIAN_POINT('',(0.,0.));
#2394 = DIRECTION('',(1.,0.));
#2395 = ( GEOMETRIC_REPRESENTATION_CONTEXT(2) 
PARAMETRIC_REPRESENTATION_CONTEXT() REPRESENTATION_CONTEXT('2D SPACE',''
  ) );
#2396 = ORIENTED_EDGE('',*,*,#2397,.F.);
#2397 = EDGE_CURVE('',#2398,#2369,#2400,.T.);
#2398 = VERTEX_POINT('',#2399);
#2399 = CARTESIAN_POINT('',(25.857864376269,-2.8,44.142135623731));
#2400 = SURFACE_CURVE('',#2401,(#2406,#2416),.PCURVE_S1.);
#2401 = ELLIPSE('',#2402,28.855502074994,20.);
#2402 = AXIS2_PLACEMENT_3D('',#2403,#2404,#2405);
#2403 = CARTESIAN_POINT('',(40.,-2.8,30.));
#2404 = DIRECTION('',(0.509705948296,-0.693108716252,0.509705948296));
#2405 = DIRECTION('',(-0.490101873361,-0.720833064902,-0.490101873361));
#2406 = PCURVE('',#1212,#2407);
#2407 = DEFINITIONAL_REPRESENTATION('',(#2408),#2415);
#2408 = B_SPLINE_CURVE_WITH_KNOTS('',5,(#2409,#2410,#2411,#2412,#2413,
    #2414),.UNSPECIFIED.,.F.,.F.,(6,6),(4.706138939694,4.77011336887),
  .PIECEWISE_BEZIER_KNOTS.);
#2409 = CARTESIAN_POINT('',(2.349944449502,6.67));
#2410 = CARTESIAN_POINT('',(2.362739335337,6.9361284274));
#2411 = CARTESIAN_POINT('',(2.375534221172,7.202283457531));
#2412 = CARTESIAN_POINT('',(2.388329107007,7.468374324456));
#2413 = CARTESIAN_POINT('',(2.401123992843,7.734310244116));
#2414 = CARTESIAN_POINT('',(2.413918878678,8.0000006));
#2415 = ( GEOMETRIC_REPRESENTATION_CONTEXT(2) 
PARAMETRIC_REPRESENTATION_CONTEXT() REPRESENTATION_CONTEXT('2D SPACE',''
  ) );
#2416 = PCURVE('',#2417,#2422);
#2417 = PLANE('',#2418);
#2418 = AXIS2_PLACEMENT_3D('',#2419,#2420,#2421);
#2419 = CARTESIAN_POINT('',(40.,-2.8,30.));
#2420 = DIRECTION('',(0.509705948296,-0.693108716252,0.509705948296));
#2421 = DIRECTION('',(-0.490101873361,-0.720833064902,-0.490101873361));
#2422 = DEFINITIONAL_REPRESENTATION('',(#2423),#2427);
#2423 = ELLIPSE('',#2424,28.855502074994,20.);
#2424 = AXIS2_PLACEMENT_2D('',#2425,#2426);
#2425 = CARTESIAN_POINT('',(0.,0.));
#2426 = DIRECTION('',(1.,5.551115123126E-17));
#2427 = ( GEOMETRIC_REPRESENTATION_CONTEXT(2) 
PARAMETRIC_REPRESENTATION_CONTEXT() REPRESENTATION_CONTEXT('2D SPACE',''
  ) );
#2428 = ORIENTED_EDGE('',*,*,#2429,.F.);
#2429 = EDGE_CURVE('',#2430,#2398,#2432,.T.);
#2430 = VERTEX_POINT('',#2431);
#2431 = CARTESIAN_POINT('',(26.697311791386,-4.,44.934473088275));
#2432 = SURFACE_CURVE('',#2433,(#2438,#2448),.PCURVE_S1.);
#2433 = ELLIPSE('',#2434,28.855502074994,20.);
#2434 = AXIS2_PLACEMENT_3D('',#2435,#2436,#2437);
#2435 = CARTESIAN_POINT('',(40.,-2.8,30.));
#2436 = DIRECTION('',(-0.509705948296,-0.693108716252,-0.509705948296));
#2437 = DIRECTION('',(0.490101873361,-0.720833064902,0.490101873361));
#2438 = PCURVE('',#1212,#2439);
#2439 = DEFINITIONAL_REPRESENTATION('',(#2440),#2447);
#2440 = B_SPLINE_CURVE_WITH_KNOTS('',5,(#2441,#2442,#2443,#2444,#2445,
    #2446),.UNSPECIFIED.,.F.,.F.,(6,6),(1.513071938309,1.577046367486),
  .PIECEWISE_BEZIER_KNOTS.);
#2441 = CARTESIAN_POINT('',(2.298470101707,8.0000006));
#2442 = CARTESIAN_POINT('',(2.311264987542,7.734310244116));
#2443 = CARTESIAN_POINT('',(2.324059873377,7.468374324456));
#2444 = CARTESIAN_POINT('',(2.336854759213,7.202283457531));
#2445 = CARTESIAN_POINT('',(2.349649645048,6.9361284274));
#2446 = CARTESIAN_POINT('',(2.362444530883,6.67));
#2447 = ( GEOMETRIC_REPRESENTATION_CONTEXT(2) 
PARAMETRIC_REPRESENTATION_CONTEXT() REPRESENTATION_CONTEXT('2D SPACE',''
  ) );
#2448 = PCURVE('',#2449,#2454);
#2449 = PLANE('',#2450);
#2450 = AXIS2_PLACEMENT_3D('',#2451,#2452,#2453);
#2451 = CARTESIAN_POINT('',(40.883883476483,-4.1,30.883883476483));
#2452 = DIRECTION('',(-0.509705948296,-0.693108716252,-0.509705948296));
#2453 = DIRECTION('',(-0.490101873361,0.720833064902,-0.490101873361));
#2454 = DEFINITIONAL_REPRESENTATION('',(#2455),#2459);
#2455 = ELLIPSE('',#2456,28.855502074994,20.);
#2456 = AXIS2_PLACEMENT_2D('',#2457,#2458);
#2457 = CARTESIAN_POINT('',(1.803468879687,0.));
#2458 = DIRECTION('',(-1.,0.));
#2459 = ( GEOMETRIC_REPRESENTATION_CONTEXT(2) 
PARAMETRIC_REPRESENTATION_CONTEXT() REPRESENTATION_CONTEXT('2D SPACE',''
  ) );
#2460 = ORIENTED_EDGE('',*,*,#2461,.F.);
#2461 = EDGE_CURVE('',#2462,#2430,#2464,.T.);
#2462 = VERTEX_POINT('',#2463);
#2463 = CARTESIAN_POINT('',(29.017395801466,-4.,46.714736163588));
#2464 = SURFACE_CURVE('',#2465,(#2470,#2477),.PCURVE_S1.);
#2465 = CIRCLE('',#2466,20.);
#2466 = AXIS2_PLACEMENT_3D('',#2467,#2468,#2469);
#2467 = CARTESIAN_POINT('',(40.,-4.,30.));
#2468 = DIRECTION('',(0.,-1.,1.110223024625E-16));
#2469 = DIRECTION('',(1.,0.,0.));
#2470 = PCURVE('',#1212,#2471);
#2471 = DEFINITIONAL_REPRESENTATION('',(#2472),#2476);
#2472 = LINE('',#2473,#2474);
#2473 = CARTESIAN_POINT('',(0.,8.));
#2474 = VECTOR('',#2475,1.);
#2475 = DIRECTION('',(1.,0.));
#2476 = ( GEOMETRIC_REPRESENTATION_CONTEXT(2) 
PARAMETRIC_REPRESENTATION_CONTEXT() REPRESENTATION_CONTEXT('2D SPACE',''
  ) );
#2477 = PCURVE('',#2478,#2483);
#2478 = PLANE('',#2479);
#2479 = AXIS2_PLACEMENT_3D('',#2480,#2481,#2482);
#2480 = CARTESIAN_POINT('',(40.,-4.,30.));
#2481 = DIRECTION('',(0.,-1.,1.110223024625E-16));
#2482 = DIRECTION('',(1.,0.,0.));
#2483 = DEFINITIONAL_REPRESENTATION('',(#2484),#2488);
#2484 = CIRCLE('',#2485,20.);
#2485 = AXIS2_PLACEMENT_2D('',#2486,#2487);
#2486 = CARTESIAN_POINT('',(0.,0.));
#2487 = DIRECTION('',(1.,0.));
#2488 = ( GEOMETRIC_REPRESENTATION_CONTEXT(2) 
PARAMETRIC_REPRESENTATION_CONTEXT() REPRESENTATION_CONTEXT('2D SPACE',''
  ) );
#2489 = ORIENTED_EDGE('',*,*,#2490,.F.);
#2490 = EDGE_CURVE('',#2491,#2462,#2493,.T.);
#2491 = VERTEX_POINT('',#2492);
#2492 = CARTESIAN_POINT('',(30.,-2.8,47.320508075689));
#2493 = SURFACE_CURVE('',#2494,(#2499,#2509),.PCURVE_S1.);
#2494 = ELLIPSE('',#2495,28.855502074994,20.);
#2495 = AXIS2_PLACEMENT_3D('',#2496,#2497,#2498);
#2496 = CARTESIAN_POINT('',(40.,-2.8,30.));
#2497 = DIRECTION('',(0.624259746093,-0.693108716252,0.360416532451));
#2498 = DIRECTION('',(-0.600249755858,-0.720833064902,-0.346554358126));
#2499 = PCURVE('',#1212,#2500);
#2500 = DEFINITIONAL_REPRESENTATION('',(#2501),#2508);
#2501 = B_SPLINE_CURVE_WITH_KNOTS('',5,(#2502,#2503,#2504,#2505,#2506,
    #2507),.UNSPECIFIED.,.F.,.F.,(6,6),(4.706138939694,4.77011336887),
  .PIECEWISE_BEZIER_KNOTS.);
#2502 = CARTESIAN_POINT('',(2.088145061702,6.67));
#2503 = CARTESIAN_POINT('',(2.100939947538,6.9361284274));
#2504 = CARTESIAN_POINT('',(2.113734833373,7.202283457531));
#2505 = CARTESIAN_POINT('',(2.126529719208,7.468374324456));
#2506 = CARTESIAN_POINT('',(2.139324605043,7.734310244116));
#2507 = CARTESIAN_POINT('',(2.152119490879,8.0000006));
#2508 = ( GEOMETRIC_REPRESENTATION_CONTEXT(2) 
PARAMETRIC_REPRESENTATION_CONTEXT() REPRESENTATION_CONTEXT('2D SPACE',''
  ) );
#2509 = PCURVE('',#2510,#2515);
#2510 = PLANE('',#2511);
#2511 = AXIS2_PLACEMENT_3D('',#2512,#2513,#2514);
#2512 = CARTESIAN_POINT('',(40.,-2.8,30.));
#2513 = DIRECTION('',(0.624259746093,-0.693108716252,0.360416532451));
#2514 = DIRECTION('',(-0.600249755858,-0.720833064902,-0.346554358126));
#2515 = DEFINITIONAL_REPRESENTATION('',(#2516),#2520);
#2516 = ELLIPSE('',#2517,28.855502074994,20.);
#2517 = AXIS2_PLACEMENT_2D('',#2518,#2519);
#2518 = CARTESIAN_POINT('',(0.,0.));
#2519 = DIRECTION('',(1.,0.));
#2520 = ( GEOMETRIC_REPRESENTATION_CONTEXT(2) 
PARAMETRIC_REPRESENTATION_CONTEXT() REPRESENTATION_CONTEXT('2D SPACE',''
  ) );
#2521 = ORIENTED_EDGE('',*,*,#2522,.F.);
#2522 = EDGE_CURVE('',#2523,#2491,#2525,.T.);
#2523 = VERTEX_POINT('',#2524);
#2524 = CARTESIAN_POINT('',(31.015915964046,-4.,47.868582317434));
#2525 = SURFACE_CURVE('',#2526,(#2531,#2541),.PCURVE_S1.);
#2526 = ELLIPSE('',#2527,28.855502074994,20.);
#2527 = AXIS2_PLACEMENT_3D('',#2528,#2529,#2530);
#2528 = CARTESIAN_POINT('',(40.,-2.8,30.));
#2529 = DIRECTION('',(-0.624259746093,-0.693108716252,-0.360416532451));
#2530 = DIRECTION('',(0.600249755858,-0.720833064902,0.346554358126));
#2531 = PCURVE('',#1212,#2532);
#2532 = DEFINITIONAL_REPRESENTATION('',(#2533),#2540);
#2533 = B_SPLINE_CURVE_WITH_KNOTS('',5,(#2534,#2535,#2536,#2537,#2538,
    #2539),.UNSPECIFIED.,.F.,.F.,(6,6),(1.513071938309,1.577046367486),
  .PIECEWISE_BEZIER_KNOTS.);
#2534 = CARTESIAN_POINT('',(2.036670713908,8.0000006));
#2535 = CARTESIAN_POINT('',(2.049465599743,7.734310244116));
#2536 = CARTESIAN_POINT('',(2.062260485578,7.468374324456));
#2537 = CARTESIAN_POINT('',(2.075055371414,7.202283457531));
#2538 = CARTESIAN_POINT('',(2.087850257249,6.9361284274));
#2539 = CARTESIAN_POINT('',(2.100645143084,6.67));
#2540 = ( GEOMETRIC_REPRESENTATION_CONTEXT(2) 
PARAMETRIC_REPRESENTATION_CONTEXT() REPRESENTATION_CONTEXT('2D SPACE',''
  ) );
#2541 = PCURVE('',#2542,#2547);
#2542 = PLANE('',#2543);
#2543 = AXIS2_PLACEMENT_3D('',#2544,#2545,#2546);
#2544 = CARTESIAN_POINT('',(41.082531754731,-4.1,30.625));
#2545 = DIRECTION('',(-0.624259746093,-0.693108716252,-0.360416532451));
#2546 = DIRECTION('',(-0.600249755858,0.720833064902,-0.346554358126));
#2547 = DEFINITIONAL_REPRESENTATION('',(#2548),#2552);
#2548 = ELLIPSE('',#2549,28.855502074994,20.);
#2549 = AXIS2_PLACEMENT_2D('',#2550,#2551);
#2550 = CARTESIAN_POINT('',(1.803468879687,1.443289932013E-15));
#2551 = DIRECTION('',(-1.,0.));
#2552 = ( GEOMETRIC_REPRESENTATION_CONTEXT(2) 
PARAMETRIC_REPRESENTATION_CONTEXT() REPRESENTATION_CONTEXT('2D SPACE',''
  ) );
#2553 = ORIENTED_EDGE('',*,*,#2554,.F.);
#2554 = EDGE_CURVE('',#2555,#2523,#2557,.T.);
#2555 = VERTEX_POINT('',#2556);
#2556 = CARTESIAN_POINT('',(33.717711017726,-4.,48.987702471421));
#2557 = SURFACE_CURVE('',#2558,(#2563,#2570),.PCURVE_S1.);
#2558 = CIRCLE('',#2559,20.);
#2559 = AXIS2_PLACEMENT_3D('',#2560,#2561,#2562);
#2560 = CARTESIAN_POINT('',(40.,-4.,30.));
#2561 = DIRECTION('',(0.,-1.,1.110223024625E-16));
#2562 = DIRECTION('',(1.,0.,0.));
#2563 = PCURVE('',#1212,#2564);
#2564 = DEFINITIONAL_REPRESENTATION('',(#2565),#2569);
#2565 = LINE('',#2566,#2567);
#2566 = CARTESIAN_POINT('',(0.,8.));
#2567 = VECTOR('',#2568,1.);
#2568 = DIRECTION('',(1.,0.));
#2569 = ( GEOMETRIC_REPRESENTATION_CONTEXT(2) 
PARAMETRIC_REPRESENTATION_CONTEXT() REPRESENTATION_CONTEXT('2D SPACE',''
  ) );
#2570 = PCURVE('',#2571,#2576);
#2571 = PLANE('',#2572);
#2572 = AXIS2_PLACEMENT_3D('',#2573,#2574,#2575);
#2573 = CARTESIAN_POINT('',(40.,-4.,30.));
#2574 = DIRECTION('',(0.,-1.,1.110223024625E-16));
#2575 = DIRECTION('',(1.,0.,0.));
#2576 = DEFINITIONAL_REPRESENTATION('',(#2577),#2581);
#2577 = CIRCLE('',#2578,20.);
#2578 = AXIS2_PLACEMENT_2D('',#2579,#2580);
#2579 = CARTESIAN_POINT('',(0.,0.));
#2580 = DIRECTION('',(1.,0.));
#2581 = ( GEOMETRIC_REPRESENTATION_CONTEXT(2) 
PARAMETRIC_REPRESENTATION_CONTEXT() REPRESENTATION_CONTEXT('2D SPACE',''
  ) );
#2582 = ORIENTED_EDGE('',*,*,#2583,.F.);
#2583 = EDGE_CURVE('',#2584,#2555,#2586,.T.);
#2584 = VERTEX_POINT('',#2585);
#2585 = CARTESIAN_POINT('',(34.82361909795,-2.8,49.318516525781));
#2586 = SURFACE_CURVE('',#2587,(#2592,#2602),.PCURVE_S1.);
#2587 = ELLIPSE('',#2588,28.855502074994,20.);
#2588 = AXIS2_PLACEMENT_3D('',#2589,#2590,#2591);
#2589 = CARTESIAN_POINT('',(40.,-2.8,30.));
#2590 = DIRECTION('',(0.696271273832,-0.693108716252,0.186565325536));
#2591 = DIRECTION('',(-0.669491609454,-0.720833064902,-0.179389736093));
#2592 = PCURVE('',#1212,#2593);
#2593 = DEFINITIONAL_REPRESENTATION('',(#2594),#2601);
#2594 = B_SPLINE_CURVE_WITH_KNOTS('',5,(#2595,#2596,#2597,#2598,#2599,
    #2600),.UNSPECIFIED.,.F.,.F.,(6,6),(4.706138939694,4.77011336887),
  .PIECEWISE_BEZIER_KNOTS.);
#2595 = CARTESIAN_POINT('',(1.826345673903,6.67));
#2596 = CARTESIAN_POINT('',(1.839140559738,6.9361284274));
#2597 = CARTESIAN_POINT('',(1.851935445574,7.202283457531));
#2598 = CARTESIAN_POINT('',(1.864730331409,7.468374324456));
#2599 = CARTESIAN_POINT('',(1.877525217244,7.734310244116));
#2600 = CARTESIAN_POINT('',(1.89032010308,8.0000006));
#2601 = ( GEOMETRIC_REPRESENTATION_CONTEXT(2) 
PARAMETRIC_REPRESENTATION_CONTEXT() REPRESENTATION_CONTEXT('2D SPACE',''
  ) );
#2602 = PCURVE('',#2603,#2608);
#2603 = PLANE('',#2604);
#2604 = AXIS2_PLACEMENT_3D('',#2605,#2606,#2607);
#2605 = CARTESIAN_POINT('',(40.,-2.8,30.));
#2606 = DIRECTION('',(0.696271273832,-0.693108716252,0.186565325536));
#2607 = DIRECTION('',(-0.669491609454,-0.720833064902,-0.179389736093));
#2608 = DEFINITIONAL_REPRESENTATION('',(#2609),#2613);
#2609 = ELLIPSE('',#2610,28.855502074994,20.);
#2610 = AXIS2_PLACEMENT_2D('',#2611,#2612);
#2611 = CARTESIAN_POINT('',(0.,0.));
#2612 = DIRECTION('',(1.,0.));
#2613 = ( GEOMETRIC_REPRESENTATION_CONTEXT(2) 
PARAMETRIC_REPRESENTATION_CONTEXT() REPRESENTATION_CONTEXT('2D SPACE',''
  ) );
#2614 = ORIENTED_EDGE('',*,*,#2615,.F.);
#2615 = EDGE_CURVE('',#2616,#2584,#2618,.T.);
#2616 = VERTEX_POINT('',#2617);
#2617 = CARTESIAN_POINT('',(35.946770616854,-4.,49.584977190888));
#2618 = SURFACE_CURVE('',#2619,(#2624,#2634),.PCURVE_S1.);
#2619 = ELLIPSE('',#2620,28.855502074994,20.);
#2620 = AXIS2_PLACEMENT_3D('',#2621,#2622,#2623);
#2621 = CARTESIAN_POINT('',(40.,-2.8,30.));
#2622 = DIRECTION('',(-0.696271273832,-0.693108716252,-0.186565325536));
#2623 = DIRECTION('',(0.669491609454,-0.720833064902,0.179389736093));
#2624 = PCURVE('',#1212,#2625);
#2625 = DEFINITIONAL_REPRESENTATION('',(#2626),#2633);
#2626 = B_SPLINE_CURVE_WITH_KNOTS('',5,(#2627,#2628,#2629,#2630,#2631,
    #2632),.UNSPECIFIED.,.F.,.F.,(6,6),(1.513071938309,1.577046367486),
  .PIECEWISE_BEZIER_KNOTS.);
#2627 = CARTESIAN_POINT('',(1.774871326109,8.0000006));
#2628 = CARTESIAN_POINT('',(1.787666211944,7.734310244116));
#2629 = CARTESIAN_POINT('',(1.800461097779,7.468374324456));
#2630 = CARTESIAN_POINT('',(1.813255983614,7.202283457531));
#2631 = CARTESIAN_POINT('',(1.82605086945,6.9361284274));
#2632 = CARTESIAN_POINT('',(1.838845755285,6.67));
#2633 = ( GEOMETRIC_REPRESENTATION_CONTEXT(2) 
PARAMETRIC_REPRESENTATION_CONTEXT() REPRESENTATION_CONTEXT('2D SPACE',''
  ) );
#2634 = PCURVE('',#2635,#2640);
#2635 = PLANE('',#2636);
#2636 = AXIS2_PLACEMENT_3D('',#2637,#2638,#2639);
#2637 = CARTESIAN_POINT('',(41.207407282861,-4.1,30.323523806378));
#2638 = DIRECTION('',(-0.696271273832,-0.693108716252,-0.186565325536));
#2639 = DIRECTION('',(-0.669491609454,0.720833064902,-0.179389736093));
#2640 = DEFINITIONAL_REPRESENTATION('',(#2641),#2645);
#2641 = ELLIPSE('',#2642,28.855502074994,20.);
#2642 = AXIS2_PLACEMENT_2D('',#2643,#2644);
#2643 = CARTESIAN_POINT('',(1.803468879687,1.221245327088E-15));
#2644 = DIRECTION('',(-1.,2.775557561563E-17));
#2645 = ( GEOMETRIC_REPRESENTATION_CONTEXT(2) 
PARAMETRIC_REPRESENTATION_CONTEXT() REPRESENTATION_CONTEXT('2D SPACE',''
  ) );
#2646 = ORIENTED_EDGE('',*,*,#2647,.F.);
#2647 = EDGE_CURVE('',#2648,#2616,#2650,.T.);
#2648 = VERTEX_POINT('',#2649);
#2649 = CARTESIAN_POINT('',(38.846153846154,-4.,49.966688234488));
#2650 = SURFACE_CURVE('',#2651,(#2656,#2663),.PCURVE_S1.);
#2651 = CIRCLE('',#2652,20.);
#2652 = AXIS2_PLACEMENT_3D('',#2653,#2654,#2655);
#2653 = CARTESIAN_POINT('',(40.,-4.,30.));
#2654 = DIRECTION('',(0.,-1.,1.110223024625E-16));
#2655 = DIRECTION('',(1.,0.,0.));
#2656 = PCURVE('',#1212,#2657);
#2657 = DEFINITIONAL_REPRESENTATION('',(#2658),#2662);
#2658 = LINE('',#2659,#2660);
#2659 = CARTESIAN_POINT('',(0.,8.));
#2660 = VECTOR('',#2661,1.);
#2661 = DIRECTION('',(1.,0.));
#2662 = ( GEOMETRIC_REPRESENTATION_CONTEXT(2) 
PARAMETRIC_REPRESENTATION_CONTEXT() REPRESENTATION_CONTEXT('2D SPACE',''
  ) );
#2663 = PCURVE('',#2664,#2669);
#2664 = PLANE('',#2665);
#2665 = AXIS2_PLACEMENT_3D('',#2666,#2667,#2668);
#2666 = CARTESIAN_POINT('',(40.,-4.,30.));
#2667 = DIRECTION('',(0.,-1.,1.110223024625E-16));
#2668 = DIRECTION('',(1.,0.,0.));
#2669 = DEFINITIONAL_REPRESENTATION('',(#2670),#2674);
#2670 = CIRCLE('',#2671,20.);
#2671 = AXIS2_PLACEMENT_2D('',#2672,#2673);
#2672 = CARTESIAN_POINT('',(0.,0.));
#2673 = DIRECTION('',(1.,0.));
#2674 = ( GEOMETRIC_REPRESENTATION_CONTEXT(2) 
PARAMETRIC_REPRESENTATION_CONTEXT() REPRESENTATION_CONTEXT('2D SPACE',''
  ) );
#2675 = ORIENTED_EDGE('',*,*,#2676,.F.);
#2676 = EDGE_CURVE('',#2677,#2648,#2679,.T.);
#2677 = VERTEX_POINT('',#2678);
#2678 = CARTESIAN_POINT('',(40.,-2.8,50.));
#2679 = SURFACE_CURVE('',#2680,(#2685,#2695),.PCURVE_S1.);
#2680 = ELLIPSE('',#2681,28.855502074994,20.);
#2681 = AXIS2_PLACEMENT_3D('',#2682,#2683,#2684);
#2682 = CARTESIAN_POINT('',(40.,-2.8,30.));
#2683 = DIRECTION('',(0.720833064902,-0.693108716252,-3.078021021404E-18
    ));
#2684 = DIRECTION('',(-0.693108716252,-0.720833064902,1.569790720916E-16
    ));
#2685 = PCURVE('',#1212,#2686);
#2686 = DEFINITIONAL_REPRESENTATION('',(#2687),#2694);
#2687 = B_SPLINE_CURVE_WITH_KNOTS('',5,(#2688,#2689,#2690,#2691,#2692,
    #2693),.UNSPECIFIED.,.F.,.F.,(6,6),(4.706138939694,4.77011336887),
  .PIECEWISE_BEZIER_KNOTS.);
#2688 = CARTESIAN_POINT('',(1.564546286104,6.67));
#2689 = CARTESIAN_POINT('',(1.577341171939,6.9361284274));
#2690 = CARTESIAN_POINT('',(1.590136057775,7.202283457531));
#2691 = CARTESIAN_POINT('',(1.60293094361,7.468374324456));
#2692 = CARTESIAN_POINT('',(1.615725829445,7.734310244116));
#2693 = CARTESIAN_POINT('',(1.62852071528,8.0000006));
#2694 = ( GEOMETRIC_REPRESENTATION_CONTEXT(2) 
PARAMETRIC_REPRESENTATION_CONTEXT() REPRESENTATION_CONTEXT('2D SPACE',''
  ) );
#2695 = PCURVE('',#2696,#2701);
#2696 = PLANE('',#2697);
#2697 = AXIS2_PLACEMENT_3D('',#2698,#2699,#2700);
#2698 = CARTESIAN_POINT('',(40.,-2.8,30.));
#2699 = DIRECTION('',(0.720833064902,-0.693108716252,-3.078021021404E-18
    ));
#2700 = DIRECTION('',(-0.693108716252,-0.720833064902,1.569790720916E-16
    ));
#2701 = DEFINITIONAL_REPRESENTATION('',(#2702),#2706);
#2702 = ELLIPSE('',#2703,28.855502074994,20.);
#2703 = AXIS2_PLACEMENT_2D('',#2704,#2705);
#2704 = CARTESIAN_POINT('',(0.,0.));
#2705 = DIRECTION('',(1.,0.));
#2706 = ( GEOMETRIC_REPRESENTATION_CONTEXT(2) 
PARAMETRIC_REPRESENTATION_CONTEXT() REPRESENTATION_CONTEXT('2D SPACE',''
  ) );
#2707 = ORIENTED_EDGE('',*,*,#2708,.F.);
#2708 = EDGE_CURVE('',#2709,#2677,#2711,.T.);
#2709 = VERTEX_POINT('',#2710);
#2710 = CARTESIAN_POINT('',(41.153846153846,-4.,49.966688234488));
#2711 = SURFACE_CURVE('',#2712,(#2717,#2727),.PCURVE_S1.);
#2712 = ELLIPSE('',#2713,28.855502074994,20.);
#2713 = AXIS2_PLACEMENT_3D('',#2714,#2715,#2716);
#2714 = CARTESIAN_POINT('',(40.,-2.8,30.));
#2715 = DIRECTION('',(-0.720833064902,-0.693108716252,1.569790720916E-16
    ));
#2716 = DIRECTION('',(0.693108716252,-0.720833064902,3.078021021404E-18)
  );
#2717 = PCURVE('',#1212,#2718);
#2718 = DEFINITIONAL_REPRESENTATION('',(#2719),#2726);
#2719 = B_SPLINE_CURVE_WITH_KNOTS('',5,(#2720,#2721,#2722,#2723,#2724,
    #2725),.UNSPECIFIED.,.F.,.F.,(6,6),(1.513071938309,1.577046367486),
  .PIECEWISE_BEZIER_KNOTS.);
#2720 = CARTESIAN_POINT('',(1.513071938309,8.0000006));
#2721 = CARTESIAN_POINT('',(1.525866824145,7.734310244116));
#2722 = CARTESIAN_POINT('',(1.53866170998,7.468374324456));
#2723 = CARTESIAN_POINT('',(1.551456595815,7.202283457531));
#2724 = CARTESIAN_POINT('',(1.56425148165,6.9361284274));
#2725 = CARTESIAN_POINT('',(1.577046367486,6.67));
#2726 = ( GEOMETRIC_REPRESENTATION_CONTEXT(2) 
PARAMETRIC_REPRESENTATION_CONTEXT() REPRESENTATION_CONTEXT('2D SPACE',''
  ) );
#2727 = PCURVE('',#2728,#2733);
#2728 = PLANE('',#2729);
#2729 = AXIS2_PLACEMENT_3D('',#2730,#2731,#2732);
#2730 = CARTESIAN_POINT('',(41.25,-4.1,30.));
#2731 = DIRECTION('',(-0.720833064902,-0.693108716252,1.569790720916E-16
    ));
#2732 = DIRECTION('',(-0.693108716252,0.720833064902,-3.078021021404E-18
    ));
#2733 = DEFINITIONAL_REPRESENTATION('',(#2734),#2738);
#2734 = ELLIPSE('',#2735,28.855502074994,20.);
#2735 = AXIS2_PLACEMENT_2D('',#2736,#2737);
#2736 = CARTESIAN_POINT('',(1.803468879687,-5.551115123126E-18));
#2737 = DIRECTION('',(-1.,0.));
#2738 = ( GEOMETRIC_REPRESENTATION_CONTEXT(2) 
PARAMETRIC_REPRESENTATION_CONTEXT() REPRESENTATION_CONTEXT('2D SPACE',''
  ) );
#2739 = ORIENTED_EDGE('',*,*,#2740,.F.);
#2740 = EDGE_CURVE('',#2741,#2709,#2743,.T.);
#2741 = VERTEX_POINT('',#2742);
#2742 = CARTESIAN_POINT('',(44.053229383146,-4.,49.584977190888));
#2743 = SURFACE_CURVE('',#2744,(#2749,#2756),.PCURVE_S1.);
#2744 = CIRCLE('',#2745,20.);
#2745 = AXIS2_PLACEMENT_3D('',#2746,#2747,#2748);
#2746 = CARTESIAN_POINT('',(40.,-4.,30.));
#2747 = DIRECTION('',(0.,-1.,1.110223024625E-16));
#2748 = DIRECTION('',(1.,0.,0.));
#2749 = PCURVE('',#1212,#2750);
#2750 = DEFINITIONAL_REPRESENTATION('',(#2751),#2755);
#2751 = LINE('',#2752,#2753);
#2752 = CARTESIAN_POINT('',(0.,8.));
#2753 = VECTOR('',#2754,1.);
#2754 = DIRECTION('',(1.,0.));
#2755 = ( GEOMETRIC_REPRESENTATION_CONTEXT(2) 
PARAMETRIC_REPRESENTATION_CONTEXT() REPRESENTATION_CONTEXT('2D SPACE',''
  ) );
#2756 = PCURVE('',#2757,#2762);
#2757 = PLANE('',#2758);
#2758 = AXIS2_PLACEMENT_3D('',#2759,#2760,#2761);
#2759 = CARTESIAN_POINT('',(40.,-4.,30.));
#2760 = DIRECTION('',(0.,-1.,1.110223024625E-16));
#2761 = DIRECTION('',(1.,0.,0.));
#2762 = DEFINITIONAL_REPRESENTATION('',(#2763),#2767);
#2763 = CIRCLE('',#2764,20.);
#2764 = AXIS2_PLACEMENT_2D('',#2765,#2766);
#2765 = CARTESIAN_POINT('',(0.,0.));
#2766 = DIRECTION('',(1.,0.));
#2767 = ( GEOMETRIC_REPRESENTATION_CONTEXT(2) 
PARAMETRIC_REPRESENTATION_CONTEXT() REPRESENTATION_CONTEXT('2D SPACE',''
  ) );
#2768 = ORIENTED_EDGE('',*,*,#2769,.F.);
#2769 = EDGE_CURVE('',#2770,#2741,#2772,.T.);
#2770 = VERTEX_POINT('',#2771);
#2771 = CARTESIAN_POINT('',(45.17638090205,-2.8,49.318516525781));
#2772 = SURFACE_CURVE('',#2773,(#2778,#2788),.PCURVE_S1.);
#2773 = ELLIPSE('',#2774,28.855502074994,20.);
#2774 = AXIS2_PLACEMENT_3D('',#2775,#2776,#2777);
#2775 = CARTESIAN_POINT('',(40.,-2.8,30.));
#2776 = DIRECTION('',(0.696271273832,-0.693108716252,-0.186565325536));
#2777 = DIRECTION('',(-0.669491609454,-0.720833064902,0.179389736093));
#2778 = PCURVE('',#1212,#2779);
#2779 = DEFINITIONAL_REPRESENTATION('',(#2780),#2787);
#2780 = B_SPLINE_CURVE_WITH_KNOTS('',5,(#2781,#2782,#2783,#2784,#2785,
    #2786),.UNSPECIFIED.,.F.,.F.,(6,6),(4.706138939694,4.77011336887),
  .PIECEWISE_BEZIER_KNOTS.);
#2781 = CARTESIAN_POINT('',(1.302746898305,6.67));
#2782 = CARTESIAN_POINT('',(1.31554178414,6.9361284274));
#2783 = CARTESIAN_POINT('',(1.328336669975,7.202283457531));
#2784 = CARTESIAN_POINT('',(1.341131555811,7.468374324456));
#2785 = CARTESIAN_POINT('',(1.353926441646,7.734310244116));
#2786 = CARTESIAN_POINT('',(1.366721327481,8.0000006));
#2787 = ( GEOMETRIC_REPRESENTATION_CONTEXT(2) 
PARAMETRIC_REPRESENTATION_CONTEXT() REPRESENTATION_CONTEXT('2D SPACE',''
  ) );
#2788 = PCURVE('',#2789,#2794);
#2789 = PLANE('',#2790);
#2790 = AXIS2_PLACEMENT_3D('',#2791,#2792,#2793);
#2791 = CARTESIAN_POINT('',(40.,-2.8,30.));
#2792 = DIRECTION('',(0.696271273832,-0.693108716252,-0.186565325536));
#2793 = DIRECTION('',(-0.669491609454,-0.720833064902,0.179389736093));
#2794 = DEFINITIONAL_REPRESENTATION('',(#2795),#2799);
#2795 = ELLIPSE('',#2796,28.855502074994,20.);
#2796 = AXIS2_PLACEMENT_2D('',#2797,#2798);
#2797 = CARTESIAN_POINT('',(0.,0.));
#2798 = DIRECTION('',(1.,2.775557561563E-17));
#2799 = ( GEOMETRIC_REPRESENTATION_CONTEXT(2) 
PARAMETRIC_REPRESENTATION_CONTEXT() REPRESENTATION_CONTEXT('2D SPACE',''
  ) );
#2800 = ORIENTED_EDGE('',*,*,#2801,.F.);
#2801 = EDGE_CURVE('',#2802,#2770,#2804,.T.);
#2802 = VERTEX_POINT('',#2803);
#2803 = CARTESIAN_POINT('',(46.282288982274,-4.,48.987702471421));
#2804 = SURFACE_CURVE('',#2805,(#2810,#2820),.PCURVE_S1.);
#2805 = ELLIPSE('',#2806,28.855502074994,20.);
#2806 = AXIS2_PLACEMENT_3D('',#2807,#2808,#2809);
#2807 = CARTESIAN_POINT('',(40.,-2.8,30.));
#2808 = DIRECTION('',(-0.696271273832,-0.693108716252,0.186565325536));
#2809 = DIRECTION('',(0.669491609454,-0.720833064902,-0.179389736093));
#2810 = PCURVE('',#1212,#2811);
#2811 = DEFINITIONAL_REPRESENTATION('',(#2812),#2819);
#2812 = B_SPLINE_CURVE_WITH_KNOTS('',5,(#2813,#2814,#2815,#2816,#2817,
    #2818),.UNSPECIFIED.,.F.,.F.,(6,6),(1.513071938309,1.577046367486),
  .PIECEWISE_BEZIER_KNOTS.);
#2813 = CARTESIAN_POINT('',(1.25127255051,8.0000006));
#2814 = CARTESIAN_POINT('',(1.264067436346,7.734310244116));
#2815 = CARTESIAN_POINT('',(1.276862322181,7.468374324456));
#2816 = CARTESIAN_POINT('',(1.289657208016,7.202283457531));
#2817 = CARTESIAN_POINT('',(1.302452093851,6.9361284274));
#2818 = CARTESIAN_POINT('',(1.315246979687,6.67));
#2819 = ( GEOMETRIC_REPRESENTATION_CONTEXT(2) 
PARAMETRIC_REPRESENTATION_CONTEXT() REPRESENTATION_CONTEXT('2D SPACE',''
  ) );
#2820 = PCURVE('',#2821,#2826);
#2821 = PLANE('',#2822);
#2822 = AXIS2_PLACEMENT_3D('',#2823,#2824,#2825);
#2823 = CARTESIAN_POINT('',(41.207407282861,-4.1,29.676476193622));
#2824 = DIRECTION('',(-0.696271273832,-0.693108716252,0.186565325536));
#2825 = DIRECTION('',(-0.669491609454,0.720833064902,0.179389736093));
#2826 = DEFINITIONAL_REPRESENTATION('',(#2827),#2831);
#2827 = ELLIPSE('',#2828,28.855502074994,20.);
#2828 = AXIS2_PLACEMENT_2D('',#2829,#2830);
#2829 = CARTESIAN_POINT('',(1.803468879687,-1.554312234475E-15));
#2830 = DIRECTION('',(-1.,0.));
#2831 = ( GEOMETRIC_REPRESENTATION_CONTEXT(2) 
PARAMETRIC_REPRESENTATION_CONTEXT() REPRESENTATION_CONTEXT('2D SPACE',''
  ) );
#2832 = ORIENTED_EDGE('',*,*,#2833,.F.);
#2833 = EDGE_CURVE('',#2834,#2802,#2836,.T.);
#2834 = VERTEX_POINT('',#2835);
#2835 = CARTESIAN_POINT('',(48.984084035954,-4.,47.868582317434));
#2836 = SURFACE_CURVE('',#2837,(#2842,#2849),.PCURVE_S1.);
#2837 = CIRCLE('',#2838,20.);
#2838 = AXIS2_PLACEMENT_3D('',#2839,#2840,#2841);
#2839 = CARTESIAN_POINT('',(40.,-4.,30.));
#2840 = DIRECTION('',(0.,-1.,1.110223024625E-16));
#2841 = DIRECTION('',(1.,0.,0.));
#2842 = PCURVE('',#1212,#2843);
#2843 = DEFINITIONAL_REPRESENTATION('',(#2844),#2848);
#2844 = LINE('',#2845,#2846);
#2845 = CARTESIAN_POINT('',(0.,8.));
#2846 = VECTOR('',#2847,1.);
#2847 = DIRECTION('',(1.,0.));
#2848 = ( GEOMETRIC_REPRESENTATION_CONTEXT(2) 
PARAMETRIC_REPRESENTATION_CONTEXT() REPRESENTATION_CONTEXT('2D SPACE',''
  ) );
#2849 = PCURVE('',#2850,#2855);
#2850 = PLANE('',#2851);
#2851 = AXIS2_PLACEMENT_3D('',#2852,#2853,#2854);
#2852 = CARTESIAN_POINT('',(40.,-4.,30.));
#2853 = DIRECTION('',(0.,-1.,1.110223024625E-16));
#2854 = DIRECTION('',(1.,0.,0.));
#2855 = DEFINITIONAL_REPRESENTATION('',(#2856),#2860);
#2856 = CIRCLE('',#2857,20.);
#2857 = AXIS2_PLACEMENT_2D('',#2858,#2859);
#2858 = CARTESIAN_POINT('',(0.,0.));
#2859 = DIRECTION('',(1.,0.));
#2860 = ( GEOMETRIC_REPRESENTATION_CONTEXT(2) 
PARAMETRIC_REPRESENTATION_CONTEXT() REPRESENTATION_CONTEXT('2D SPACE',''
  ) );
#2861 = ORIENTED_EDGE('',*,*,#2862,.F.);
#2862 = EDGE_CURVE('',#2863,#2834,#2865,.T.);
#2863 = VERTEX_POINT('',#2864);
#2864 = CARTESIAN_POINT('',(50.,-2.8,47.320508075689));
#2865 = SURFACE_CURVE('',#2866,(#2871,#2881),.PCURVE_S1.);
#2866 = ELLIPSE('',#2867,28.855502074994,20.);
#2867 = AXIS2_PLACEMENT_3D('',#2868,#2869,#2870);
#2868 = CARTESIAN_POINT('',(40.,-2.8,30.));
#2869 = DIRECTION('',(0.624259746093,-0.693108716252,-0.360416532451));
#2870 = DIRECTION('',(-0.600249755858,-0.720833064902,0.346554358126));
#2871 = PCURVE('',#1212,#2872);
#2872 = DEFINITIONAL_REPRESENTATION('',(#2873),#2880);
#2873 = B_SPLINE_CURVE_WITH_KNOTS('',5,(#2874,#2875,#2876,#2877,#2878,
    #2879),.UNSPECIFIED.,.F.,.F.,(6,6),(4.706138939694,4.77011336887),
  .PIECEWISE_BEZIER_KNOTS.);
#2874 = CARTESIAN_POINT('',(1.040947510506,6.67));
#2875 = CARTESIAN_POINT('',(1.053742396341,6.9361284274));
#2876 = CARTESIAN_POINT('',(1.066537282176,7.202283457531));
#2877 = CARTESIAN_POINT('',(1.079332168012,7.468374324456));
#2878 = CARTESIAN_POINT('',(1.092127053847,7.734310244116));
#2879 = CARTESIAN_POINT('',(1.104921939682,8.0000006));
#2880 = ( GEOMETRIC_REPRESENTATION_CONTEXT(2) 
PARAMETRIC_REPRESENTATION_CONTEXT() REPRESENTATION_CONTEXT('2D SPACE',''
  ) );
#2881 = PCURVE('',#2882,#2887);
#2882 = PLANE('',#2883);
#2883 = AXIS2_PLACEMENT_3D('',#2884,#2885,#2886);
#2884 = CARTESIAN_POINT('',(40.,-2.8,30.));
#2885 = DIRECTION('',(0.624259746093,-0.693108716252,-0.360416532451));
#2886 = DIRECTION('',(-0.600249755858,-0.720833064902,0.346554358126));
#2887 = DEFINITIONAL_REPRESENTATION('',(#2888),#2892);
#2888 = ELLIPSE('',#2889,28.855502074994,20.);
#2889 = AXIS2_PLACEMENT_2D('',#2890,#2891);
#2890 = CARTESIAN_POINT('',(0.,0.));
#2891 = DIRECTION('',(1.,-5.551115123126E-17));
#2892 = ( GEOMETRIC_REPRESENTATION_CONTEXT(2) 
PARAMETRIC_REPRESENTATION_CONTEXT() REPRESENTATION_CONTEXT('2D SPACE',''
  ) );
#2893 = ORIENTED_EDGE('',*,*,#2894,.F.);
#2894 = EDGE_CURVE('',#2895,#2863,#2897,.T.);
#2895 = VERTEX_POINT('',#2896);
#2896 = CARTESIAN_POINT('',(50.982604198534,-4.,46.714736163588));
#2897 = SURFACE_CURVE('',#2898,(#2903,#2913),.PCURVE_S1.);
#2898 = ELLIPSE('',#2899,28.855502074994,20.);
#2899 = AXIS2_PLACEMENT_3D('',#2900,#2901,#2902);
#2900 = CARTESIAN_POINT('',(40.,-2.8,30.));
#2901 = DIRECTION('',(-0.624259746093,-0.693108716252,0.360416532451));
#2902 = DIRECTION('',(0.600249755858,-0.720833064902,-0.346554358126));
#2903 = PCURVE('',#1212,#2904);
#2904 = DEFINITIONAL_REPRESENTATION('',(#2905),#2912);
#2905 = B_SPLINE_CURVE_WITH_KNOTS('',5,(#2906,#2907,#2908,#2909,#2910,
    #2911),.UNSPECIFIED.,.F.,.F.,(6,6),(1.513071938309,1.577046367486),
  .PIECEWISE_BEZIER_KNOTS.);
#2906 = CARTESIAN_POINT('',(0.989473162711,8.0000006));
#2907 = CARTESIAN_POINT('',(1.002268048546,7.734310244116));
#2908 = CARTESIAN_POINT('',(1.015062934382,7.468374324456));
#2909 = CARTESIAN_POINT('',(1.027857820217,7.202283457531));
#2910 = CARTESIAN_POINT('',(1.040652706052,6.9361284274));
#2911 = CARTESIAN_POINT('',(1.053447591887,6.67));
#2912 = ( GEOMETRIC_REPRESENTATION_CONTEXT(2) 
PARAMETRIC_REPRESENTATION_CONTEXT() REPRESENTATION_CONTEXT('2D SPACE',''
  ) );
#2913 = PCURVE('',#2914,#2919);
#2914 = PLANE('',#2915);
#2915 = AXIS2_PLACEMENT_3D('',#2916,#2917,#2918);
#2916 = CARTESIAN_POINT('',(41.082531754731,-4.1,29.375));
#2917 = DIRECTION('',(-0.624259746093,-0.693108716252,0.360416532451));
#2918 = DIRECTION('',(-0.600249755858,0.720833064902,0.346554358126));
#2919 = DEFINITIONAL_REPRESENTATION('',(#2920),#2924);
#2920 = ELLIPSE('',#2921,28.855502074994,20.);
#2921 = AXIS2_PLACEMENT_2D('',#2922,#2923);
#2922 = CARTESIAN_POINT('',(1.803468879687,-1.110223024625E-15));
#2923 = DIRECTION('',(-1.,0.));
#2924 = ( GEOMETRIC_REPRESENTATION_CONTEXT(2) 
PARAMETRIC_REPRESENTATION_CONTEXT() REPRESENTATION_CONTEXT('2D SPACE',''
  ) );
#2925 = ORIENTED_EDGE('',*,*,#2926,.F.);
#2926 = EDGE_CURVE('',#2927,#2895,#2929,.T.);
#2927 = VERTEX_POINT('',#2928);
#2928 = CARTESIAN_POINT('',(53.302688208614,-4.,44.934473088275));
#2929 = SURFACE_CURVE('',#2930,(#2935,#2942),.PCURVE_S1.);
#2930 = CIRCLE('',#2931,20.);
#2931 = AXIS2_PLACEMENT_3D('',#2932,#2933,#2934);
#2932 = CARTESIAN_POINT('',(40.,-4.,30.));
#2933 = DIRECTION('',(0.,-1.,1.110223024625E-16));
#2934 = DIRECTION('',(1.,0.,0.));
#2935 = PCURVE('',#1212,#2936);
#2936 = DEFINITIONAL_REPRESENTATION('',(#2937),#2941);
#2937 = LINE('',#2938,#2939);
#2938 = CARTESIAN_POINT('',(0.,8.));
#2939 = VECTOR('',#2940,1.);
#2940 = DIRECTION('',(1.,0.));
#2941 = ( GEOMETRIC_REPRESENTATION_CONTEXT(2) 
PARAMETRIC_REPRESENTATION_CONTEXT() REPRESENTATION_CONTEXT('2D SPACE',''
  ) );
#2942 = PCURVE('',#2943,#2948);
#2943 = PLANE('',#2944);
#2944 = AXIS2_PLACEMENT_3D('',#2945,#2946,#2947);
#2945 = CARTESIAN_POINT('',(40.,-4.,30.));
#2946 = DIRECTION('',(0.,-1.,1.110223024625E-16));
#2947 = DIRECTION('',(1.,0.,0.));
#2948 = DEFINITIONAL_REPRESENTATION('',(#2949),#2953);
#2949 = CIRCLE('',#2950,20.);
#2950 = AXIS2_PLACEMENT_2D('',#2951,#2952);
#2951 = CARTESIAN_POINT('',(0.,0.));
#2952 = DIRECTION('',(1.,0.));
#2953 = ( GEOMETRIC_REPRESENTATION_CONTEXT(2) 
PARAMETRIC_REPRESENTATION_CONTEXT() REPRESENTATION_CONTEXT('2D SPACE',''
  ) );
#2954 = ORIENTED_EDGE('',*,*,#2955,.F.);
#2955 = EDGE_CURVE('',#2956,#2927,#2958,.T.);
#2956 = VERTEX_POINT('',#2957);
#2957 = CARTESIAN_POINT('',(54.142135623731,-2.8,44.142135623731));
#2958 = SURFACE_CURVE('',#2959,(#2964,#2974),.PCURVE_S1.);
#2959 = ELLIPSE('',#2960,28.855502074994,20.);
#2960 = AXIS2_PLACEMENT_3D('',#2961,#2962,#2963);
#2961 = CARTESIAN_POINT('',(40.,-2.8,30.));
#2962 = DIRECTION('',(0.509705948296,-0.693108716252,-0.509705948296));
#2963 = DIRECTION('',(-0.490101873361,-0.720833064902,0.490101873361));
#2964 = PCURVE('',#1212,#2965);
#2965 = DEFINITIONAL_REPRESENTATION('',(#2966),#2973);
#2966 = B_SPLINE_CURVE_WITH_KNOTS('',5,(#2967,#2968,#2969,#2970,#2971,
    #2972),.UNSPECIFIED.,.F.,.F.,(6,6),(4.706138939694,4.77011336887),
  .PIECEWISE_BEZIER_KNOTS.);
#2967 = CARTESIAN_POINT('',(0.779148122707,6.67));
#2968 = CARTESIAN_POINT('',(0.791943008542,6.9361284274));
#2969 = CARTESIAN_POINT('',(0.804737894377,7.202283457531));
#2970 = CARTESIAN_POINT('',(0.817532780212,7.468374324456));
#2971 = CARTESIAN_POINT('',(0.830327666048,7.734310244116));
#2972 = CARTESIAN_POINT('',(0.843122551883,8.0000006));
#2973 = ( GEOMETRIC_REPRESENTATION_CONTEXT(2) 
PARAMETRIC_REPRESENTATION_CONTEXT() REPRESENTATION_CONTEXT('2D SPACE',''
  ) );
#2974 = PCURVE('',#2975,#2980);
#2975 = PLANE('',#2976);
#2976 = AXIS2_PLACEMENT_3D('',#2977,#2978,#2979);
#2977 = CARTESIAN_POINT('',(40.,-2.8,30.));
#2978 = DIRECTION('',(0.509705948296,-0.693108716252,-0.509705948296));
#2979 = DIRECTION('',(-0.490101873361,-0.720833064902,0.490101873361));
#2980 = DEFINITIONAL_REPRESENTATION('',(#2981),#2985);
#2981 = ELLIPSE('',#2982,28.855502074994,20.);
#2982 = AXIS2_PLACEMENT_2D('',#2983,#2984);
#2983 = CARTESIAN_POINT('',(0.,0.));
#2984 = DIRECTION('',(1.,1.110223024625E-16));
#2985 = ( GEOMETRIC_REPRESENTATION_CONTEXT(2) 
PARAMETRIC_REPRESENTATION_CONTEXT() REPRESENTATION_CONTEXT('2D SPACE',''
  ) );
#2986 = ORIENTED_EDGE('',*,*,#2987,.F.);
#2987 = EDGE_CURVE('',#2988,#2956,#2990,.T.);
#2988 = VERTEX_POINT('',#2989);
#2989 = CARTESIAN_POINT('',(54.934473088275,-4.,43.302688208614));
#2990 = SURFACE_CURVE('',#2991,(#2996,#3006),.PCURVE_S1.);
#2991 = ELLIPSE('',#2992,28.855502074994,20.);
#2992 = AXIS2_PLACEMENT_3D('',#2993,#2994,#2995);
#2993 = CARTESIAN_POINT('',(40.,-2.8,30.));
#2994 = DIRECTION('',(-0.509705948296,-0.693108716252,0.509705948296));
#2995 = DIRECTION('',(0.490101873361,-0.720833064902,-0.490101873361));
#2996 = PCURVE('',#1212,#2997);
#2997 = DEFINITIONAL_REPRESENTATION('',(#2998),#3005);
#2998 = B_SPLINE_CURVE_WITH_KNOTS('',5,(#2999,#3000,#3001,#3002,#3003,
    #3004),.UNSPECIFIED.,.F.,.F.,(6,6),(1.513071938309,1.577046367486),
  .PIECEWISE_BEZIER_KNOTS.);
#2999 = CARTESIAN_POINT('',(0.727673774912,8.0000006));
#3000 = CARTESIAN_POINT('',(0.740468660747,7.734310244116));
#3001 = CARTESIAN_POINT('',(0.753263546582,7.468374324456));
#3002 = CARTESIAN_POINT('',(0.766058432418,7.202283457531));
#3003 = CARTESIAN_POINT('',(0.778853318253,6.9361284274));
#3004 = CARTESIAN_POINT('',(0.791648204088,6.67));
#3005 = ( GEOMETRIC_REPRESENTATION_CONTEXT(2) 
PARAMETRIC_REPRESENTATION_CONTEXT() REPRESENTATION_CONTEXT('2D SPACE',''
  ) );
#3006 = PCURVE('',#3007,#3012);
#3007 = PLANE('',#3008);
#3008 = AXIS2_PLACEMENT_3D('',#3009,#3010,#3011);
#3009 = CARTESIAN_POINT('',(40.883883476483,-4.1,29.116116523517));
#3010 = DIRECTION('',(-0.509705948296,-0.693108716252,0.509705948296));
#3011 = DIRECTION('',(-0.490101873361,0.720833064902,0.490101873361));
#3012 = DEFINITIONAL_REPRESENTATION('',(#3013),#3017);
#3013 = ELLIPSE('',#3014,28.855502074994,20.);
#3014 = AXIS2_PLACEMENT_2D('',#3015,#3016);
#3015 = CARTESIAN_POINT('',(1.803468879687,0.));
#3016 = DIRECTION('',(-1.,0.));
#3017 = ( GEOMETRIC_REPRESENTATION_CONTEXT(2) 
PARAMETRIC_REPRESENTATION_CONTEXT() REPRESENTATION_CONTEXT('2D SPACE',''
  ) );
#3018 = ORIENTED_EDGE('',*,*,#3019,.F.);
#3019 = EDGE_CURVE('',#3020,#2988,#3022,.T.);
#3020 = VERTEX_POINT('',#3021);
#3021 = CARTESIAN_POINT('',(56.714736163588,-4.,40.982604198534));
#3022 = SURFACE_CURVE('',#3023,(#3028,#3035),.PCURVE_S1.);
#3023 = CIRCLE('',#3024,20.);
#3024 = AXIS2_PLACEMENT_3D('',#3025,#3026,#3027);
#3025 = CARTESIAN_POINT('',(40.,-4.,30.));
#3026 = DIRECTION('',(0.,-1.,1.110223024625E-16));
#3027 = DIRECTION('',(1.,0.,0.));
#3028 = PCURVE('',#1212,#3029);
#3029 = DEFINITIONAL_REPRESENTATION('',(#3030),#3034);
#3030 = LINE('',#3031,#3032);
#3031 = CARTESIAN_POINT('',(0.,8.));
#3032 = VECTOR('',#3033,1.);
#3033 = DIRECTION('',(1.,0.));
#3034 = ( GEOMETRIC_REPRESENTATION_CONTEXT(2) 
PARAMETRIC_REPRESENTATION_CONTEXT() REPRESENTATION_CONTEXT('2D SPACE',''
  ) );
#3035 = PCURVE('',#3036,#3041);
#3036 = PLANE('',#3037);
#3037 = AXIS2_PLACEMENT_3D('',#3038,#3039,#3040);
#3038 = CARTESIAN_POINT('',(40.,-4.,30.));
#3039 = DIRECTION('',(0.,-1.,1.110223024625E-16));
#3040 = DIRECTION('',(1.,0.,0.));
#3041 = DEFINITIONAL_REPRESENTATION('',(#3042),#3046);
#3042 = CIRCLE('',#3043,20.);
#3043 = AXIS2_PLACEMENT_2D('',#3044,#3045);
#3044 = CARTESIAN_POINT('',(0.,0.));
#3045 = DIRECTION('',(1.,0.));
#3046 = ( GEOMETRIC_REPRESENTATION_CONTEXT(2) 
PARAMETRIC_REPRESENTATION_CONTEXT() REPRESENTATION_CONTEXT('2D SPACE',''
  ) );
#3047 = ORIENTED_EDGE('',*,*,#3048,.F.);
#3048 = EDGE_CURVE('',#3049,#3020,#3051,.T.);
#3049 = VERTEX_POINT('',#3050);
#3050 = CARTESIAN_POINT('',(57.320508075689,-2.8,40.));
#3051 = SURFACE_CURVE('',#3052,(#3057,#3067),.PCURVE_S1.);
#3052 = ELLIPSE('',#3053,28.855502074994,20.);
#3053 = AXIS2_PLACEMENT_3D('',#3054,#3055,#3056);
#3054 = CARTESIAN_POINT('',(40.,-2.8,30.));
#3055 = DIRECTION('',(0.360416532451,-0.693108716252,-0.624259746093));
#3056 = DIRECTION('',(-0.346554358126,-0.720833064902,0.600249755858));
#3057 = PCURVE('',#1212,#3058);
#3058 = DEFINITIONAL_REPRESENTATION('',(#3059),#3066);
#3059 = B_SPLINE_CURVE_WITH_KNOTS('',5,(#3060,#3061,#3062,#3063,#3064,
    #3065),.UNSPECIFIED.,.F.,.F.,(6,6),(4.706138939694,4.77011336887),
  .PIECEWISE_BEZIER_KNOTS.);
#3060 = CARTESIAN_POINT('',(0.517348734907,6.67));
#3061 = CARTESIAN_POINT('',(0.530143620743,6.9361284274));
#3062 = CARTESIAN_POINT('',(0.542938506578,7.202283457531));
#3063 = CARTESIAN_POINT('',(0.555733392413,7.468374324456));
#3064 = CARTESIAN_POINT('',(0.568528278249,7.734310244116));
#3065 = CARTESIAN_POINT('',(0.581323164084,8.0000006));
#3066 = ( GEOMETRIC_REPRESENTATION_CONTEXT(2) 
PARAMETRIC_REPRESENTATION_CONTEXT() REPRESENTATION_CONTEXT('2D SPACE',''
  ) );
#3067 = PCURVE('',#3068,#3073);
#3068 = PLANE('',#3069);
#3069 = AXIS2_PLACEMENT_3D('',#3070,#3071,#3072);
#3070 = CARTESIAN_POINT('',(40.,-2.8,30.));
#3071 = DIRECTION('',(0.360416532451,-0.693108716252,-0.624259746093));
#3072 = DIRECTION('',(-0.346554358126,-0.720833064902,0.600249755858));
#3073 = DEFINITIONAL_REPRESENTATION('',(#3074),#3078);
#3074 = ELLIPSE('',#3075,28.855502074994,20.);
#3075 = AXIS2_PLACEMENT_2D('',#3076,#3077);
#3076 = CARTESIAN_POINT('',(0.,0.));
#3077 = DIRECTION('',(1.,5.551115123126E-17));
#3078 = ( GEOMETRIC_REPRESENTATION_CONTEXT(2) 
PARAMETRIC_REPRESENTATION_CONTEXT() REPRESENTATION_CONTEXT('2D SPACE',''
  ) );
#3079 = ORIENTED_EDGE('',*,*,#3080,.F.);
#3080 = EDGE_CURVE('',#3081,#3049,#3083,.T.);
#3081 = VERTEX_POINT('',#3082);
#3082 = CARTESIAN_POINT('',(57.868582317434,-4.,38.984084035954));
#3083 = SURFACE_CURVE('',#3084,(#3089,#3099),.PCURVE_S1.);
#3084 = ELLIPSE('',#3085,28.855502074994,20.);
#3085 = AXIS2_PLACEMENT_3D('',#3086,#3087,#3088);
#3086 = CARTESIAN_POINT('',(40.,-2.8,30.));
#3087 = DIRECTION('',(-0.360416532451,-0.693108716252,0.624259746093));
#3088 = DIRECTION('',(0.346554358126,-0.720833064902,-0.600249755858));
#3089 = PCURVE('',#1212,#3090);
#3090 = DEFINITIONAL_REPRESENTATION('',(#3091),#3098);
#3091 = B_SPLINE_CURVE_WITH_KNOTS('',5,(#3092,#3093,#3094,#3095,#3096,
    #3097),.UNSPECIFIED.,.F.,.F.,(6,6),(1.513071938309,1.577046367486),
  .PIECEWISE_BEZIER_KNOTS.);
#3092 = CARTESIAN_POINT('',(0.465874387113,8.0000006));
#3093 = CARTESIAN_POINT('',(0.478669272948,7.734310244116));
#3094 = CARTESIAN_POINT('',(0.491464158783,7.468374324456));
#3095 = CARTESIAN_POINT('',(0.504259044619,7.202283457531));
#3096 = CARTESIAN_POINT('',(0.517053930454,6.9361284274));
#3097 = CARTESIAN_POINT('',(0.529848816289,6.67));
#3098 = ( GEOMETRIC_REPRESENTATION_CONTEXT(2) 
PARAMETRIC_REPRESENTATION_CONTEXT() REPRESENTATION_CONTEXT('2D SPACE',''
  ) );
#3099 = PCURVE('',#3100,#3105);
#3100 = PLANE('',#3101);
#3101 = AXIS2_PLACEMENT_3D('',#3102,#3103,#3104);
#3102 = CARTESIAN_POINT('',(40.625,-4.1,28.917468245269));
#3103 = DIRECTION('',(-0.360416532451,-0.693108716252,0.624259746093));
#3104 = DIRECTION('',(-0.346554358126,0.720833064902,0.600249755858));
#3105 = DEFINITIONAL_REPRESENTATION('',(#3106),#3110);
#3106 = ELLIPSE('',#3107,28.855502074994,20.);
#3107 = AXIS2_PLACEMENT_2D('',#3108,#3109);
#3108 = CARTESIAN_POINT('',(1.803468879687,-5.551115123126E-16));
#3109 = DIRECTION('',(-1.,0.));
#3110 = ( GEOMETRIC_REPRESENTATION_CONTEXT(2) 
PARAMETRIC_REPRESENTATION_CONTEXT() REPRESENTATION_CONTEXT('2D SPACE',''
  ) );
#3111 = ORIENTED_EDGE('',*,*,#3112,.F.);
#3112 = EDGE_CURVE('',#3113,#3081,#3115,.T.);
#3113 = VERTEX_POINT('',#3114);
#3114 = CARTESIAN_POINT('',(58.987702471421,-4.,36.282288982274));
#3115 = SURFACE_CURVE('',#3116,(#3121,#3128),.PCURVE_S1.);
#3116 = CIRCLE('',#3117,20.);
#3117 = AXIS2_PLACEMENT_3D('',#3118,#3119,#3120);
#3118 = CARTESIAN_POINT('',(40.,-4.,30.));
#3119 = DIRECTION('',(0.,-1.,1.110223024625E-16));
#3120 = DIRECTION('',(1.,0.,0.));
#3121 = PCURVE('',#1212,#3122);
#3122 = DEFINITIONAL_REPRESENTATION('',(#3123),#3127);
#3123 = LINE('',#3124,#3125);
#3124 = CARTESIAN_POINT('',(0.,8.));
#3125 = VECTOR('',#3126,1.);
#3126 = DIRECTION('',(1.,0.));
#3127 = ( GEOMETRIC_REPRESENTATION_CONTEXT(2) 
PARAMETRIC_REPRESENTATION_CONTEXT() REPRESENTATION_CONTEXT('2D SPACE',''
  ) );
#3128 = PCURVE('',#3129,#3134);
#3129 = PLANE('',#3130);
#3130 = AXIS2_PLACEMENT_3D('',#3131,#3132,#3133);
#3131 = CARTESIAN_POINT('',(40.,-4.,30.));
#3132 = DIRECTION('',(0.,-1.,1.110223024625E-16));
#3133 = DIRECTION('',(1.,0.,0.));
#3134 = DEFINITIONAL_REPRESENTATION('',(#3135),#3139);
#3135 = CIRCLE('',#3136,20.);
#3136 = AXIS2_PLACEMENT_2D('',#3137,#3138);
#3137 = CARTESIAN_POINT('',(0.,0.));
#3138 = DIRECTION('',(1.,0.));
#3139 = ( GEOMETRIC_REPRESENTATION_CONTEXT(2) 
PARAMETRIC_REPRESENTATION_CONTEXT() REPRESENTATION_CONTEXT('2D SPACE',''
  ) );
#3140 = ORIENTED_EDGE('',*,*,#3141,.F.);
#3141 = EDGE_CURVE('',#3142,#3113,#3144,.T.);
#3142 = VERTEX_POINT('',#3143);
#3143 = CARTESIAN_POINT('',(59.318516525781,-2.8,35.17638090205));
#3144 = SURFACE_CURVE('',#3145,(#3150,#3160),.PCURVE_S1.);
#3145 = ELLIPSE('',#3146,28.855502074994,20.);
#3146 = AXIS2_PLACEMENT_3D('',#3147,#3148,#3149);
#3147 = CARTESIAN_POINT('',(40.,-2.8,30.));
#3148 = DIRECTION('',(0.186565325536,-0.693108716252,-0.696271273832));
#3149 = DIRECTION('',(-0.179389736093,-0.720833064902,0.669491609454));
#3150 = PCURVE('',#1212,#3151);
#3151 = DEFINITIONAL_REPRESENTATION('',(#3152),#3159);
#3152 = B_SPLINE_CURVE_WITH_KNOTS('',5,(#3153,#3154,#3155,#3156,#3157,
    #3158),.UNSPECIFIED.,.F.,.F.,(6,6),(4.706138939694,4.77011336887),
  .PIECEWISE_BEZIER_KNOTS.);
#3153 = CARTESIAN_POINT('',(0.255549347108,6.67));
#3154 = CARTESIAN_POINT('',(0.268344232944,6.9361284274));
#3155 = CARTESIAN_POINT('',(0.281139118779,7.202283457531));
#3156 = CARTESIAN_POINT('',(0.293934004614,7.468374324456));
#3157 = CARTESIAN_POINT('',(0.306728890449,7.734310244116));
#3158 = CARTESIAN_POINT('',(0.319523776285,8.0000006));
#3159 = ( GEOMETRIC_REPRESENTATION_CONTEXT(2) 
PARAMETRIC_REPRESENTATION_CONTEXT() REPRESENTATION_CONTEXT('2D SPACE',''
  ) );
#3160 = PCURVE('',#3161,#3166);
#3161 = PLANE('',#3162);
#3162 = AXIS2_PLACEMENT_3D('',#3163,#3164,#3165);
#3163 = CARTESIAN_POINT('',(40.,-2.8,30.));
#3164 = DIRECTION('',(0.186565325536,-0.693108716252,-0.696271273832));
#3165 = DIRECTION('',(-0.179389736093,-0.720833064902,0.669491609454));
#3166 = DEFINITIONAL_REPRESENTATION('',(#3167),#3171);
#3167 = ELLIPSE('',#3168,28.855502074994,20.);
#3168 = AXIS2_PLACEMENT_2D('',#3169,#3170);
#3169 = CARTESIAN_POINT('',(0.,0.));
#3170 = DIRECTION('',(1.,2.775557561563E-17));
#3171 = ( GEOMETRIC_REPRESENTATION_CONTEXT(2) 
PARAMETRIC_REPRESENTATION_CONTEXT() REPRESENTATION_CONTEXT('2D SPACE',''
  ) );
#3172 = ORIENTED_EDGE('',*,*,#3173,.F.);
#3173 = EDGE_CURVE('',#1487,#3142,#3174,.T.);
#3174 = SURFACE_CURVE('',#3175,(#3180,#3190),.PCURVE_S1.);
#3175 = ELLIPSE('',#3176,28.855502074994,20.);
#3176 = AXIS2_PLACEMENT_3D('',#3177,#3178,#3179);
#3177 = CARTESIAN_POINT('',(40.,-2.8,30.));
#3178 = DIRECTION('',(-0.186565325536,-0.693108716252,0.696271273832));
#3179 = DIRECTION('',(0.179389736093,-0.720833064902,-0.669491609454));
#3180 = PCURVE('',#1212,#3181);
#3181 = DEFINITIONAL_REPRESENTATION('',(#3182),#3189);
#3182 = B_SPLINE_CURVE_WITH_KNOTS('',5,(#3183,#3184,#3185,#3186,#3187,
    #3188),.UNSPECIFIED.,.F.,.F.,(6,6),(1.513071938309,1.577046367486),
  .PIECEWISE_BEZIER_KNOTS.);
#3183 = CARTESIAN_POINT('',(0.204074999314,8.0000006));
#3184 = CARTESIAN_POINT('',(0.216869885149,7.734310244116));
#3185 = CARTESIAN_POINT('',(0.229664770984,7.468374324456));
#3186 = CARTESIAN_POINT('',(0.242459656819,7.202283457531));
#3187 = CARTESIAN_POINT('',(0.255254542655,6.9361284274));
#3188 = CARTESIAN_POINT('',(0.26804942849,6.67));
#3189 = ( GEOMETRIC_REPRESENTATION_CONTEXT(2) 
PARAMETRIC_REPRESENTATION_CONTEXT() REPRESENTATION_CONTEXT('2D SPACE',''
  ) );
#3190 = PCURVE('',#3191,#3196);
#3191 = PLANE('',#3192);
#3192 = AXIS2_PLACEMENT_3D('',#3193,#3194,#3195);
#3193 = CARTESIAN_POINT('',(40.323523806378,-4.1,28.792592717139));
#3194 = DIRECTION('',(-0.186565325536,-0.693108716252,0.696271273832));
#3195 = DIRECTION('',(-0.179389736093,0.720833064902,0.669491609454));
#3196 = DEFINITIONAL_REPRESENTATION('',(#3197),#3201);
#3197 = ELLIPSE('',#3198,28.855502074994,20.);
#3198 = AXIS2_PLACEMENT_2D('',#3199,#3200);
#3199 = CARTESIAN_POINT('',(1.803468879687,-3.053113317719E-15));
#3200 = DIRECTION('',(-1.,2.775557561563E-17));
#3201 = ( GEOMETRIC_REPRESENTATION_CONTEXT(2) 
PARAMETRIC_REPRESENTATION_CONTEXT() REPRESENTATION_CONTEXT('2D SPACE',''
  ) );
#3202 = ADVANCED_FACE('',(#3203),#1277,.T.);
#3203 = FACE_BOUND('',#3204,.T.);
#3204 = EDGE_LOOP('',(#3205,#3206,#3238,#3267,#3299,#3331,#3360,#3392,
    #3424,#3453,#3485,#3517,#3546,#3578,#3610,#3639,#3671,#3703,#3732,
    #3762,#3763,#3764,#3765));
#3205 = ORIENTED_EDGE('',*,*,#1547,.T.);
#3206 = ORIENTED_EDGE('',*,*,#3207,.F.);
#3207 = EDGE_CURVE('',#3208,#1516,#3210,.T.);
#3208 = VERTEX_POINT('',#3209);
#3209 = CARTESIAN_POINT('',(59.966688234488,-4.,28.846153846154));
#3210 = SURFACE_CURVE('',#3211,(#3216,#3226),.PCURVE_S1.);
#3211 = ELLIPSE('',#3212,28.855502074994,20.);
#3212 = AXIS2_PLACEMENT_3D('',#3213,#3214,#3215);
#3213 = CARTESIAN_POINT('',(40.,-2.8,30.));
#3214 = DIRECTION('',(0.,-0.693108716252,0.720833064902));
#3215 = DIRECTION('',(0.,-0.720833064902,-0.693108716252));
#3216 = PCURVE('',#1277,#3217);
#3217 = DEFINITIONAL_REPRESENTATION('',(#3218),#3225);
#3218 = B_SPLINE_CURVE_WITH_KNOTS('',5,(#3219,#3220,#3221,#3222,#3223,
    #3224),.UNSPECIFIED.,.F.,.F.,(6,6),(1.513071938309,1.570796326795),
  .PIECEWISE_BEZIER_KNOTS.);
#3219 = CARTESIAN_POINT('',(6.225460918694,8.0000006));
#3220 = CARTESIAN_POINT('',(6.237005796391,7.76026710777));
#3221 = CARTESIAN_POINT('',(6.248550674088,7.520333689139));
#3222 = CARTESIAN_POINT('',(6.260095551785,7.2802669122));
#3223 = CARTESIAN_POINT('',(6.271640429482,7.0401334561));
#3224 = CARTESIAN_POINT('',(6.28318530718,6.8));
#3225 = ( GEOMETRIC_REPRESENTATION_CONTEXT(2) 
PARAMETRIC_REPRESENTATION_CONTEXT() REPRESENTATION_CONTEXT('2D SPACE',''
  ) );
#3226 = PCURVE('',#3227,#3232);
#3227 = PLANE('',#3228);
#3228 = AXIS2_PLACEMENT_3D('',#3229,#3230,#3231);
#3229 = CARTESIAN_POINT('',(40.,-2.8,30.));
#3230 = DIRECTION('',(8.827659056516E-17,-0.693108716252,0.720833064902)
  );
#3231 = DIRECTION('',(-8.488133708189E-17,-0.720833064902,
    -0.693108716252));
#3232 = DEFINITIONAL_REPRESENTATION('',(#3233),#3237);
#3233 = ELLIPSE('',#3234,28.855502074994,20.);
#3234 = AXIS2_PLACEMENT_2D('',#3235,#3236);
#3235 = CARTESIAN_POINT('',(0.,0.));
#3236 = DIRECTION('',(1.,8.488133708189E-17));
#3237 = ( GEOMETRIC_REPRESENTATION_CONTEXT(2) 
PARAMETRIC_REPRESENTATION_CONTEXT() REPRESENTATION_CONTEXT('2D SPACE',''
  ) );
#3238 = ORIENTED_EDGE('',*,*,#3239,.F.);
#3239 = EDGE_CURVE('',#3240,#3208,#3242,.T.);
#3240 = VERTEX_POINT('',#3241);
#3241 = CARTESIAN_POINT('',(59.584977190888,-4.,25.946770616854));
#3242 = SURFACE_CURVE('',#3243,(#3248,#3255),.PCURVE_S1.);
#3243 = CIRCLE('',#3244,20.);
#3244 = AXIS2_PLACEMENT_3D('',#3245,#3246,#3247);
#3245 = CARTESIAN_POINT('',(40.,-4.,30.));
#3246 = DIRECTION('',(0.,-1.,1.110223024625E-16));
#3247 = DIRECTION('',(1.,0.,0.));
#3248 = PCURVE('',#1277,#3249);
#3249 = DEFINITIONAL_REPRESENTATION('',(#3250),#3254);
#3250 = LINE('',#3251,#3252);
#3251 = CARTESIAN_POINT('',(0.,8.));
#3252 = VECTOR('',#3253,1.);
#3253 = DIRECTION('',(1.,0.));
#3254 = ( GEOMETRIC_REPRESENTATION_CONTEXT(2) 
PARAMETRIC_REPRESENTATION_CONTEXT() REPRESENTATION_CONTEXT('2D SPACE',''
  ) );
#3255 = PCURVE('',#3256,#3261);
#3256 = PLANE('',#3257);
#3257 = AXIS2_PLACEMENT_3D('',#3258,#3259,#3260);
#3258 = CARTESIAN_POINT('',(40.,-4.,30.));
#3259 = DIRECTION('',(0.,-1.,1.110223024625E-16));
#3260 = DIRECTION('',(1.,0.,0.));
#3261 = DEFINITIONAL_REPRESENTATION('',(#3262),#3266);
#3262 = CIRCLE('',#3263,20.);
#3263 = AXIS2_PLACEMENT_2D('',#3264,#3265);
#3264 = CARTESIAN_POINT('',(0.,0.));
#3265 = DIRECTION('',(1.,0.));
#3266 = ( GEOMETRIC_REPRESENTATION_CONTEXT(2) 
PARAMETRIC_REPRESENTATION_CONTEXT() REPRESENTATION_CONTEXT('2D SPACE',''
  ) );
#3267 = ORIENTED_EDGE('',*,*,#3268,.F.);
#3268 = EDGE_CURVE('',#3269,#3240,#3271,.T.);
#3269 = VERTEX_POINT('',#3270);
#3270 = CARTESIAN_POINT('',(59.318516525781,-2.8,24.82361909795));
#3271 = SURFACE_CURVE('',#3272,(#3277,#3287),.PCURVE_S1.);
#3272 = ELLIPSE('',#3273,28.855502074994,20.);
#3273 = AXIS2_PLACEMENT_3D('',#3274,#3275,#3276);
#3274 = CARTESIAN_POINT('',(40.,-2.8,30.));
#3275 = DIRECTION('',(-0.186565325536,-0.693108716252,-0.696271273832));
#3276 = DIRECTION('',(0.179389736093,-0.720833064902,0.669491609454));
#3277 = PCURVE('',#1277,#3278);
#3278 = DEFINITIONAL_REPRESENTATION('',(#3279),#3286);
#3279 = B_SPLINE_CURVE_WITH_KNOTS('',5,(#3280,#3281,#3282,#3283,#3284,
    #3285),.UNSPECIFIED.,.F.,.F.,(6,6),(4.706138939694,4.77011336887),
  .PIECEWISE_BEZIER_KNOTS.);
#3280 = CARTESIAN_POINT('',(6.01513587869,6.67));
#3281 = CARTESIAN_POINT('',(6.027930764525,6.9361284274));
#3282 = CARTESIAN_POINT('',(6.04072565036,7.202283457531));
#3283 = CARTESIAN_POINT('',(6.053520536195,7.468374324456));
#3284 = CARTESIAN_POINT('',(6.066315422031,7.734310244116));
#3285 = CARTESIAN_POINT('',(6.079110307866,8.0000006));
#3286 = ( GEOMETRIC_REPRESENTATION_CONTEXT(2) 
PARAMETRIC_REPRESENTATION_CONTEXT() REPRESENTATION_CONTEXT('2D SPACE',''
  ) );
#3287 = PCURVE('',#3288,#3293);
#3288 = PLANE('',#3289);
#3289 = AXIS2_PLACEMENT_3D('',#3290,#3291,#3292);
#3290 = CARTESIAN_POINT('',(40.,-2.8,30.));
#3291 = DIRECTION('',(-0.186565325536,-0.693108716252,-0.696271273832));
#3292 = DIRECTION('',(0.179389736093,-0.720833064902,0.669491609454));
#3293 = DEFINITIONAL_REPRESENTATION('',(#3294),#3298);
#3294 = ELLIPSE('',#3295,28.855502074994,20.);
#3295 = AXIS2_PLACEMENT_2D('',#3296,#3297);
#3296 = CARTESIAN_POINT('',(0.,0.));
#3297 = DIRECTION('',(1.,5.551115123126E-17));
#3298 = ( GEOMETRIC_REPRESENTATION_CONTEXT(2) 
PARAMETRIC_REPRESENTATION_CONTEXT() REPRESENTATION_CONTEXT('2D SPACE',''
  ) );
#3299 = ORIENTED_EDGE('',*,*,#3300,.F.);
#3300 = EDGE_CURVE('',#3301,#3269,#3303,.T.);
#3301 = VERTEX_POINT('',#3302);
#3302 = CARTESIAN_POINT('',(58.987702471421,-4.,23.717711017726));
#3303 = SURFACE_CURVE('',#3304,(#3309,#3319),.PCURVE_S1.);
#3304 = ELLIPSE('',#3305,28.855502074994,20.);
#3305 = AXIS2_PLACEMENT_3D('',#3306,#3307,#3308);
#3306 = CARTESIAN_POINT('',(40.,-2.8,30.));
#3307 = DIRECTION('',(0.186565325536,-0.693108716252,0.696271273832));
#3308 = DIRECTION('',(-0.179389736093,-0.720833064902,-0.669491609454));
#3309 = PCURVE('',#1277,#3310);
#3310 = DEFINITIONAL_REPRESENTATION('',(#3311),#3318);
#3311 = B_SPLINE_CURVE_WITH_KNOTS('',5,(#3312,#3313,#3314,#3315,#3316,
    #3317),.UNSPECIFIED.,.F.,.F.,(6,6),(1.513071938309,1.577046367486),
  .PIECEWISE_BEZIER_KNOTS.);
#3312 = CARTESIAN_POINT('',(5.963661530895,8.0000006));
#3313 = CARTESIAN_POINT('',(5.97645641673,7.734310244116));
#3314 = CARTESIAN_POINT('',(5.989251302565,7.468374324456));
#3315 = CARTESIAN_POINT('',(6.002046188401,7.202283457531));
#3316 = CARTESIAN_POINT('',(6.014841074236,6.9361284274));
#3317 = CARTESIAN_POINT('',(6.027635960071,6.67));
#3318 = ( GEOMETRIC_REPRESENTATION_CONTEXT(2) 
PARAMETRIC_REPRESENTATION_CONTEXT() REPRESENTATION_CONTEXT('2D SPACE',''
  ) );
#3319 = PCURVE('',#3320,#3325);
#3320 = PLANE('',#3321);
#3321 = AXIS2_PLACEMENT_3D('',#3322,#3323,#3324);
#3322 = CARTESIAN_POINT('',(39.676476193622,-4.1,28.792592717139));
#3323 = DIRECTION('',(0.186565325536,-0.693108716252,0.696271273832));
#3324 = DIRECTION('',(0.179389736093,0.720833064902,0.669491609454));
#3325 = DEFINITIONAL_REPRESENTATION('',(#3326),#3330);
#3326 = ELLIPSE('',#3327,28.855502074994,20.);
#3327 = AXIS2_PLACEMENT_2D('',#3328,#3329);
#3328 = CARTESIAN_POINT('',(1.803468879687,2.942091015257E-15));
#3329 = DIRECTION('',(-1.,-5.551115123126E-17));
#3330 = ( GEOMETRIC_REPRESENTATION_CONTEXT(2) 
PARAMETRIC_REPRESENTATION_CONTEXT() REPRESENTATION_CONTEXT('2D SPACE',''
  ) );
#3331 = ORIENTED_EDGE('',*,*,#3332,.F.);
#3332 = EDGE_CURVE('',#3333,#3301,#3335,.T.);
#3333 = VERTEX_POINT('',#3334);
#3334 = CARTESIAN_POINT('',(57.868582317434,-4.,21.015915964046));
#3335 = SURFACE_CURVE('',#3336,(#3341,#3348),.PCURVE_S1.);
#3336 = CIRCLE('',#3337,20.);
#3337 = AXIS2_PLACEMENT_3D('',#3338,#3339,#3340);
#3338 = CARTESIAN_POINT('',(40.,-4.,30.));
#3339 = DIRECTION('',(0.,-1.,1.110223024625E-16));
#3340 = DIRECTION('',(1.,0.,0.));
#3341 = PCURVE('',#1277,#3342);
#3342 = DEFINITIONAL_REPRESENTATION('',(#3343),#3347);
#3343 = LINE('',#3344,#3345);
#3344 = CARTESIAN_POINT('',(0.,8.));
#3345 = VECTOR('',#3346,1.);
#3346 = DIRECTION('',(1.,0.));
#3347 = ( GEOMETRIC_REPRESENTATION_CONTEXT(2) 
PARAMETRIC_REPRESENTATION_CONTEXT() REPRESENTATION_CONTEXT('2D SPACE',''
  ) );
#3348 = PCURVE('',#3349,#3354);
#3349 = PLANE('',#3350);
#3350 = AXIS2_PLACEMENT_3D('',#3351,#3352,#3353);
#3351 = CARTESIAN_POINT('',(40.,-4.,30.));
#3352 = DIRECTION('',(0.,-1.,1.110223024625E-16));
#3353 = DIRECTION('',(1.,0.,0.));
#3354 = DEFINITIONAL_REPRESENTATION('',(#3355),#3359);
#3355 = CIRCLE('',#3356,20.);
#3356 = AXIS2_PLACEMENT_2D('',#3357,#3358);
#3357 = CARTESIAN_POINT('',(0.,0.));
#3358 = DIRECTION('',(1.,0.));
#3359 = ( GEOMETRIC_REPRESENTATION_CONTEXT(2) 
PARAMETRIC_REPRESENTATION_CONTEXT() REPRESENTATION_CONTEXT('2D SPACE',''
  ) );
#3360 = ORIENTED_EDGE('',*,*,#3361,.F.);
#3361 = EDGE_CURVE('',#3362,#3333,#3364,.T.);
#3362 = VERTEX_POINT('',#3363);
#3363 = CARTESIAN_POINT('',(57.320508075689,-2.8,20.));
#3364 = SURFACE_CURVE('',#3365,(#3370,#3380),.PCURVE_S1.);
#3365 = ELLIPSE('',#3366,28.855502074994,20.);
#3366 = AXIS2_PLACEMENT_3D('',#3367,#3368,#3369);
#3367 = CARTESIAN_POINT('',(40.,-2.8,30.));
#3368 = DIRECTION('',(-0.360416532451,-0.693108716252,-0.624259746093));
#3369 = DIRECTION('',(0.346554358126,-0.720833064902,0.600249755858));
#3370 = PCURVE('',#1277,#3371);
#3371 = DEFINITIONAL_REPRESENTATION('',(#3372),#3379);
#3372 = B_SPLINE_CURVE_WITH_KNOTS('',5,(#3373,#3374,#3375,#3376,#3377,
    #3378),.UNSPECIFIED.,.F.,.F.,(6,6),(4.706138939694,4.77011336887),
  .PIECEWISE_BEZIER_KNOTS.);
#3373 = CARTESIAN_POINT('',(5.75333649089,6.67));
#3374 = CARTESIAN_POINT('',(5.766131376726,6.9361284274));
#3375 = CARTESIAN_POINT('',(5.778926262561,7.202283457531));
#3376 = CARTESIAN_POINT('',(5.791721148396,7.468374324456));
#3377 = CARTESIAN_POINT('',(5.804516034232,7.734310244116));
#3378 = CARTESIAN_POINT('',(5.817310920067,8.0000006));
#3379 = ( GEOMETRIC_REPRESENTATION_CONTEXT(2) 
PARAMETRIC_REPRESENTATION_CONTEXT() REPRESENTATION_CONTEXT('2D SPACE',''
  ) );
#3380 = PCURVE('',#3381,#3386);
#3381 = PLANE('',#3382);
#3382 = AXIS2_PLACEMENT_3D('',#3383,#3384,#3385);
#3383 = CARTESIAN_POINT('',(40.,-2.8,30.));
#3384 = DIRECTION('',(-0.360416532451,-0.693108716252,-0.624259746093));
#3385 = DIRECTION('',(0.346554358126,-0.720833064902,0.600249755858));
#3386 = DEFINITIONAL_REPRESENTATION('',(#3387),#3391);
#3387 = ELLIPSE('',#3388,28.855502074994,20.);
#3388 = AXIS2_PLACEMENT_2D('',#3389,#3390);
#3389 = CARTESIAN_POINT('',(0.,0.));
#3390 = DIRECTION('',(1.,0.));
#3391 = ( GEOMETRIC_REPRESENTATION_CONTEXT(2) 
PARAMETRIC_REPRESENTATION_CONTEXT() REPRESENTATION_CONTEXT('2D SPACE',''
  ) );
#3392 = ORIENTED_EDGE('',*,*,#3393,.F.);
#3393 = EDGE_CURVE('',#3394,#3362,#3396,.T.);
#3394 = VERTEX_POINT('',#3395);
#3395 = CARTESIAN_POINT('',(56.714736163588,-4.,19.017395801466));
#3396 = SURFACE_CURVE('',#3397,(#3402,#3412),.PCURVE_S1.);
#3397 = ELLIPSE('',#3398,28.855502074994,20.);
#3398 = AXIS2_PLACEMENT_3D('',#3399,#3400,#3401);
#3399 = CARTESIAN_POINT('',(40.,-2.8,30.));
#3400 = DIRECTION('',(0.360416532451,-0.693108716252,0.624259746093));
#3401 = DIRECTION('',(-0.346554358126,-0.720833064902,-0.600249755858));
#3402 = PCURVE('',#1277,#3403);
#3403 = DEFINITIONAL_REPRESENTATION('',(#3404),#3411);
#3404 = B_SPLINE_CURVE_WITH_KNOTS('',5,(#3405,#3406,#3407,#3408,#3409,
    #3410),.UNSPECIFIED.,.F.,.F.,(6,6),(1.513071938309,1.577046367486),
  .PIECEWISE_BEZIER_KNOTS.);
#3405 = CARTESIAN_POINT('',(5.701862143096,8.0000006));
#3406 = CARTESIAN_POINT('',(5.714657028931,7.734310244116));
#3407 = CARTESIAN_POINT('',(5.727451914766,7.468374324456));
#3408 = CARTESIAN_POINT('',(5.740246800602,7.202283457531));
#3409 = CARTESIAN_POINT('',(5.753041686437,6.9361284274));
#3410 = CARTESIAN_POINT('',(5.765836572272,6.67));
#3411 = ( GEOMETRIC_REPRESENTATION_CONTEXT(2) 
PARAMETRIC_REPRESENTATION_CONTEXT() REPRESENTATION_CONTEXT('2D SPACE',''
  ) );
#3412 = PCURVE('',#3413,#3418);
#3413 = PLANE('',#3414);
#3414 = AXIS2_PLACEMENT_3D('',#3415,#3416,#3417);
#3415 = CARTESIAN_POINT('',(39.375,-4.1,28.917468245269));
#3416 = DIRECTION('',(0.360416532451,-0.693108716252,0.624259746093));
#3417 = DIRECTION('',(0.346554358126,0.720833064902,0.600249755858));
#3418 = DEFINITIONAL_REPRESENTATION('',(#3419),#3423);
#3419 = ELLIPSE('',#3420,28.855502074994,20.);
#3420 = AXIS2_PLACEMENT_2D('',#3421,#3422);
#3421 = CARTESIAN_POINT('',(1.803468879687,-4.440892098501E-16));
#3422 = DIRECTION('',(-1.,0.));
#3423 = ( GEOMETRIC_REPRESENTATION_CONTEXT(2) 
PARAMETRIC_REPRESENTATION_CONTEXT() REPRESENTATION_CONTEXT('2D SPACE',''
  ) );
#3424 = ORIENTED_EDGE('',*,*,#3425,.F.);
#3425 = EDGE_CURVE('',#3426,#3394,#3428,.T.);
#3426 = VERTEX_POINT('',#3427);
#3427 = CARTESIAN_POINT('',(54.934473088275,-4.,16.697311791386));
#3428 = SURFACE_CURVE('',#3429,(#3434,#3441),.PCURVE_S1.);
#3429 = CIRCLE('',#3430,20.);
#3430 = AXIS2_PLACEMENT_3D('',#3431,#3432,#3433);
#3431 = CARTESIAN_POINT('',(40.,-4.,30.));
#3432 = DIRECTION('',(0.,-1.,1.110223024625E-16));
#3433 = DIRECTION('',(1.,0.,0.));
#3434 = PCURVE('',#1277,#3435);
#3435 = DEFINITIONAL_REPRESENTATION('',(#3436),#3440);
#3436 = LINE('',#3437,#3438);
#3437 = CARTESIAN_POINT('',(0.,8.));
#3438 = VECTOR('',#3439,1.);
#3439 = DIRECTION('',(1.,0.));
#3440 = ( GEOMETRIC_REPRESENTATION_CONTEXT(2) 
PARAMETRIC_REPRESENTATION_CONTEXT() REPRESENTATION_CONTEXT('2D SPACE',''
  ) );
#3441 = PCURVE('',#3442,#3447);
#3442 = PLANE('',#3443);
#3443 = AXIS2_PLACEMENT_3D('',#3444,#3445,#3446);
#3444 = CARTESIAN_POINT('',(40.,-4.,30.));
#3445 = DIRECTION('',(0.,-1.,1.110223024625E-16));
#3446 = DIRECTION('',(1.,0.,0.));
#3447 = DEFINITIONAL_REPRESENTATION('',(#3448),#3452);
#3448 = CIRCLE('',#3449,20.);
#3449 = AXIS2_PLACEMENT_2D('',#3450,#3451);
#3450 = CARTESIAN_POINT('',(0.,0.));
#3451 = DIRECTION('',(1.,0.));
#3452 = ( GEOMETRIC_REPRESENTATION_CONTEXT(2) 
PARAMETRIC_REPRESENTATION_CONTEXT() REPRESENTATION_CONTEXT('2D SPACE',''
  ) );
#3453 = ORIENTED_EDGE('',*,*,#3454,.F.);
#3454 = EDGE_CURVE('',#3455,#3426,#3457,.T.);
#3455 = VERTEX_POINT('',#3456);
#3456 = CARTESIAN_POINT('',(54.142135623731,-2.8,15.857864376269));
#3457 = SURFACE_CURVE('',#3458,(#3463,#3473),.PCURVE_S1.);
#3458 = ELLIPSE('',#3459,28.855502074994,20.);
#3459 = AXIS2_PLACEMENT_3D('',#3460,#3461,#3462);
#3460 = CARTESIAN_POINT('',(40.,-2.8,30.));
#3461 = DIRECTION('',(-0.509705948296,-0.693108716252,-0.509705948296));
#3462 = DIRECTION('',(0.490101873361,-0.720833064902,0.490101873361));
#3463 = PCURVE('',#1277,#3464);
#3464 = DEFINITIONAL_REPRESENTATION('',(#3465),#3472);
#3465 = B_SPLINE_CURVE_WITH_KNOTS('',5,(#3466,#3467,#3468,#3469,#3470,
    #3471),.UNSPECIFIED.,.F.,.F.,(6,6),(4.706138939694,4.77011336887),
  .PIECEWISE_BEZIER_KNOTS.);
#3466 = CARTESIAN_POINT('',(5.491537103091,6.67));
#3467 = CARTESIAN_POINT('',(5.504331988927,6.9361284274));
#3468 = CARTESIAN_POINT('',(5.517126874762,7.202283457531));
#3469 = CARTESIAN_POINT('',(5.529921760597,7.468374324456));
#3470 = CARTESIAN_POINT('',(5.542716646432,7.734310244116));
#3471 = CARTESIAN_POINT('',(5.555511532268,8.0000006));
#3472 = ( GEOMETRIC_REPRESENTATION_CONTEXT(2) 
PARAMETRIC_REPRESENTATION_CONTEXT() REPRESENTATION_CONTEXT('2D SPACE',''
  ) );
#3473 = PCURVE('',#3474,#3479);
#3474 = PLANE('',#3475);
#3475 = AXIS2_PLACEMENT_3D('',#3476,#3477,#3478);
#3476 = CARTESIAN_POINT('',(40.,-2.8,30.));
#3477 = DIRECTION('',(-0.509705948296,-0.693108716252,-0.509705948296));
#3478 = DIRECTION('',(0.490101873361,-0.720833064902,0.490101873361));
#3479 = DEFINITIONAL_REPRESENTATION('',(#3480),#3484);
#3480 = ELLIPSE('',#3481,28.855502074994,20.);
#3481 = AXIS2_PLACEMENT_2D('',#3482,#3483);
#3482 = CARTESIAN_POINT('',(0.,0.));
#3483 = DIRECTION('',(1.,-5.551115123126E-17));
#3484 = ( GEOMETRIC_REPRESENTATION_CONTEXT(2) 
PARAMETRIC_REPRESENTATION_CONTEXT() REPRESENTATION_CONTEXT('2D SPACE',''
  ) );
#3485 = ORIENTED_EDGE('',*,*,#3486,.F.);
#3486 = EDGE_CURVE('',#3487,#3455,#3489,.T.);
#3487 = VERTEX_POINT('',#3488);
#3488 = CARTESIAN_POINT('',(53.302688208614,-4.,15.065526911725));
#3489 = SURFACE_CURVE('',#3490,(#3495,#3505),.PCURVE_S1.);
#3490 = ELLIPSE('',#3491,28.855502074994,20.);
#3491 = AXIS2_PLACEMENT_3D('',#3492,#3493,#3494);
#3492 = CARTESIAN_POINT('',(40.,-2.8,30.));
#3493 = DIRECTION('',(0.509705948296,-0.693108716252,0.509705948296));
#3494 = DIRECTION('',(-0.490101873361,-0.720833064902,-0.490101873361));
#3495 = PCURVE('',#1277,#3496);
#3496 = DEFINITIONAL_REPRESENTATION('',(#3497),#3504);
#3497 = B_SPLINE_CURVE_WITH_KNOTS('',5,(#3498,#3499,#3500,#3501,#3502,
    #3503),.UNSPECIFIED.,.F.,.F.,(6,6),(1.513071938309,1.577046367486),
  .PIECEWISE_BEZIER_KNOTS.);
#3498 = CARTESIAN_POINT('',(5.440062755297,8.0000006));
#3499 = CARTESIAN_POINT('',(5.452857641132,7.734310244116));
#3500 = CARTESIAN_POINT('',(5.465652526967,7.468374324456));
#3501 = CARTESIAN_POINT('',(5.478447412802,7.202283457531));
#3502 = CARTESIAN_POINT('',(5.491242298638,6.9361284274));
#3503 = CARTESIAN_POINT('',(5.504037184473,6.67));
#3504 = ( GEOMETRIC_REPRESENTATION_CONTEXT(2) 
PARAMETRIC_REPRESENTATION_CONTEXT() REPRESENTATION_CONTEXT('2D SPACE',''
  ) );
#3505 = PCURVE('',#3506,#3511);
#3506 = PLANE('',#3507);
#3507 = AXIS2_PLACEMENT_3D('',#3508,#3509,#3510);
#3508 = CARTESIAN_POINT('',(39.116116523517,-4.1,29.116116523517));
#3509 = DIRECTION('',(0.509705948296,-0.693108716252,0.509705948296));
#3510 = DIRECTION('',(0.490101873361,0.720833064902,0.490101873361));
#3511 = DEFINITIONAL_REPRESENTATION('',(#3512),#3516);
#3512 = ELLIPSE('',#3513,28.855502074994,20.);
#3513 = AXIS2_PLACEMENT_2D('',#3514,#3515);
#3514 = CARTESIAN_POINT('',(1.803468879687,3.330669073875E-16));
#3515 = DIRECTION('',(-1.,-5.551115123126E-17));
#3516 = ( GEOMETRIC_REPRESENTATION_CONTEXT(2) 
PARAMETRIC_REPRESENTATION_CONTEXT() REPRESENTATION_CONTEXT('2D SPACE',''
  ) );
#3517 = ORIENTED_EDGE('',*,*,#3518,.F.);
#3518 = EDGE_CURVE('',#3519,#3487,#3521,.T.);
#3519 = VERTEX_POINT('',#3520);
#3520 = CARTESIAN_POINT('',(50.982604198534,-4.,13.285263836412));
#3521 = SURFACE_CURVE('',#3522,(#3527,#3534),.PCURVE_S1.);
#3522 = CIRCLE('',#3523,20.);
#3523 = AXIS2_PLACEMENT_3D('',#3524,#3525,#3526);
#3524 = CARTESIAN_POINT('',(40.,-4.,30.));
#3525 = DIRECTION('',(0.,-1.,1.110223024625E-16));
#3526 = DIRECTION('',(1.,0.,0.));
#3527 = PCURVE('',#1277,#3528);
#3528 = DEFINITIONAL_REPRESENTATION('',(#3529),#3533);
#3529 = LINE('',#3530,#3531);
#3530 = CARTESIAN_POINT('',(0.,8.));
#3531 = VECTOR('',#3532,1.);
#3532 = DIRECTION('',(1.,0.));
#3533 = ( GEOMETRIC_REPRESENTATION_CONTEXT(2) 
PARAMETRIC_REPRESENTATION_CONTEXT() REPRESENTATION_CONTEXT('2D SPACE',''
  ) );
#3534 = PCURVE('',#3535,#3540);
#3535 = PLANE('',#3536);
#3536 = AXIS2_PLACEMENT_3D('',#3537,#3538,#3539);
#3537 = CARTESIAN_POINT('',(40.,-4.,30.));
#3538 = DIRECTION('',(0.,-1.,1.110223024625E-16));
#3539 = DIRECTION('',(1.,0.,0.));
#3540 = DEFINITIONAL_REPRESENTATION('',(#3541),#3545);
#3541 = CIRCLE('',#3542,20.);
#3542 = AXIS2_PLACEMENT_2D('',#3543,#3544);
#3543 = CARTESIAN_POINT('',(0.,0.));
#3544 = DIRECTION('',(1.,0.));
#3545 = ( GEOMETRIC_REPRESENTATION_CONTEXT(2) 
PARAMETRIC_REPRESENTATION_CONTEXT() REPRESENTATION_CONTEXT('2D SPACE',''
  ) );
#3546 = ORIENTED_EDGE('',*,*,#3547,.F.);
#3547 = EDGE_CURVE('',#3548,#3519,#3550,.T.);
#3548 = VERTEX_POINT('',#3549);
#3549 = CARTESIAN_POINT('',(50.,-2.8,12.679491924311));
#3550 = SURFACE_CURVE('',#3551,(#3556,#3566),.PCURVE_S1.);
#3551 = ELLIPSE('',#3552,28.855502074994,20.);
#3552 = AXIS2_PLACEMENT_3D('',#3553,#3554,#3555);
#3553 = CARTESIAN_POINT('',(40.,-2.8,30.));
#3554 = DIRECTION('',(-0.624259746093,-0.693108716252,-0.360416532451));
#3555 = DIRECTION('',(0.600249755858,-0.720833064902,0.346554358126));
#3556 = PCURVE('',#1277,#3557);
#3557 = DEFINITIONAL_REPRESENTATION('',(#3558),#3565);
#3558 = B_SPLINE_CURVE_WITH_KNOTS('',5,(#3559,#3560,#3561,#3562,#3563,
    #3564),.UNSPECIFIED.,.F.,.F.,(6,6),(4.706138939694,4.77011336887),
  .PIECEWISE_BEZIER_KNOTS.);
#3559 = CARTESIAN_POINT('',(5.229737715292,6.67));
#3560 = CARTESIAN_POINT('',(5.242532601127,6.9361284274));
#3561 = CARTESIAN_POINT('',(5.255327486963,7.202283457531));
#3562 = CARTESIAN_POINT('',(5.268122372798,7.468374324456));
#3563 = CARTESIAN_POINT('',(5.280917258633,7.734310244116));
#3564 = CARTESIAN_POINT('',(5.293712144468,8.0000006));
#3565 = ( GEOMETRIC_REPRESENTATION_CONTEXT(2) 
PARAMETRIC_REPRESENTATION_CONTEXT() REPRESENTATION_CONTEXT('2D SPACE',''
  ) );
#3566 = PCURVE('',#3567,#3572);
#3567 = PLANE('',#3568);
#3568 = AXIS2_PLACEMENT_3D('',#3569,#3570,#3571);
#3569 = CARTESIAN_POINT('',(40.,-2.8,30.));
#3570 = DIRECTION('',(-0.624259746093,-0.693108716252,-0.360416532451));
#3571 = DIRECTION('',(0.600249755858,-0.720833064902,0.346554358126));
#3572 = DEFINITIONAL_REPRESENTATION('',(#3573),#3577);
#3573 = ELLIPSE('',#3574,28.855502074994,20.);
#3574 = AXIS2_PLACEMENT_2D('',#3575,#3576);
#3575 = CARTESIAN_POINT('',(0.,0.));
#3576 = DIRECTION('',(1.,5.551115123126E-17));
#3577 = ( GEOMETRIC_REPRESENTATION_CONTEXT(2) 
PARAMETRIC_REPRESENTATION_CONTEXT() REPRESENTATION_CONTEXT('2D SPACE',''
  ) );
#3578 = ORIENTED_EDGE('',*,*,#3579,.F.);
#3579 = EDGE_CURVE('',#3580,#3548,#3582,.T.);
#3580 = VERTEX_POINT('',#3581);
#3581 = CARTESIAN_POINT('',(48.984084035954,-4.,12.131417682566));
#3582 = SURFACE_CURVE('',#3583,(#3588,#3598),.PCURVE_S1.);
#3583 = ELLIPSE('',#3584,28.855502074994,20.);
#3584 = AXIS2_PLACEMENT_3D('',#3585,#3586,#3587);
#3585 = CARTESIAN_POINT('',(40.,-2.8,30.));
#3586 = DIRECTION('',(0.624259746093,-0.693108716252,0.360416532451));
#3587 = DIRECTION('',(-0.600249755858,-0.720833064902,-0.346554358126));
#3588 = PCURVE('',#1277,#3589);
#3589 = DEFINITIONAL_REPRESENTATION('',(#3590),#3597);
#3590 = B_SPLINE_CURVE_WITH_KNOTS('',5,(#3591,#3592,#3593,#3594,#3595,
    #3596),.UNSPECIFIED.,.F.,.F.,(6,6),(1.513071938309,1.577046367486),
  .PIECEWISE_BEZIER_KNOTS.);
#3591 = CARTESIAN_POINT('',(5.178263367498,8.0000006));
#3592 = CARTESIAN_POINT('',(5.191058253333,7.734310244116));
#3593 = CARTESIAN_POINT('',(5.203853139168,7.468374324456));
#3594 = CARTESIAN_POINT('',(5.216648025003,7.202283457531));
#3595 = CARTESIAN_POINT('',(5.229442910839,6.9361284274));
#3596 = CARTESIAN_POINT('',(5.242237796674,6.67));
#3597 = ( GEOMETRIC_REPRESENTATION_CONTEXT(2) 
PARAMETRIC_REPRESENTATION_CONTEXT() REPRESENTATION_CONTEXT('2D SPACE',''
  ) );
#3598 = PCURVE('',#3599,#3604);
#3599 = PLANE('',#3600);
#3600 = AXIS2_PLACEMENT_3D('',#3601,#3602,#3603);
#3601 = CARTESIAN_POINT('',(38.917468245269,-4.1,29.375));
#3602 = DIRECTION('',(0.624259746093,-0.693108716252,0.360416532451));
#3603 = DIRECTION('',(0.600249755858,0.720833064902,0.346554358126));
#3604 = DEFINITIONAL_REPRESENTATION('',(#3605),#3609);
#3605 = ELLIPSE('',#3606,28.855502074994,20.);
#3606 = AXIS2_PLACEMENT_2D('',#3607,#3608);
#3607 = CARTESIAN_POINT('',(1.803468879687,1.110223024625E-15));
#3608 = DIRECTION('',(-1.,0.));
#3609 = ( GEOMETRIC_REPRESENTATION_CONTEXT(2) 
PARAMETRIC_REPRESENTATION_CONTEXT() REPRESENTATION_CONTEXT('2D SPACE',''
  ) );
#3610 = ORIENTED_EDGE('',*,*,#3611,.F.);
#3611 = EDGE_CURVE('',#3612,#3580,#3614,.T.);
#3612 = VERTEX_POINT('',#3613);
#3613 = CARTESIAN_POINT('',(46.282288982274,-4.,11.012297528579));
#3614 = SURFACE_CURVE('',#3615,(#3620,#3627),.PCURVE_S1.);
#3615 = CIRCLE('',#3616,20.);
#3616 = AXIS2_PLACEMENT_3D('',#3617,#3618,#3619);
#3617 = CARTESIAN_POINT('',(40.,-4.,30.));
#3618 = DIRECTION('',(0.,-1.,1.110223024625E-16));
#3619 = DIRECTION('',(1.,0.,0.));
#3620 = PCURVE('',#1277,#3621);
#3621 = DEFINITIONAL_REPRESENTATION('',(#3622),#3626);
#3622 = LINE('',#3623,#3624);
#3623 = CARTESIAN_POINT('',(0.,8.));
#3624 = VECTOR('',#3625,1.);
#3625 = DIRECTION('',(1.,0.));
#3626 = ( GEOMETRIC_REPRESENTATION_CONTEXT(2) 
PARAMETRIC_REPRESENTATION_CONTEXT() REPRESENTATION_CONTEXT('2D SPACE',''
  ) );
#3627 = PCURVE('',#3628,#3633);
#3628 = PLANE('',#3629);
#3629 = AXIS2_PLACEMENT_3D('',#3630,#3631,#3632);
#3630 = CARTESIAN_POINT('',(40.,-4.,30.));
#3631 = DIRECTION('',(0.,-1.,1.110223024625E-16));
#3632 = DIRECTION('',(1.,0.,0.));
#3633 = DEFINITIONAL_REPRESENTATION('',(#3634),#3638);
#3634 = CIRCLE('',#3635,20.);
#3635 = AXIS2_PLACEMENT_2D('',#3636,#3637);
#3636 = CARTESIAN_POINT('',(0.,0.));
#3637 = DIRECTION('',(1.,0.));
#3638 = ( GEOMETRIC_REPRESENTATION_CONTEXT(2) 
PARAMETRIC_REPRESENTATION_CONTEXT() REPRESENTATION_CONTEXT('2D SPACE',''
  ) );
#3639 = ORIENTED_EDGE('',*,*,#3640,.F.);
#3640 = EDGE_CURVE('',#3641,#3612,#3643,.T.);
#3641 = VERTEX_POINT('',#3642);
#3642 = CARTESIAN_POINT('',(45.17638090205,-2.8,10.681483474219));
#3643 = SURFACE_CURVE('',#3644,(#3649,#3659),.PCURVE_S1.);
#3644 = ELLIPSE('',#3645,28.855502074994,20.);
#3645 = AXIS2_PLACEMENT_3D('',#3646,#3647,#3648);
#3646 = CARTESIAN_POINT('',(40.,-2.8,30.));
#3647 = DIRECTION('',(-0.696271273832,-0.693108716252,-0.186565325536));
#3648 = DIRECTION('',(0.669491609454,-0.720833064902,0.179389736093));
#3649 = PCURVE('',#1277,#3650);
#3650 = DEFINITIONAL_REPRESENTATION('',(#3651),#3658);
#3651 = B_SPLINE_CURVE_WITH_KNOTS('',5,(#3652,#3653,#3654,#3655,#3656,
    #3657),.UNSPECIFIED.,.F.,.F.,(6,6),(4.706138939694,4.77011336887),
  .PIECEWISE_BEZIER_KNOTS.);
#3652 = CARTESIAN_POINT('',(4.967938327493,6.67));
#3653 = CARTESIAN_POINT('',(4.980733213328,6.9361284274));
#3654 = CARTESIAN_POINT('',(4.993528099164,7.202283457531));
#3655 = CARTESIAN_POINT('',(5.006322984999,7.468374324456));
#3656 = CARTESIAN_POINT('',(5.019117870834,7.734310244116));
#3657 = CARTESIAN_POINT('',(5.031912756669,8.0000006));
#3658 = ( GEOMETRIC_REPRESENTATION_CONTEXT(2) 
PARAMETRIC_REPRESENTATION_CONTEXT() REPRESENTATION_CONTEXT('2D SPACE',''
  ) );
#3659 = PCURVE('',#3660,#3665);
#3660 = PLANE('',#3661);
#3661 = AXIS2_PLACEMENT_3D('',#3662,#3663,#3664);
#3662 = CARTESIAN_POINT('',(40.,-2.8,30.));
#3663 = DIRECTION('',(-0.696271273832,-0.693108716252,-0.186565325536));
#3664 = DIRECTION('',(0.669491609454,-0.720833064902,0.179389736093));
#3665 = DEFINITIONAL_REPRESENTATION('',(#3666),#3670);
#3666 = ELLIPSE('',#3667,28.855502074994,20.);
#3667 = AXIS2_PLACEMENT_2D('',#3668,#3669);
#3668 = CARTESIAN_POINT('',(0.,0.));
#3669 = DIRECTION('',(1.,0.));
#3670 = ( GEOMETRIC_REPRESENTATION_CONTEXT(2) 
PARAMETRIC_REPRESENTATION_CONTEXT() REPRESENTATION_CONTEXT('2D SPACE',''
  ) );
#3671 = ORIENTED_EDGE('',*,*,#3672,.F.);
#3672 = EDGE_CURVE('',#3673,#3641,#3675,.T.);
#3673 = VERTEX_POINT('',#3674);
#3674 = CARTESIAN_POINT('',(44.053229383146,-4.,10.415022809112));
#3675 = SURFACE_CURVE('',#3676,(#3681,#3691),.PCURVE_S1.);
#3676 = ELLIPSE('',#3677,28.855502074994,20.);
#3677 = AXIS2_PLACEMENT_3D('',#3678,#3679,#3680);
#3678 = CARTESIAN_POINT('',(40.,-2.8,30.));
#3679 = DIRECTION('',(0.696271273832,-0.693108716252,0.186565325536));
#3680 = DIRECTION('',(-0.669491609454,-0.720833064902,-0.179389736093));
#3681 = PCURVE('',#1277,#3682);
#3682 = DEFINITIONAL_REPRESENTATION('',(#3683),#3690);
#3683 = B_SPLINE_CURVE_WITH_KNOTS('',5,(#3684,#3685,#3686,#3687,#3688,
    #3689),.UNSPECIFIED.,.F.,.F.,(6,6),(1.513071938309,1.577046367486),
  .PIECEWISE_BEZIER_KNOTS.);
#3684 = CARTESIAN_POINT('',(4.916463979698,8.0000006));
#3685 = CARTESIAN_POINT('',(4.929258865534,7.734310244116));
#3686 = CARTESIAN_POINT('',(4.942053751369,7.468374324456));
#3687 = CARTESIAN_POINT('',(4.954848637204,7.202283457531));
#3688 = CARTESIAN_POINT('',(4.967643523039,6.9361284274));
#3689 = CARTESIAN_POINT('',(4.980438408875,6.67));
#3690 = ( GEOMETRIC_REPRESENTATION_CONTEXT(2) 
PARAMETRIC_REPRESENTATION_CONTEXT() REPRESENTATION_CONTEXT('2D SPACE',''
  ) );
#3691 = PCURVE('',#3692,#3697);
#3692 = PLANE('',#3693);
#3693 = AXIS2_PLACEMENT_3D('',#3694,#3695,#3696);
#3694 = CARTESIAN_POINT('',(38.792592717139,-4.1,29.676476193622));
#3695 = DIRECTION('',(0.696271273832,-0.693108716252,0.186565325536));
#3696 = DIRECTION('',(0.669491609454,0.720833064902,0.179389736093));
#3697 = DEFINITIONAL_REPRESENTATION('',(#3698),#3702);
#3698 = ELLIPSE('',#3699,28.855502074994,20.);
#3699 = AXIS2_PLACEMENT_2D('',#3700,#3701);
#3700 = CARTESIAN_POINT('',(1.803468879687,2.164934898019E-15));
#3701 = DIRECTION('',(-1.,0.));
#3702 = ( GEOMETRIC_REPRESENTATION_CONTEXT(2) 
PARAMETRIC_REPRESENTATION_CONTEXT() REPRESENTATION_CONTEXT('2D SPACE',''
  ) );
#3703 = ORIENTED_EDGE('',*,*,#3704,.F.);
#3704 = EDGE_CURVE('',#3705,#3673,#3707,.T.);
#3705 = VERTEX_POINT('',#3706);
#3706 = CARTESIAN_POINT('',(41.153846153846,-4.,10.033311765512));
#3707 = SURFACE_CURVE('',#3708,(#3713,#3720),.PCURVE_S1.);
#3708 = CIRCLE('',#3709,20.);
#3709 = AXIS2_PLACEMENT_3D('',#3710,#3711,#3712);
#3710 = CARTESIAN_POINT('',(40.,-4.,30.));
#3711 = DIRECTION('',(0.,-1.,1.110223024625E-16));
#3712 = DIRECTION('',(1.,0.,0.));
#3713 = PCURVE('',#1277,#3714);
#3714 = DEFINITIONAL_REPRESENTATION('',(#3715),#3719);
#3715 = LINE('',#3716,#3717);
#3716 = CARTESIAN_POINT('',(0.,8.));
#3717 = VECTOR('',#3718,1.);
#3718 = DIRECTION('',(1.,0.));
#3719 = ( GEOMETRIC_REPRESENTATION_CONTEXT(2) 
PARAMETRIC_REPRESENTATION_CONTEXT() REPRESENTATION_CONTEXT('2D SPACE',''
  ) );
#3720 = PCURVE('',#3721,#3726);
#3721 = PLANE('',#3722);
#3722 = AXIS2_PLACEMENT_3D('',#3723,#3724,#3725);
#3723 = CARTESIAN_POINT('',(40.,-4.,30.));
#3724 = DIRECTION('',(0.,-1.,1.110223024625E-16));
#3725 = DIRECTION('',(1.,0.,0.));
#3726 = DEFINITIONAL_REPRESENTATION('',(#3727),#3731);
#3727 = CIRCLE('',#3728,20.);
#3728 = AXIS2_PLACEMENT_2D('',#3729,#3730);
#3729 = CARTESIAN_POINT('',(0.,0.));
#3730 = DIRECTION('',(1.,0.));
#3731 = ( GEOMETRIC_REPRESENTATION_CONTEXT(2) 
PARAMETRIC_REPRESENTATION_CONTEXT() REPRESENTATION_CONTEXT('2D SPACE',''
  ) );
#3732 = ORIENTED_EDGE('',*,*,#3733,.F.);
#3733 = EDGE_CURVE('',#1572,#3705,#3734,.T.);
#3734 = SURFACE_CURVE('',#3735,(#3740,#3750),.PCURVE_S1.);
#3735 = ELLIPSE('',#3736,28.855502074994,20.);
#3736 = AXIS2_PLACEMENT_3D('',#3737,#3738,#3739);
#3737 = CARTESIAN_POINT('',(40.,-2.8,30.));
#3738 = DIRECTION('',(-0.720833064902,-0.693108716252,2.370076186481E-16
    ));
#3739 = DIRECTION('',(0.693108716252,-0.720833064902,-7.387250451371E-17
    ));
#3740 = PCURVE('',#1277,#3741);
#3741 = DEFINITIONAL_REPRESENTATION('',(#3742),#3749);
#3742 = B_SPLINE_CURVE_WITH_KNOTS('',5,(#3743,#3744,#3745,#3746,#3747,
    #3748),.UNSPECIFIED.,.F.,.F.,(6,6),(4.706138939694,4.77011336887),
  .PIECEWISE_BEZIER_KNOTS.);
#3743 = CARTESIAN_POINT('',(4.706138939694,6.67));
#3744 = CARTESIAN_POINT('',(4.718933825529,6.9361284274));
#3745 = CARTESIAN_POINT('',(4.731728711364,7.202283457531));
#3746 = CARTESIAN_POINT('',(4.7445235972,7.468374324456));
#3747 = CARTESIAN_POINT('',(4.757318483035,7.734310244116));
#3748 = CARTESIAN_POINT('',(4.77011336887,8.0000006));
#3749 = ( GEOMETRIC_REPRESENTATION_CONTEXT(2) 
PARAMETRIC_REPRESENTATION_CONTEXT() REPRESENTATION_CONTEXT('2D SPACE',''
  ) );
#3750 = PCURVE('',#3751,#3756);
#3751 = PLANE('',#3752);
#3752 = AXIS2_PLACEMENT_3D('',#3753,#3754,#3755);
#3753 = CARTESIAN_POINT('',(40.,-2.8,30.));
#3754 = DIRECTION('',(-0.720833064902,-0.693108716252,2.370076186481E-16
    ));
#3755 = DIRECTION('',(0.693108716252,-0.720833064902,-7.387250451371E-17
    ));
#3756 = DEFINITIONAL_REPRESENTATION('',(#3757),#3761);
#3757 = ELLIPSE('',#3758,28.855502074994,20.);
#3758 = AXIS2_PLACEMENT_2D('',#3759,#3760);
#3759 = CARTESIAN_POINT('',(0.,0.));
#3760 = DIRECTION('',(1.,-1.232595164408E-32));
#3761 = ( GEOMETRIC_REPRESENTATION_CONTEXT(2) 
PARAMETRIC_REPRESENTATION_CONTEXT() REPRESENTATION_CONTEXT('2D SPACE',''
  ) );
#3762 = ORIENTED_EDGE('',*,*,#1571,.F.);
#3763 = ORIENTED_EDGE('',*,*,#1396,.T.);
#3764 = ORIENTED_EDGE('',*,*,#1373,.F.);
#3765 = ORIENTED_EDGE('',*,*,#1256,.T.);
#3766 = ADVANCED_FACE('',(#3767),#1333,.F.);
#3767 = FACE_BOUND('',#3768,.F.);
#3768 = EDGE_LOOP('',(#3769,#3792,#3819,#3846,#3873,#3900,#3927,#3954,
    #3981,#4008,#4035,#4062,#4089,#4116,#4143,#4170,#4197,#4224,#4251,
    #4278,#4305,#4332,#4359,#4386,#4413,#4440,#4467,#4494,#4521,#4548,
    #4575,#4602,#4629,#4656,#4683,#4710,#4737,#4764,#4791,#4818,#4845,
    #4872,#4899,#4926,#4953,#4980,#5007,#5034,#5061,#5086,#5087));
#3769 = ORIENTED_EDGE('',*,*,#3770,.F.);
#3770 = EDGE_CURVE('',#3771,#1313,#3773,.T.);
#3771 = VERTEX_POINT('',#3772);
#3772 = CARTESIAN_POINT('',(43.2,-2.8,30.));
#3773 = SEAM_CURVE('',#3774,(#3778,#3785),.PCURVE_S1.);
#3774 = LINE('',#3775,#3776);
#3775 = CARTESIAN_POINT('',(43.2,-2.8,30.));
#3776 = VECTOR('',#3777,1.);
#3777 = DIRECTION('',(0.,1.,0.));
#3778 = PCURVE('',#1333,#3779);
#3779 = DEFINITIONAL_REPRESENTATION('',(#3780),#3784);
#3780 = LINE('',#3781,#3782);
#3781 = CARTESIAN_POINT('',(6.28318530718,18.8));
#3782 = VECTOR('',#3783,1.);
#3783 = DIRECTION('',(0.,-1.));
#3784 = ( GEOMETRIC_REPRESENTATION_CONTEXT(2) 
PARAMETRIC_REPRESENTATION_CONTEXT() REPRESENTATION_CONTEXT('2D SPACE',''
  ) );
#3785 = PCURVE('',#1333,#3786);
#3786 = DEFINITIONAL_REPRESENTATION('',(#3787),#3791);
#3787 = LINE('',#3788,#3789);
#3788 = CARTESIAN_POINT('',(0.,18.8));
#3789 = VECTOR('',#3790,1.);
#3790 = DIRECTION('',(0.,-1.));
#3791 = ( GEOMETRIC_REPRESENTATION_CONTEXT(2) 
PARAMETRIC_REPRESENTATION_CONTEXT() REPRESENTATION_CONTEXT('2D SPACE',''
  ) );
#3792 = ORIENTED_EDGE('',*,*,#3793,.F.);
#3793 = EDGE_CURVE('',#3794,#3771,#3796,.T.);
#3794 = VERTEX_POINT('',#3795);
#3795 = CARTESIAN_POINT('',(43.172623556396,-3.234391167708,
    29.582316184896));
#3796 = SURFACE_CURVE('',#3797,(#3802,#3812),.PCURVE_S1.);
#3797 = ELLIPSE('',#3798,4.616880331999,3.2);
#3798 = AXIS2_PLACEMENT_3D('',#3799,#3800,#3801);
#3799 = CARTESIAN_POINT('',(40.,-2.8,30.));
#3800 = DIRECTION('',(8.827659056516E-17,-0.693108716252,0.720833064902)
  );
#3801 = DIRECTION('',(8.488133708189E-17,0.720833064902,0.693108716252)
  );
#3802 = PCURVE('',#1333,#3803);
#3803 = DEFINITIONAL_REPRESENTATION('',(#3804),#3811);
#3804 = B_SPLINE_CURVE_WITH_KNOTS('',5,(#3805,#3806,#3807,#3808,#3809,
    #3810),.UNSPECIFIED.,.F.,.F.,(6,6),(4.304541140642,4.712388980385),
  .PIECEWISE_BEZIER_KNOTS.);
#3805 = CARTESIAN_POINT('',(5.875337467437,20.12));
#3806 = CARTESIAN_POINT('',(5.956907035385,19.870802847248));
#3807 = CARTESIAN_POINT('',(6.038476603334,19.610627368241));
#3808 = CARTESIAN_POINT('',(6.120046171282,19.342927127923));
#3809 = CARTESIAN_POINT('',(6.201615739231,19.071463522133));
#3810 = CARTESIAN_POINT('',(6.28318530718,18.8));
#3811 = ( GEOMETRIC_REPRESENTATION_CONTEXT(2) 
PARAMETRIC_REPRESENTATION_CONTEXT() REPRESENTATION_CONTEXT('2D SPACE',''
  ) );
#3812 = PCURVE('',#3227,#3813);
#3813 = DEFINITIONAL_REPRESENTATION('',(#3814),#3818);
#3814 = ELLIPSE('',#3815,4.616880331999,3.2);
#3815 = AXIS2_PLACEMENT_2D('',#3816,#3817);
#3816 = CARTESIAN_POINT('',(-9.603425586782E-16,-1.811392467284E-47));
#3817 = DIRECTION('',(-1.,-2.465190328816E-32));
#3818 = ( GEOMETRIC_REPRESENTATION_CONTEXT(2) 
PARAMETRIC_REPRESENTATION_CONTEXT() REPRESENTATION_CONTEXT('2D SPACE',''
  ) );
#3819 = ORIENTED_EDGE('',*,*,#3820,.F.);
#3820 = EDGE_CURVE('',#3821,#3794,#3823,.T.);
#3821 = VERTEX_POINT('',#3822);
#3822 = CARTESIAN_POINT('',(43.090962644125,-2.8,29.171779055672));
#3823 = SURFACE_CURVE('',#3824,(#3829,#3839),.PCURVE_S1.);
#3824 = ELLIPSE('',#3825,4.616880331999,3.2);
#3825 = AXIS2_PLACEMENT_3D('',#3826,#3827,#3828);
#3826 = CARTESIAN_POINT('',(40.,-2.8,30.));
#3827 = DIRECTION('',(-0.186565325536,-0.693108716252,-0.696271273832));
#3828 = DIRECTION('',(-0.179389736093,0.720833064902,-0.669491609454));
#3829 = PCURVE('',#1333,#3830);
#3830 = DEFINITIONAL_REPRESENTATION('',(#3831),#3838);
#3831 = B_SPLINE_CURVE_WITH_KNOTS('',5,(#3832,#3833,#3834,#3835,#3836,
    #3837),.UNSPECIFIED.,.F.,.F.,(6,6),(1.534730816468,1.832595714594),
  .PIECEWISE_BEZIER_KNOTS.);
#3832 = CARTESIAN_POINT('',(5.985320409053,18.68));
#3833 = CARTESIAN_POINT('',(6.044893388678,18.878129950423));
#3834 = CARTESIAN_POINT('',(6.104466368304,19.076792248607));
#3835 = CARTESIAN_POINT('',(6.164039347929,19.27452195535));
#3836 = CARTESIAN_POINT('',(6.223612327554,19.469846413295));
#3837 = CARTESIAN_POINT('',(6.28318530718,19.661349782101));
#3838 = ( GEOMETRIC_REPRESENTATION_CONTEXT(2) 
PARAMETRIC_REPRESENTATION_CONTEXT() REPRESENTATION_CONTEXT('2D SPACE',''
  ) );
#3839 = PCURVE('',#3288,#3840);
#3840 = DEFINITIONAL_REPRESENTATION('',(#3841),#3845);
#3841 = ELLIPSE('',#3842,4.616880331999,3.2);
#3842 = AXIS2_PLACEMENT_2D('',#3843,#3844);
#3843 = CARTESIAN_POINT('',(-9.603425586782E-16,3.8282292414E-32));
#3844 = DIRECTION('',(-1.,-5.551115123126E-17));
#3845 = ( GEOMETRIC_REPRESENTATION_CONTEXT(2) 
PARAMETRIC_REPRESENTATION_CONTEXT() REPRESENTATION_CONTEXT('2D SPACE',''
  ) );
#3846 = ORIENTED_EDGE('',*,*,#3847,.F.);
#3847 = EDGE_CURVE('',#3848,#3821,#3850,.T.);
#3848 = VERTEX_POINT('',#3849);
#3849 = CARTESIAN_POINT('',(42.956414504036,-3.234391167708,
    28.775413016432));
#3850 = SURFACE_CURVE('',#3851,(#3856,#3866),.PCURVE_S1.);
#3851 = ELLIPSE('',#3852,4.616880331999,3.2);
#3852 = AXIS2_PLACEMENT_3D('',#3853,#3854,#3855);
#3853 = CARTESIAN_POINT('',(40.,-2.8,30.));
#3854 = DIRECTION('',(0.186565325536,-0.693108716252,0.696271273832));
#3855 = DIRECTION('',(0.179389736093,0.720833064902,0.669491609454));
#3856 = PCURVE('',#1333,#3857);
#3857 = DEFINITIONAL_REPRESENTATION('',(#3858),#3865);
#3858 = B_SPLINE_CURVE_WITH_KNOTS('',5,(#3859,#3860,#3861,#3862,#3863,
    #3864),.UNSPECIFIED.,.F.,.F.,(6,6),(4.304541140642,4.748454490712),
  .PIECEWISE_BEZIER_KNOTS.);
#3859 = CARTESIAN_POINT('',(5.613538079637,20.12));
#3860 = CARTESIAN_POINT('',(5.702320749652,19.848766632733));
#3861 = CARTESIAN_POINT('',(5.791103419666,19.564527529015));
#3862 = CARTESIAN_POINT('',(5.87988608968,19.271735649027));
#3863 = CARTESIAN_POINT('',(5.968668759694,18.975276585441));
#3864 = CARTESIAN_POINT('',(6.057451429708,18.68));
#3865 = ( GEOMETRIC_REPRESENTATION_CONTEXT(2) 
PARAMETRIC_REPRESENTATION_CONTEXT() REPRESENTATION_CONTEXT('2D SPACE',''
  ) );
#3866 = PCURVE('',#3320,#3867);
#3867 = DEFINITIONAL_REPRESENTATION('',(#3868),#3872);
#3868 = ELLIPSE('',#3869,4.616880331999,3.2);
#3869 = AXIS2_PLACEMENT_2D('',#3870,#3871);
#3870 = CARTESIAN_POINT('',(1.803468879687,2.942091015257E-15));
#3871 = DIRECTION('',(1.,5.551115123126E-17));
#3872 = ( GEOMETRIC_REPRESENTATION_CONTEXT(2) 
PARAMETRIC_REPRESENTATION_CONTEXT() REPRESENTATION_CONTEXT('2D SPACE',''
  ) );
#3873 = ORIENTED_EDGE('',*,*,#3874,.F.);
#3874 = EDGE_CURVE('',#3875,#3848,#3877,.T.);
#3875 = VERTEX_POINT('',#3876);
#3876 = CARTESIAN_POINT('',(42.77128129211,-2.8,28.4));
#3877 = SURFACE_CURVE('',#3878,(#3883,#3893),.PCURVE_S1.);
#3878 = ELLIPSE('',#3879,4.616880331999,3.2);
#3879 = AXIS2_PLACEMENT_3D('',#3880,#3881,#3882);
#3880 = CARTESIAN_POINT('',(40.,-2.8,30.));
#3881 = DIRECTION('',(-0.360416532451,-0.693108716252,-0.624259746093));
#3882 = DIRECTION('',(-0.346554358126,0.720833064902,-0.600249755858));
#3883 = PCURVE('',#1333,#3884);
#3884 = DEFINITIONAL_REPRESENTATION('',(#3885),#3892);
#3885 = B_SPLINE_CURVE_WITH_KNOTS('',5,(#3886,#3887,#3888,#3889,#3890,
    #3891),.UNSPECIFIED.,.F.,.F.,(6,6),(1.534730816468,1.978644166538),
  .PIECEWISE_BEZIER_KNOTS.);
#3886 = CARTESIAN_POINT('',(5.723521021254,18.68));
#3887 = CARTESIAN_POINT('',(5.812303691268,18.975276585441));
#3888 = CARTESIAN_POINT('',(5.901086361282,19.271735649027));
#3889 = CARTESIAN_POINT('',(5.989869031296,19.564527529015));
#3890 = CARTESIAN_POINT('',(6.07865170131,19.848766632733));
#3891 = CARTESIAN_POINT('',(6.167434371324,20.12));
#3892 = ( GEOMETRIC_REPRESENTATION_CONTEXT(2) 
PARAMETRIC_REPRESENTATION_CONTEXT() REPRESENTATION_CONTEXT('2D SPACE',''
  ) );
#3893 = PCURVE('',#3381,#3894);
#3894 = DEFINITIONAL_REPRESENTATION('',(#3895),#3899);
#3895 = ELLIPSE('',#3896,4.616880331999,3.2);
#3896 = AXIS2_PLACEMENT_2D('',#3897,#3898);
#3897 = CARTESIAN_POINT('',(-9.603425586782E-16,7.395570986447E-32));
#3898 = DIRECTION('',(-1.,0.));
#3899 = ( GEOMETRIC_REPRESENTATION_CONTEXT(2) 
PARAMETRIC_REPRESENTATION_CONTEXT() REPRESENTATION_CONTEXT('2D SPACE',''
  ) );
#3900 = ORIENTED_EDGE('',*,*,#3901,.F.);
#3901 = EDGE_CURVE('',#3902,#3875,#3904,.T.);
#3902 = VERTEX_POINT('',#3903);
#3903 = CARTESIAN_POINT('',(42.538730688932,-3.234391167708,
    28.051963427172));
#3904 = SURFACE_CURVE('',#3905,(#3910,#3920),.PCURVE_S1.);
#3905 = ELLIPSE('',#3906,4.616880331999,3.2);
#3906 = AXIS2_PLACEMENT_3D('',#3907,#3908,#3909);
#3907 = CARTESIAN_POINT('',(40.,-2.8,30.));
#3908 = DIRECTION('',(0.360416532451,-0.693108716252,0.624259746093));
#3909 = DIRECTION('',(0.346554358126,0.720833064902,0.600249755858));
#3910 = PCURVE('',#1333,#3911);
#3911 = DEFINITIONAL_REPRESENTATION('',(#3912),#3919);
#3912 = B_SPLINE_CURVE_WITH_KNOTS('',5,(#3913,#3914,#3915,#3916,#3917,
    #3918),.UNSPECIFIED.,.F.,.F.,(6,6),(4.304541140642,4.748454490712),
  .PIECEWISE_BEZIER_KNOTS.);
#3913 = CARTESIAN_POINT('',(5.351738691838,20.12));
#3914 = CARTESIAN_POINT('',(5.440521361852,19.848766632733));
#3915 = CARTESIAN_POINT('',(5.529304031866,19.564527529015));
#3916 = CARTESIAN_POINT('',(5.61808670188,19.271735649027));
#3917 = CARTESIAN_POINT('',(5.706869371894,18.975276585441));
#3918 = CARTESIAN_POINT('',(5.795652041908,18.68));
#3919 = ( GEOMETRIC_REPRESENTATION_CONTEXT(2) 
PARAMETRIC_REPRESENTATION_CONTEXT() REPRESENTATION_CONTEXT('2D SPACE',''
  ) );
#3920 = PCURVE('',#3413,#3921);
#3921 = DEFINITIONAL_REPRESENTATION('',(#3922),#3926);
#3922 = ELLIPSE('',#3923,4.616880331999,3.2);
#3923 = AXIS2_PLACEMENT_2D('',#3924,#3925);
#3924 = CARTESIAN_POINT('',(1.803468879687,1.33226762955E-15));
#3925 = DIRECTION('',(1.,0.));
#3926 = ( GEOMETRIC_REPRESENTATION_CONTEXT(2) 
PARAMETRIC_REPRESENTATION_CONTEXT() REPRESENTATION_CONTEXT('2D SPACE',''
  ) );
#3927 = ORIENTED_EDGE('',*,*,#3928,.F.);
#3928 = EDGE_CURVE('',#3929,#3902,#3931,.T.);
#3929 = VERTEX_POINT('',#3930);
#3930 = CARTESIAN_POINT('',(42.262741699797,-2.8,27.737258300203));
#3931 = SURFACE_CURVE('',#3932,(#3937,#3947),.PCURVE_S1.);
#3932 = ELLIPSE('',#3933,4.616880331999,3.2);
#3933 = AXIS2_PLACEMENT_3D('',#3934,#3935,#3936);
#3934 = CARTESIAN_POINT('',(40.,-2.8,30.));
#3935 = DIRECTION('',(-0.509705948296,-0.693108716252,-0.509705948296));
#3936 = DIRECTION('',(-0.490101873361,0.720833064902,-0.490101873361));
#3937 = PCURVE('',#1333,#3938);
#3938 = DEFINITIONAL_REPRESENTATION('',(#3939),#3946);
#3939 = B_SPLINE_CURVE_WITH_KNOTS('',5,(#3940,#3941,#3942,#3943,#3944,
    #3945),.UNSPECIFIED.,.F.,.F.,(6,6),(1.534730816468,1.978644166538),
  .PIECEWISE_BEZIER_KNOTS.);
#3940 = CARTESIAN_POINT('',(5.461721633455,18.68));
#3941 = CARTESIAN_POINT('',(5.550504303469,18.975276585441));
#3942 = CARTESIAN_POINT('',(5.639286973483,19.271735649027));
#3943 = CARTESIAN_POINT('',(5.728069643497,19.564527529015));
#3944 = CARTESIAN_POINT('',(5.816852313511,19.848766632733));
#3945 = CARTESIAN_POINT('',(5.905634983525,20.12));
#3946 = ( GEOMETRIC_REPRESENTATION_CONTEXT(2) 
PARAMETRIC_REPRESENTATION_CONTEXT() REPRESENTATION_CONTEXT('2D SPACE',''
  ) );
#3947 = PCURVE('',#3474,#3948);
#3948 = DEFINITIONAL_REPRESENTATION('',(#3949),#3953);
#3949 = ELLIPSE('',#3950,4.616880331999,3.2);
#3950 = AXIS2_PLACEMENT_2D('',#3951,#3952);
#3951 = CARTESIAN_POINT('',(-9.603425586782E-16,1.045891679053E-31));
#3952 = DIRECTION('',(-1.,5.551115123126E-17));
#3953 = ( GEOMETRIC_REPRESENTATION_CONTEXT(2) 
PARAMETRIC_REPRESENTATION_CONTEXT() REPRESENTATION_CONTEXT('2D SPACE',''
  ) );
#3954 = ORIENTED_EDGE('',*,*,#3955,.F.);
#3955 = EDGE_CURVE('',#3956,#3929,#3958,.T.);
#3956 = VERTEX_POINT('',#3957);
#3957 = CARTESIAN_POINT('',(41.948036572828,-3.234391167708,
    27.461269311068));
#3958 = SURFACE_CURVE('',#3959,(#3964,#3974),.PCURVE_S1.);
#3959 = ELLIPSE('',#3960,4.616880331999,3.2);
#3960 = AXIS2_PLACEMENT_3D('',#3961,#3962,#3963);
#3961 = CARTESIAN_POINT('',(40.,-2.8,30.));
#3962 = DIRECTION('',(0.509705948296,-0.693108716252,0.509705948296));
#3963 = DIRECTION('',(0.490101873361,0.720833064902,0.490101873361));
#3964 = PCURVE('',#1333,#3965);
#3965 = DEFINITIONAL_REPRESENTATION('',(#3966),#3973);
#3966 = B_SPLINE_CURVE_WITH_KNOTS('',5,(#3967,#3968,#3969,#3970,#3971,
    #3972),.UNSPECIFIED.,.F.,.F.,(6,6),(4.304541140642,4.748454490712),
  .PIECEWISE_BEZIER_KNOTS.);
#3967 = CARTESIAN_POINT('',(5.089939304039,20.12));
#3968 = CARTESIAN_POINT('',(5.178721974053,19.848766632733));
#3969 = CARTESIAN_POINT('',(5.267504644067,19.564527529015));
#3970 = CARTESIAN_POINT('',(5.356287314081,19.271735649027));
#3971 = CARTESIAN_POINT('',(5.445069984095,18.975276585441));
#3972 = CARTESIAN_POINT('',(5.533852654109,18.68));
#3973 = ( GEOMETRIC_REPRESENTATION_CONTEXT(2) 
PARAMETRIC_REPRESENTATION_CONTEXT() REPRESENTATION_CONTEXT('2D SPACE',''
  ) );
#3974 = PCURVE('',#3506,#3975);
#3975 = DEFINITIONAL_REPRESENTATION('',(#3976),#3980);
#3976 = ELLIPSE('',#3977,4.616880331999,3.2);
#3977 = AXIS2_PLACEMENT_2D('',#3978,#3979);
#3978 = CARTESIAN_POINT('',(1.803468879687,3.330669073875E-16));
#3979 = DIRECTION('',(1.,5.551115123126E-17));
#3980 = ( GEOMETRIC_REPRESENTATION_CONTEXT(2) 
PARAMETRIC_REPRESENTATION_CONTEXT() REPRESENTATION_CONTEXT('2D SPACE',''
  ) );
#3981 = ORIENTED_EDGE('',*,*,#3982,.F.);
#3982 = EDGE_CURVE('',#3983,#3956,#3985,.T.);
#3983 = VERTEX_POINT('',#3984);
#3984 = CARTESIAN_POINT('',(41.6,-2.8,27.22871870789));
#3985 = SURFACE_CURVE('',#3986,(#3991,#4001),.PCURVE_S1.);
#3986 = ELLIPSE('',#3987,4.616880331999,3.2);
#3987 = AXIS2_PLACEMENT_3D('',#3988,#3989,#3990);
#3988 = CARTESIAN_POINT('',(40.,-2.8,30.));
#3989 = DIRECTION('',(-0.624259746093,-0.693108716252,-0.360416532451));
#3990 = DIRECTION('',(-0.600249755858,0.720833064902,-0.346554358126));
#3991 = PCURVE('',#1333,#3992);
#3992 = DEFINITIONAL_REPRESENTATION('',(#3993),#4000);
#3993 = B_SPLINE_CURVE_WITH_KNOTS('',5,(#3994,#3995,#3996,#3997,#3998,
    #3999),.UNSPECIFIED.,.F.,.F.,(6,6),(1.534730816468,1.978644166538),
  .PIECEWISE_BEZIER_KNOTS.);
#3994 = CARTESIAN_POINT('',(5.199922245656,18.68));
#3995 = CARTESIAN_POINT('',(5.28870491567,18.975276585441));
#3996 = CARTESIAN_POINT('',(5.377487585684,19.271735649027));
#3997 = CARTESIAN_POINT('',(5.466270255698,19.564527529015));
#3998 = CARTESIAN_POINT('',(5.555052925712,19.848766632733));
#3999 = CARTESIAN_POINT('',(5.643835595726,20.12));
#4000 = ( GEOMETRIC_REPRESENTATION_CONTEXT(2) 
PARAMETRIC_REPRESENTATION_CONTEXT() REPRESENTATION_CONTEXT('2D SPACE',''
  ) );
#4001 = PCURVE('',#3567,#4002);
#4002 = DEFINITIONAL_REPRESENTATION('',(#4003),#4007);
#4003 = ELLIPSE('',#4004,4.616880331999,3.2);
#4004 = AXIS2_PLACEMENT_2D('',#4005,#4006);
#4005 = CARTESIAN_POINT('',(-9.603425586782E-16,1.280950469951E-31));
#4006 = DIRECTION('',(-1.,-5.551115123126E-17));
#4007 = ( GEOMETRIC_REPRESENTATION_CONTEXT(2) 
PARAMETRIC_REPRESENTATION_CONTEXT() REPRESENTATION_CONTEXT('2D SPACE',''
  ) );
#4008 = ORIENTED_EDGE('',*,*,#4009,.F.);
#4009 = EDGE_CURVE('',#4010,#3983,#4012,.T.);
#4010 = VERTEX_POINT('',#4011);
#4011 = CARTESIAN_POINT('',(41.224586983568,-3.234391167708,
    27.043585495964));
#4012 = SURFACE_CURVE('',#4013,(#4018,#4028),.PCURVE_S1.);
#4013 = ELLIPSE('',#4014,4.616880331999,3.2);
#4014 = AXIS2_PLACEMENT_3D('',#4015,#4016,#4017);
#4015 = CARTESIAN_POINT('',(40.,-2.8,30.));
#4016 = DIRECTION('',(0.624259746093,-0.693108716252,0.360416532451));
#4017 = DIRECTION('',(0.600249755858,0.720833064902,0.346554358126));
#4018 = PCURVE('',#1333,#4019);
#4019 = DEFINITIONAL_REPRESENTATION('',(#4020),#4027);
#4020 = B_SPLINE_CURVE_WITH_KNOTS('',5,(#4021,#4022,#4023,#4024,#4025,
    #4026),.UNSPECIFIED.,.F.,.F.,(6,6),(4.304541140642,4.748454490712),
  .PIECEWISE_BEZIER_KNOTS.);
#4021 = CARTESIAN_POINT('',(4.82813991624,20.12));
#4022 = CARTESIAN_POINT('',(4.916922586254,19.848766632733));
#4023 = CARTESIAN_POINT('',(5.005705256268,19.564527529015));
#4024 = CARTESIAN_POINT('',(5.094487926282,19.271735649027));
#4025 = CARTESIAN_POINT('',(5.183270596296,18.975276585441));
#4026 = CARTESIAN_POINT('',(5.27205326631,18.68));
#4027 = ( GEOMETRIC_REPRESENTATION_CONTEXT(2) 
PARAMETRIC_REPRESENTATION_CONTEXT() REPRESENTATION_CONTEXT('2D SPACE',''
  ) );
#4028 = PCURVE('',#3599,#4029);
#4029 = DEFINITIONAL_REPRESENTATION('',(#4030),#4034);
#4030 = ELLIPSE('',#4031,4.616880331999,3.2);
#4031 = AXIS2_PLACEMENT_2D('',#4032,#4033);
#4032 = CARTESIAN_POINT('',(1.803468879687,1.110223024625E-15));
#4033 = DIRECTION('',(1.,0.));
#4034 = ( GEOMETRIC_REPRESENTATION_CONTEXT(2) 
PARAMETRIC_REPRESENTATION_CONTEXT() REPRESENTATION_CONTEXT('2D SPACE',''
  ) );
#4035 = ORIENTED_EDGE('',*,*,#4036,.F.);
#4036 = EDGE_CURVE('',#4037,#4010,#4039,.T.);
#4037 = VERTEX_POINT('',#4038);
#4038 = CARTESIAN_POINT('',(40.828220944328,-2.8,26.909037355875));
#4039 = SURFACE_CURVE('',#4040,(#4045,#4055),.PCURVE_S1.);
#4040 = ELLIPSE('',#4041,4.616880331999,3.2);
#4041 = AXIS2_PLACEMENT_3D('',#4042,#4043,#4044);
#4042 = CARTESIAN_POINT('',(40.,-2.8,30.));
#4043 = DIRECTION('',(-0.696271273832,-0.693108716252,-0.186565325536));
#4044 = DIRECTION('',(-0.669491609454,0.720833064902,-0.179389736093));
#4045 = PCURVE('',#1333,#4046);
#4046 = DEFINITIONAL_REPRESENTATION('',(#4047),#4054);
#4047 = B_SPLINE_CURVE_WITH_KNOTS('',5,(#4048,#4049,#4050,#4051,#4052,
    #4053),.UNSPECIFIED.,.F.,.F.,(6,6),(1.534730816468,1.978644166538),
  .PIECEWISE_BEZIER_KNOTS.);
#4048 = CARTESIAN_POINT('',(4.938122857857,18.68));
#4049 = CARTESIAN_POINT('',(5.026905527871,18.975276585441));
#4050 = CARTESIAN_POINT('',(5.115688197885,19.271735649027));
#4051 = CARTESIAN_POINT('',(5.204470867899,19.564527529015));
#4052 = CARTESIAN_POINT('',(5.293253537913,19.848766632733));
#4053 = CARTESIAN_POINT('',(5.382036207927,20.12));
#4054 = ( GEOMETRIC_REPRESENTATION_CONTEXT(2) 
PARAMETRIC_REPRESENTATION_CONTEXT() REPRESENTATION_CONTEXT('2D SPACE',''
  ) );
#4055 = PCURVE('',#3660,#4056);
#4056 = DEFINITIONAL_REPRESENTATION('',(#4057),#4061);
#4057 = ELLIPSE('',#4058,4.616880331999,3.2);
#4058 = AXIS2_PLACEMENT_2D('',#4059,#4060);
#4059 = CARTESIAN_POINT('',(-9.603425586782E-16,1.428714603193E-31));
#4060 = DIRECTION('',(-1.,0.));
#4061 = ( GEOMETRIC_REPRESENTATION_CONTEXT(2) 
PARAMETRIC_REPRESENTATION_CONTEXT() REPRESENTATION_CONTEXT('2D SPACE',''
  ) );
#4062 = ORIENTED_EDGE('',*,*,#4063,.F.);
#4063 = EDGE_CURVE('',#4064,#4037,#4066,.T.);
#4064 = VERTEX_POINT('',#4065);
#4065 = CARTESIAN_POINT('',(40.417683815104,-3.234391167708,
    26.827376443604));
#4066 = SURFACE_CURVE('',#4067,(#4072,#4082),.PCURVE_S1.);
#4067 = ELLIPSE('',#4068,4.616880331999,3.2);
#4068 = AXIS2_PLACEMENT_3D('',#4069,#4070,#4071);
#4069 = CARTESIAN_POINT('',(40.,-2.8,30.));
#4070 = DIRECTION('',(0.696271273832,-0.693108716252,0.186565325536));
#4071 = DIRECTION('',(0.669491609454,0.720833064902,0.179389736093));
#4072 = PCURVE('',#1333,#4073);
#4073 = DEFINITIONAL_REPRESENTATION('',(#4074),#4081);
#4074 = B_SPLINE_CURVE_WITH_KNOTS('',5,(#4075,#4076,#4077,#4078,#4079,
    #4080),.UNSPECIFIED.,.F.,.F.,(6,6),(4.304541140642,4.748454490712),
  .PIECEWISE_BEZIER_KNOTS.);
#4075 = CARTESIAN_POINT('',(4.566340528441,20.12));
#4076 = CARTESIAN_POINT('',(4.655123198455,19.848766632733));
#4077 = CARTESIAN_POINT('',(4.743905868469,19.564527529015));
#4078 = CARTESIAN_POINT('',(4.832688538483,19.271735649027));
#4079 = CARTESIAN_POINT('',(4.921471208497,18.975276585441));
#4080 = CARTESIAN_POINT('',(5.010253878511,18.68));
#4081 = ( GEOMETRIC_REPRESENTATION_CONTEXT(2) 
PARAMETRIC_REPRESENTATION_CONTEXT() REPRESENTATION_CONTEXT('2D SPACE',''
  ) );
#4082 = PCURVE('',#3692,#4083);
#4083 = DEFINITIONAL_REPRESENTATION('',(#4084),#4088);
#4084 = ELLIPSE('',#4085,4.616880331999,3.2);
#4085 = AXIS2_PLACEMENT_2D('',#4086,#4087);
#4086 = CARTESIAN_POINT('',(1.803468879687,2.164934898019E-15));
#4087 = DIRECTION('',(1.,0.));
#4088 = ( GEOMETRIC_REPRESENTATION_CONTEXT(2) 
PARAMETRIC_REPRESENTATION_CONTEXT() REPRESENTATION_CONTEXT('2D SPACE',''
  ) );
#4089 = ORIENTED_EDGE('',*,*,#4090,.F.);
#4090 = EDGE_CURVE('',#4091,#4064,#4093,.T.);
#4091 = VERTEX_POINT('',#4092);
#4092 = CARTESIAN_POINT('',(40.,-2.8,26.8));
#4093 = SURFACE_CURVE('',#4094,(#4099,#4109),.PCURVE_S1.);
#4094 = ELLIPSE('',#4095,4.616880331999,3.2);
#4095 = AXIS2_PLACEMENT_3D('',#4096,#4097,#4098);
#4096 = CARTESIAN_POINT('',(40.,-2.8,30.));
#4097 = DIRECTION('',(-0.720833064902,-0.693108716252,2.370076186481E-16
    ));
#4098 = DIRECTION('',(-0.693108716252,0.720833064902,7.387250451371E-17)
  );
#4099 = PCURVE('',#1333,#4100);
#4100 = DEFINITIONAL_REPRESENTATION('',(#4101),#4108);
#4101 = B_SPLINE_CURVE_WITH_KNOTS('',5,(#4102,#4103,#4104,#4105,#4106,
    #4107),.UNSPECIFIED.,.F.,.F.,(6,6),(1.534730816468,1.978644166538),
  .PIECEWISE_BEZIER_KNOTS.);
#4102 = CARTESIAN_POINT('',(4.676323470057,18.68));
#4103 = CARTESIAN_POINT('',(4.765106140072,18.975276585441));
#4104 = CARTESIAN_POINT('',(4.853888810086,19.271735649027));
#4105 = CARTESIAN_POINT('',(4.9426714801,19.564527529015));
#4106 = CARTESIAN_POINT('',(5.031454150114,19.848766632733));
#4107 = CARTESIAN_POINT('',(5.120236820128,20.12));
#4108 = ( GEOMETRIC_REPRESENTATION_CONTEXT(2) 
PARAMETRIC_REPRESENTATION_CONTEXT() REPRESENTATION_CONTEXT('2D SPACE',''
  ) );
#4109 = PCURVE('',#3751,#4110);
#4110 = DEFINITIONAL_REPRESENTATION('',(#4111),#4115);
#4111 = ELLIPSE('',#4112,4.616880331999,3.2);
#4112 = AXIS2_PLACEMENT_2D('',#4113,#4114);
#4113 = CARTESIAN_POINT('',(-9.603425586782E-16,1.479114197289E-31));
#4114 = DIRECTION('',(-1.,1.232595164408E-32));
#4115 = ( GEOMETRIC_REPRESENTATION_CONTEXT(2) 
PARAMETRIC_REPRESENTATION_CONTEXT() REPRESENTATION_CONTEXT('2D SPACE',''
  ) );
#4116 = ORIENTED_EDGE('',*,*,#4117,.F.);
#4117 = EDGE_CURVE('',#4118,#4091,#4120,.T.);
#4118 = VERTEX_POINT('',#4119);
#4119 = CARTESIAN_POINT('',(39.582316184896,-3.234391167708,
    26.827376443604));
#4120 = SURFACE_CURVE('',#4121,(#4126,#4136),.PCURVE_S1.);
#4121 = ELLIPSE('',#4122,4.616880331999,3.2);
#4122 = AXIS2_PLACEMENT_3D('',#4123,#4124,#4125);
#4123 = CARTESIAN_POINT('',(40.,-2.8,30.));
#4124 = DIRECTION('',(0.720833064902,-0.693108716252,-8.310656757792E-17
    ));
#4125 = DIRECTION('',(0.693108716252,0.720833064902,-2.339295976267E-16)
  );
#4126 = PCURVE('',#1333,#4127);
#4127 = DEFINITIONAL_REPRESENTATION('',(#4128),#4135);
#4128 = B_SPLINE_CURVE_WITH_KNOTS('',5,(#4129,#4130,#4131,#4132,#4133,
    #4134),.UNSPECIFIED.,.F.,.F.,(6,6),(4.304541140642,4.748454490712),
  .PIECEWISE_BEZIER_KNOTS.);
#4129 = CARTESIAN_POINT('',(4.304541140642,20.12));
#4130 = CARTESIAN_POINT('',(4.393323810656,19.848766632733));
#4131 = CARTESIAN_POINT('',(4.48210648067,19.564527529015));
#4132 = CARTESIAN_POINT('',(4.570889150684,19.271735649027));
#4133 = CARTESIAN_POINT('',(4.659671820698,18.975276585441));
#4134 = CARTESIAN_POINT('',(4.748454490712,18.68));
#4135 = ( GEOMETRIC_REPRESENTATION_CONTEXT(2) 
PARAMETRIC_REPRESENTATION_CONTEXT() REPRESENTATION_CONTEXT('2D SPACE',''
  ) );
#4136 = PCURVE('',#1612,#4137);
#4137 = DEFINITIONAL_REPRESENTATION('',(#4138),#4142);
#4138 = ELLIPSE('',#4139,4.616880331999,3.2);
#4139 = AXIS2_PLACEMENT_2D('',#4140,#4141);
#4140 = CARTESIAN_POINT('',(1.803468879687,4.218847493576E-16));
#4141 = DIRECTION('',(1.,0.));
#4142 = ( GEOMETRIC_REPRESENTATION_CONTEXT(2) 
PARAMETRIC_REPRESENTATION_CONTEXT() REPRESENTATION_CONTEXT('2D SPACE',''
  ) );
#4143 = ORIENTED_EDGE('',*,*,#4144,.F.);
#4144 = EDGE_CURVE('',#4145,#4118,#4147,.T.);
#4145 = VERTEX_POINT('',#4146);
#4146 = CARTESIAN_POINT('',(39.171779055672,-2.8,26.909037355875));
#4147 = SURFACE_CURVE('',#4148,(#4153,#4163),.PCURVE_S1.);
#4148 = ELLIPSE('',#4149,4.616880331999,3.2);
#4149 = AXIS2_PLACEMENT_3D('',#4150,#4151,#4152);
#4150 = CARTESIAN_POINT('',(40.,-2.8,30.));
#4151 = DIRECTION('',(-0.696271273832,-0.693108716252,0.186565325536));
#4152 = DIRECTION('',(-0.669491609454,0.720833064902,0.179389736093));
#4153 = PCURVE('',#1333,#4154);
#4154 = DEFINITIONAL_REPRESENTATION('',(#4155),#4162);
#4155 = B_SPLINE_CURVE_WITH_KNOTS('',5,(#4156,#4157,#4158,#4159,#4160,
    #4161),.UNSPECIFIED.,.F.,.F.,(6,6),(1.534730816468,1.978644166538),
  .PIECEWISE_BEZIER_KNOTS.);
#4156 = CARTESIAN_POINT('',(4.414524082258,18.68));
#4157 = CARTESIAN_POINT('',(4.503306752272,18.975276585441));
#4158 = CARTESIAN_POINT('',(4.592089422286,19.271735649027));
#4159 = CARTESIAN_POINT('',(4.6808720923,19.564527529015));
#4160 = CARTESIAN_POINT('',(4.769654762314,19.848766632733));
#4161 = CARTESIAN_POINT('',(4.858437432329,20.12));
#4162 = ( GEOMETRIC_REPRESENTATION_CONTEXT(2) 
PARAMETRIC_REPRESENTATION_CONTEXT() REPRESENTATION_CONTEXT('2D SPACE',''
  ) );
#4163 = PCURVE('',#1673,#4164);
#4164 = DEFINITIONAL_REPRESENTATION('',(#4165),#4169);
#4165 = ELLIPSE('',#4166,4.616880331999,3.2);
#4166 = AXIS2_PLACEMENT_2D('',#4167,#4168);
#4167 = CARTESIAN_POINT('',(-9.603425586782E-16,1.428714603193E-31));
#4168 = DIRECTION('',(-1.,0.));
#4169 = ( GEOMETRIC_REPRESENTATION_CONTEXT(2) 
PARAMETRIC_REPRESENTATION_CONTEXT() REPRESENTATION_CONTEXT('2D SPACE',''
  ) );
#4170 = ORIENTED_EDGE('',*,*,#4171,.F.);
#4171 = EDGE_CURVE('',#4172,#4145,#4174,.T.);
#4172 = VERTEX_POINT('',#4173);
#4173 = CARTESIAN_POINT('',(38.775413016432,-3.234391167708,
    27.043585495964));
#4174 = SURFACE_CURVE('',#4175,(#4180,#4190),.PCURVE_S1.);
#4175 = ELLIPSE('',#4176,4.616880331999,3.2);
#4176 = AXIS2_PLACEMENT_3D('',#4177,#4178,#4179);
#4177 = CARTESIAN_POINT('',(40.,-2.8,30.));
#4178 = DIRECTION('',(0.696271273832,-0.693108716252,-0.186565325536));
#4179 = DIRECTION('',(0.669491609454,0.720833064902,-0.179389736093));
#4180 = PCURVE('',#1333,#4181);
#4181 = DEFINITIONAL_REPRESENTATION('',(#4182),#4189);
#4182 = B_SPLINE_CURVE_WITH_KNOTS('',5,(#4183,#4184,#4185,#4186,#4187,
    #4188),.UNSPECIFIED.,.F.,.F.,(6,6),(4.450589592586,4.748454490712),
  .PIECEWISE_BEZIER_KNOTS.);
#4183 = CARTESIAN_POINT('',(4.188790204786,19.661349782101));
#4184 = CARTESIAN_POINT('',(4.248363184412,19.469846413295));
#4185 = CARTESIAN_POINT('',(4.307936164037,19.27452195535));
#4186 = CARTESIAN_POINT('',(4.367509143662,19.076792248607));
#4187 = CARTESIAN_POINT('',(4.427082123287,18.878129950423));
#4188 = CARTESIAN_POINT('',(4.486655102913,18.68));
#4189 = ( GEOMETRIC_REPRESENTATION_CONTEXT(2) 
PARAMETRIC_REPRESENTATION_CONTEXT() REPRESENTATION_CONTEXT('2D SPACE',''
  ) );
#4190 = PCURVE('',#1705,#4191);
#4191 = DEFINITIONAL_REPRESENTATION('',(#4192),#4196);
#4192 = ELLIPSE('',#4193,4.616880331999,3.2);
#4193 = AXIS2_PLACEMENT_2D('',#4194,#4195);
#4194 = CARTESIAN_POINT('',(1.803468879687,-1.221245327088E-15));
#4195 = DIRECTION('',(1.,2.775557561563E-17));
#4196 = ( GEOMETRIC_REPRESENTATION_CONTEXT(2) 
PARAMETRIC_REPRESENTATION_CONTEXT() REPRESENTATION_CONTEXT('2D SPACE',''
  ) );
#4197 = ORIENTED_EDGE('',*,*,#4198,.F.);
#4198 = EDGE_CURVE('',#4199,#4172,#4201,.T.);
#4199 = VERTEX_POINT('',#4200);
#4200 = CARTESIAN_POINT('',(38.4,-2.8,27.22871870789));
#4201 = SURFACE_CURVE('',#4202,(#4207,#4217),.PCURVE_S1.);
#4202 = ELLIPSE('',#4203,4.616880331999,3.2);
#4203 = AXIS2_PLACEMENT_3D('',#4204,#4205,#4206);
#4204 = CARTESIAN_POINT('',(40.,-2.8,30.));
#4205 = DIRECTION('',(-0.624259746093,-0.693108716252,0.360416532451));
#4206 = DIRECTION('',(-0.600249755858,0.720833064902,0.346554358126));
#4207 = PCURVE('',#1333,#4208);
#4208 = DEFINITIONAL_REPRESENTATION('',(#4209),#4216);
#4209 = B_SPLINE_CURVE_WITH_KNOTS('',5,(#4210,#4211,#4212,#4213,#4214,
    #4215),.UNSPECIFIED.,.F.,.F.,(6,6),(1.570796326795,1.978644166538),
  .PIECEWISE_BEZIER_KNOTS.);
#4210 = CARTESIAN_POINT('',(4.188790204786,18.8));
#4211 = CARTESIAN_POINT('',(4.270359772735,19.071463522133));
#4212 = CARTESIAN_POINT('',(4.351929340684,19.342927127923));
#4213 = CARTESIAN_POINT('',(4.433498908632,19.610627368241));
#4214 = CARTESIAN_POINT('',(4.515068476581,19.870802847248));
#4215 = CARTESIAN_POINT('',(4.596638044529,20.12));
#4216 = ( GEOMETRIC_REPRESENTATION_CONTEXT(2) 
PARAMETRIC_REPRESENTATION_CONTEXT() REPRESENTATION_CONTEXT('2D SPACE',''
  ) );
#4217 = PCURVE('',#1766,#4218);
#4218 = DEFINITIONAL_REPRESENTATION('',(#4219),#4223);
#4219 = ELLIPSE('',#4220,4.616880331999,3.2);
#4220 = AXIS2_PLACEMENT_2D('',#4221,#4222);
#4221 = CARTESIAN_POINT('',(-9.603425586782E-16,1.280950469951E-31));
#4222 = DIRECTION('',(-1.,0.));
#4223 = ( GEOMETRIC_REPRESENTATION_CONTEXT(2) 
PARAMETRIC_REPRESENTATION_CONTEXT() REPRESENTATION_CONTEXT('2D SPACE',''
  ) );
#4224 = ORIENTED_EDGE('',*,*,#4225,.F.);
#4225 = EDGE_CURVE('',#4226,#4199,#4228,.T.);
#4226 = VERTEX_POINT('',#4227);
#4227 = CARTESIAN_POINT('',(38.051963427172,-3.234391167708,
    27.461269311068));
#4228 = SURFACE_CURVE('',#4229,(#4234,#4244),.PCURVE_S1.);
#4229 = ELLIPSE('',#4230,4.616880331999,3.2);
#4230 = AXIS2_PLACEMENT_3D('',#4231,#4232,#4233);
#4231 = CARTESIAN_POINT('',(40.,-2.8,30.));
#4232 = DIRECTION('',(0.624259746093,-0.693108716252,-0.360416532451));
#4233 = DIRECTION('',(0.600249755858,0.720833064902,-0.346554358126));
#4234 = PCURVE('',#1333,#4235);
#4235 = DEFINITIONAL_REPRESENTATION('',(#4236),#4243);
#4236 = B_SPLINE_CURVE_WITH_KNOTS('',5,(#4237,#4238,#4239,#4240,#4241,
    #4242),.UNSPECIFIED.,.F.,.F.,(6,6),(4.304541140642,4.712388980385),
  .PIECEWISE_BEZIER_KNOTS.);
#4237 = CARTESIAN_POINT('',(3.780942365043,20.12));
#4238 = CARTESIAN_POINT('',(3.862511932992,19.870802847248));
#4239 = CARTESIAN_POINT('',(3.944081500941,19.610627368241));
#4240 = CARTESIAN_POINT('',(4.025651068889,19.342927127923));
#4241 = CARTESIAN_POINT('',(4.107220636838,19.071463522133));
#4242 = CARTESIAN_POINT('',(4.188790204786,18.8));
#4243 = ( GEOMETRIC_REPRESENTATION_CONTEXT(2) 
PARAMETRIC_REPRESENTATION_CONTEXT() REPRESENTATION_CONTEXT('2D SPACE',''
  ) );
#4244 = PCURVE('',#1798,#4245);
#4245 = DEFINITIONAL_REPRESENTATION('',(#4246),#4250);
#4246 = ELLIPSE('',#4247,4.616880331999,3.2);
#4247 = AXIS2_PLACEMENT_2D('',#4248,#4249);
#4248 = CARTESIAN_POINT('',(1.803468879687,-4.440892098501E-16));
#4249 = DIRECTION('',(1.,5.551115123126E-17));
#4250 = ( GEOMETRIC_REPRESENTATION_CONTEXT(2) 
PARAMETRIC_REPRESENTATION_CONTEXT() REPRESENTATION_CONTEXT('2D SPACE',''
  ) );
#4251 = ORIENTED_EDGE('',*,*,#4252,.F.);
#4252 = EDGE_CURVE('',#4253,#4226,#4255,.T.);
#4253 = VERTEX_POINT('',#4254);
#4254 = CARTESIAN_POINT('',(37.737258300203,-2.8,27.737258300203));
#4255 = SURFACE_CURVE('',#4256,(#4261,#4271),.PCURVE_S1.);
#4256 = ELLIPSE('',#4257,4.616880331999,3.2);
#4257 = AXIS2_PLACEMENT_3D('',#4258,#4259,#4260);
#4258 = CARTESIAN_POINT('',(40.,-2.8,30.));
#4259 = DIRECTION('',(-0.509705948296,-0.693108716252,0.509705948296));
#4260 = DIRECTION('',(-0.490101873361,0.720833064902,0.490101873361));
#4261 = PCURVE('',#1333,#4262);
#4262 = DEFINITIONAL_REPRESENTATION('',(#4263),#4270);
#4263 = B_SPLINE_CURVE_WITH_KNOTS('',5,(#4264,#4265,#4266,#4267,#4268,
    #4269),.UNSPECIFIED.,.F.,.F.,(6,6),(1.534730816468,1.832595714594),
  .PIECEWISE_BEZIER_KNOTS.);
#4264 = CARTESIAN_POINT('',(3.89092530666,18.68));
#4265 = CARTESIAN_POINT('',(3.950498286285,18.878129950423));
#4266 = CARTESIAN_POINT('',(4.010071265911,19.076792248607));
#4267 = CARTESIAN_POINT('',(4.069644245536,19.27452195535));
#4268 = CARTESIAN_POINT('',(4.129217225161,19.469846413295));
#4269 = CARTESIAN_POINT('',(4.188790204786,19.661349782101));
#4270 = ( GEOMETRIC_REPRESENTATION_CONTEXT(2) 
PARAMETRIC_REPRESENTATION_CONTEXT() REPRESENTATION_CONTEXT('2D SPACE',''
  ) );
#4271 = PCURVE('',#1859,#4272);
#4272 = DEFINITIONAL_REPRESENTATION('',(#4273),#4277);
#4273 = ELLIPSE('',#4274,4.616880331999,3.2);
#4274 = AXIS2_PLACEMENT_2D('',#4275,#4276);
#4275 = CARTESIAN_POINT('',(-9.603425586782E-16,1.045891679053E-31));
#4276 = DIRECTION('',(-1.,-5.551115123126E-17));
#4277 = ( GEOMETRIC_REPRESENTATION_CONTEXT(2) 
PARAMETRIC_REPRESENTATION_CONTEXT() REPRESENTATION_CONTEXT('2D SPACE',''
  ) );
#4278 = ORIENTED_EDGE('',*,*,#4279,.F.);
#4279 = EDGE_CURVE('',#4280,#4253,#4282,.T.);
#4280 = VERTEX_POINT('',#4281);
#4281 = CARTESIAN_POINT('',(37.461269311068,-3.234391167708,
    28.051963427172));
#4282 = SURFACE_CURVE('',#4283,(#4288,#4298),.PCURVE_S1.);
#4283 = ELLIPSE('',#4284,4.616880331999,3.2);
#4284 = AXIS2_PLACEMENT_3D('',#4285,#4286,#4287);
#4285 = CARTESIAN_POINT('',(40.,-2.8,30.));
#4286 = DIRECTION('',(0.509705948296,-0.693108716252,-0.509705948296));
#4287 = DIRECTION('',(0.490101873361,0.720833064902,-0.490101873361));
#4288 = PCURVE('',#1333,#4289);
#4289 = DEFINITIONAL_REPRESENTATION('',(#4290),#4297);
#4290 = B_SPLINE_CURVE_WITH_KNOTS('',5,(#4291,#4292,#4293,#4294,#4295,
    #4296),.UNSPECIFIED.,.F.,.F.,(6,6),(4.304541140642,4.748454490712),
  .PIECEWISE_BEZIER_KNOTS.);
#4291 = CARTESIAN_POINT('',(3.519142977244,20.12));
#4292 = CARTESIAN_POINT('',(3.607925647258,19.848766632733));
#4293 = CARTESIAN_POINT('',(3.696708317272,19.564527529015));
#4294 = CARTESIAN_POINT('',(3.785490987286,19.271735649027));
#4295 = CARTESIAN_POINT('',(3.8742736573,18.975276585441));
#4296 = CARTESIAN_POINT('',(3.963056327314,18.68));
#4297 = ( GEOMETRIC_REPRESENTATION_CONTEXT(2) 
PARAMETRIC_REPRESENTATION_CONTEXT() REPRESENTATION_CONTEXT('2D SPACE',''
  ) );
#4298 = PCURVE('',#1891,#4299);
#4299 = DEFINITIONAL_REPRESENTATION('',(#4300),#4304);
#4300 = ELLIPSE('',#4301,4.616880331999,3.2);
#4301 = AXIS2_PLACEMENT_2D('',#4302,#4303);
#4302 = CARTESIAN_POINT('',(1.803468879687,2.22044604925E-16));
#4303 = DIRECTION('',(1.,-5.551115123126E-17));
#4304 = ( GEOMETRIC_REPRESENTATION_CONTEXT(2) 
PARAMETRIC_REPRESENTATION_CONTEXT() REPRESENTATION_CONTEXT('2D SPACE',''
  ) );
#4305 = ORIENTED_EDGE('',*,*,#4306,.F.);
#4306 = EDGE_CURVE('',#4307,#4280,#4309,.T.);
#4307 = VERTEX_POINT('',#4308);
#4308 = CARTESIAN_POINT('',(37.22871870789,-2.8,28.4));
#4309 = SURFACE_CURVE('',#4310,(#4315,#4325),.PCURVE_S1.);
#4310 = ELLIPSE('',#4311,4.616880331999,3.2);
#4311 = AXIS2_PLACEMENT_3D('',#4312,#4313,#4314);
#4312 = CARTESIAN_POINT('',(40.,-2.8,30.));
#4313 = DIRECTION('',(-0.360416532451,-0.693108716252,0.624259746093));
#4314 = DIRECTION('',(-0.346554358126,0.720833064902,0.600249755858));
#4315 = PCURVE('',#1333,#4316);
#4316 = DEFINITIONAL_REPRESENTATION('',(#4317),#4324);
#4317 = B_SPLINE_CURVE_WITH_KNOTS('',5,(#4318,#4319,#4320,#4321,#4322,
    #4323),.UNSPECIFIED.,.F.,.F.,(6,6),(1.534730816468,1.978644166538),
  .PIECEWISE_BEZIER_KNOTS.);
#4318 = CARTESIAN_POINT('',(3.629125918861,18.68));
#4319 = CARTESIAN_POINT('',(3.717908588875,18.975276585441));
#4320 = CARTESIAN_POINT('',(3.806691258889,19.271735649027));
#4321 = CARTESIAN_POINT('',(3.895473928903,19.564527529015));
#4322 = CARTESIAN_POINT('',(3.984256598917,19.848766632733));
#4323 = CARTESIAN_POINT('',(4.073039268931,20.12));
#4324 = ( GEOMETRIC_REPRESENTATION_CONTEXT(2) 
PARAMETRIC_REPRESENTATION_CONTEXT() REPRESENTATION_CONTEXT('2D SPACE',''
  ) );
#4325 = PCURVE('',#1952,#4326);
#4326 = DEFINITIONAL_REPRESENTATION('',(#4327),#4331);
#4327 = ELLIPSE('',#4328,4.616880331999,3.2);
#4328 = AXIS2_PLACEMENT_2D('',#4329,#4330);
#4329 = CARTESIAN_POINT('',(-9.603425586782E-16,7.395570986447E-32));
#4330 = DIRECTION('',(-1.,0.));
#4331 = ( GEOMETRIC_REPRESENTATION_CONTEXT(2) 
PARAMETRIC_REPRESENTATION_CONTEXT() REPRESENTATION_CONTEXT('2D SPACE',''
  ) );
#4332 = ORIENTED_EDGE('',*,*,#4333,.F.);
#4333 = EDGE_CURVE('',#4334,#4307,#4336,.T.);
#4334 = VERTEX_POINT('',#4335);
#4335 = CARTESIAN_POINT('',(37.043585495964,-3.234391167708,
    28.775413016432));
#4336 = SURFACE_CURVE('',#4337,(#4342,#4352),.PCURVE_S1.);
#4337 = ELLIPSE('',#4338,4.616880331999,3.2);
#4338 = AXIS2_PLACEMENT_3D('',#4339,#4340,#4341);
#4339 = CARTESIAN_POINT('',(40.,-2.8,30.));
#4340 = DIRECTION('',(0.360416532451,-0.693108716252,-0.624259746093));
#4341 = DIRECTION('',(0.346554358126,0.720833064902,-0.600249755858));
#4342 = PCURVE('',#1333,#4343);
#4343 = DEFINITIONAL_REPRESENTATION('',(#4344),#4351);
#4344 = B_SPLINE_CURVE_WITH_KNOTS('',5,(#4345,#4346,#4347,#4348,#4349,
    #4350),.UNSPECIFIED.,.F.,.F.,(6,6),(4.304541140642,4.748454490712),
  .PIECEWISE_BEZIER_KNOTS.);
#4345 = CARTESIAN_POINT('',(3.257343589445,20.12));
#4346 = CARTESIAN_POINT('',(3.346126259459,19.848766632733));
#4347 = CARTESIAN_POINT('',(3.434908929473,19.564527529015));
#4348 = CARTESIAN_POINT('',(3.523691599487,19.271735649027));
#4349 = CARTESIAN_POINT('',(3.612474269501,18.975276585441));
#4350 = CARTESIAN_POINT('',(3.701256939515,18.68));
#4351 = ( GEOMETRIC_REPRESENTATION_CONTEXT(2) 
PARAMETRIC_REPRESENTATION_CONTEXT() REPRESENTATION_CONTEXT('2D SPACE',''
  ) );
#4352 = PCURVE('',#1984,#4353);
#4353 = DEFINITIONAL_REPRESENTATION('',(#4354),#4358);
#4354 = ELLIPSE('',#4355,4.616880331999,3.2);
#4355 = AXIS2_PLACEMENT_2D('',#4356,#4357);
#4356 = CARTESIAN_POINT('',(1.803468879687,-6.661338147751E-16));
#4357 = DIRECTION('',(1.,0.));
#4358 = ( GEOMETRIC_REPRESENTATION_CONTEXT(2) 
PARAMETRIC_REPRESENTATION_CONTEXT() REPRESENTATION_CONTEXT('2D SPACE',''
  ) );
#4359 = ORIENTED_EDGE('',*,*,#4360,.F.);
#4360 = EDGE_CURVE('',#4361,#4334,#4363,.T.);
#4361 = VERTEX_POINT('',#4362);
#4362 = CARTESIAN_POINT('',(36.909037355875,-2.8,29.171779055672));
#4363 = SURFACE_CURVE('',#4364,(#4369,#4379),.PCURVE_S1.);
#4364 = ELLIPSE('',#4365,4.616880331999,3.2);
#4365 = AXIS2_PLACEMENT_3D('',#4366,#4367,#4368);
#4366 = CARTESIAN_POINT('',(40.,-2.8,30.));
#4367 = DIRECTION('',(-0.186565325536,-0.693108716252,0.696271273832));
#4368 = DIRECTION('',(-0.179389736093,0.720833064902,0.669491609454));
#4369 = PCURVE('',#1333,#4370);
#4370 = DEFINITIONAL_REPRESENTATION('',(#4371),#4378);
#4371 = B_SPLINE_CURVE_WITH_KNOTS('',5,(#4372,#4373,#4374,#4375,#4376,
    #4377),.UNSPECIFIED.,.F.,.F.,(6,6),(1.534730816468,1.978644166538),
  .PIECEWISE_BEZIER_KNOTS.);
#4372 = CARTESIAN_POINT('',(3.367326531062,18.68));
#4373 = CARTESIAN_POINT('',(3.456109201076,18.975276585441));
#4374 = CARTESIAN_POINT('',(3.54489187109,19.271735649027));
#4375 = CARTESIAN_POINT('',(3.633674541104,19.564527529015));
#4376 = CARTESIAN_POINT('',(3.722457211118,19.848766632733));
#4377 = CARTESIAN_POINT('',(3.811239881132,20.12));
#4378 = ( GEOMETRIC_REPRESENTATION_CONTEXT(2) 
PARAMETRIC_REPRESENTATION_CONTEXT() REPRESENTATION_CONTEXT('2D SPACE',''
  ) );
#4379 = PCURVE('',#2045,#4380);
#4380 = DEFINITIONAL_REPRESENTATION('',(#4381),#4385);
#4381 = ELLIPSE('',#4382,4.616880331999,3.2);
#4382 = AXIS2_PLACEMENT_2D('',#4383,#4384);
#4383 = CARTESIAN_POINT('',(3.979082929879E-15,-9.195099618698E-16));
#4384 = DIRECTION('',(-1.,2.775557561563E-17));
#4385 = ( GEOMETRIC_REPRESENTATION_CONTEXT(2) 
PARAMETRIC_REPRESENTATION_CONTEXT() REPRESENTATION_CONTEXT('2D SPACE',''
  ) );
#4386 = ORIENTED_EDGE('',*,*,#4387,.F.);
#4387 = EDGE_CURVE('',#4388,#4361,#4390,.T.);
#4388 = VERTEX_POINT('',#4389);
#4389 = CARTESIAN_POINT('',(36.827376443604,-3.234391167708,
    29.582316184896));
#4390 = SURFACE_CURVE('',#4391,(#4396,#4406),.PCURVE_S1.);
#4391 = ELLIPSE('',#4392,4.616880331999,3.2);
#4392 = AXIS2_PLACEMENT_3D('',#4393,#4394,#4395);
#4393 = CARTESIAN_POINT('',(40.,-2.8,30.));
#4394 = DIRECTION('',(0.186565325536,-0.693108716252,-0.696271273832));
#4395 = DIRECTION('',(0.179389736093,0.720833064902,-0.669491609454));
#4396 = PCURVE('',#1333,#4397);
#4397 = DEFINITIONAL_REPRESENTATION('',(#4398),#4405);
#4398 = B_SPLINE_CURVE_WITH_KNOTS('',5,(#4399,#4400,#4401,#4402,#4403,
    #4404),.UNSPECIFIED.,.F.,.F.,(6,6),(4.304541140642,4.748454490712),
  .PIECEWISE_BEZIER_KNOTS.);
#4399 = CARTESIAN_POINT('',(2.995544201646,20.12));
#4400 = CARTESIAN_POINT('',(3.08432687166,19.848766632733));
#4401 = CARTESIAN_POINT('',(3.173109541674,19.564527529015));
#4402 = CARTESIAN_POINT('',(3.261892211688,19.271735649027));
#4403 = CARTESIAN_POINT('',(3.350674881702,18.975276585441));
#4404 = CARTESIAN_POINT('',(3.439457551716,18.68));
#4405 = ( GEOMETRIC_REPRESENTATION_CONTEXT(2) 
PARAMETRIC_REPRESENTATION_CONTEXT() REPRESENTATION_CONTEXT('2D SPACE',''
  ) );
#4406 = PCURVE('',#2077,#4407);
#4407 = DEFINITIONAL_REPRESENTATION('',(#4408),#4412);
#4408 = ELLIPSE('',#4409,4.616880331999,3.2);
#4409 = AXIS2_PLACEMENT_2D('',#4410,#4411);
#4410 = CARTESIAN_POINT('',(1.803468879687,-2.109423746788E-15));
#4411 = DIRECTION('',(1.,-2.775557561563E-17));
#4412 = ( GEOMETRIC_REPRESENTATION_CONTEXT(2) 
PARAMETRIC_REPRESENTATION_CONTEXT() REPRESENTATION_CONTEXT('2D SPACE',''
  ) );
#4413 = ORIENTED_EDGE('',*,*,#4414,.F.);
#4414 = EDGE_CURVE('',#4415,#4388,#4417,.T.);
#4415 = VERTEX_POINT('',#4416);
#4416 = CARTESIAN_POINT('',(36.8,-2.8,30.));
#4417 = SURFACE_CURVE('',#4418,(#4423,#4433),.PCURVE_S1.);
#4418 = ELLIPSE('',#4419,4.616880331999,3.2);
#4419 = AXIS2_PLACEMENT_3D('',#4420,#4421,#4422);
#4420 = CARTESIAN_POINT('',(40.,-2.8,30.));
#4421 = DIRECTION('',(8.827659056516E-17,-0.693108716252,0.720833064902)
  );
#4422 = DIRECTION('',(8.488133708189E-17,0.720833064902,0.693108716252)
  );
#4423 = PCURVE('',#1333,#4424);
#4424 = DEFINITIONAL_REPRESENTATION('',(#4425),#4432);
#4425 = B_SPLINE_CURVE_WITH_KNOTS('',5,(#4426,#4427,#4428,#4429,#4430,
    #4431),.UNSPECIFIED.,.F.,.F.,(6,6),(1.534730816468,1.978644166538),
  .PIECEWISE_BEZIER_KNOTS.);
#4426 = CARTESIAN_POINT('',(3.105527143263,18.68));
#4427 = CARTESIAN_POINT('',(3.194309813277,18.975276585441));
#4428 = CARTESIAN_POINT('',(3.283092483291,19.271735649027));
#4429 = CARTESIAN_POINT('',(3.371875153305,19.564527529015));
#4430 = CARTESIAN_POINT('',(3.460657823319,19.848766632733));
#4431 = CARTESIAN_POINT('',(3.549440493333,20.12));
#4432 = ( GEOMETRIC_REPRESENTATION_CONTEXT(2) 
PARAMETRIC_REPRESENTATION_CONTEXT() REPRESENTATION_CONTEXT('2D SPACE',''
  ) );
#4433 = PCURVE('',#2138,#4434);
#4434 = DEFINITIONAL_REPRESENTATION('',(#4435),#4439);
#4435 = ELLIPSE('',#4436,4.616880331999,3.2);
#4436 = AXIS2_PLACEMENT_2D('',#4437,#4438);
#4437 = CARTESIAN_POINT('',(-9.603425586782E-16,-1.811392467284E-47));
#4438 = DIRECTION('',(-1.,-2.465190328816E-32));
#4439 = ( GEOMETRIC_REPRESENTATION_CONTEXT(2) 
PARAMETRIC_REPRESENTATION_CONTEXT() REPRESENTATION_CONTEXT('2D SPACE',''
  ) );
#4440 = ORIENTED_EDGE('',*,*,#4441,.F.);
#4441 = EDGE_CURVE('',#4442,#4415,#4444,.T.);
#4442 = VERTEX_POINT('',#4443);
#4443 = CARTESIAN_POINT('',(36.827376443604,-3.234391167708,
    30.417683815104));
#4444 = SURFACE_CURVE('',#4445,(#4450,#4460),.PCURVE_S1.);
#4445 = ELLIPSE('',#4446,4.616880331999,3.2);
#4446 = AXIS2_PLACEMENT_3D('',#4447,#4448,#4449);
#4447 = CARTESIAN_POINT('',(40.,-2.8,30.));
#4448 = DIRECTION('',(-8.827659056516E-17,-0.693108716252,
    -0.720833064902));
#4449 = DIRECTION('',(-8.488133708189E-17,0.720833064902,-0.693108716252
    ));
#4450 = PCURVE('',#1333,#4451);
#4451 = DEFINITIONAL_REPRESENTATION('',(#4452),#4459);
#4452 = B_SPLINE_CURVE_WITH_KNOTS('',5,(#4453,#4454,#4455,#4456,#4457,
    #4458),.UNSPECIFIED.,.F.,.F.,(6,6),(4.304541140642,4.748454490712),
  .PIECEWISE_BEZIER_KNOTS.);
#4453 = CARTESIAN_POINT('',(2.733744813847,20.12));
#4454 = CARTESIAN_POINT('',(2.822527483861,19.848766632733));
#4455 = CARTESIAN_POINT('',(2.911310153875,19.564527529015));
#4456 = CARTESIAN_POINT('',(3.000092823889,19.271735649027));
#4457 = CARTESIAN_POINT('',(3.088875493903,18.975276585441));
#4458 = CARTESIAN_POINT('',(3.177658163917,18.68));
#4459 = ( GEOMETRIC_REPRESENTATION_CONTEXT(2) 
PARAMETRIC_REPRESENTATION_CONTEXT() REPRESENTATION_CONTEXT('2D SPACE',''
  ) );
#4460 = PCURVE('',#2170,#4461);
#4461 = DEFINITIONAL_REPRESENTATION('',(#4462),#4466);
#4462 = ELLIPSE('',#4463,4.616880331999,3.2);
#4463 = AXIS2_PLACEMENT_2D('',#4464,#4465);
#4464 = CARTESIAN_POINT('',(1.803468879687,1.530808498934E-16));
#4465 = DIRECTION('',(1.,1.232595164408E-32));
#4466 = ( GEOMETRIC_REPRESENTATION_CONTEXT(2) 
PARAMETRIC_REPRESENTATION_CONTEXT() REPRESENTATION_CONTEXT('2D SPACE',''
  ) );
#4467 = ORIENTED_EDGE('',*,*,#4468,.F.);
#4468 = EDGE_CURVE('',#4469,#4442,#4471,.T.);
#4469 = VERTEX_POINT('',#4470);
#4470 = CARTESIAN_POINT('',(36.909037355875,-2.8,30.828220944328));
#4471 = SURFACE_CURVE('',#4472,(#4477,#4487),.PCURVE_S1.);
#4472 = ELLIPSE('',#4473,4.616880331999,3.2);
#4473 = AXIS2_PLACEMENT_3D('',#4474,#4475,#4476);
#4474 = CARTESIAN_POINT('',(40.,-2.8,30.));
#4475 = DIRECTION('',(0.186565325536,-0.693108716252,0.696271273832));
#4476 = DIRECTION('',(0.179389736093,0.720833064902,0.669491609454));
#4477 = PCURVE('',#1333,#4478);
#4478 = DEFINITIONAL_REPRESENTATION('',(#4479),#4486);
#4479 = B_SPLINE_CURVE_WITH_KNOTS('',5,(#4480,#4481,#4482,#4483,#4484,
    #4485),.UNSPECIFIED.,.F.,.F.,(6,6),(1.534730816468,1.978644166538),
  .PIECEWISE_BEZIER_KNOTS.);
#4480 = CARTESIAN_POINT('',(2.843727755463,18.68));
#4481 = CARTESIAN_POINT('',(2.932510425477,18.975276585441));
#4482 = CARTESIAN_POINT('',(3.021293095492,19.271735649027));
#4483 = CARTESIAN_POINT('',(3.110075765506,19.564527529015));
#4484 = CARTESIAN_POINT('',(3.19885843552,19.848766632733));
#4485 = CARTESIAN_POINT('',(3.287641105534,20.12));
#4486 = ( GEOMETRIC_REPRESENTATION_CONTEXT(2) 
PARAMETRIC_REPRESENTATION_CONTEXT() REPRESENTATION_CONTEXT('2D SPACE',''
  ) );
#4487 = PCURVE('',#2231,#4488);
#4488 = DEFINITIONAL_REPRESENTATION('',(#4489),#4493);
#4489 = ELLIPSE('',#4490,4.616880331999,3.2);
#4490 = AXIS2_PLACEMENT_2D('',#4491,#4492);
#4491 = CARTESIAN_POINT('',(-9.603425586782E-16,-3.8282292414E-32));
#4492 = DIRECTION('',(-1.,-2.775557561563E-17));
#4493 = ( GEOMETRIC_REPRESENTATION_CONTEXT(2) 
PARAMETRIC_REPRESENTATION_CONTEXT() REPRESENTATION_CONTEXT('2D SPACE',''
  ) );
#4494 = ORIENTED_EDGE('',*,*,#4495,.F.);
#4495 = EDGE_CURVE('',#4496,#4469,#4498,.T.);
#4496 = VERTEX_POINT('',#4497);
#4497 = CARTESIAN_POINT('',(37.043585495964,-3.234391167708,
    31.224586983568));
#4498 = SURFACE_CURVE('',#4499,(#4504,#4514),.PCURVE_S1.);
#4499 = ELLIPSE('',#4500,4.616880331999,3.2);
#4500 = AXIS2_PLACEMENT_3D('',#4501,#4502,#4503);
#4501 = CARTESIAN_POINT('',(40.,-2.8,30.));
#4502 = DIRECTION('',(-0.186565325536,-0.693108716252,-0.696271273832));
#4503 = DIRECTION('',(-0.179389736093,0.720833064902,-0.669491609454));
#4504 = PCURVE('',#1333,#4505);
#4505 = DEFINITIONAL_REPRESENTATION('',(#4506),#4513);
#4506 = B_SPLINE_CURVE_WITH_KNOTS('',5,(#4507,#4508,#4509,#4510,#4511,
    #4512),.UNSPECIFIED.,.F.,.F.,(6,6),(4.304541140642,4.748454490712),
  .PIECEWISE_BEZIER_KNOTS.);
#4507 = CARTESIAN_POINT('',(2.471945426048,20.12));
#4508 = CARTESIAN_POINT('',(2.560728096062,19.848766632733));
#4509 = CARTESIAN_POINT('',(2.649510766076,19.564527529015));
#4510 = CARTESIAN_POINT('',(2.73829343609,19.271735649027));
#4511 = CARTESIAN_POINT('',(2.827076106104,18.975276585441));
#4512 = CARTESIAN_POINT('',(2.915858776118,18.68));
#4513 = ( GEOMETRIC_REPRESENTATION_CONTEXT(2) 
PARAMETRIC_REPRESENTATION_CONTEXT() REPRESENTATION_CONTEXT('2D SPACE',''
  ) );
#4514 = PCURVE('',#2263,#4515);
#4515 = DEFINITIONAL_REPRESENTATION('',(#4516),#4520);
#4516 = ELLIPSE('',#4517,4.616880331999,3.2);
#4517 = AXIS2_PLACEMENT_2D('',#4518,#4519);
#4518 = CARTESIAN_POINT('',(1.803468879687,3.275157922644E-15));
#4519 = DIRECTION('',(1.,5.551115123126E-17));
#4520 = ( GEOMETRIC_REPRESENTATION_CONTEXT(2) 
PARAMETRIC_REPRESENTATION_CONTEXT() REPRESENTATION_CONTEXT('2D SPACE',''
  ) );
#4521 = ORIENTED_EDGE('',*,*,#4522,.F.);
#4522 = EDGE_CURVE('',#4523,#4496,#4525,.T.);
#4523 = VERTEX_POINT('',#4524);
#4524 = CARTESIAN_POINT('',(37.22871870789,-2.8,31.6));
#4525 = SURFACE_CURVE('',#4526,(#4531,#4541),.PCURVE_S1.);
#4526 = ELLIPSE('',#4527,4.616880331999,3.2);
#4527 = AXIS2_PLACEMENT_3D('',#4528,#4529,#4530);
#4528 = CARTESIAN_POINT('',(40.,-2.8,30.));
#4529 = DIRECTION('',(0.360416532451,-0.693108716252,0.624259746093));
#4530 = DIRECTION('',(0.346554358126,0.720833064902,0.600249755858));
#4531 = PCURVE('',#1333,#4532);
#4532 = DEFINITIONAL_REPRESENTATION('',(#4533),#4540);
#4533 = B_SPLINE_CURVE_WITH_KNOTS('',5,(#4534,#4535,#4536,#4537,#4538,
    #4539),.UNSPECIFIED.,.F.,.F.,(6,6),(1.534730816468,1.978644166538),
  .PIECEWISE_BEZIER_KNOTS.);
#4534 = CARTESIAN_POINT('',(2.581928367664,18.68));
#4535 = CARTESIAN_POINT('',(2.670711037678,18.975276585441));
#4536 = CARTESIAN_POINT('',(2.759493707692,19.271735649027));
#4537 = CARTESIAN_POINT('',(2.848276377706,19.564527529015));
#4538 = CARTESIAN_POINT('',(2.93705904772,19.848766632733));
#4539 = CARTESIAN_POINT('',(3.025841717734,20.12));
#4540 = ( GEOMETRIC_REPRESENTATION_CONTEXT(2) 
PARAMETRIC_REPRESENTATION_CONTEXT() REPRESENTATION_CONTEXT('2D SPACE',''
  ) );
#4541 = PCURVE('',#2324,#4542);
#4542 = DEFINITIONAL_REPRESENTATION('',(#4543),#4547);
#4543 = ELLIPSE('',#4544,4.616880331999,3.2);
#4544 = AXIS2_PLACEMENT_2D('',#4545,#4546);
#4545 = CARTESIAN_POINT('',(-9.603425586782E-16,-7.395570986447E-32));
#4546 = DIRECTION('',(-1.,5.551115123126E-17));
#4547 = ( GEOMETRIC_REPRESENTATION_CONTEXT(2) 
PARAMETRIC_REPRESENTATION_CONTEXT() REPRESENTATION_CONTEXT('2D SPACE',''
  ) );
#4548 = ORIENTED_EDGE('',*,*,#4549,.F.);
#4549 = EDGE_CURVE('',#4550,#4523,#4552,.T.);
#4550 = VERTEX_POINT('',#4551);
#4551 = CARTESIAN_POINT('',(37.461269311068,-3.234391167708,
    31.948036572828));
#4552 = SURFACE_CURVE('',#4553,(#4558,#4568),.PCURVE_S1.);
#4553 = ELLIPSE('',#4554,4.616880331999,3.2);
#4554 = AXIS2_PLACEMENT_3D('',#4555,#4556,#4557);
#4555 = CARTESIAN_POINT('',(40.,-2.8,30.));
#4556 = DIRECTION('',(-0.360416532451,-0.693108716252,-0.624259746093));
#4557 = DIRECTION('',(-0.346554358126,0.720833064902,-0.600249755858));
#4558 = PCURVE('',#1333,#4559);
#4559 = DEFINITIONAL_REPRESENTATION('',(#4560),#4567);
#4560 = B_SPLINE_CURVE_WITH_KNOTS('',5,(#4561,#4562,#4563,#4564,#4565,
    #4566),.UNSPECIFIED.,.F.,.F.,(6,6),(4.304541140642,4.748454490712),
  .PIECEWISE_BEZIER_KNOTS.);
#4561 = CARTESIAN_POINT('',(2.210146038249,20.12));
#4562 = CARTESIAN_POINT('',(2.298928708263,19.848766632733));
#4563 = CARTESIAN_POINT('',(2.387711378277,19.564527529015));
#4564 = CARTESIAN_POINT('',(2.476494048291,19.271735649027));
#4565 = CARTESIAN_POINT('',(2.565276718305,18.975276585441));
#4566 = CARTESIAN_POINT('',(2.654059388319,18.68));
#4567 = ( GEOMETRIC_REPRESENTATION_CONTEXT(2) 
PARAMETRIC_REPRESENTATION_CONTEXT() REPRESENTATION_CONTEXT('2D SPACE',''
  ) );
#4568 = PCURVE('',#2356,#4569);
#4569 = DEFINITIONAL_REPRESENTATION('',(#4570),#4574);
#4570 = ELLIPSE('',#4571,4.616880331999,3.2);
#4571 = AXIS2_PLACEMENT_2D('',#4572,#4573);
#4572 = CARTESIAN_POINT('',(1.803468879687,2.22044604925E-16));
#4573 = DIRECTION('',(1.,-1.110223024625E-16));
#4574 = ( GEOMETRIC_REPRESENTATION_CONTEXT(2) 
PARAMETRIC_REPRESENTATION_CONTEXT() REPRESENTATION_CONTEXT('2D SPACE',''
  ) );
#4575 = ORIENTED_EDGE('',*,*,#4576,.F.);
#4576 = EDGE_CURVE('',#4577,#4550,#4579,.T.);
#4577 = VERTEX_POINT('',#4578);
#4578 = CARTESIAN_POINT('',(37.737258300203,-2.8,32.262741699797));
#4579 = SURFACE_CURVE('',#4580,(#4585,#4595),.PCURVE_S1.);
#4580 = ELLIPSE('',#4581,4.616880331999,3.2);
#4581 = AXIS2_PLACEMENT_3D('',#4582,#4583,#4584);
#4582 = CARTESIAN_POINT('',(40.,-2.8,30.));
#4583 = DIRECTION('',(0.509705948296,-0.693108716252,0.509705948296));
#4584 = DIRECTION('',(0.490101873361,0.720833064902,0.490101873361));
#4585 = PCURVE('',#1333,#4586);
#4586 = DEFINITIONAL_REPRESENTATION('',(#4587),#4594);
#4587 = B_SPLINE_CURVE_WITH_KNOTS('',5,(#4588,#4589,#4590,#4591,#4592,
    #4593),.UNSPECIFIED.,.F.,.F.,(6,6),(1.534730816468,1.978644166538),
  .PIECEWISE_BEZIER_KNOTS.);
#4588 = CARTESIAN_POINT('',(2.320128979865,18.68));
#4589 = CARTESIAN_POINT('',(2.408911649879,18.975276585441));
#4590 = CARTESIAN_POINT('',(2.497694319893,19.271735649027));
#4591 = CARTESIAN_POINT('',(2.586476989907,19.564527529015));
#4592 = CARTESIAN_POINT('',(2.675259659921,19.848766632733));
#4593 = CARTESIAN_POINT('',(2.764042329935,20.12));
#4594 = ( GEOMETRIC_REPRESENTATION_CONTEXT(2) 
PARAMETRIC_REPRESENTATION_CONTEXT() REPRESENTATION_CONTEXT('2D SPACE',''
  ) );
#4595 = PCURVE('',#2417,#4596);
#4596 = DEFINITIONAL_REPRESENTATION('',(#4597),#4601);
#4597 = ELLIPSE('',#4598,4.616880331999,3.2);
#4598 = AXIS2_PLACEMENT_2D('',#4599,#4600);
#4599 = CARTESIAN_POINT('',(-9.603425586782E-16,-1.045891679053E-31));
#4600 = DIRECTION('',(-1.,-5.551115123126E-17));
#4601 = ( GEOMETRIC_REPRESENTATION_CONTEXT(2) 
PARAMETRIC_REPRESENTATION_CONTEXT() REPRESENTATION_CONTEXT('2D SPACE',''
  ) );
#4602 = ORIENTED_EDGE('',*,*,#4603,.F.);
#4603 = EDGE_CURVE('',#4604,#4577,#4606,.T.);
#4604 = VERTEX_POINT('',#4605);
#4605 = CARTESIAN_POINT('',(38.051963427172,-3.234391167708,
    32.538730688932));
#4606 = SURFACE_CURVE('',#4607,(#4612,#4622),.PCURVE_S1.);
#4607 = ELLIPSE('',#4608,4.616880331999,3.2);
#4608 = AXIS2_PLACEMENT_3D('',#4609,#4610,#4611);
#4609 = CARTESIAN_POINT('',(40.,-2.8,30.));
#4610 = DIRECTION('',(-0.509705948296,-0.693108716252,-0.509705948296));
#4611 = DIRECTION('',(-0.490101873361,0.720833064902,-0.490101873361));
#4612 = PCURVE('',#1333,#4613);
#4613 = DEFINITIONAL_REPRESENTATION('',(#4614),#4621);
#4614 = B_SPLINE_CURVE_WITH_KNOTS('',5,(#4615,#4616,#4617,#4618,#4619,
    #4620),.UNSPECIFIED.,.F.,.F.,(6,6),(4.450589592586,4.748454490712),
  .PIECEWISE_BEZIER_KNOTS.);
#4615 = CARTESIAN_POINT('',(2.094395102393,19.661349782101));
#4616 = CARTESIAN_POINT('',(2.153968082018,19.469846413295));
#4617 = CARTESIAN_POINT('',(2.213541061644,19.27452195535));
#4618 = CARTESIAN_POINT('',(2.273114041269,19.076792248607));
#4619 = CARTESIAN_POINT('',(2.332687020894,18.878129950423));
#4620 = CARTESIAN_POINT('',(2.39226000052,18.68));
#4621 = ( GEOMETRIC_REPRESENTATION_CONTEXT(2) 
PARAMETRIC_REPRESENTATION_CONTEXT() REPRESENTATION_CONTEXT('2D SPACE',''
  ) );
#4622 = PCURVE('',#2449,#4623);
#4623 = DEFINITIONAL_REPRESENTATION('',(#4624),#4628);
#4624 = ELLIPSE('',#4625,4.616880331999,3.2);
#4625 = AXIS2_PLACEMENT_2D('',#4626,#4627);
#4626 = CARTESIAN_POINT('',(1.803468879687,0.));
#4627 = DIRECTION('',(1.,0.));
#4628 = ( GEOMETRIC_REPRESENTATION_CONTEXT(2) 
PARAMETRIC_REPRESENTATION_CONTEXT() REPRESENTATION_CONTEXT('2D SPACE',''
  ) );
#4629 = ORIENTED_EDGE('',*,*,#4630,.F.);
#4630 = EDGE_CURVE('',#4631,#4604,#4633,.T.);
#4631 = VERTEX_POINT('',#4632);
#4632 = CARTESIAN_POINT('',(38.4,-2.8,32.77128129211));
#4633 = SURFACE_CURVE('',#4634,(#4639,#4649),.PCURVE_S1.);
#4634 = ELLIPSE('',#4635,4.616880331999,3.2);
#4635 = AXIS2_PLACEMENT_3D('',#4636,#4637,#4638);
#4636 = CARTESIAN_POINT('',(40.,-2.8,30.));
#4637 = DIRECTION('',(0.624259746093,-0.693108716252,0.360416532451));
#4638 = DIRECTION('',(0.600249755858,0.720833064902,0.346554358126));
#4639 = PCURVE('',#1333,#4640);
#4640 = DEFINITIONAL_REPRESENTATION('',(#4641),#4648);
#4641 = B_SPLINE_CURVE_WITH_KNOTS('',5,(#4642,#4643,#4644,#4645,#4646,
    #4647),.UNSPECIFIED.,.F.,.F.,(6,6),(1.570796326795,1.978644166538),
  .PIECEWISE_BEZIER_KNOTS.);
#4642 = CARTESIAN_POINT('',(2.094395102393,18.8));
#4643 = CARTESIAN_POINT('',(2.175964670342,19.071463522133));
#4644 = CARTESIAN_POINT('',(2.25753423829,19.342927127923));
#4645 = CARTESIAN_POINT('',(2.339103806239,19.610627368241));
#4646 = CARTESIAN_POINT('',(2.420673374188,19.870802847248));
#4647 = CARTESIAN_POINT('',(2.502242942136,20.12));
#4648 = ( GEOMETRIC_REPRESENTATION_CONTEXT(2) 
PARAMETRIC_REPRESENTATION_CONTEXT() REPRESENTATION_CONTEXT('2D SPACE',''
  ) );
#4649 = PCURVE('',#2510,#4650);
#4650 = DEFINITIONAL_REPRESENTATION('',(#4651),#4655);
#4651 = ELLIPSE('',#4652,4.616880331999,3.2);
#4652 = AXIS2_PLACEMENT_2D('',#4653,#4654);
#4653 = CARTESIAN_POINT('',(-9.603425586782E-16,-1.280950469951E-31));
#4654 = DIRECTION('',(-1.,0.));
#4655 = ( GEOMETRIC_REPRESENTATION_CONTEXT(2) 
PARAMETRIC_REPRESENTATION_CONTEXT() REPRESENTATION_CONTEXT('2D SPACE',''
  ) );
#4656 = ORIENTED_EDGE('',*,*,#4657,.F.);
#4657 = EDGE_CURVE('',#4658,#4631,#4660,.T.);
#4658 = VERTEX_POINT('',#4659);
#4659 = CARTESIAN_POINT('',(38.775413016432,-3.234391167708,
    32.956414504036));
#4660 = SURFACE_CURVE('',#4661,(#4666,#4676),.PCURVE_S1.);
#4661 = ELLIPSE('',#4662,4.616880331999,3.2);
#4662 = AXIS2_PLACEMENT_3D('',#4663,#4664,#4665);
#4663 = CARTESIAN_POINT('',(40.,-2.8,30.));
#4664 = DIRECTION('',(-0.624259746093,-0.693108716252,-0.360416532451));
#4665 = DIRECTION('',(-0.600249755858,0.720833064902,-0.346554358126));
#4666 = PCURVE('',#1333,#4667);
#4667 = DEFINITIONAL_REPRESENTATION('',(#4668),#4675);
#4668 = B_SPLINE_CURVE_WITH_KNOTS('',5,(#4669,#4670,#4671,#4672,#4673,
    #4674),.UNSPECIFIED.,.F.,.F.,(6,6),(4.304541140642,4.712388980385),
  .PIECEWISE_BEZIER_KNOTS.);
#4669 = CARTESIAN_POINT('',(1.68654726265,20.12));
#4670 = CARTESIAN_POINT('',(1.768116830599,19.870802847248));
#4671 = CARTESIAN_POINT('',(1.849686398547,19.610627368241));
#4672 = CARTESIAN_POINT('',(1.931255966496,19.342927127923));
#4673 = CARTESIAN_POINT('',(2.012825534445,19.071463522133));
#4674 = CARTESIAN_POINT('',(2.094395102393,18.8));
#4675 = ( GEOMETRIC_REPRESENTATION_CONTEXT(2) 
PARAMETRIC_REPRESENTATION_CONTEXT() REPRESENTATION_CONTEXT('2D SPACE',''
  ) );
#4676 = PCURVE('',#2542,#4677);
#4677 = DEFINITIONAL_REPRESENTATION('',(#4678),#4682);
#4678 = ELLIPSE('',#4679,4.616880331999,3.2);
#4679 = AXIS2_PLACEMENT_2D('',#4680,#4681);
#4680 = CARTESIAN_POINT('',(1.803468879687,1.443289932013E-15));
#4681 = DIRECTION('',(1.,0.));
#4682 = ( GEOMETRIC_REPRESENTATION_CONTEXT(2) 
PARAMETRIC_REPRESENTATION_CONTEXT() REPRESENTATION_CONTEXT('2D SPACE',''
  ) );
#4683 = ORIENTED_EDGE('',*,*,#4684,.F.);
#4684 = EDGE_CURVE('',#4685,#4658,#4687,.T.);
#4685 = VERTEX_POINT('',#4686);
#4686 = CARTESIAN_POINT('',(39.171779055672,-2.8,33.090962644125));
#4687 = SURFACE_CURVE('',#4688,(#4693,#4703),.PCURVE_S1.);
#4688 = ELLIPSE('',#4689,4.616880331999,3.2);
#4689 = AXIS2_PLACEMENT_3D('',#4690,#4691,#4692);
#4690 = CARTESIAN_POINT('',(40.,-2.8,30.));
#4691 = DIRECTION('',(0.696271273832,-0.693108716252,0.186565325536));
#4692 = DIRECTION('',(0.669491609454,0.720833064902,0.179389736093));
#4693 = PCURVE('',#1333,#4694);
#4694 = DEFINITIONAL_REPRESENTATION('',(#4695),#4702);
#4695 = B_SPLINE_CURVE_WITH_KNOTS('',5,(#4696,#4697,#4698,#4699,#4700,
    #4701),.UNSPECIFIED.,.F.,.F.,(6,6),(1.534730816468,1.832595714594),
  .PIECEWISE_BEZIER_KNOTS.);
#4696 = CARTESIAN_POINT('',(1.796530204267,18.68));
#4697 = CARTESIAN_POINT('',(1.856103183892,18.878129950423));
#4698 = CARTESIAN_POINT('',(1.915676163517,19.076792248607));
#4699 = CARTESIAN_POINT('',(1.975249143143,19.27452195535));
#4700 = CARTESIAN_POINT('',(2.034822122768,19.469846413295));
#4701 = CARTESIAN_POINT('',(2.094395102393,19.661349782101));
#4702 = ( GEOMETRIC_REPRESENTATION_CONTEXT(2) 
PARAMETRIC_REPRESENTATION_CONTEXT() REPRESENTATION_CONTEXT('2D SPACE',''
  ) );
#4703 = PCURVE('',#2603,#4704);
#4704 = DEFINITIONAL_REPRESENTATION('',(#4705),#4709);
#4705 = ELLIPSE('',#4706,4.616880331999,3.2);
#4706 = AXIS2_PLACEMENT_2D('',#4707,#4708);
#4707 = CARTESIAN_POINT('',(-9.603425586782E-16,-1.428714603193E-31));
#4708 = DIRECTION('',(-1.,0.));
#4709 = ( GEOMETRIC_REPRESENTATION_CONTEXT(2) 
PARAMETRIC_REPRESENTATION_CONTEXT() REPRESENTATION_CONTEXT('2D SPACE',''
  ) );
#4710 = ORIENTED_EDGE('',*,*,#4711,.F.);
#4711 = EDGE_CURVE('',#4712,#4685,#4714,.T.);
#4712 = VERTEX_POINT('',#4713);
#4713 = CARTESIAN_POINT('',(39.582316184896,-3.234391167708,
    33.172623556396));
#4714 = SURFACE_CURVE('',#4715,(#4720,#4730),.PCURVE_S1.);
#4715 = ELLIPSE('',#4716,4.616880331999,3.2);
#4716 = AXIS2_PLACEMENT_3D('',#4717,#4718,#4719);
#4717 = CARTESIAN_POINT('',(40.,-2.8,30.));
#4718 = DIRECTION('',(-0.696271273832,-0.693108716252,-0.186565325536));
#4719 = DIRECTION('',(-0.669491609454,0.720833064902,-0.179389736093));
#4720 = PCURVE('',#1333,#4721);
#4721 = DEFINITIONAL_REPRESENTATION('',(#4722),#4729);
#4722 = B_SPLINE_CURVE_WITH_KNOTS('',5,(#4723,#4724,#4725,#4726,#4727,
    #4728),.UNSPECIFIED.,.F.,.F.,(6,6),(4.304541140642,4.748454490712),
  .PIECEWISE_BEZIER_KNOTS.);
#4723 = CARTESIAN_POINT('',(1.424747874851,20.12));
#4724 = CARTESIAN_POINT('',(1.513530544865,19.848766632733));
#4725 = CARTESIAN_POINT('',(1.602313214879,19.564527529015));
#4726 = CARTESIAN_POINT('',(1.691095884893,19.271735649027));
#4727 = CARTESIAN_POINT('',(1.779878554907,18.975276585441));
#4728 = CARTESIAN_POINT('',(1.868661224921,18.68));
#4729 = ( GEOMETRIC_REPRESENTATION_CONTEXT(2) 
PARAMETRIC_REPRESENTATION_CONTEXT() REPRESENTATION_CONTEXT('2D SPACE',''
  ) );
#4730 = PCURVE('',#2635,#4731);
#4731 = DEFINITIONAL_REPRESENTATION('',(#4732),#4736);
#4732 = ELLIPSE('',#4733,4.616880331999,3.2);
#4733 = AXIS2_PLACEMENT_2D('',#4734,#4735);
#4734 = CARTESIAN_POINT('',(1.803468879687,1.221245327088E-15));
#4735 = DIRECTION('',(1.,-2.775557561563E-17));
#4736 = ( GEOMETRIC_REPRESENTATION_CONTEXT(2) 
PARAMETRIC_REPRESENTATION_CONTEXT() REPRESENTATION_CONTEXT('2D SPACE',''
  ) );
#4737 = ORIENTED_EDGE('',*,*,#4738,.F.);
#4738 = EDGE_CURVE('',#4739,#4712,#4741,.T.);
#4739 = VERTEX_POINT('',#4740);
#4740 = CARTESIAN_POINT('',(40.,-2.8,33.2));
#4741 = SURFACE_CURVE('',#4742,(#4747,#4757),.PCURVE_S1.);
#4742 = ELLIPSE('',#4743,4.616880331999,3.2);
#4743 = AXIS2_PLACEMENT_3D('',#4744,#4745,#4746);
#4744 = CARTESIAN_POINT('',(40.,-2.8,30.));
#4745 = DIRECTION('',(0.720833064902,-0.693108716252,-3.078021021404E-18
    ));
#4746 = DIRECTION('',(0.693108716252,0.720833064902,-1.569790720916E-16)
  );
#4747 = PCURVE('',#1333,#4748);
#4748 = DEFINITIONAL_REPRESENTATION('',(#4749),#4756);
#4749 = B_SPLINE_CURVE_WITH_KNOTS('',5,(#4750,#4751,#4752,#4753,#4754,
    #4755),.UNSPECIFIED.,.F.,.F.,(6,6),(1.534730816468,1.978644166538),
  .PIECEWISE_BEZIER_KNOTS.);
#4750 = CARTESIAN_POINT('',(1.534730816468,18.68));
#4751 = CARTESIAN_POINT('',(1.623513486482,18.975276585441));
#4752 = CARTESIAN_POINT('',(1.712296156496,19.271735649027));
#4753 = CARTESIAN_POINT('',(1.80107882651,19.564527529015));
#4754 = CARTESIAN_POINT('',(1.889861496524,19.848766632733));
#4755 = CARTESIAN_POINT('',(1.978644166538,20.12));
#4756 = ( GEOMETRIC_REPRESENTATION_CONTEXT(2) 
PARAMETRIC_REPRESENTATION_CONTEXT() REPRESENTATION_CONTEXT('2D SPACE',''
  ) );
#4757 = PCURVE('',#2696,#4758);
#4758 = DEFINITIONAL_REPRESENTATION('',(#4759),#4763);
#4759 = ELLIPSE('',#4760,4.616880331999,3.2);
#4760 = AXIS2_PLACEMENT_2D('',#4761,#4762);
#4761 = CARTESIAN_POINT('',(-9.603425586782E-16,-1.479114197289E-31));
#4762 = DIRECTION('',(-1.,0.));
#4763 = ( GEOMETRIC_REPRESENTATION_CONTEXT(2) 
PARAMETRIC_REPRESENTATION_CONTEXT() REPRESENTATION_CONTEXT('2D SPACE',''
  ) );
#4764 = ORIENTED_EDGE('',*,*,#4765,.F.);
#4765 = EDGE_CURVE('',#4766,#4739,#4768,.T.);
#4766 = VERTEX_POINT('',#4767);
#4767 = CARTESIAN_POINT('',(40.417683815104,-3.234391167708,
    33.172623556396));
#4768 = SURFACE_CURVE('',#4769,(#4774,#4784),.PCURVE_S1.);
#4769 = ELLIPSE('',#4770,4.616880331999,3.2);
#4770 = AXIS2_PLACEMENT_3D('',#4771,#4772,#4773);
#4771 = CARTESIAN_POINT('',(40.,-2.8,30.));
#4772 = DIRECTION('',(-0.720833064902,-0.693108716252,1.569790720916E-16
    ));
#4773 = DIRECTION('',(-0.693108716252,0.720833064902,-3.078021021404E-18
    ));
#4774 = PCURVE('',#1333,#4775);
#4775 = DEFINITIONAL_REPRESENTATION('',(#4776),#4783);
#4776 = B_SPLINE_CURVE_WITH_KNOTS('',5,(#4777,#4778,#4779,#4780,#4781,
    #4782),.UNSPECIFIED.,.F.,.F.,(6,6),(4.304541140642,4.748454490712),
  .PIECEWISE_BEZIER_KNOTS.);
#4777 = CARTESIAN_POINT('',(1.162948487052,20.12));
#4778 = CARTESIAN_POINT('',(1.251731157066,19.848766632733));
#4779 = CARTESIAN_POINT('',(1.34051382708,19.564527529015));
#4780 = CARTESIAN_POINT('',(1.429296497094,19.271735649027));
#4781 = CARTESIAN_POINT('',(1.518079167108,18.975276585441));
#4782 = CARTESIAN_POINT('',(1.606861837122,18.68));
#4783 = ( GEOMETRIC_REPRESENTATION_CONTEXT(2) 
PARAMETRIC_REPRESENTATION_CONTEXT() REPRESENTATION_CONTEXT('2D SPACE',''
  ) );
#4784 = PCURVE('',#2728,#4785);
#4785 = DEFINITIONAL_REPRESENTATION('',(#4786),#4790);
#4786 = ELLIPSE('',#4787,4.616880331999,3.2);
#4787 = AXIS2_PLACEMENT_2D('',#4788,#4789);
#4788 = CARTESIAN_POINT('',(1.803468879687,-5.551115123126E-18));
#4789 = DIRECTION('',(1.,0.));
#4790 = ( GEOMETRIC_REPRESENTATION_CONTEXT(2) 
PARAMETRIC_REPRESENTATION_CONTEXT() REPRESENTATION_CONTEXT('2D SPACE',''
  ) );
#4791 = ORIENTED_EDGE('',*,*,#4792,.F.);
#4792 = EDGE_CURVE('',#4793,#4766,#4795,.T.);
#4793 = VERTEX_POINT('',#4794);
#4794 = CARTESIAN_POINT('',(40.828220944328,-2.8,33.090962644125));
#4795 = SURFACE_CURVE('',#4796,(#4801,#4811),.PCURVE_S1.);
#4796 = ELLIPSE('',#4797,4.616880331999,3.2);
#4797 = AXIS2_PLACEMENT_3D('',#4798,#4799,#4800);
#4798 = CARTESIAN_POINT('',(40.,-2.8,30.));
#4799 = DIRECTION('',(0.696271273832,-0.693108716252,-0.186565325536));
#4800 = DIRECTION('',(0.669491609454,0.720833064902,-0.179389736093));
#4801 = PCURVE('',#1333,#4802);
#4802 = DEFINITIONAL_REPRESENTATION('',(#4803),#4810);
#4803 = B_SPLINE_CURVE_WITH_KNOTS('',5,(#4804,#4805,#4806,#4807,#4808,
    #4809),.UNSPECIFIED.,.F.,.F.,(6,6),(1.534730816468,1.978644166538),
  .PIECEWISE_BEZIER_KNOTS.);
#4804 = CARTESIAN_POINT('',(1.272931428669,18.68));
#4805 = CARTESIAN_POINT('',(1.361714098683,18.975276585441));
#4806 = CARTESIAN_POINT('',(1.450496768697,19.271735649027));
#4807 = CARTESIAN_POINT('',(1.539279438711,19.564527529015));
#4808 = CARTESIAN_POINT('',(1.628062108725,19.848766632733));
#4809 = CARTESIAN_POINT('',(1.716844778739,20.12));
#4810 = ( GEOMETRIC_REPRESENTATION_CONTEXT(2) 
PARAMETRIC_REPRESENTATION_CONTEXT() REPRESENTATION_CONTEXT('2D SPACE',''
  ) );
#4811 = PCURVE('',#2789,#4812);
#4812 = DEFINITIONAL_REPRESENTATION('',(#4813),#4817);
#4813 = ELLIPSE('',#4814,4.616880331999,3.2);
#4814 = AXIS2_PLACEMENT_2D('',#4815,#4816);
#4815 = CARTESIAN_POINT('',(-9.603425586782E-16,-1.428714603193E-31));
#4816 = DIRECTION('',(-1.,-2.775557561563E-17));
#4817 = ( GEOMETRIC_REPRESENTATION_CONTEXT(2) 
PARAMETRIC_REPRESENTATION_CONTEXT() REPRESENTATION_CONTEXT('2D SPACE',''
  ) );
#4818 = ORIENTED_EDGE('',*,*,#4819,.F.);
#4819 = EDGE_CURVE('',#4820,#4793,#4822,.T.);
#4820 = VERTEX_POINT('',#4821);
#4821 = CARTESIAN_POINT('',(41.224586983568,-3.234391167708,
    32.956414504036));
#4822 = SURFACE_CURVE('',#4823,(#4828,#4838),.PCURVE_S1.);
#4823 = ELLIPSE('',#4824,4.616880331999,3.2);
#4824 = AXIS2_PLACEMENT_3D('',#4825,#4826,#4827);
#4825 = CARTESIAN_POINT('',(40.,-2.8,30.));
#4826 = DIRECTION('',(-0.696271273832,-0.693108716252,0.186565325536));
#4827 = DIRECTION('',(-0.669491609454,0.720833064902,0.179389736093));
#4828 = PCURVE('',#1333,#4829);
#4829 = DEFINITIONAL_REPRESENTATION('',(#4830),#4837);
#4830 = B_SPLINE_CURVE_WITH_KNOTS('',5,(#4831,#4832,#4833,#4834,#4835,
    #4836),.UNSPECIFIED.,.F.,.F.,(6,6),(4.304541140642,4.748454490712),
  .PIECEWISE_BEZIER_KNOTS.);
#4831 = CARTESIAN_POINT('',(0.901149099253,20.12));
#4832 = CARTESIAN_POINT('',(0.989931769267,19.848766632733));
#4833 = CARTESIAN_POINT('',(1.078714439281,19.564527529015));
#4834 = CARTESIAN_POINT('',(1.167497109295,19.271735649027));
#4835 = CARTESIAN_POINT('',(1.256279779309,18.975276585441));
#4836 = CARTESIAN_POINT('',(1.345062449323,18.68));
#4837 = ( GEOMETRIC_REPRESENTATION_CONTEXT(2) 
PARAMETRIC_REPRESENTATION_CONTEXT() REPRESENTATION_CONTEXT('2D SPACE',''
  ) );
#4838 = PCURVE('',#2821,#4839);
#4839 = DEFINITIONAL_REPRESENTATION('',(#4840),#4844);
#4840 = ELLIPSE('',#4841,4.616880331999,3.2);
#4841 = AXIS2_PLACEMENT_2D('',#4842,#4843);
#4842 = CARTESIAN_POINT('',(1.803468879687,-1.554312234475E-15));
#4843 = DIRECTION('',(1.,0.));
#4844 = ( GEOMETRIC_REPRESENTATION_CONTEXT(2) 
PARAMETRIC_REPRESENTATION_CONTEXT() REPRESENTATION_CONTEXT('2D SPACE',''
  ) );
#4845 = ORIENTED_EDGE('',*,*,#4846,.F.);
#4846 = EDGE_CURVE('',#4847,#4820,#4849,.T.);
#4847 = VERTEX_POINT('',#4848);
#4848 = CARTESIAN_POINT('',(41.6,-2.8,32.77128129211));
#4849 = SURFACE_CURVE('',#4850,(#4855,#4865),.PCURVE_S1.);
#4850 = ELLIPSE('',#4851,4.616880331999,3.2);
#4851 = AXIS2_PLACEMENT_3D('',#4852,#4853,#4854);
#4852 = CARTESIAN_POINT('',(40.,-2.8,30.));
#4853 = DIRECTION('',(0.624259746093,-0.693108716252,-0.360416532451));
#4854 = DIRECTION('',(0.600249755858,0.720833064902,-0.346554358126));
#4855 = PCURVE('',#1333,#4856);
#4856 = DEFINITIONAL_REPRESENTATION('',(#4857),#4864);
#4857 = B_SPLINE_CURVE_WITH_KNOTS('',5,(#4858,#4859,#4860,#4861,#4862,
    #4863),.UNSPECIFIED.,.F.,.F.,(6,6),(1.534730816468,1.978644166538),
  .PIECEWISE_BEZIER_KNOTS.);
#4858 = CARTESIAN_POINT('',(1.011132040869,18.68));
#4859 = CARTESIAN_POINT('',(1.099914710883,18.975276585441));
#4860 = CARTESIAN_POINT('',(1.188697380897,19.271735649027));
#4861 = CARTESIAN_POINT('',(1.277480050911,19.564527529015));
#4862 = CARTESIAN_POINT('',(1.366262720926,19.848766632733));
#4863 = CARTESIAN_POINT('',(1.45504539094,20.12));
#4864 = ( GEOMETRIC_REPRESENTATION_CONTEXT(2) 
PARAMETRIC_REPRESENTATION_CONTEXT() REPRESENTATION_CONTEXT('2D SPACE',''
  ) );
#4865 = PCURVE('',#2882,#4866);
#4866 = DEFINITIONAL_REPRESENTATION('',(#4867),#4871);
#4867 = ELLIPSE('',#4868,4.616880331999,3.2);
#4868 = AXIS2_PLACEMENT_2D('',#4869,#4870);
#4869 = CARTESIAN_POINT('',(-9.603425586782E-16,-1.280950469951E-31));
#4870 = DIRECTION('',(-1.,5.551115123126E-17));
#4871 = ( GEOMETRIC_REPRESENTATION_CONTEXT(2) 
PARAMETRIC_REPRESENTATION_CONTEXT() REPRESENTATION_CONTEXT('2D SPACE',''
  ) );
#4872 = ORIENTED_EDGE('',*,*,#4873,.F.);
#4873 = EDGE_CURVE('',#4874,#4847,#4876,.T.);
#4874 = VERTEX_POINT('',#4875);
#4875 = CARTESIAN_POINT('',(41.948036572828,-3.234391167708,
    32.538730688932));
#4876 = SURFACE_CURVE('',#4877,(#4882,#4892),.PCURVE_S1.);
#4877 = ELLIPSE('',#4878,4.616880331999,3.2);
#4878 = AXIS2_PLACEMENT_3D('',#4879,#4880,#4881);
#4879 = CARTESIAN_POINT('',(40.,-2.8,30.));
#4880 = DIRECTION('',(-0.624259746093,-0.693108716252,0.360416532451));
#4881 = DIRECTION('',(-0.600249755858,0.720833064902,0.346554358126));
#4882 = PCURVE('',#1333,#4883);
#4883 = DEFINITIONAL_REPRESENTATION('',(#4884),#4891);
#4884 = B_SPLINE_CURVE_WITH_KNOTS('',5,(#4885,#4886,#4887,#4888,#4889,
    #4890),.UNSPECIFIED.,.F.,.F.,(6,6),(4.304541140642,4.748454490712),
  .PIECEWISE_BEZIER_KNOTS.);
#4885 = CARTESIAN_POINT('',(0.639349711454,20.12));
#4886 = CARTESIAN_POINT('',(0.728132381468,19.848766632733));
#4887 = CARTESIAN_POINT('',(0.816915051482,19.564527529015));
#4888 = CARTESIAN_POINT('',(0.905697721496,19.271735649027));
#4889 = CARTESIAN_POINT('',(0.99448039151,18.975276585441));
#4890 = CARTESIAN_POINT('',(1.083263061524,18.68));
#4891 = ( GEOMETRIC_REPRESENTATION_CONTEXT(2) 
PARAMETRIC_REPRESENTATION_CONTEXT() REPRESENTATION_CONTEXT('2D SPACE',''
  ) );
#4892 = PCURVE('',#2914,#4893);
#4893 = DEFINITIONAL_REPRESENTATION('',(#4894),#4898);
#4894 = ELLIPSE('',#4895,4.616880331999,3.2);
#4895 = AXIS2_PLACEMENT_2D('',#4896,#4897);
#4896 = CARTESIAN_POINT('',(1.803468879687,-1.110223024625E-15));
#4897 = DIRECTION('',(1.,0.));
#4898 = ( GEOMETRIC_REPRESENTATION_CONTEXT(2) 
PARAMETRIC_REPRESENTATION_CONTEXT() REPRESENTATION_CONTEXT('2D SPACE',''
  ) );
#4899 = ORIENTED_EDGE('',*,*,#4900,.F.);
#4900 = EDGE_CURVE('',#4901,#4874,#4903,.T.);
#4901 = VERTEX_POINT('',#4902);
#4902 = CARTESIAN_POINT('',(42.262741699797,-2.8,32.262741699797));
#4903 = SURFACE_CURVE('',#4904,(#4909,#4919),.PCURVE_S1.);
#4904 = ELLIPSE('',#4905,4.616880331999,3.2);
#4905 = AXIS2_PLACEMENT_3D('',#4906,#4907,#4908);
#4906 = CARTESIAN_POINT('',(40.,-2.8,30.));
#4907 = DIRECTION('',(0.509705948296,-0.693108716252,-0.509705948296));
#4908 = DIRECTION('',(0.490101873361,0.720833064902,-0.490101873361));
#4909 = PCURVE('',#1333,#4910);
#4910 = DEFINITIONAL_REPRESENTATION('',(#4911),#4918);
#4911 = B_SPLINE_CURVE_WITH_KNOTS('',5,(#4912,#4913,#4914,#4915,#4916,
    #4917),.UNSPECIFIED.,.F.,.F.,(6,6),(1.534730816468,1.978644166538),
  .PIECEWISE_BEZIER_KNOTS.);
#4912 = CARTESIAN_POINT('',(0.74933265307,18.68));
#4913 = CARTESIAN_POINT('',(0.838115323084,18.975276585441));
#4914 = CARTESIAN_POINT('',(0.926897993098,19.271735649027));
#4915 = CARTESIAN_POINT('',(1.015680663112,19.564527529015));
#4916 = CARTESIAN_POINT('',(1.104463333126,19.848766632733));
#4917 = CARTESIAN_POINT('',(1.19324600314,20.12));
#4918 = ( GEOMETRIC_REPRESENTATION_CONTEXT(2) 
PARAMETRIC_REPRESENTATION_CONTEXT() REPRESENTATION_CONTEXT('2D SPACE',''
  ) );
#4919 = PCURVE('',#2975,#4920);
#4920 = DEFINITIONAL_REPRESENTATION('',(#4921),#4925);
#4921 = ELLIPSE('',#4922,4.616880331999,3.2);
#4922 = AXIS2_PLACEMENT_2D('',#4923,#4924);
#4923 = CARTESIAN_POINT('',(-9.603425586782E-16,-1.045891679053E-31));
#4924 = DIRECTION('',(-1.,-1.110223024625E-16));
#4925 = ( GEOMETRIC_REPRESENTATION_CONTEXT(2) 
PARAMETRIC_REPRESENTATION_CONTEXT() REPRESENTATION_CONTEXT('2D SPACE',''
  ) );
#4926 = ORIENTED_EDGE('',*,*,#4927,.F.);
#4927 = EDGE_CURVE('',#4928,#4901,#4930,.T.);
#4928 = VERTEX_POINT('',#4929);
#4929 = CARTESIAN_POINT('',(42.538730688932,-3.234391167708,
    31.948036572828));
#4930 = SURFACE_CURVE('',#4931,(#4936,#4946),.PCURVE_S1.);
#4931 = ELLIPSE('',#4932,4.616880331999,3.2);
#4932 = AXIS2_PLACEMENT_3D('',#4933,#4934,#4935);
#4933 = CARTESIAN_POINT('',(40.,-2.8,30.));
#4934 = DIRECTION('',(-0.509705948296,-0.693108716252,0.509705948296));
#4935 = DIRECTION('',(-0.490101873361,0.720833064902,0.490101873361));
#4936 = PCURVE('',#1333,#4937);
#4937 = DEFINITIONAL_REPRESENTATION('',(#4938),#4945);
#4938 = B_SPLINE_CURVE_WITH_KNOTS('',5,(#4939,#4940,#4941,#4942,#4943,
    #4944),.UNSPECIFIED.,.F.,.F.,(6,6),(4.304541140642,4.748454490712),
  .PIECEWISE_BEZIER_KNOTS.);
#4939 = CARTESIAN_POINT('',(0.377550323654,20.12));
#4940 = CARTESIAN_POINT('',(0.466332993669,19.848766632733));
#4941 = CARTESIAN_POINT('',(0.555115663683,19.564527529014));
#4942 = CARTESIAN_POINT('',(0.643898333697,19.271735649027));
#4943 = CARTESIAN_POINT('',(0.732681003711,18.975276585441));
#4944 = CARTESIAN_POINT('',(0.821463673725,18.68));
#4945 = ( GEOMETRIC_REPRESENTATION_CONTEXT(2) 
PARAMETRIC_REPRESENTATION_CONTEXT() REPRESENTATION_CONTEXT('2D SPACE',''
  ) );
#4946 = PCURVE('',#3007,#4947);
#4947 = DEFINITIONAL_REPRESENTATION('',(#4948),#4952);
#4948 = ELLIPSE('',#4949,4.616880331999,3.2);
#4949 = AXIS2_PLACEMENT_2D('',#4950,#4951);
#4950 = CARTESIAN_POINT('',(1.803468879687,0.));
#4951 = DIRECTION('',(1.,0.));
#4952 = ( GEOMETRIC_REPRESENTATION_CONTEXT(2) 
PARAMETRIC_REPRESENTATION_CONTEXT() REPRESENTATION_CONTEXT('2D SPACE',''
  ) );
#4953 = ORIENTED_EDGE('',*,*,#4954,.F.);
#4954 = EDGE_CURVE('',#4955,#4928,#4957,.T.);
#4955 = VERTEX_POINT('',#4956);
#4956 = CARTESIAN_POINT('',(42.77128129211,-2.8,31.6));
#4957 = SURFACE_CURVE('',#4958,(#4963,#4973),.PCURVE_S1.);
#4958 = ELLIPSE('',#4959,4.616880331999,3.2);
#4959 = AXIS2_PLACEMENT_3D('',#4960,#4961,#4962);
#4960 = CARTESIAN_POINT('',(40.,-2.8,30.));
#4961 = DIRECTION('',(0.360416532451,-0.693108716252,-0.624259746093));
#4962 = DIRECTION('',(0.346554358126,0.720833064902,-0.600249755858));
#4963 = PCURVE('',#1333,#4964);
#4964 = DEFINITIONAL_REPRESENTATION('',(#4965),#4972);
#4965 = B_SPLINE_CURVE_WITH_KNOTS('',5,(#4966,#4967,#4968,#4969,#4970,
    #4971),.UNSPECIFIED.,.F.,.F.,(6,6),(1.534730816468,1.978644166538),
  .PIECEWISE_BEZIER_KNOTS.);
#4966 = CARTESIAN_POINT('',(0.487533265271,18.68));
#4967 = CARTESIAN_POINT('',(0.576315935285,18.975276585441));
#4968 = CARTESIAN_POINT('',(0.665098605299,19.271735649027));
#4969 = CARTESIAN_POINT('',(0.753881275313,19.564527529015));
#4970 = CARTESIAN_POINT('',(0.842663945327,19.848766632733));
#4971 = CARTESIAN_POINT('',(0.931446615341,20.12));
#4972 = ( GEOMETRIC_REPRESENTATION_CONTEXT(2) 
PARAMETRIC_REPRESENTATION_CONTEXT() REPRESENTATION_CONTEXT('2D SPACE',''
  ) );
#4973 = PCURVE('',#3068,#4974);
#4974 = DEFINITIONAL_REPRESENTATION('',(#4975),#4979);
#4975 = ELLIPSE('',#4976,4.616880331999,3.2);
#4976 = AXIS2_PLACEMENT_2D('',#4977,#4978);
#4977 = CARTESIAN_POINT('',(-9.603425586782E-16,-7.395570986447E-32));
#4978 = DIRECTION('',(-1.,-5.551115123126E-17));
#4979 = ( GEOMETRIC_REPRESENTATION_CONTEXT(2) 
PARAMETRIC_REPRESENTATION_CONTEXT() REPRESENTATION_CONTEXT('2D SPACE',''
  ) );
#4980 = ORIENTED_EDGE('',*,*,#4981,.F.);
#4981 = EDGE_CURVE('',#4982,#4955,#4984,.T.);
#4982 = VERTEX_POINT('',#4983);
#4983 = CARTESIAN_POINT('',(42.956414504036,-3.234391167708,
    31.224586983568));
#4984 = SURFACE_CURVE('',#4985,(#4990,#5000),.PCURVE_S1.);
#4985 = ELLIPSE('',#4986,4.616880331999,3.2);
#4986 = AXIS2_PLACEMENT_3D('',#4987,#4988,#4989);
#4987 = CARTESIAN_POINT('',(40.,-2.8,30.));
#4988 = DIRECTION('',(-0.360416532451,-0.693108716252,0.624259746093));
#4989 = DIRECTION('',(-0.346554358126,0.720833064902,0.600249755858));
#4990 = PCURVE('',#1333,#4991);
#4991 = DEFINITIONAL_REPRESENTATION('',(#4992),#4999);
#4992 = B_SPLINE_CURVE_WITH_KNOTS('',5,(#4993,#4994,#4995,#4996,#4997,
    #4998),.UNSPECIFIED.,.F.,.F.,(6,6),(4.304541140642,4.748454490712),
  .PIECEWISE_BEZIER_KNOTS.);
#4993 = CARTESIAN_POINT('',(0.115750935855,20.12));
#4994 = CARTESIAN_POINT('',(0.204533605869,19.848766632733));
#4995 = CARTESIAN_POINT('',(0.293316275883,19.564527529015));
#4996 = CARTESIAN_POINT('',(0.382098945897,19.271735649027));
#4997 = CARTESIAN_POINT('',(0.470881615911,18.975276585441));
#4998 = CARTESIAN_POINT('',(0.559664285926,18.68));
#4999 = ( GEOMETRIC_REPRESENTATION_CONTEXT(2) 
PARAMETRIC_REPRESENTATION_CONTEXT() REPRESENTATION_CONTEXT('2D SPACE',''
  ) );
#5000 = PCURVE('',#3100,#5001);
#5001 = DEFINITIONAL_REPRESENTATION('',(#5002),#5006);
#5002 = ELLIPSE('',#5003,4.616880331999,3.2);
#5003 = AXIS2_PLACEMENT_2D('',#5004,#5005);
#5004 = CARTESIAN_POINT('',(1.803468879687,-5.551115123126E-16));
#5005 = DIRECTION('',(1.,0.));
#5006 = ( GEOMETRIC_REPRESENTATION_CONTEXT(2) 
PARAMETRIC_REPRESENTATION_CONTEXT() REPRESENTATION_CONTEXT('2D SPACE',''
  ) );
#5007 = ORIENTED_EDGE('',*,*,#5008,.F.);
#5008 = EDGE_CURVE('',#5009,#4982,#5011,.T.);
#5009 = VERTEX_POINT('',#5010);
#5010 = CARTESIAN_POINT('',(43.090962644125,-2.8,30.828220944328));
#5011 = SURFACE_CURVE('',#5012,(#5017,#5027),.PCURVE_S1.);
#5012 = ELLIPSE('',#5013,4.616880331999,3.2);
#5013 = AXIS2_PLACEMENT_3D('',#5014,#5015,#5016);
#5014 = CARTESIAN_POINT('',(40.,-2.8,30.));
#5015 = DIRECTION('',(0.186565325536,-0.693108716252,-0.696271273832));
#5016 = DIRECTION('',(0.179389736093,0.720833064902,-0.669491609454));
#5017 = PCURVE('',#1333,#5018);
#5018 = DEFINITIONAL_REPRESENTATION('',(#5019),#5026);
#5019 = B_SPLINE_CURVE_WITH_KNOTS('',5,(#5020,#5021,#5022,#5023,#5024,
    #5025),.UNSPECIFIED.,.F.,.F.,(6,6),(1.534730816468,1.978644166538),
  .PIECEWISE_BEZIER_KNOTS.);
#5020 = CARTESIAN_POINT('',(0.225733877472,18.68));
#5021 = CARTESIAN_POINT('',(0.314516547486,18.975276585441));
#5022 = CARTESIAN_POINT('',(0.4032992175,19.271735649027));
#5023 = CARTESIAN_POINT('',(0.492081887514,19.564527529015));
#5024 = CARTESIAN_POINT('',(0.580864557528,19.848766632733));
#5025 = CARTESIAN_POINT('',(0.669647227542,20.12));
#5026 = ( GEOMETRIC_REPRESENTATION_CONTEXT(2) 
PARAMETRIC_REPRESENTATION_CONTEXT() REPRESENTATION_CONTEXT('2D SPACE',''
  ) );
#5027 = PCURVE('',#3161,#5028);
#5028 = DEFINITIONAL_REPRESENTATION('',(#5029),#5033);
#5029 = ELLIPSE('',#5030,4.616880331999,3.2);
#5030 = AXIS2_PLACEMENT_2D('',#5031,#5032);
#5031 = CARTESIAN_POINT('',(-9.603425586782E-16,-3.8282292414E-32));
#5032 = DIRECTION('',(-1.,-2.775557561563E-17));
#5033 = ( GEOMETRIC_REPRESENTATION_CONTEXT(2) 
PARAMETRIC_REPRESENTATION_CONTEXT() REPRESENTATION_CONTEXT('2D SPACE',''
  ) );
#5034 = ORIENTED_EDGE('',*,*,#5035,.F.);
#5035 = EDGE_CURVE('',#5036,#5009,#5038,.T.);
#5036 = VERTEX_POINT('',#5037);
#5037 = CARTESIAN_POINT('',(43.172623556396,-3.234391167708,
    30.417683815104));
#5038 = SURFACE_CURVE('',#5039,(#5044,#5054),.PCURVE_S1.);
#5039 = ELLIPSE('',#5040,4.616880331999,3.2);
#5040 = AXIS2_PLACEMENT_3D('',#5041,#5042,#5043);
#5041 = CARTESIAN_POINT('',(40.,-2.8,30.));
#5042 = DIRECTION('',(-0.186565325536,-0.693108716252,0.696271273832));
#5043 = DIRECTION('',(-0.179389736093,0.720833064902,0.669491609454));
#5044 = PCURVE('',#1333,#5045);
#5045 = DEFINITIONAL_REPRESENTATION('',(#5046),#5053);
#5046 = B_SPLINE_CURVE_WITH_KNOTS('',5,(#5047,#5048,#5049,#5050,#5051,
    #5052),.UNSPECIFIED.,.F.,.F.,(6,6),(4.450589592586,4.748454490712),
  .PIECEWISE_BEZIER_KNOTS.);
#5047 = CARTESIAN_POINT('',(-8.881784197001E-16,19.661349782101));
#5048 = CARTESIAN_POINT('',(5.957297962527E-02,19.469846413295));
#5049 = CARTESIAN_POINT('',(0.119145959251,19.27452195535));
#5050 = CARTESIAN_POINT('',(0.178718938876,19.076792248607));
#5051 = CARTESIAN_POINT('',(0.238291918501,18.878129950423));
#5052 = CARTESIAN_POINT('',(0.297864898126,18.68));
#5053 = ( GEOMETRIC_REPRESENTATION_CONTEXT(2) 
PARAMETRIC_REPRESENTATION_CONTEXT() REPRESENTATION_CONTEXT('2D SPACE',''
  ) );
#5054 = PCURVE('',#3191,#5055);
#5055 = DEFINITIONAL_REPRESENTATION('',(#5056),#5060);
#5056 = ELLIPSE('',#5057,4.616880331999,3.2);
#5057 = AXIS2_PLACEMENT_2D('',#5058,#5059);
#5058 = CARTESIAN_POINT('',(1.803468879687,-3.053113317719E-15));
#5059 = DIRECTION('',(1.,-2.775557561563E-17));
#5060 = ( GEOMETRIC_REPRESENTATION_CONTEXT(2) 
PARAMETRIC_REPRESENTATION_CONTEXT() REPRESENTATION_CONTEXT('2D SPACE',''
  ) );
#5061 = ORIENTED_EDGE('',*,*,#5062,.F.);
#5062 = EDGE_CURVE('',#3771,#5036,#5063,.T.);
#5063 = SURFACE_CURVE('',#5064,(#5069,#5079),.PCURVE_S1.);
#5064 = ELLIPSE('',#5065,4.616880331999,3.2);
#5065 = AXIS2_PLACEMENT_3D('',#5066,#5067,#5068);
#5066 = CARTESIAN_POINT('',(40.,-2.8,30.));
#5067 = DIRECTION('',(0.,-0.693108716252,-0.720833064902));
#5068 = DIRECTION('',(0.,0.720833064902,-0.693108716252));
#5069 = PCURVE('',#1333,#5070);
#5070 = DEFINITIONAL_REPRESENTATION('',(#5071),#5078);
#5071 = B_SPLINE_CURVE_WITH_KNOTS('',5,(#5072,#5073,#5074,#5075,#5076,
    #5077),.UNSPECIFIED.,.F.,.F.,(6,6),(1.570796326795,1.978644166538),
  .PIECEWISE_BEZIER_KNOTS.);
#5072 = CARTESIAN_POINT('',(0.,18.8));
#5073 = CARTESIAN_POINT('',(8.156956794859E-02,19.071463522133));
#5074 = CARTESIAN_POINT('',(0.163139135897,19.342927127923));
#5075 = CARTESIAN_POINT('',(0.244708703846,19.610627368241));
#5076 = CARTESIAN_POINT('',(0.326278271794,19.870802847248));
#5077 = CARTESIAN_POINT('',(0.407847839743,20.12));
#5078 = ( GEOMETRIC_REPRESENTATION_CONTEXT(2) 
PARAMETRIC_REPRESENTATION_CONTEXT() REPRESENTATION_CONTEXT('2D SPACE',''
  ) );
#5079 = PCURVE('',#1535,#5080);
#5080 = DEFINITIONAL_REPRESENTATION('',(#5081),#5085);
#5081 = ELLIPSE('',#5082,4.616880331999,3.2);
#5082 = AXIS2_PLACEMENT_2D('',#5083,#5084);
#5083 = CARTESIAN_POINT('',(-9.603425586782E-16,0.));
#5084 = DIRECTION('',(-1.,0.));
#5085 = ( GEOMETRIC_REPRESENTATION_CONTEXT(2) 
PARAMETRIC_REPRESENTATION_CONTEXT() REPRESENTATION_CONTEXT('2D SPACE',''
  ) );
#5086 = ORIENTED_EDGE('',*,*,#3770,.T.);
#5087 = ORIENTED_EDGE('',*,*,#1312,.T.);
#5088 = ADVANCED_FACE('',(#5089),#1503,.T.);
#5089 = FACE_BOUND('',#5090,.T.);
#5090 = EDGE_LOOP('',(#5091,#5114,#5135));
#5091 = ORIENTED_EDGE('',*,*,#5092,.T.);
#5092 = EDGE_CURVE('',#1487,#5093,#5095,.T.);
#5093 = VERTEX_POINT('',#5094);
#5094 = CARTESIAN_POINT('',(48.764331668529,-4.,31.153846153846));
#5095 = SURFACE_CURVE('',#5096,(#5100,#5107),.PCURVE_S1.);
#5096 = LINE('',#5097,#5098);
#5097 = CARTESIAN_POINT('',(40.298637359734,-4.,28.885470200436));
#5098 = VECTOR('',#5099,1.);
#5099 = DIRECTION('',(-0.965925826289,-2.873468630843E-17,
    -0.258819045103));
#5100 = PCURVE('',#1503,#5101);
#5101 = DEFINITIONAL_REPRESENTATION('',(#5102),#5106);
#5102 = LINE('',#5103,#5104);
#5103 = CARTESIAN_POINT('',(0.298637359734,-1.114529799564));
#5104 = VECTOR('',#5105,1.);
#5105 = DIRECTION('',(-0.965925826289,-0.258819045103));
#5106 = ( GEOMETRIC_REPRESENTATION_CONTEXT(2) 
PARAMETRIC_REPRESENTATION_CONTEXT() REPRESENTATION_CONTEXT('2D SPACE',''
  ) );
#5107 = PCURVE('',#3191,#5108);
#5108 = DEFINITIONAL_REPRESENTATION('',(#5109),#5113);
#5109 = LINE('',#5110,#5111);
#5110 = CARTESIAN_POINT('',(0.138728375361,-5.134781488891E-16));
#5111 = VECTOR('',#5112,1.);
#5112 = DIRECTION('',(0.,1.));
#5113 = ( GEOMETRIC_REPRESENTATION_CONTEXT(2) 
PARAMETRIC_REPRESENTATION_CONTEXT() REPRESENTATION_CONTEXT('2D SPACE',''
  ) );
#5114 = ORIENTED_EDGE('',*,*,#5115,.T.);
#5115 = EDGE_CURVE('',#5093,#1485,#5116,.T.);
#5116 = SURFACE_CURVE('',#5117,(#5121,#5128),.PCURVE_S1.);
#5117 = LINE('',#5118,#5119);
#5118 = CARTESIAN_POINT('',(40.,-4.,31.153846153846));
#5119 = VECTOR('',#5120,1.);
#5120 = DIRECTION('',(1.,0.,0.));
#5121 = PCURVE('',#1503,#5122);
#5122 = DEFINITIONAL_REPRESENTATION('',(#5123),#5127);
#5123 = LINE('',#5124,#5125);
#5124 = CARTESIAN_POINT('',(0.,1.153846153846));
#5125 = VECTOR('',#5126,1.);
#5126 = DIRECTION('',(1.,0.));
#5127 = ( GEOMETRIC_REPRESENTATION_CONTEXT(2) 
PARAMETRIC_REPRESENTATION_CONTEXT() REPRESENTATION_CONTEXT('2D SPACE',''
  ) );
#5128 = PCURVE('',#1535,#5129);
#5129 = DEFINITIONAL_REPRESENTATION('',(#5130),#5134);
#5130 = LINE('',#5131,#5132);
#5131 = CARTESIAN_POINT('',(1.664740504327,0.));
#5132 = VECTOR('',#5133,1.);
#5133 = DIRECTION('',(0.,-1.));
#5134 = ( GEOMETRIC_REPRESENTATION_CONTEXT(2) 
PARAMETRIC_REPRESENTATION_CONTEXT() REPRESENTATION_CONTEXT('2D SPACE',''
  ) );
#5135 = ORIENTED_EDGE('',*,*,#1484,.T.);
#5136 = ADVANCED_FACE('',(#5137),#3191,.T.);
#5137 = FACE_BOUND('',#5138,.T.);
#5138 = EDGE_LOOP('',(#5139,#5160,#5161,#5182,#5183));
#5139 = ORIENTED_EDGE('',*,*,#5140,.F.);
#5140 = EDGE_CURVE('',#5009,#3142,#5141,.T.);
#5141 = SURFACE_CURVE('',#5142,(#5146,#5153),.PCURVE_S1.);
#5142 = LINE('',#5143,#5144);
#5143 = CARTESIAN_POINT('',(40.,-2.8,30.));
#5144 = VECTOR('',#5145,1.);
#5145 = DIRECTION('',(0.965925826289,2.873468630843E-17,0.258819045103)
  );
#5146 = PCURVE('',#3191,#5147);
#5147 = DEFINITIONAL_REPRESENTATION('',(#5148),#5152);
#5148 = LINE('',#5149,#5150);
#5149 = CARTESIAN_POINT('',(1.803468879687,-3.053113317719E-15));
#5150 = VECTOR('',#5151,1.);
#5151 = DIRECTION('',(0.,-1.));
#5152 = ( GEOMETRIC_REPRESENTATION_CONTEXT(2) 
PARAMETRIC_REPRESENTATION_CONTEXT() REPRESENTATION_CONTEXT('2D SPACE',''
  ) );
#5153 = PCURVE('',#3161,#5154);
#5154 = DEFINITIONAL_REPRESENTATION('',(#5155),#5159);
#5155 = LINE('',#5156,#5157);
#5156 = CARTESIAN_POINT('',(0.,-0.));
#5157 = VECTOR('',#5158,1.);
#5158 = DIRECTION('',(0.,-1.));
#5159 = ( GEOMETRIC_REPRESENTATION_CONTEXT(2) 
PARAMETRIC_REPRESENTATION_CONTEXT() REPRESENTATION_CONTEXT('2D SPACE',''
  ) );
#5160 = ORIENTED_EDGE('',*,*,#5035,.F.);
#5161 = ORIENTED_EDGE('',*,*,#5162,.F.);
#5162 = EDGE_CURVE('',#5093,#5036,#5163,.T.);
#5163 = SURFACE_CURVE('',#5164,(#5168,#5175),.PCURVE_S1.);
#5164 = LINE('',#5165,#5166);
#5165 = CARTESIAN_POINT('',(40.165315468926,-2.822634762149,
    30.021764194374));
#5166 = VECTOR('',#5167,1.);
#5167 = DIRECTION('',(-0.982434368801,0.134513535903,-0.129339938368));
#5168 = PCURVE('',#3191,#5169);
#5169 = DEFINITIONAL_REPRESENTATION('',(#5170),#5174);
#5170 = LINE('',#5171,#5172);
#5171 = CARTESIAN_POINT('',(1.772068041891,-0.165315468926));
#5172 = VECTOR('',#5173,1.);
#5173 = DIRECTION('',(0.186608442998,0.982434368801));
#5174 = ( GEOMETRIC_REPRESENTATION_CONTEXT(2) 
PARAMETRIC_REPRESENTATION_CONTEXT() REPRESENTATION_CONTEXT('2D SPACE',''
  ) );
#5175 = PCURVE('',#1535,#5176);
#5176 = DEFINITIONAL_REPRESENTATION('',(#5177),#5181);
#5177 = LINE('',#5178,#5179);
#5178 = CARTESIAN_POINT('',(3.140083779588E-02,-0.165315468926));
#5179 = VECTOR('',#5180,1.);
#5180 = DIRECTION('',(-0.186608442998,0.982434368801));
#5181 = ( GEOMETRIC_REPRESENTATION_CONTEXT(2) 
PARAMETRIC_REPRESENTATION_CONTEXT() REPRESENTATION_CONTEXT('2D SPACE',''
  ) );
#5182 = ORIENTED_EDGE('',*,*,#5092,.F.);
#5183 = ORIENTED_EDGE('',*,*,#3173,.T.);
#5184 = ADVANCED_FACE('',(#5185),#3161,.T.);
#5185 = FACE_BOUND('',#5186,.T.);
#5186 = EDGE_LOOP('',(#5187,#5210,#5231,#5232,#5233));
#5187 = ORIENTED_EDGE('',*,*,#5188,.F.);
#5188 = EDGE_CURVE('',#5189,#3113,#5191,.T.);
#5189 = VERTEX_POINT('',#5190);
#5190 = CARTESIAN_POINT('',(48.167056949062,-4.,33.382905752975));
#5191 = SURFACE_CURVE('',#5192,(#5196,#5203),.PCURVE_S1.);
#5192 = LINE('',#5193,#5194);
#5193 = CARTESIAN_POINT('',(39.701362640266,-4.,31.114529799564));
#5194 = VECTOR('',#5195,1.);
#5195 = DIRECTION('',(0.965925826289,2.873468630843E-17,0.258819045103)
  );
#5196 = PCURVE('',#3161,#5197);
#5197 = DEFINITIONAL_REPRESENTATION('',(#5198),#5202);
#5198 = LINE('',#5199,#5200);
#5199 = CARTESIAN_POINT('',(1.664740504327,-2.386979502944E-15));
#5200 = VECTOR('',#5201,1.);
#5201 = DIRECTION('',(0.,-1.));
#5202 = ( GEOMETRIC_REPRESENTATION_CONTEXT(2) 
PARAMETRIC_REPRESENTATION_CONTEXT() REPRESENTATION_CONTEXT('2D SPACE',''
  ) );
#5203 = PCURVE('',#3129,#5204);
#5204 = DEFINITIONAL_REPRESENTATION('',(#5205),#5209);
#5205 = LINE('',#5206,#5207);
#5206 = CARTESIAN_POINT('',(-0.298637359734,1.114529799564));
#5207 = VECTOR('',#5208,1.);
#5208 = DIRECTION('',(0.965925826289,0.258819045103));
#5209 = ( GEOMETRIC_REPRESENTATION_CONTEXT(2) 
PARAMETRIC_REPRESENTATION_CONTEXT() REPRESENTATION_CONTEXT('2D SPACE',''
  ) );
#5210 = ORIENTED_EDGE('',*,*,#5211,.T.);
#5211 = EDGE_CURVE('',#5189,#4982,#5212,.T.);
#5212 = SURFACE_CURVE('',#5213,(#5217,#5224),.PCURVE_S1.);
#5213 = LINE('',#5214,#5215);
#5214 = CARTESIAN_POINT('',(40.154049492915,-2.822634762149,
    30.063809389242));
#5215 = VECTOR('',#5216,1.);
#5216 = DIRECTION('',(-0.915483090117,0.134513535903,-0.37920551205));
#5217 = PCURVE('',#3161,#5218);
#5218 = DEFINITIONAL_REPRESENTATION('',(#5219),#5223);
#5219 = LINE('',#5220,#5221);
#5220 = CARTESIAN_POINT('',(3.140083779588E-02,-0.165315468926));
#5221 = VECTOR('',#5222,1.);
#5222 = DIRECTION('',(-0.186608442998,0.982434368801));
#5223 = ( GEOMETRIC_REPRESENTATION_CONTEXT(2) 
PARAMETRIC_REPRESENTATION_CONTEXT() REPRESENTATION_CONTEXT('2D SPACE',''
  ) );
#5224 = PCURVE('',#3100,#5225);
#5225 = DEFINITIONAL_REPRESENTATION('',(#5226),#5230);
#5226 = LINE('',#5227,#5228);
#5227 = CARTESIAN_POINT('',(1.772068041891,-0.165315468926));
#5228 = VECTOR('',#5229,1.);
#5229 = DIRECTION('',(0.186608442998,0.982434368801));
#5230 = ( GEOMETRIC_REPRESENTATION_CONTEXT(2) 
PARAMETRIC_REPRESENTATION_CONTEXT() REPRESENTATION_CONTEXT('2D SPACE',''
  ) );
#5231 = ORIENTED_EDGE('',*,*,#5008,.F.);
#5232 = ORIENTED_EDGE('',*,*,#5140,.T.);
#5233 = ORIENTED_EDGE('',*,*,#3141,.T.);
#5234 = ADVANCED_FACE('',(#5235),#3129,.T.);
#5235 = FACE_BOUND('',#5236,.T.);
#5236 = EDGE_LOOP('',(#5237,#5258,#5259));
#5237 = ORIENTED_EDGE('',*,*,#5238,.T.);
#5238 = EDGE_CURVE('',#3081,#5189,#5239,.T.);
#5239 = SURFACE_CURVE('',#5240,(#5244,#5251),.PCURVE_S1.);
#5240 = LINE('',#5241,#5242);
#5241 = CARTESIAN_POINT('',(40.576923076923,-4.,29.00073991871));
#5242 = VECTOR('',#5243,1.);
#5243 = DIRECTION('',(-0.866025403784,-5.551115123126E-17,-0.5));
#5244 = PCURVE('',#3129,#5245);
#5245 = DEFINITIONAL_REPRESENTATION('',(#5246),#5250);
#5246 = LINE('',#5247,#5248);
#5247 = CARTESIAN_POINT('',(0.576923076923,-0.99926008129));
#5248 = VECTOR('',#5249,1.);
#5249 = DIRECTION('',(-0.866025403784,-0.5));
#5250 = ( GEOMETRIC_REPRESENTATION_CONTEXT(2) 
PARAMETRIC_REPRESENTATION_CONTEXT() REPRESENTATION_CONTEXT('2D SPACE',''
  ) );
#5251 = PCURVE('',#3100,#5252);
#5252 = DEFINITIONAL_REPRESENTATION('',(#5253),#5257);
#5253 = LINE('',#5254,#5255);
#5254 = CARTESIAN_POINT('',(0.138728375361,-3.295974604356E-15));
#5255 = VECTOR('',#5256,1.);
#5256 = DIRECTION('',(0.,1.));
#5257 = ( GEOMETRIC_REPRESENTATION_CONTEXT(2) 
PARAMETRIC_REPRESENTATION_CONTEXT() REPRESENTATION_CONTEXT('2D SPACE',''
  ) );
#5258 = ORIENTED_EDGE('',*,*,#5188,.T.);
#5259 = ORIENTED_EDGE('',*,*,#3112,.T.);
#5260 = ADVANCED_FACE('',(#5261),#3100,.T.);
#5261 = FACE_BOUND('',#5262,.T.);
#5262 = EDGE_LOOP('',(#5263,#5284,#5285,#5286,#5287));
#5263 = ORIENTED_EDGE('',*,*,#5264,.F.);
#5264 = EDGE_CURVE('',#4955,#3049,#5265,.T.);
#5265 = SURFACE_CURVE('',#5266,(#5270,#5277),.PCURVE_S1.);
#5266 = LINE('',#5267,#5268);
#5267 = CARTESIAN_POINT('',(40.,-2.8,30.));
#5268 = VECTOR('',#5269,1.);
#5269 = DIRECTION('',(0.866025403784,5.551115123126E-17,0.5));
#5270 = PCURVE('',#3100,#5271);
#5271 = DEFINITIONAL_REPRESENTATION('',(#5272),#5276);
#5272 = LINE('',#5273,#5274);
#5273 = CARTESIAN_POINT('',(1.803468879687,-5.551115123126E-16));
#5274 = VECTOR('',#5275,1.);
#5275 = DIRECTION('',(0.,-1.));
#5276 = ( GEOMETRIC_REPRESENTATION_CONTEXT(2) 
PARAMETRIC_REPRESENTATION_CONTEXT() REPRESENTATION_CONTEXT('2D SPACE',''
  ) );
#5277 = PCURVE('',#3068,#5278);
#5278 = DEFINITIONAL_REPRESENTATION('',(#5279),#5283);
#5279 = LINE('',#5280,#5281);
#5280 = CARTESIAN_POINT('',(0.,-0.));
#5281 = VECTOR('',#5282,1.);
#5282 = DIRECTION('',(0.,-1.));
#5283 = ( GEOMETRIC_REPRESENTATION_CONTEXT(2) 
PARAMETRIC_REPRESENTATION_CONTEXT() REPRESENTATION_CONTEXT('2D SPACE',''
  ) );
#5284 = ORIENTED_EDGE('',*,*,#4981,.F.);
#5285 = ORIENTED_EDGE('',*,*,#5211,.F.);
#5286 = ORIENTED_EDGE('',*,*,#5238,.F.);
#5287 = ORIENTED_EDGE('',*,*,#3080,.T.);
#5288 = ADVANCED_FACE('',(#5289),#3068,.T.);
#5289 = FACE_BOUND('',#5290,.T.);
#5290 = EDGE_LOOP('',(#5291,#5314,#5335,#5336,#5337));
#5291 = ORIENTED_EDGE('',*,*,#5292,.F.);
#5292 = EDGE_CURVE('',#5293,#3020,#5295,.T.);
#5293 = VERTEX_POINT('',#5294);
#5294 = CARTESIAN_POINT('',(47.013210795216,-4.,35.381425915554));
#5295 = SURFACE_CURVE('',#5296,(#5300,#5307),.PCURVE_S1.);
#5296 = LINE('',#5297,#5298);
#5297 = CARTESIAN_POINT('',(39.423076923077,-4.,30.99926008129));
#5298 = VECTOR('',#5299,1.);
#5299 = DIRECTION('',(0.866025403784,5.551115123126E-17,0.5));
#5300 = PCURVE('',#3068,#5301);
#5301 = DEFINITIONAL_REPRESENTATION('',(#5302),#5306);
#5302 = LINE('',#5303,#5304);
#5303 = CARTESIAN_POINT('',(1.664740504327,2.831068712794E-15));
#5304 = VECTOR('',#5305,1.);
#5305 = DIRECTION('',(0.,-1.));
#5306 = ( GEOMETRIC_REPRESENTATION_CONTEXT(2) 
PARAMETRIC_REPRESENTATION_CONTEXT() REPRESENTATION_CONTEXT('2D SPACE',''
  ) );
#5307 = PCURVE('',#3036,#5308);
#5308 = DEFINITIONAL_REPRESENTATION('',(#5309),#5313);
#5309 = LINE('',#5310,#5311);
#5310 = CARTESIAN_POINT('',(-0.576923076923,0.99926008129));
#5311 = VECTOR('',#5312,1.);
#5312 = DIRECTION('',(0.866025403784,0.5));
#5313 = ( GEOMETRIC_REPRESENTATION_CONTEXT(2) 
PARAMETRIC_REPRESENTATION_CONTEXT() REPRESENTATION_CONTEXT('2D SPACE',''
  ) );
#5314 = ORIENTED_EDGE('',*,*,#5315,.T.);
#5315 = EDGE_CURVE('',#5293,#4928,#5316,.T.);
#5316 = SURFACE_CURVE('',#5317,(#5321,#5328),.PCURVE_S1.);
#5317 = LINE('',#5318,#5319);
#5318 = CARTESIAN_POINT('',(40.132285298541,-2.822634762149,
    30.101506079684));
#5319 = VECTOR('',#5320,1.);
#5320 = DIRECTION('',(-0.786143151749,0.134513535903,-0.603228856751));
#5321 = PCURVE('',#3068,#5322);
#5322 = DEFINITIONAL_REPRESENTATION('',(#5323),#5327);
#5323 = LINE('',#5324,#5325);
#5324 = CARTESIAN_POINT('',(3.140083779588E-02,-0.165315468926));
#5325 = VECTOR('',#5326,1.);
#5326 = DIRECTION('',(-0.186608442998,0.982434368801));
#5327 = ( GEOMETRIC_REPRESENTATION_CONTEXT(2) 
PARAMETRIC_REPRESENTATION_CONTEXT() REPRESENTATION_CONTEXT('2D SPACE',''
  ) );
#5328 = PCURVE('',#3007,#5329);
#5329 = DEFINITIONAL_REPRESENTATION('',(#5330),#5334);
#5330 = LINE('',#5331,#5332);
#5331 = CARTESIAN_POINT('',(1.772068041891,-0.165315468926));
#5332 = VECTOR('',#5333,1.);
#5333 = DIRECTION('',(0.186608442998,0.982434368801));
#5334 = ( GEOMETRIC_REPRESENTATION_CONTEXT(2) 
PARAMETRIC_REPRESENTATION_CONTEXT() REPRESENTATION_CONTEXT('2D SPACE',''
  ) );
#5335 = ORIENTED_EDGE('',*,*,#4954,.F.);
#5336 = ORIENTED_EDGE('',*,*,#5264,.T.);
#5337 = ORIENTED_EDGE('',*,*,#3048,.T.);
#5338 = ADVANCED_FACE('',(#5339),#3036,.T.);
#5339 = FACE_BOUND('',#5340,.T.);
#5340 = EDGE_LOOP('',(#5341,#5342,#5363));
#5341 = ORIENTED_EDGE('',*,*,#3019,.T.);
#5342 = ORIENTED_EDGE('',*,*,#5343,.T.);
#5343 = EDGE_CURVE('',#2988,#5293,#5344,.T.);
#5344 = SURFACE_CURVE('',#5345,(#5349,#5356),.PCURVE_S1.);
#5345 = LINE('',#5346,#5347);
#5346 = CARTESIAN_POINT('',(40.815892439831,-4.,29.184107560169));
#5347 = VECTOR('',#5348,1.);
#5348 = DIRECTION('',(-0.707106781187,-7.850462293419E-17,
    -0.707106781187));
#5349 = PCURVE('',#3036,#5350);
#5350 = DEFINITIONAL_REPRESENTATION('',(#5351),#5355);
#5351 = LINE('',#5352,#5353);
#5352 = CARTESIAN_POINT('',(0.815892439831,-0.815892439831));
#5353 = VECTOR('',#5354,1.);
#5354 = DIRECTION('',(-0.707106781187,-0.707106781187));
#5355 = ( GEOMETRIC_REPRESENTATION_CONTEXT(2) 
PARAMETRIC_REPRESENTATION_CONTEXT() REPRESENTATION_CONTEXT('2D SPACE',''
  ) );
#5356 = PCURVE('',#3007,#5357);
#5357 = DEFINITIONAL_REPRESENTATION('',(#5358),#5362);
#5358 = LINE('',#5359,#5360);
#5359 = CARTESIAN_POINT('',(0.138728375361,-2.511879593214E-15));
#5360 = VECTOR('',#5361,1.);
#5361 = DIRECTION('',(-5.551115123126E-17,1.));
#5362 = ( GEOMETRIC_REPRESENTATION_CONTEXT(2) 
PARAMETRIC_REPRESENTATION_CONTEXT() REPRESENTATION_CONTEXT('2D SPACE',''
  ) );
#5363 = ORIENTED_EDGE('',*,*,#5292,.T.);
#5364 = ADVANCED_FACE('',(#5365),#3007,.T.);
#5365 = FACE_BOUND('',#5366,.T.);
#5366 = EDGE_LOOP('',(#5367,#5388,#5389,#5390,#5391));
#5367 = ORIENTED_EDGE('',*,*,#5368,.F.);
#5368 = EDGE_CURVE('',#4901,#2956,#5369,.T.);
#5369 = SURFACE_CURVE('',#5370,(#5374,#5381),.PCURVE_S1.);
#5370 = LINE('',#5371,#5372);
#5371 = CARTESIAN_POINT('',(40.,-2.8,30.));
#5372 = VECTOR('',#5373,1.);
#5373 = DIRECTION('',(0.707106781187,7.850462293419E-17,0.707106781187)
  );
#5374 = PCURVE('',#3007,#5375);
#5375 = DEFINITIONAL_REPRESENTATION('',(#5376),#5380);
#5376 = LINE('',#5377,#5378);
#5377 = CARTESIAN_POINT('',(1.803468879687,0.));
#5378 = VECTOR('',#5379,1.);
#5379 = DIRECTION('',(5.551115123126E-17,-1.));
#5380 = ( GEOMETRIC_REPRESENTATION_CONTEXT(2) 
PARAMETRIC_REPRESENTATION_CONTEXT() REPRESENTATION_CONTEXT('2D SPACE',''
  ) );
#5381 = PCURVE('',#2975,#5382);
#5382 = DEFINITIONAL_REPRESENTATION('',(#5383),#5387);
#5383 = LINE('',#5384,#5385);
#5384 = CARTESIAN_POINT('',(0.,-0.));
#5385 = VECTOR('',#5386,1.);
#5386 = DIRECTION('',(-5.551115123126E-17,-1.));
#5387 = ( GEOMETRIC_REPRESENTATION_CONTEXT(2) 
PARAMETRIC_REPRESENTATION_CONTEXT() REPRESENTATION_CONTEXT('2D SPACE',''
  ) );
#5388 = ORIENTED_EDGE('',*,*,#4927,.F.);
#5389 = ORIENTED_EDGE('',*,*,#5315,.F.);
#5390 = ORIENTED_EDGE('',*,*,#5343,.F.);
#5391 = ORIENTED_EDGE('',*,*,#2987,.T.);
#5392 = ADVANCED_FACE('',(#5393),#2975,.T.);
#5393 = FACE_BOUND('',#5394,.T.);
#5394 = EDGE_LOOP('',(#5395,#5418,#5439,#5440,#5441));
#5395 = ORIENTED_EDGE('',*,*,#5396,.F.);
#5396 = EDGE_CURVE('',#5397,#2927,#5399,.T.);
#5397 = VERTEX_POINT('',#5398);
#5398 = CARTESIAN_POINT('',(45.381425915554,-4.,37.013210795216));
#5399 = SURFACE_CURVE('',#5400,(#5404,#5411),.PCURVE_S1.);
#5400 = LINE('',#5401,#5402);
#5401 = CARTESIAN_POINT('',(39.184107560169,-4.,30.815892439831));
#5402 = VECTOR('',#5403,1.);
#5403 = DIRECTION('',(0.707106781187,7.850462293419E-17,0.707106781187)
  );
#5404 = PCURVE('',#2975,#5405);
#5405 = DEFINITIONAL_REPRESENTATION('',(#5406),#5410);
#5406 = LINE('',#5407,#5408);
#5407 = CARTESIAN_POINT('',(1.664740504327,2.22044604925E-16));
#5408 = VECTOR('',#5409,1.);
#5409 = DIRECTION('',(-5.551115123126E-17,-1.));
#5410 = ( GEOMETRIC_REPRESENTATION_CONTEXT(2) 
PARAMETRIC_REPRESENTATION_CONTEXT() REPRESENTATION_CONTEXT('2D SPACE',''
  ) );
#5411 = PCURVE('',#2943,#5412);
#5412 = DEFINITIONAL_REPRESENTATION('',(#5413),#5417);
#5413 = LINE('',#5414,#5415);
#5414 = CARTESIAN_POINT('',(-0.815892439831,0.815892439831));
#5415 = VECTOR('',#5416,1.);
#5416 = DIRECTION('',(0.707106781187,0.707106781187));
#5417 = ( GEOMETRIC_REPRESENTATION_CONTEXT(2) 
PARAMETRIC_REPRESENTATION_CONTEXT() REPRESENTATION_CONTEXT('2D SPACE',''
  ) );
#5418 = ORIENTED_EDGE('',*,*,#5419,.T.);
#5419 = EDGE_CURVE('',#5397,#4874,#5420,.T.);
#5420 = SURFACE_CURVE('',#5421,(#5425,#5432),.PCURVE_S1.);
#5421 = LINE('',#5422,#5423);
#5422 = CARTESIAN_POINT('',(40.101506079684,-2.822634762149,
    30.132285298541));
#5423 = VECTOR('',#5424,1.);
#5424 = DIRECTION('',(-0.603228856751,0.134513535903,-0.786143151749));
#5425 = PCURVE('',#2975,#5426);
#5426 = DEFINITIONAL_REPRESENTATION('',(#5427),#5431);
#5427 = LINE('',#5428,#5429);
#5428 = CARTESIAN_POINT('',(3.140083779587E-02,-0.165315468926));
#5429 = VECTOR('',#5430,1.);
#5430 = DIRECTION('',(-0.186608442998,0.982434368801));
#5431 = ( GEOMETRIC_REPRESENTATION_CONTEXT(2) 
PARAMETRIC_REPRESENTATION_CONTEXT() REPRESENTATION_CONTEXT('2D SPACE',''
  ) );
#5432 = PCURVE('',#2914,#5433);
#5433 = DEFINITIONAL_REPRESENTATION('',(#5434),#5438);
#5434 = LINE('',#5435,#5436);
#5435 = CARTESIAN_POINT('',(1.772068041891,-0.165315468926));
#5436 = VECTOR('',#5437,1.);
#5437 = DIRECTION('',(0.186608442998,0.982434368801));
#5438 = ( GEOMETRIC_REPRESENTATION_CONTEXT(2) 
PARAMETRIC_REPRESENTATION_CONTEXT() REPRESENTATION_CONTEXT('2D SPACE',''
  ) );
#5439 = ORIENTED_EDGE('',*,*,#4900,.F.);
#5440 = ORIENTED_EDGE('',*,*,#5368,.T.);
#5441 = ORIENTED_EDGE('',*,*,#2955,.T.);
#5442 = ADVANCED_FACE('',(#5443),#2943,.T.);
#5443 = FACE_BOUND('',#5444,.T.);
#5444 = EDGE_LOOP('',(#5445,#5446,#5447));
#5445 = ORIENTED_EDGE('',*,*,#5396,.T.);
#5446 = ORIENTED_EDGE('',*,*,#2926,.T.);
#5447 = ORIENTED_EDGE('',*,*,#5448,.T.);
#5448 = EDGE_CURVE('',#2895,#5397,#5449,.T.);
#5449 = SURFACE_CURVE('',#5450,(#5454,#5461),.PCURVE_S1.);
#5450 = LINE('',#5451,#5452);
#5451 = CARTESIAN_POINT('',(40.99926008129,-4.,29.423076923077));
#5452 = VECTOR('',#5453,1.);
#5453 = DIRECTION('',(-0.5,-9.614813431918E-17,-0.866025403784));
#5454 = PCURVE('',#2943,#5455);
#5455 = DEFINITIONAL_REPRESENTATION('',(#5456),#5460);
#5456 = LINE('',#5457,#5458);
#5457 = CARTESIAN_POINT('',(0.99926008129,-0.576923076923));
#5458 = VECTOR('',#5459,1.);
#5459 = DIRECTION('',(-0.5,-0.866025403784));
#5460 = ( GEOMETRIC_REPRESENTATION_CONTEXT(2) 
PARAMETRIC_REPRESENTATION_CONTEXT() REPRESENTATION_CONTEXT('2D SPACE',''
  ) );
#5461 = PCURVE('',#2914,#5462);
#5462 = DEFINITIONAL_REPRESENTATION('',(#5463),#5467);
#5463 = LINE('',#5464,#5465);
#5464 = CARTESIAN_POINT('',(0.138728375361,2.22044604925E-16));
#5465 = VECTOR('',#5466,1.);
#5466 = DIRECTION('',(0.,1.));
#5467 = ( GEOMETRIC_REPRESENTATION_CONTEXT(2) 
PARAMETRIC_REPRESENTATION_CONTEXT() REPRESENTATION_CONTEXT('2D SPACE',''
  ) );
#5468 = ADVANCED_FACE('',(#5469),#2914,.T.);
#5469 = FACE_BOUND('',#5470,.T.);
#5470 = EDGE_LOOP('',(#5471,#5492,#5493,#5494,#5495));
#5471 = ORIENTED_EDGE('',*,*,#5472,.F.);
#5472 = EDGE_CURVE('',#4847,#2863,#5473,.T.);
#5473 = SURFACE_CURVE('',#5474,(#5478,#5485),.PCURVE_S1.);
#5474 = LINE('',#5475,#5476);
#5475 = CARTESIAN_POINT('',(40.,-2.8,30.));
#5476 = VECTOR('',#5477,1.);
#5477 = DIRECTION('',(0.5,9.614813431918E-17,0.866025403784));
#5478 = PCURVE('',#2914,#5479);
#5479 = DEFINITIONAL_REPRESENTATION('',(#5480),#5484);
#5480 = LINE('',#5481,#5482);
#5481 = CARTESIAN_POINT('',(1.803468879687,-1.110223024625E-15));
#5482 = VECTOR('',#5483,1.);
#5483 = DIRECTION('',(0.,-1.));
#5484 = ( GEOMETRIC_REPRESENTATION_CONTEXT(2) 
PARAMETRIC_REPRESENTATION_CONTEXT() REPRESENTATION_CONTEXT('2D SPACE',''
  ) );
#5485 = PCURVE('',#2882,#5486);
#5486 = DEFINITIONAL_REPRESENTATION('',(#5487),#5491);
#5487 = LINE('',#5488,#5489);
#5488 = CARTESIAN_POINT('',(0.,-0.));
#5489 = VECTOR('',#5490,1.);
#5490 = DIRECTION('',(0.,-1.));
#5491 = ( GEOMETRIC_REPRESENTATION_CONTEXT(2) 
PARAMETRIC_REPRESENTATION_CONTEXT() REPRESENTATION_CONTEXT('2D SPACE',''
  ) );
#5492 = ORIENTED_EDGE('',*,*,#4873,.F.);
#5493 = ORIENTED_EDGE('',*,*,#5419,.F.);
#5494 = ORIENTED_EDGE('',*,*,#5448,.F.);
#5495 = ORIENTED_EDGE('',*,*,#2894,.T.);
#5496 = ADVANCED_FACE('',(#5497),#2882,.T.);
#5497 = FACE_BOUND('',#5498,.T.);
#5498 = EDGE_LOOP('',(#5499,#5522,#5543,#5544,#5545));
#5499 = ORIENTED_EDGE('',*,*,#5500,.F.);
#5500 = EDGE_CURVE('',#5501,#2834,#5503,.T.);
#5501 = VERTEX_POINT('',#5502);
#5502 = CARTESIAN_POINT('',(43.382905752975,-4.,38.167056949062));
#5503 = SURFACE_CURVE('',#5504,(#5508,#5515),.PCURVE_S1.);
#5504 = LINE('',#5505,#5506);
#5505 = CARTESIAN_POINT('',(39.00073991871,-4.,30.576923076923));
#5506 = VECTOR('',#5507,1.);
#5507 = DIRECTION('',(0.5,9.614813431918E-17,0.866025403784));
#5508 = PCURVE('',#2882,#5509);
#5509 = DEFINITIONAL_REPRESENTATION('',(#5510),#5514);
#5510 = LINE('',#5511,#5512);
#5511 = CARTESIAN_POINT('',(1.664740504327,-1.165734175856E-15));
#5512 = VECTOR('',#5513,1.);
#5513 = DIRECTION('',(0.,-1.));
#5514 = ( GEOMETRIC_REPRESENTATION_CONTEXT(2) 
PARAMETRIC_REPRESENTATION_CONTEXT() REPRESENTATION_CONTEXT('2D SPACE',''
  ) );
#5515 = PCURVE('',#2850,#5516);
#5516 = DEFINITIONAL_REPRESENTATION('',(#5517),#5521);
#5517 = LINE('',#5518,#5519);
#5518 = CARTESIAN_POINT('',(-0.99926008129,0.576923076923));
#5519 = VECTOR('',#5520,1.);
#5520 = DIRECTION('',(0.5,0.866025403784));
#5521 = ( GEOMETRIC_REPRESENTATION_CONTEXT(2) 
PARAMETRIC_REPRESENTATION_CONTEXT() REPRESENTATION_CONTEXT('2D SPACE',''
  ) );
#5522 = ORIENTED_EDGE('',*,*,#5523,.T.);
#5523 = EDGE_CURVE('',#5501,#4820,#5524,.T.);
#5524 = SURFACE_CURVE('',#5525,(#5529,#5536),.PCURVE_S1.);
#5525 = LINE('',#5526,#5527);
#5526 = CARTESIAN_POINT('',(40.063809389242,-2.822634762149,
    30.154049492915));
#5527 = VECTOR('',#5528,1.);
#5528 = DIRECTION('',(-0.37920551205,0.134513535903,-0.915483090117));
#5529 = PCURVE('',#2882,#5530);
#5530 = DEFINITIONAL_REPRESENTATION('',(#5531),#5535);
#5531 = LINE('',#5532,#5533);
#5532 = CARTESIAN_POINT('',(3.140083779588E-02,-0.165315468926));
#5533 = VECTOR('',#5534,1.);
#5534 = DIRECTION('',(-0.186608442998,0.982434368801));
#5535 = ( GEOMETRIC_REPRESENTATION_CONTEXT(2) 
PARAMETRIC_REPRESENTATION_CONTEXT() REPRESENTATION_CONTEXT('2D SPACE',''
  ) );
#5536 = PCURVE('',#2821,#5537);
#5537 = DEFINITIONAL_REPRESENTATION('',(#5538),#5542);
#5538 = LINE('',#5539,#5540);
#5539 = CARTESIAN_POINT('',(1.772068041891,-0.165315468926));
#5540 = VECTOR('',#5541,1.);
#5541 = DIRECTION('',(0.186608442998,0.982434368801));
#5542 = ( GEOMETRIC_REPRESENTATION_CONTEXT(2) 
PARAMETRIC_REPRESENTATION_CONTEXT() REPRESENTATION_CONTEXT('2D SPACE',''
  ) );
#5543 = ORIENTED_EDGE('',*,*,#4846,.F.);
#5544 = ORIENTED_EDGE('',*,*,#5472,.T.);
#5545 = ORIENTED_EDGE('',*,*,#2862,.T.);
#5546 = ADVANCED_FACE('',(#5547),#2850,.T.);
#5547 = FACE_BOUND('',#5548,.T.);
#5548 = EDGE_LOOP('',(#5549,#5570,#5571));
#5549 = ORIENTED_EDGE('',*,*,#5550,.T.);
#5550 = EDGE_CURVE('',#2802,#5501,#5551,.T.);
#5551 = SURFACE_CURVE('',#5552,(#5556,#5563),.PCURVE_S1.);
#5552 = LINE('',#5553,#5554);
#5553 = CARTESIAN_POINT('',(41.114529799564,-4.,29.701362640266));
#5554 = VECTOR('',#5555,1.);
#5555 = DIRECTION('',(-0.258819045103,-1.072393092426E-16,
    -0.965925826289));
#5556 = PCURVE('',#2850,#5557);
#5557 = DEFINITIONAL_REPRESENTATION('',(#5558),#5562);
#5558 = LINE('',#5559,#5560);
#5559 = CARTESIAN_POINT('',(1.114529799564,-0.298637359734));
#5560 = VECTOR('',#5561,1.);
#5561 = DIRECTION('',(-0.258819045103,-0.965925826289));
#5562 = ( GEOMETRIC_REPRESENTATION_CONTEXT(2) 
PARAMETRIC_REPRESENTATION_CONTEXT() REPRESENTATION_CONTEXT('2D SPACE',''
  ) );
#5563 = PCURVE('',#2821,#5564);
#5564 = DEFINITIONAL_REPRESENTATION('',(#5565),#5569);
#5565 = LINE('',#5566,#5567);
#5566 = CARTESIAN_POINT('',(0.138728375361,-4.198030811864E-16));
#5567 = VECTOR('',#5568,1.);
#5568 = DIRECTION('',(2.775557561563E-17,1.));
#5569 = ( GEOMETRIC_REPRESENTATION_CONTEXT(2) 
PARAMETRIC_REPRESENTATION_CONTEXT() REPRESENTATION_CONTEXT('2D SPACE',''
  ) );
#5570 = ORIENTED_EDGE('',*,*,#5500,.T.);
#5571 = ORIENTED_EDGE('',*,*,#2833,.T.);
#5572 = ADVANCED_FACE('',(#5573),#2821,.T.);
#5573 = FACE_BOUND('',#5574,.T.);
#5574 = EDGE_LOOP('',(#5575,#5596,#5597,#5598,#5599));
#5575 = ORIENTED_EDGE('',*,*,#5576,.F.);
#5576 = EDGE_CURVE('',#4793,#2770,#5577,.T.);
#5577 = SURFACE_CURVE('',#5578,(#5582,#5589),.PCURVE_S1.);
#5578 = LINE('',#5579,#5580);
#5579 = CARTESIAN_POINT('',(40.,-2.8,30.));
#5580 = VECTOR('',#5581,1.);
#5581 = DIRECTION('',(0.258819045103,1.072393092426E-16,0.965925826289)
  );
#5582 = PCURVE('',#2821,#5583);
#5583 = DEFINITIONAL_REPRESENTATION('',(#5584),#5588);
#5584 = LINE('',#5585,#5586);
#5585 = CARTESIAN_POINT('',(1.803468879687,-1.554312234475E-15));
#5586 = VECTOR('',#5587,1.);
#5587 = DIRECTION('',(-2.775557561563E-17,-1.));
#5588 = ( GEOMETRIC_REPRESENTATION_CONTEXT(2) 
PARAMETRIC_REPRESENTATION_CONTEXT() REPRESENTATION_CONTEXT('2D SPACE',''
  ) );
#5589 = PCURVE('',#2789,#5590);
#5590 = DEFINITIONAL_REPRESENTATION('',(#5591),#5595);
#5591 = LINE('',#5592,#5593);
#5592 = CARTESIAN_POINT('',(0.,-0.));
#5593 = VECTOR('',#5594,1.);
#5594 = DIRECTION('',(0.,-1.));
#5595 = ( GEOMETRIC_REPRESENTATION_CONTEXT(2) 
PARAMETRIC_REPRESENTATION_CONTEXT() REPRESENTATION_CONTEXT('2D SPACE',''
  ) );
#5596 = ORIENTED_EDGE('',*,*,#4819,.F.);
#5597 = ORIENTED_EDGE('',*,*,#5523,.F.);
#5598 = ORIENTED_EDGE('',*,*,#5550,.F.);
#5599 = ORIENTED_EDGE('',*,*,#2801,.T.);
#5600 = ADVANCED_FACE('',(#5601),#2789,.T.);
#5601 = FACE_BOUND('',#5602,.T.);
#5602 = EDGE_LOOP('',(#5603,#5626,#5647,#5648,#5649));
#5603 = ORIENTED_EDGE('',*,*,#5604,.F.);
#5604 = EDGE_CURVE('',#5605,#2741,#5607,.T.);
#5605 = VERTEX_POINT('',#5606);
#5606 = CARTESIAN_POINT('',(41.153846153846,-4.,38.764331668529));
#5607 = SURFACE_CURVE('',#5608,(#5612,#5619),.PCURVE_S1.);
#5608 = LINE('',#5609,#5610);
#5609 = CARTESIAN_POINT('',(38.885470200436,-4.,30.298637359734));
#5610 = VECTOR('',#5611,1.);
#5611 = DIRECTION('',(0.258819045103,1.072393092426E-16,0.965925826289)
  );
#5612 = PCURVE('',#2789,#5613);
#5613 = DEFINITIONAL_REPRESENTATION('',(#5614),#5618);
#5614 = LINE('',#5615,#5616);
#5615 = CARTESIAN_POINT('',(1.664740504327,-8.881784197001E-16));
#5616 = VECTOR('',#5617,1.);
#5617 = DIRECTION('',(0.,-1.));
#5618 = ( GEOMETRIC_REPRESENTATION_CONTEXT(2) 
PARAMETRIC_REPRESENTATION_CONTEXT() REPRESENTATION_CONTEXT('2D SPACE',''
  ) );
#5619 = PCURVE('',#2757,#5620);
#5620 = DEFINITIONAL_REPRESENTATION('',(#5621),#5625);
#5621 = LINE('',#5622,#5623);
#5622 = CARTESIAN_POINT('',(-1.114529799564,0.298637359734));
#5623 = VECTOR('',#5624,1.);
#5624 = DIRECTION('',(0.258819045103,0.965925826289));
#5625 = ( GEOMETRIC_REPRESENTATION_CONTEXT(2) 
PARAMETRIC_REPRESENTATION_CONTEXT() REPRESENTATION_CONTEXT('2D SPACE',''
  ) );
#5626 = ORIENTED_EDGE('',*,*,#5627,.T.);
#5627 = EDGE_CURVE('',#5605,#4766,#5628,.T.);
#5628 = SURFACE_CURVE('',#5629,(#5633,#5640),.PCURVE_S1.);
#5629 = LINE('',#5630,#5631);
#5630 = CARTESIAN_POINT('',(40.021764194374,-2.822634762149,
    30.165315468926));
#5631 = VECTOR('',#5632,1.);
#5632 = DIRECTION('',(-0.129339938368,0.134513535903,-0.982434368801));
#5633 = PCURVE('',#2789,#5634);
#5634 = DEFINITIONAL_REPRESENTATION('',(#5635),#5639);
#5635 = LINE('',#5636,#5637);
#5636 = CARTESIAN_POINT('',(3.140083779588E-02,-0.165315468926));
#5637 = VECTOR('',#5638,1.);
#5638 = DIRECTION('',(-0.186608442998,0.982434368801));
#5639 = ( GEOMETRIC_REPRESENTATION_CONTEXT(2) 
PARAMETRIC_REPRESENTATION_CONTEXT() REPRESENTATION_CONTEXT('2D SPACE',''
  ) );
#5640 = PCURVE('',#2728,#5641);
#5641 = DEFINITIONAL_REPRESENTATION('',(#5642),#5646);
#5642 = LINE('',#5643,#5644);
#5643 = CARTESIAN_POINT('',(1.772068041891,-0.165315468926));
#5644 = VECTOR('',#5645,1.);
#5645 = DIRECTION('',(0.186608442998,0.982434368801));
#5646 = ( GEOMETRIC_REPRESENTATION_CONTEXT(2) 
PARAMETRIC_REPRESENTATION_CONTEXT() REPRESENTATION_CONTEXT('2D SPACE',''
  ) );
#5647 = ORIENTED_EDGE('',*,*,#4792,.F.);
#5648 = ORIENTED_EDGE('',*,*,#5576,.T.);
#5649 = ORIENTED_EDGE('',*,*,#2769,.T.);
#5650 = ADVANCED_FACE('',(#5651),#2757,.T.);
#5651 = FACE_BOUND('',#5652,.T.);
#5652 = EDGE_LOOP('',(#5653,#5674,#5675));
#5653 = ORIENTED_EDGE('',*,*,#5654,.T.);
#5654 = EDGE_CURVE('',#2709,#5605,#5655,.T.);
#5655 = SURFACE_CURVE('',#5656,(#5660,#5667),.PCURVE_S1.);
#5656 = LINE('',#5657,#5658);
#5657 = CARTESIAN_POINT('',(41.153846153846,-4.,30.));
#5658 = VECTOR('',#5659,1.);
#5659 = DIRECTION('',(-1.110223024625E-16,-1.110223024625E-16,-1.));
#5660 = PCURVE('',#2757,#5661);
#5661 = DEFINITIONAL_REPRESENTATION('',(#5662),#5666);
#5662 = LINE('',#5663,#5664);
#5663 = CARTESIAN_POINT('',(1.153846153846,0.));
#5664 = VECTOR('',#5665,1.);
#5665 = DIRECTION('',(-1.110223024625E-16,-1.));
#5666 = ( GEOMETRIC_REPRESENTATION_CONTEXT(2) 
PARAMETRIC_REPRESENTATION_CONTEXT() REPRESENTATION_CONTEXT('2D SPACE',''
  ) );
#5667 = PCURVE('',#2728,#5668);
#5668 = DEFINITIONAL_REPRESENTATION('',(#5669),#5673);
#5669 = LINE('',#5670,#5671);
#5670 = CARTESIAN_POINT('',(0.138728375361,-4.27008855625E-19));
#5671 = VECTOR('',#5672,1.);
#5672 = DIRECTION('',(0.,1.));
#5673 = ( GEOMETRIC_REPRESENTATION_CONTEXT(2) 
PARAMETRIC_REPRESENTATION_CONTEXT() REPRESENTATION_CONTEXT('2D SPACE',''
  ) );
#5674 = ORIENTED_EDGE('',*,*,#5604,.T.);
#5675 = ORIENTED_EDGE('',*,*,#2740,.T.);
#5676 = ADVANCED_FACE('',(#5677),#2728,.T.);
#5677 = FACE_BOUND('',#5678,.T.);
#5678 = EDGE_LOOP('',(#5679,#5700,#5701,#5702,#5703));
#5679 = ORIENTED_EDGE('',*,*,#5680,.F.);
#5680 = EDGE_CURVE('',#4739,#2677,#5681,.T.);
#5681 = SURFACE_CURVE('',#5682,(#5686,#5693),.PCURVE_S1.);
#5682 = LINE('',#5683,#5684);
#5683 = CARTESIAN_POINT('',(40.,-2.8,30.));
#5684 = VECTOR('',#5685,1.);
#5685 = DIRECTION('',(1.110223024625E-16,1.110223024625E-16,1.));
#5686 = PCURVE('',#2728,#5687);
#5687 = DEFINITIONAL_REPRESENTATION('',(#5688),#5692);
#5688 = LINE('',#5689,#5690);
#5689 = CARTESIAN_POINT('',(1.803468879687,-5.551115123126E-18));
#5690 = VECTOR('',#5691,1.);
#5691 = DIRECTION('',(0.,-1.));
#5692 = ( GEOMETRIC_REPRESENTATION_CONTEXT(2) 
PARAMETRIC_REPRESENTATION_CONTEXT() REPRESENTATION_CONTEXT('2D SPACE',''
  ) );
#5693 = PCURVE('',#2696,#5694);
#5694 = DEFINITIONAL_REPRESENTATION('',(#5695),#5699);
#5695 = LINE('',#5696,#5697);
#5696 = CARTESIAN_POINT('',(0.,-0.));
#5697 = VECTOR('',#5698,1.);
#5698 = DIRECTION('',(0.,-1.));
#5699 = ( GEOMETRIC_REPRESENTATION_CONTEXT(2) 
PARAMETRIC_REPRESENTATION_CONTEXT() REPRESENTATION_CONTEXT('2D SPACE',''
  ) );
#5700 = ORIENTED_EDGE('',*,*,#4765,.F.);
#5701 = ORIENTED_EDGE('',*,*,#5627,.F.);
#5702 = ORIENTED_EDGE('',*,*,#5654,.F.);
#5703 = ORIENTED_EDGE('',*,*,#2708,.T.);
#5704 = ADVANCED_FACE('',(#5705),#2696,.T.);
#5705 = FACE_BOUND('',#5706,.T.);
#5706 = EDGE_LOOP('',(#5707,#5730,#5751,#5752,#5753));
#5707 = ORIENTED_EDGE('',*,*,#5708,.F.);
#5708 = EDGE_CURVE('',#5709,#2648,#5711,.T.);
#5709 = VERTEX_POINT('',#5710);
#5710 = CARTESIAN_POINT('',(38.846153846154,-4.,38.764331668529));
#5711 = SURFACE_CURVE('',#5712,(#5716,#5723),.PCURVE_S1.);
#5712 = LINE('',#5713,#5714);
#5713 = CARTESIAN_POINT('',(38.846153846154,-4.,30.));
#5714 = VECTOR('',#5715,1.);
#5715 = DIRECTION('',(1.110223024625E-16,1.110223024625E-16,1.));
#5716 = PCURVE('',#2696,#5717);
#5717 = DEFINITIONAL_REPRESENTATION('',(#5718),#5722);
#5718 = LINE('',#5719,#5720);
#5719 = CARTESIAN_POINT('',(1.664740504327,2.613294196425E-16));
#5720 = VECTOR('',#5721,1.);
#5721 = DIRECTION('',(0.,-1.));
#5722 = ( GEOMETRIC_REPRESENTATION_CONTEXT(2) 
PARAMETRIC_REPRESENTATION_CONTEXT() REPRESENTATION_CONTEXT('2D SPACE',''
  ) );
#5723 = PCURVE('',#2664,#5724);
#5724 = DEFINITIONAL_REPRESENTATION('',(#5725),#5729);
#5725 = LINE('',#5726,#5727);
#5726 = CARTESIAN_POINT('',(-1.153846153846,0.));
#5727 = VECTOR('',#5728,1.);
#5728 = DIRECTION('',(1.110223024625E-16,1.));
#5729 = ( GEOMETRIC_REPRESENTATION_CONTEXT(2) 
PARAMETRIC_REPRESENTATION_CONTEXT() REPRESENTATION_CONTEXT('2D SPACE',''
  ) );
#5730 = ORIENTED_EDGE('',*,*,#5731,.T.);
#5731 = EDGE_CURVE('',#5709,#4712,#5732,.T.);
#5732 = SURFACE_CURVE('',#5733,(#5737,#5744),.PCURVE_S1.);
#5733 = LINE('',#5734,#5735);
#5734 = CARTESIAN_POINT('',(39.978235805626,-2.822634762149,
    30.165315468926));
#5735 = VECTOR('',#5736,1.);
#5736 = DIRECTION('',(0.129339938368,0.134513535903,-0.982434368801));
#5737 = PCURVE('',#2696,#5738);
#5738 = DEFINITIONAL_REPRESENTATION('',(#5739),#5743);
#5739 = LINE('',#5740,#5741);
#5740 = CARTESIAN_POINT('',(3.140083779588E-02,-0.165315468926));
#5741 = VECTOR('',#5742,1.);
#5742 = DIRECTION('',(-0.186608442998,0.982434368801));
#5743 = ( GEOMETRIC_REPRESENTATION_CONTEXT(2) 
PARAMETRIC_REPRESENTATION_CONTEXT() REPRESENTATION_CONTEXT('2D SPACE',''
  ) );
#5744 = PCURVE('',#2635,#5745);
#5745 = DEFINITIONAL_REPRESENTATION('',(#5746),#5750);
#5746 = LINE('',#5747,#5748);
#5747 = CARTESIAN_POINT('',(1.772068041891,-0.165315468926));
#5748 = VECTOR('',#5749,1.);
#5749 = DIRECTION('',(0.186608442998,0.982434368801));
#5750 = ( GEOMETRIC_REPRESENTATION_CONTEXT(2) 
PARAMETRIC_REPRESENTATION_CONTEXT() REPRESENTATION_CONTEXT('2D SPACE',''
  ) );
#5751 = ORIENTED_EDGE('',*,*,#4738,.F.);
#5752 = ORIENTED_EDGE('',*,*,#5680,.T.);
#5753 = ORIENTED_EDGE('',*,*,#2676,.T.);
#5754 = ADVANCED_FACE('',(#5755),#2664,.T.);
#5755 = FACE_BOUND('',#5756,.T.);
#5756 = EDGE_LOOP('',(#5757,#5758,#5779));
#5757 = ORIENTED_EDGE('',*,*,#2647,.T.);
#5758 = ORIENTED_EDGE('',*,*,#5759,.T.);
#5759 = EDGE_CURVE('',#2616,#5709,#5760,.T.);
#5760 = SURFACE_CURVE('',#5761,(#5765,#5772),.PCURVE_S1.);
#5761 = LINE('',#5762,#5763);
#5762 = CARTESIAN_POINT('',(41.114529799564,-4.,30.298637359734));
#5763 = VECTOR('',#5764,1.);
#5764 = DIRECTION('',(0.258819045103,-1.072393092426E-16,-0.965925826289
    ));
#5765 = PCURVE('',#2664,#5766);
#5766 = DEFINITIONAL_REPRESENTATION('',(#5767),#5771);
#5767 = LINE('',#5768,#5769);
#5768 = CARTESIAN_POINT('',(1.114529799564,0.298637359734));
#5769 = VECTOR('',#5770,1.);
#5770 = DIRECTION('',(0.258819045103,-0.965925826289));
#5771 = ( GEOMETRIC_REPRESENTATION_CONTEXT(2) 
PARAMETRIC_REPRESENTATION_CONTEXT() REPRESENTATION_CONTEXT('2D SPACE',''
  ) );
#5772 = PCURVE('',#2635,#5773);
#5773 = DEFINITIONAL_REPRESENTATION('',(#5774),#5778);
#5774 = LINE('',#5775,#5776);
#5775 = CARTESIAN_POINT('',(0.138728375361,3.989863994747E-16));
#5776 = VECTOR('',#5777,1.);
#5777 = DIRECTION('',(0.,1.));
#5778 = ( GEOMETRIC_REPRESENTATION_CONTEXT(2) 
PARAMETRIC_REPRESENTATION_CONTEXT() REPRESENTATION_CONTEXT('2D SPACE',''
  ) );
#5779 = ORIENTED_EDGE('',*,*,#5708,.T.);
#5780 = ADVANCED_FACE('',(#5781),#2635,.T.);
#5781 = FACE_BOUND('',#5782,.T.);
#5782 = EDGE_LOOP('',(#5783,#5804,#5805,#5806,#5807));
#5783 = ORIENTED_EDGE('',*,*,#5784,.F.);
#5784 = EDGE_CURVE('',#4685,#2584,#5785,.T.);
#5785 = SURFACE_CURVE('',#5786,(#5790,#5797),.PCURVE_S1.);
#5786 = LINE('',#5787,#5788);
#5787 = CARTESIAN_POINT('',(40.,-2.8,30.));
#5788 = VECTOR('',#5789,1.);
#5789 = DIRECTION('',(-0.258819045103,1.072393092426E-16,0.965925826289)
  );
#5790 = PCURVE('',#2635,#5791);
#5791 = DEFINITIONAL_REPRESENTATION('',(#5792),#5796);
#5792 = LINE('',#5793,#5794);
#5793 = CARTESIAN_POINT('',(1.803468879687,1.221245327088E-15));
#5794 = VECTOR('',#5795,1.);
#5795 = DIRECTION('',(0.,-1.));
#5796 = ( GEOMETRIC_REPRESENTATION_CONTEXT(2) 
PARAMETRIC_REPRESENTATION_CONTEXT() REPRESENTATION_CONTEXT('2D SPACE',''
  ) );
#5797 = PCURVE('',#2603,#5798);
#5798 = DEFINITIONAL_REPRESENTATION('',(#5799),#5803);
#5799 = LINE('',#5800,#5801);
#5800 = CARTESIAN_POINT('',(-0.,0.));
#5801 = VECTOR('',#5802,1.);
#5802 = DIRECTION('',(2.775557561563E-17,-1.));
#5803 = ( GEOMETRIC_REPRESENTATION_CONTEXT(2) 
PARAMETRIC_REPRESENTATION_CONTEXT() REPRESENTATION_CONTEXT('2D SPACE',''
  ) );
#5804 = ORIENTED_EDGE('',*,*,#4711,.F.);
#5805 = ORIENTED_EDGE('',*,*,#5731,.F.);
#5806 = ORIENTED_EDGE('',*,*,#5759,.F.);
#5807 = ORIENTED_EDGE('',*,*,#2615,.T.);
#5808 = ADVANCED_FACE('',(#5809),#2603,.T.);
#5809 = FACE_BOUND('',#5810,.T.);
#5810 = EDGE_LOOP('',(#5811,#5834,#5855,#5856,#5857));
#5811 = ORIENTED_EDGE('',*,*,#5812,.F.);
#5812 = EDGE_CURVE('',#5813,#2555,#5815,.T.);
#5813 = VERTEX_POINT('',#5814);
#5814 = CARTESIAN_POINT('',(36.617094247025,-4.,38.167056949062));
#5815 = SURFACE_CURVE('',#5816,(#5820,#5827),.PCURVE_S1.);
#5816 = LINE('',#5817,#5818);
#5817 = CARTESIAN_POINT('',(38.885470200436,-4.,29.701362640266));
#5818 = VECTOR('',#5819,1.);
#5819 = DIRECTION('',(-0.258819045103,1.072393092426E-16,0.965925826289)
  );
#5820 = PCURVE('',#2603,#5821);
#5821 = DEFINITIONAL_REPRESENTATION('',(#5822),#5826);
#5822 = LINE('',#5823,#5824);
#5823 = CARTESIAN_POINT('',(1.664740504327,1.110223024625E-15));
#5824 = VECTOR('',#5825,1.);
#5825 = DIRECTION('',(2.775557561563E-17,-1.));
#5826 = ( GEOMETRIC_REPRESENTATION_CONTEXT(2) 
PARAMETRIC_REPRESENTATION_CONTEXT() REPRESENTATION_CONTEXT('2D SPACE',''
  ) );
#5827 = PCURVE('',#2571,#5828);
#5828 = DEFINITIONAL_REPRESENTATION('',(#5829),#5833);
#5829 = LINE('',#5830,#5831);
#5830 = CARTESIAN_POINT('',(-1.114529799564,-0.298637359734));
#5831 = VECTOR('',#5832,1.);
#5832 = DIRECTION('',(-0.258819045103,0.965925826289));
#5833 = ( GEOMETRIC_REPRESENTATION_CONTEXT(2) 
PARAMETRIC_REPRESENTATION_CONTEXT() REPRESENTATION_CONTEXT('2D SPACE',''
  ) );
#5834 = ORIENTED_EDGE('',*,*,#5835,.T.);
#5835 = EDGE_CURVE('',#5813,#4658,#5836,.T.);
#5836 = SURFACE_CURVE('',#5837,(#5841,#5848),.PCURVE_S1.);
#5837 = LINE('',#5838,#5839);
#5838 = CARTESIAN_POINT('',(39.936190610758,-2.822634762149,
    30.154049492915));
#5839 = VECTOR('',#5840,1.);
#5840 = DIRECTION('',(0.37920551205,0.134513535903,-0.915483090117));
#5841 = PCURVE('',#2603,#5842);
#5842 = DEFINITIONAL_REPRESENTATION('',(#5843),#5847);
#5843 = LINE('',#5844,#5845);
#5844 = CARTESIAN_POINT('',(3.140083779587E-02,-0.165315468926));
#5845 = VECTOR('',#5846,1.);
#5846 = DIRECTION('',(-0.186608442998,0.982434368801));
#5847 = ( GEOMETRIC_REPRESENTATION_CONTEXT(2) 
PARAMETRIC_REPRESENTATION_CONTEXT() REPRESENTATION_CONTEXT('2D SPACE',''
  ) );
#5848 = PCURVE('',#2542,#5849);
#5849 = DEFINITIONAL_REPRESENTATION('',(#5850),#5854);
#5850 = LINE('',#5851,#5852);
#5851 = CARTESIAN_POINT('',(1.772068041891,-0.165315468926));
#5852 = VECTOR('',#5853,1.);
#5853 = DIRECTION('',(0.186608442998,0.982434368801));
#5854 = ( GEOMETRIC_REPRESENTATION_CONTEXT(2) 
PARAMETRIC_REPRESENTATION_CONTEXT() REPRESENTATION_CONTEXT('2D SPACE',''
  ) );
#5855 = ORIENTED_EDGE('',*,*,#4684,.F.);
#5856 = ORIENTED_EDGE('',*,*,#5784,.T.);
#5857 = ORIENTED_EDGE('',*,*,#2583,.T.);
#5858 = ADVANCED_FACE('',(#5859),#2571,.T.);
#5859 = FACE_BOUND('',#5860,.T.);
#5860 = EDGE_LOOP('',(#5861,#5862,#5863));
#5861 = ORIENTED_EDGE('',*,*,#5812,.T.);
#5862 = ORIENTED_EDGE('',*,*,#2554,.T.);
#5863 = ORIENTED_EDGE('',*,*,#5864,.T.);
#5864 = EDGE_CURVE('',#2523,#5813,#5865,.T.);
#5865 = SURFACE_CURVE('',#5866,(#5870,#5877),.PCURVE_S1.);
#5866 = LINE('',#5867,#5868);
#5867 = CARTESIAN_POINT('',(40.99926008129,-4.,30.576923076923));
#5868 = VECTOR('',#5869,1.);
#5869 = DIRECTION('',(0.5,-9.614813431918E-17,-0.866025403784));
#5870 = PCURVE('',#2571,#5871);
#5871 = DEFINITIONAL_REPRESENTATION('',(#5872),#5876);
#5872 = LINE('',#5873,#5874);
#5873 = CARTESIAN_POINT('',(0.99926008129,0.576923076923));
#5874 = VECTOR('',#5875,1.);
#5875 = DIRECTION('',(0.5,-0.866025403784));
#5876 = ( GEOMETRIC_REPRESENTATION_CONTEXT(2) 
PARAMETRIC_REPRESENTATION_CONTEXT() REPRESENTATION_CONTEXT('2D SPACE',''
  ) );
#5877 = PCURVE('',#2542,#5878);
#5878 = DEFINITIONAL_REPRESENTATION('',(#5879),#5883);
#5879 = LINE('',#5880,#5881);
#5880 = CARTESIAN_POINT('',(0.138728375361,3.344546861683E-15));
#5881 = VECTOR('',#5882,1.);
#5882 = DIRECTION('',(0.,1.));
#5883 = ( GEOMETRIC_REPRESENTATION_CONTEXT(2) 
PARAMETRIC_REPRESENTATION_CONTEXT() REPRESENTATION_CONTEXT('2D SPACE',''
  ) );
#5884 = ADVANCED_FACE('',(#5885),#2542,.T.);
#5885 = FACE_BOUND('',#5886,.T.);
#5886 = EDGE_LOOP('',(#5887,#5908,#5909,#5910,#5911));
#5887 = ORIENTED_EDGE('',*,*,#5888,.F.);
#5888 = EDGE_CURVE('',#4631,#2491,#5889,.T.);
#5889 = SURFACE_CURVE('',#5890,(#5894,#5901),.PCURVE_S1.);
#5890 = LINE('',#5891,#5892);
#5891 = CARTESIAN_POINT('',(40.,-2.8,30.));
#5892 = VECTOR('',#5893,1.);
#5893 = DIRECTION('',(-0.5,9.614813431918E-17,0.866025403784));
#5894 = PCURVE('',#2542,#5895);
#5895 = DEFINITIONAL_REPRESENTATION('',(#5896),#5900);
#5896 = LINE('',#5897,#5898);
#5897 = CARTESIAN_POINT('',(1.803468879687,1.443289932013E-15));
#5898 = VECTOR('',#5899,1.);
#5899 = DIRECTION('',(0.,-1.));
#5900 = ( GEOMETRIC_REPRESENTATION_CONTEXT(2) 
PARAMETRIC_REPRESENTATION_CONTEXT() REPRESENTATION_CONTEXT('2D SPACE',''
  ) );
#5901 = PCURVE('',#2510,#5902);
#5902 = DEFINITIONAL_REPRESENTATION('',(#5903),#5907);
#5903 = LINE('',#5904,#5905);
#5904 = CARTESIAN_POINT('',(-0.,0.));
#5905 = VECTOR('',#5906,1.);
#5906 = DIRECTION('',(0.,-1.));
#5907 = ( GEOMETRIC_REPRESENTATION_CONTEXT(2) 
PARAMETRIC_REPRESENTATION_CONTEXT() REPRESENTATION_CONTEXT('2D SPACE',''
  ) );
#5908 = ORIENTED_EDGE('',*,*,#4657,.F.);
#5909 = ORIENTED_EDGE('',*,*,#5835,.F.);
#5910 = ORIENTED_EDGE('',*,*,#5864,.F.);
#5911 = ORIENTED_EDGE('',*,*,#2522,.T.);
#5912 = ADVANCED_FACE('',(#5913),#2510,.T.);
#5913 = FACE_BOUND('',#5914,.T.);
#5914 = EDGE_LOOP('',(#5915,#5938,#5959,#5960,#5961));
#5915 = ORIENTED_EDGE('',*,*,#5916,.F.);
#5916 = EDGE_CURVE('',#5917,#2462,#5919,.T.);
#5917 = VERTEX_POINT('',#5918);
#5918 = CARTESIAN_POINT('',(34.618574084446,-4.,37.013210795216));
#5919 = SURFACE_CURVE('',#5920,(#5924,#5931),.PCURVE_S1.);
#5920 = LINE('',#5921,#5922);
#5921 = CARTESIAN_POINT('',(39.00073991871,-4.,29.423076923077));
#5922 = VECTOR('',#5923,1.);
#5923 = DIRECTION('',(-0.5,9.614813431918E-17,0.866025403784));
#5924 = PCURVE('',#2510,#5925);
#5925 = DEFINITIONAL_REPRESENTATION('',(#5926),#5930);
#5926 = LINE('',#5927,#5928);
#5927 = CARTESIAN_POINT('',(1.664740504327,-1.7763568394E-15));
#5928 = VECTOR('',#5929,1.);
#5929 = DIRECTION('',(0.,-1.));
#5930 = ( GEOMETRIC_REPRESENTATION_CONTEXT(2) 
PARAMETRIC_REPRESENTATION_CONTEXT() REPRESENTATION_CONTEXT('2D SPACE',''
  ) );
#5931 = PCURVE('',#2478,#5932);
#5932 = DEFINITIONAL_REPRESENTATION('',(#5933),#5937);
#5933 = LINE('',#5934,#5935);
#5934 = CARTESIAN_POINT('',(-0.99926008129,-0.576923076923));
#5935 = VECTOR('',#5936,1.);
#5936 = DIRECTION('',(-0.5,0.866025403784));
#5937 = ( GEOMETRIC_REPRESENTATION_CONTEXT(2) 
PARAMETRIC_REPRESENTATION_CONTEXT() REPRESENTATION_CONTEXT('2D SPACE',''
  ) );
#5938 = ORIENTED_EDGE('',*,*,#5939,.T.);
#5939 = EDGE_CURVE('',#5917,#4604,#5940,.T.);
#5940 = SURFACE_CURVE('',#5941,(#5945,#5952),.PCURVE_S1.);
#5941 = LINE('',#5942,#5943);
#5942 = CARTESIAN_POINT('',(39.898493920316,-2.822634762149,
    30.132285298541));
#5943 = VECTOR('',#5944,1.);
#5944 = DIRECTION('',(0.603228856751,0.134513535903,-0.786143151749));
#5945 = PCURVE('',#2510,#5946);
#5946 = DEFINITIONAL_REPRESENTATION('',(#5947),#5951);
#5947 = LINE('',#5948,#5949);
#5948 = CARTESIAN_POINT('',(3.140083779588E-02,-0.165315468926));
#5949 = VECTOR('',#5950,1.);
#5950 = DIRECTION('',(-0.186608442998,0.982434368801));
#5951 = ( GEOMETRIC_REPRESENTATION_CONTEXT(2) 
PARAMETRIC_REPRESENTATION_CONTEXT() REPRESENTATION_CONTEXT('2D SPACE',''
  ) );
#5952 = PCURVE('',#2449,#5953);
#5953 = DEFINITIONAL_REPRESENTATION('',(#5954),#5958);
#5954 = LINE('',#5955,#5956);
#5955 = CARTESIAN_POINT('',(1.772068041891,-0.165315468926));
#5956 = VECTOR('',#5957,1.);
#5957 = DIRECTION('',(0.186608442998,0.982434368801));
#5958 = ( GEOMETRIC_REPRESENTATION_CONTEXT(2) 
PARAMETRIC_REPRESENTATION_CONTEXT() REPRESENTATION_CONTEXT('2D SPACE',''
  ) );
#5959 = ORIENTED_EDGE('',*,*,#4630,.F.);
#5960 = ORIENTED_EDGE('',*,*,#5888,.T.);
#5961 = ORIENTED_EDGE('',*,*,#2490,.T.);
#5962 = ADVANCED_FACE('',(#5963),#2478,.T.);
#5963 = FACE_BOUND('',#5964,.T.);
#5964 = EDGE_LOOP('',(#5965,#5986,#5987));
#5965 = ORIENTED_EDGE('',*,*,#5966,.T.);
#5966 = EDGE_CURVE('',#2430,#5917,#5967,.T.);
#5967 = SURFACE_CURVE('',#5968,(#5972,#5979),.PCURVE_S1.);
#5968 = LINE('',#5969,#5970);
#5969 = CARTESIAN_POINT('',(40.815892439831,-4.,30.815892439831));
#5970 = VECTOR('',#5971,1.);
#5971 = DIRECTION('',(0.707106781187,-7.850462293419E-17,-0.707106781187
    ));
#5972 = PCURVE('',#2478,#5973);
#5973 = DEFINITIONAL_REPRESENTATION('',(#5974),#5978);
#5974 = LINE('',#5975,#5976);
#5975 = CARTESIAN_POINT('',(0.815892439831,0.815892439831));
#5976 = VECTOR('',#5977,1.);
#5977 = DIRECTION('',(0.707106781187,-0.707106781187));
#5978 = ( GEOMETRIC_REPRESENTATION_CONTEXT(2) 
PARAMETRIC_REPRESENTATION_CONTEXT() REPRESENTATION_CONTEXT('2D SPACE',''
  ) );
#5979 = PCURVE('',#2449,#5980);
#5980 = DEFINITIONAL_REPRESENTATION('',(#5981),#5985);
#5981 = LINE('',#5982,#5983);
#5982 = CARTESIAN_POINT('',(0.138728375361,6.938893903907E-18));
#5983 = VECTOR('',#5984,1.);
#5984 = DIRECTION('',(-5.551115123126E-17,1.));
#5985 = ( GEOMETRIC_REPRESENTATION_CONTEXT(2) 
PARAMETRIC_REPRESENTATION_CONTEXT() REPRESENTATION_CONTEXT('2D SPACE',''
  ) );
#5986 = ORIENTED_EDGE('',*,*,#5916,.T.);
#5987 = ORIENTED_EDGE('',*,*,#2461,.T.);
#5988 = ADVANCED_FACE('',(#5989),#2449,.T.);
#5989 = FACE_BOUND('',#5990,.T.);
#5990 = EDGE_LOOP('',(#5991,#6012,#6013,#6014,#6015));
#5991 = ORIENTED_EDGE('',*,*,#5992,.F.);
#5992 = EDGE_CURVE('',#4577,#2398,#5993,.T.);
#5993 = SURFACE_CURVE('',#5994,(#5998,#6005),.PCURVE_S1.);
#5994 = LINE('',#5995,#5996);
#5995 = CARTESIAN_POINT('',(40.,-2.8,30.));
#5996 = VECTOR('',#5997,1.);
#5997 = DIRECTION('',(-0.707106781187,7.850462293419E-17,0.707106781187)
  );
#5998 = PCURVE('',#2449,#5999);
#5999 = DEFINITIONAL_REPRESENTATION('',(#6000),#6004);
#6000 = LINE('',#6001,#6002);
#6001 = CARTESIAN_POINT('',(1.803468879687,0.));
#6002 = VECTOR('',#6003,1.);
#6003 = DIRECTION('',(5.551115123126E-17,-1.));
#6004 = ( GEOMETRIC_REPRESENTATION_CONTEXT(2) 
PARAMETRIC_REPRESENTATION_CONTEXT() REPRESENTATION_CONTEXT('2D SPACE',''
  ) );
#6005 = PCURVE('',#2417,#6006);
#6006 = DEFINITIONAL_REPRESENTATION('',(#6007),#6011);
#6007 = LINE('',#6008,#6009);
#6008 = CARTESIAN_POINT('',(-0.,0.));
#6009 = VECTOR('',#6010,1.);
#6010 = DIRECTION('',(-5.551115123126E-17,-1.));
#6011 = ( GEOMETRIC_REPRESENTATION_CONTEXT(2) 
PARAMETRIC_REPRESENTATION_CONTEXT() REPRESENTATION_CONTEXT('2D SPACE',''
  ) );
#6012 = ORIENTED_EDGE('',*,*,#4603,.F.);
#6013 = ORIENTED_EDGE('',*,*,#5939,.F.);
#6014 = ORIENTED_EDGE('',*,*,#5966,.F.);
#6015 = ORIENTED_EDGE('',*,*,#2429,.T.);
#6016 = ADVANCED_FACE('',(#6017),#2417,.T.);
#6017 = FACE_BOUND('',#6018,.T.);
#6018 = EDGE_LOOP('',(#6019,#6042,#6063,#6064,#6065));
#6019 = ORIENTED_EDGE('',*,*,#6020,.F.);
#6020 = EDGE_CURVE('',#6021,#2369,#6023,.T.);
#6021 = VERTEX_POINT('',#6022);
#6022 = CARTESIAN_POINT('',(32.986789204784,-4.,35.381425915554));
#6023 = SURFACE_CURVE('',#6024,(#6028,#6035),.PCURVE_S1.);
#6024 = LINE('',#6025,#6026);
#6025 = CARTESIAN_POINT('',(39.184107560169,-4.,29.184107560169));
#6026 = VECTOR('',#6027,1.);
#6027 = DIRECTION('',(-0.707106781187,7.850462293419E-17,0.707106781187)
  );
#6028 = PCURVE('',#2417,#6029);
#6029 = DEFINITIONAL_REPRESENTATION('',(#6030),#6034);
#6030 = LINE('',#6031,#6032);
#6031 = CARTESIAN_POINT('',(1.664740504327,-2.331468351713E-15));
#6032 = VECTOR('',#6033,1.);
#6033 = DIRECTION('',(-5.551115123126E-17,-1.));
#6034 = ( GEOMETRIC_REPRESENTATION_CONTEXT(2) 
PARAMETRIC_REPRESENTATION_CONTEXT() REPRESENTATION_CONTEXT('2D SPACE',''
  ) );
#6035 = PCURVE('',#2385,#6036);
#6036 = DEFINITIONAL_REPRESENTATION('',(#6037),#6041);
#6037 = LINE('',#6038,#6039);
#6038 = CARTESIAN_POINT('',(-0.815892439831,-0.815892439831));
#6039 = VECTOR('',#6040,1.);
#6040 = DIRECTION('',(-0.707106781187,0.707106781187));
#6041 = ( GEOMETRIC_REPRESENTATION_CONTEXT(2) 
PARAMETRIC_REPRESENTATION_CONTEXT() REPRESENTATION_CONTEXT('2D SPACE',''
  ) );
#6042 = ORIENTED_EDGE('',*,*,#6043,.T.);
#6043 = EDGE_CURVE('',#6021,#4550,#6044,.T.);
#6044 = SURFACE_CURVE('',#6045,(#6049,#6056),.PCURVE_S1.);
#6045 = LINE('',#6046,#6047);
#6046 = CARTESIAN_POINT('',(39.867714701459,-2.822634762149,
    30.101506079684));
#6047 = VECTOR('',#6048,1.);
#6048 = DIRECTION('',(0.786143151749,0.134513535903,-0.603228856751));
#6049 = PCURVE('',#2417,#6050);
#6050 = DEFINITIONAL_REPRESENTATION('',(#6051),#6055);
#6051 = LINE('',#6052,#6053);
#6052 = CARTESIAN_POINT('',(3.140083779587E-02,-0.165315468926));
#6053 = VECTOR('',#6054,1.);
#6054 = DIRECTION('',(-0.186608442998,0.982434368801));
#6055 = ( GEOMETRIC_REPRESENTATION_CONTEXT(2) 
PARAMETRIC_REPRESENTATION_CONTEXT() REPRESENTATION_CONTEXT('2D SPACE',''
  ) );
#6056 = PCURVE('',#2356,#6057);
#6057 = DEFINITIONAL_REPRESENTATION('',(#6058),#6062);
#6058 = LINE('',#6059,#6060);
#6059 = CARTESIAN_POINT('',(1.772068041891,-0.165315468926));
#6060 = VECTOR('',#6061,1.);
#6061 = DIRECTION('',(0.186608442998,0.982434368801));
#6062 = ( GEOMETRIC_REPRESENTATION_CONTEXT(2) 
PARAMETRIC_REPRESENTATION_CONTEXT() REPRESENTATION_CONTEXT('2D SPACE',''
  ) );
#6063 = ORIENTED_EDGE('',*,*,#4576,.F.);
#6064 = ORIENTED_EDGE('',*,*,#5992,.T.);
#6065 = ORIENTED_EDGE('',*,*,#2397,.T.);
#6066 = ADVANCED_FACE('',(#6067),#2385,.T.);
#6067 = FACE_BOUND('',#6068,.T.);
#6068 = EDGE_LOOP('',(#6069,#6090,#6091));
#6069 = ORIENTED_EDGE('',*,*,#6070,.T.);
#6070 = EDGE_CURVE('',#2337,#6021,#6071,.T.);
#6071 = SURFACE_CURVE('',#6072,(#6076,#6083),.PCURVE_S1.);
#6072 = LINE('',#6073,#6074);
#6073 = CARTESIAN_POINT('',(40.576923076923,-4.,30.99926008129));
#6074 = VECTOR('',#6075,1.);
#6075 = DIRECTION('',(0.866025403784,-5.551115123126E-17,-0.5));
#6076 = PCURVE('',#2385,#6077);
#6077 = DEFINITIONAL_REPRESENTATION('',(#6078),#6082);
#6078 = LINE('',#6079,#6080);
#6079 = CARTESIAN_POINT('',(0.576923076923,0.99926008129));
#6080 = VECTOR('',#6081,1.);
#6081 = DIRECTION('',(0.866025403784,-0.5));
#6082 = ( GEOMETRIC_REPRESENTATION_CONTEXT(2) 
PARAMETRIC_REPRESENTATION_CONTEXT() REPRESENTATION_CONTEXT('2D SPACE',''
  ) );
#6083 = PCURVE('',#2356,#6084);
#6084 = DEFINITIONAL_REPRESENTATION('',(#6085),#6089);
#6085 = LINE('',#6086,#6087);
#6086 = CARTESIAN_POINT('',(0.138728375361,3.275157922644E-15));
#6087 = VECTOR('',#6088,1.);
#6088 = DIRECTION('',(0.,1.));
#6089 = ( GEOMETRIC_REPRESENTATION_CONTEXT(2) 
PARAMETRIC_REPRESENTATION_CONTEXT() REPRESENTATION_CONTEXT('2D SPACE',''
  ) );
#6090 = ORIENTED_EDGE('',*,*,#6020,.T.);
#6091 = ORIENTED_EDGE('',*,*,#2368,.T.);
#6092 = ADVANCED_FACE('',(#6093),#2356,.T.);
#6093 = FACE_BOUND('',#6094,.T.);
#6094 = EDGE_LOOP('',(#6095,#6116,#6117,#6118,#6119));
#6095 = ORIENTED_EDGE('',*,*,#6096,.F.);
#6096 = EDGE_CURVE('',#4523,#2305,#6097,.T.);
#6097 = SURFACE_CURVE('',#6098,(#6102,#6109),.PCURVE_S1.);
#6098 = LINE('',#6099,#6100);
#6099 = CARTESIAN_POINT('',(40.,-2.8,30.));
#6100 = VECTOR('',#6101,1.);
#6101 = DIRECTION('',(-0.866025403784,5.551115123126E-17,0.5));
#6102 = PCURVE('',#2356,#6103);
#6103 = DEFINITIONAL_REPRESENTATION('',(#6104),#6108);
#6104 = LINE('',#6105,#6106);
#6105 = CARTESIAN_POINT('',(1.803468879687,2.22044604925E-16));
#6106 = VECTOR('',#6107,1.);
#6107 = DIRECTION('',(0.,-1.));
#6108 = ( GEOMETRIC_REPRESENTATION_CONTEXT(2) 
PARAMETRIC_REPRESENTATION_CONTEXT() REPRESENTATION_CONTEXT('2D SPACE',''
  ) );
#6109 = PCURVE('',#2324,#6110);
#6110 = DEFINITIONAL_REPRESENTATION('',(#6111),#6115);
#6111 = LINE('',#6112,#6113);
#6112 = CARTESIAN_POINT('',(-0.,0.));
#6113 = VECTOR('',#6114,1.);
#6114 = DIRECTION('',(0.,-1.));
#6115 = ( GEOMETRIC_REPRESENTATION_CONTEXT(2) 
PARAMETRIC_REPRESENTATION_CONTEXT() REPRESENTATION_CONTEXT('2D SPACE',''
  ) );
#6116 = ORIENTED_EDGE('',*,*,#4549,.F.);
#6117 = ORIENTED_EDGE('',*,*,#6043,.F.);
#6118 = ORIENTED_EDGE('',*,*,#6070,.F.);
#6119 = ORIENTED_EDGE('',*,*,#2336,.T.);
#6120 = ADVANCED_FACE('',(#6121),#2324,.T.);
#6121 = FACE_BOUND('',#6122,.T.);
#6122 = EDGE_LOOP('',(#6123,#6146,#6167,#6168,#6169));
#6123 = ORIENTED_EDGE('',*,*,#6124,.F.);
#6124 = EDGE_CURVE('',#6125,#2276,#6127,.T.);
#6125 = VERTEX_POINT('',#6126);
#6126 = CARTESIAN_POINT('',(31.832943050938,-4.,33.382905752975));
#6127 = SURFACE_CURVE('',#6128,(#6132,#6139),.PCURVE_S1.);
#6128 = LINE('',#6129,#6130);
#6129 = CARTESIAN_POINT('',(39.423076923077,-4.,29.00073991871));
#6130 = VECTOR('',#6131,1.);
#6131 = DIRECTION('',(-0.866025403784,5.551115123126E-17,0.5));
#6132 = PCURVE('',#2324,#6133);
#6133 = DEFINITIONAL_REPRESENTATION('',(#6134),#6138);
#6134 = LINE('',#6135,#6136);
#6135 = CARTESIAN_POINT('',(1.664740504327,-2.775557561563E-15));
#6136 = VECTOR('',#6137,1.);
#6137 = DIRECTION('',(0.,-1.));
#6138 = ( GEOMETRIC_REPRESENTATION_CONTEXT(2) 
PARAMETRIC_REPRESENTATION_CONTEXT() REPRESENTATION_CONTEXT('2D SPACE',''
  ) );
#6139 = PCURVE('',#2292,#6140);
#6140 = DEFINITIONAL_REPRESENTATION('',(#6141),#6145);
#6141 = LINE('',#6142,#6143);
#6142 = CARTESIAN_POINT('',(-0.576923076923,-0.99926008129));
#6143 = VECTOR('',#6144,1.);
#6144 = DIRECTION('',(-0.866025403784,0.5));
#6145 = ( GEOMETRIC_REPRESENTATION_CONTEXT(2) 
PARAMETRIC_REPRESENTATION_CONTEXT() REPRESENTATION_CONTEXT('2D SPACE',''
  ) );
#6146 = ORIENTED_EDGE('',*,*,#6147,.T.);
#6147 = EDGE_CURVE('',#6125,#4496,#6148,.T.);
#6148 = SURFACE_CURVE('',#6149,(#6153,#6160),.PCURVE_S1.);
#6149 = LINE('',#6150,#6151);
#6150 = CARTESIAN_POINT('',(39.845950507085,-2.822634762149,
    30.063809389242));
#6151 = VECTOR('',#6152,1.);
#6152 = DIRECTION('',(0.915483090117,0.134513535903,-0.37920551205));
#6153 = PCURVE('',#2324,#6154);
#6154 = DEFINITIONAL_REPRESENTATION('',(#6155),#6159);
#6155 = LINE('',#6156,#6157);
#6156 = CARTESIAN_POINT('',(3.140083779587E-02,-0.165315468926));
#6157 = VECTOR('',#6158,1.);
#6158 = DIRECTION('',(-0.186608442998,0.982434368801));
#6159 = ( GEOMETRIC_REPRESENTATION_CONTEXT(2) 
PARAMETRIC_REPRESENTATION_CONTEXT() REPRESENTATION_CONTEXT('2D SPACE',''
  ) );
#6160 = PCURVE('',#2263,#6161);
#6161 = DEFINITIONAL_REPRESENTATION('',(#6162),#6166);
#6162 = LINE('',#6163,#6164);
#6163 = CARTESIAN_POINT('',(1.772068041891,-0.165315468926));
#6164 = VECTOR('',#6165,1.);
#6165 = DIRECTION('',(0.186608442998,0.982434368801));
#6166 = ( GEOMETRIC_REPRESENTATION_CONTEXT(2) 
PARAMETRIC_REPRESENTATION_CONTEXT() REPRESENTATION_CONTEXT('2D SPACE',''
  ) );
#6167 = ORIENTED_EDGE('',*,*,#4522,.F.);
#6168 = ORIENTED_EDGE('',*,*,#6096,.T.);
#6169 = ORIENTED_EDGE('',*,*,#2304,.T.);
#6170 = ADVANCED_FACE('',(#6171),#2292,.T.);
#6171 = FACE_BOUND('',#6172,.T.);
#6172 = EDGE_LOOP('',(#6173,#6174,#6195));
#6173 = ORIENTED_EDGE('',*,*,#2275,.T.);
#6174 = ORIENTED_EDGE('',*,*,#6175,.T.);
#6175 = EDGE_CURVE('',#2244,#6125,#6176,.T.);
#6176 = SURFACE_CURVE('',#6177,(#6181,#6188),.PCURVE_S1.);
#6177 = LINE('',#6178,#6179);
#6178 = CARTESIAN_POINT('',(40.298637359734,-4.,31.114529799564));
#6179 = VECTOR('',#6180,1.);
#6180 = DIRECTION('',(0.965925826289,-2.873468630843E-17,-0.258819045103
    ));
#6181 = PCURVE('',#2292,#6182);
#6182 = DEFINITIONAL_REPRESENTATION('',(#6183),#6187);
#6183 = LINE('',#6184,#6185);
#6184 = CARTESIAN_POINT('',(0.298637359734,1.114529799564));
#6185 = VECTOR('',#6186,1.);
#6186 = DIRECTION('',(0.965925826289,-0.258819045103));
#6187 = ( GEOMETRIC_REPRESENTATION_CONTEXT(2) 
PARAMETRIC_REPRESENTATION_CONTEXT() REPRESENTATION_CONTEXT('2D SPACE',''
  ) );
#6188 = PCURVE('',#2263,#6189);
#6189 = DEFINITIONAL_REPRESENTATION('',(#6190),#6194);
#6190 = LINE('',#6191,#6192);
#6191 = CARTESIAN_POINT('',(0.138728375361,5.342948306009E-16));
#6192 = VECTOR('',#6193,1.);
#6193 = DIRECTION('',(2.775557561563E-17,1.));
#6194 = ( GEOMETRIC_REPRESENTATION_CONTEXT(2) 
PARAMETRIC_REPRESENTATION_CONTEXT() REPRESENTATION_CONTEXT('2D SPACE',''
  ) );
#6195 = ORIENTED_EDGE('',*,*,#6124,.T.);
#6196 = ADVANCED_FACE('',(#6197),#2263,.T.);
#6197 = FACE_BOUND('',#6198,.T.);
#6198 = EDGE_LOOP('',(#6199,#6220,#6221,#6222,#6223));
#6199 = ORIENTED_EDGE('',*,*,#6200,.F.);
#6200 = EDGE_CURVE('',#4469,#2212,#6201,.T.);
#6201 = SURFACE_CURVE('',#6202,(#6206,#6213),.PCURVE_S1.);
#6202 = LINE('',#6203,#6204);
#6203 = CARTESIAN_POINT('',(40.,-2.8,30.));
#6204 = VECTOR('',#6205,1.);
#6205 = DIRECTION('',(-0.965925826289,2.873468630843E-17,0.258819045103)
  );
#6206 = PCURVE('',#2263,#6207);
#6207 = DEFINITIONAL_REPRESENTATION('',(#6208),#6212);
#6208 = LINE('',#6209,#6210);
#6209 = CARTESIAN_POINT('',(1.803468879687,3.275157922644E-15));
#6210 = VECTOR('',#6211,1.);
#6211 = DIRECTION('',(-2.775557561563E-17,-1.));
#6212 = ( GEOMETRIC_REPRESENTATION_CONTEXT(2) 
PARAMETRIC_REPRESENTATION_CONTEXT() REPRESENTATION_CONTEXT('2D SPACE',''
  ) );
#6213 = PCURVE('',#2231,#6214);
#6214 = DEFINITIONAL_REPRESENTATION('',(#6215),#6219);
#6215 = LINE('',#6216,#6217);
#6216 = CARTESIAN_POINT('',(-0.,0.));
#6217 = VECTOR('',#6218,1.);
#6218 = DIRECTION('',(-2.775557561563E-17,-1.));
#6219 = ( GEOMETRIC_REPRESENTATION_CONTEXT(2) 
PARAMETRIC_REPRESENTATION_CONTEXT() REPRESENTATION_CONTEXT('2D SPACE',''
  ) );
#6220 = ORIENTED_EDGE('',*,*,#4495,.F.);
#6221 = ORIENTED_EDGE('',*,*,#6147,.F.);
#6222 = ORIENTED_EDGE('',*,*,#6175,.F.);
#6223 = ORIENTED_EDGE('',*,*,#2243,.T.);
#6224 = ADVANCED_FACE('',(#6225),#2231,.T.);
#6225 = FACE_BOUND('',#6226,.T.);
#6226 = EDGE_LOOP('',(#6227,#6250,#6271,#6272,#6273));
#6227 = ORIENTED_EDGE('',*,*,#6228,.F.);
#6228 = EDGE_CURVE('',#6229,#2183,#6231,.T.);
#6229 = VERTEX_POINT('',#6230);
#6230 = CARTESIAN_POINT('',(31.235668331471,-4.,31.153846153846));
#6231 = SURFACE_CURVE('',#6232,(#6236,#6243),.PCURVE_S1.);
#6232 = LINE('',#6233,#6234);
#6233 = CARTESIAN_POINT('',(39.701362640266,-4.,28.885470200436));
#6234 = VECTOR('',#6235,1.);
#6235 = DIRECTION('',(-0.965925826289,2.873468630843E-17,0.258819045103)
  );
#6236 = PCURVE('',#2231,#6237);
#6237 = DEFINITIONAL_REPRESENTATION('',(#6238),#6242);
#6238 = LINE('',#6239,#6240);
#6239 = CARTESIAN_POINT('',(1.664740504327,2.831068712794E-15));
#6240 = VECTOR('',#6241,1.);
#6241 = DIRECTION('',(-2.775557561563E-17,-1.));
#6242 = ( GEOMETRIC_REPRESENTATION_CONTEXT(2) 
PARAMETRIC_REPRESENTATION_CONTEXT() REPRESENTATION_CONTEXT('2D SPACE',''
  ) );
#6243 = PCURVE('',#2199,#6244);
#6244 = DEFINITIONAL_REPRESENTATION('',(#6245),#6249);
#6245 = LINE('',#6246,#6247);
#6246 = CARTESIAN_POINT('',(-0.298637359734,-1.114529799564));
#6247 = VECTOR('',#6248,1.);
#6248 = DIRECTION('',(-0.965925826289,0.258819045103));
#6249 = ( GEOMETRIC_REPRESENTATION_CONTEXT(2) 
PARAMETRIC_REPRESENTATION_CONTEXT() REPRESENTATION_CONTEXT('2D SPACE',''
  ) );
#6250 = ORIENTED_EDGE('',*,*,#6251,.T.);
#6251 = EDGE_CURVE('',#6229,#4442,#6252,.T.);
#6252 = SURFACE_CURVE('',#6253,(#6257,#6264),.PCURVE_S1.);
#6253 = LINE('',#6254,#6255);
#6254 = CARTESIAN_POINT('',(39.834684531074,-2.822634762149,
    30.021764194374));
#6255 = VECTOR('',#6256,1.);
#6256 = DIRECTION('',(0.982434368801,0.134513535903,-0.129339938368));
#6257 = PCURVE('',#2231,#6258);
#6258 = DEFINITIONAL_REPRESENTATION('',(#6259),#6263);
#6259 = LINE('',#6260,#6261);
#6260 = CARTESIAN_POINT('',(3.140083779588E-02,-0.165315468926));
#6261 = VECTOR('',#6262,1.);
#6262 = DIRECTION('',(-0.186608442998,0.982434368801));
#6263 = ( GEOMETRIC_REPRESENTATION_CONTEXT(2) 
PARAMETRIC_REPRESENTATION_CONTEXT() REPRESENTATION_CONTEXT('2D SPACE',''
  ) );
#6264 = PCURVE('',#2170,#6265);
#6265 = DEFINITIONAL_REPRESENTATION('',(#6266),#6270);
#6266 = LINE('',#6267,#6268);
#6267 = CARTESIAN_POINT('',(1.772068041891,-0.165315468926));
#6268 = VECTOR('',#6269,1.);
#6269 = DIRECTION('',(0.186608442998,0.982434368801));
#6270 = ( GEOMETRIC_REPRESENTATION_CONTEXT(2) 
PARAMETRIC_REPRESENTATION_CONTEXT() REPRESENTATION_CONTEXT('2D SPACE',''
  ) );
#6271 = ORIENTED_EDGE('',*,*,#4468,.F.);
#6272 = ORIENTED_EDGE('',*,*,#6200,.T.);
#6273 = ORIENTED_EDGE('',*,*,#2211,.T.);
#6274 = ADVANCED_FACE('',(#6275),#2199,.T.);
#6275 = FACE_BOUND('',#6276,.T.);
#6276 = EDGE_LOOP('',(#6277,#6278,#6279));
#6277 = ORIENTED_EDGE('',*,*,#6228,.T.);
#6278 = ORIENTED_EDGE('',*,*,#2182,.T.);
#6279 = ORIENTED_EDGE('',*,*,#6280,.T.);
#6280 = EDGE_CURVE('',#2151,#6229,#6281,.T.);
#6281 = SURFACE_CURVE('',#6282,(#6286,#6293),.PCURVE_S1.);
#6282 = LINE('',#6283,#6284);
#6283 = CARTESIAN_POINT('',(40.,-4.,31.153846153846));
#6284 = VECTOR('',#6285,1.);
#6285 = DIRECTION('',(1.,-1.359631073447E-32,-1.224646799147E-16));
#6286 = PCURVE('',#2199,#6287);
#6287 = DEFINITIONAL_REPRESENTATION('',(#6288),#6292);
#6288 = LINE('',#6289,#6290);
#6289 = CARTESIAN_POINT('',(0.,1.153846153846));
#6290 = VECTOR('',#6291,1.);
#6291 = DIRECTION('',(1.,-1.224646799147E-16));
#6292 = ( GEOMETRIC_REPRESENTATION_CONTEXT(2) 
PARAMETRIC_REPRESENTATION_CONTEXT() REPRESENTATION_CONTEXT('2D SPACE',''
  ) );
#6293 = PCURVE('',#2170,#6294);
#6294 = DEFINITIONAL_REPRESENTATION('',(#6295),#6299);
#6295 = LINE('',#6296,#6297);
#6296 = CARTESIAN_POINT('',(0.138728375361,1.17754499918E-17));
#6297 = VECTOR('',#6298,1.);
#6298 = DIRECTION('',(0.,1.));
#6299 = ( GEOMETRIC_REPRESENTATION_CONTEXT(2) 
PARAMETRIC_REPRESENTATION_CONTEXT() REPRESENTATION_CONTEXT('2D SPACE',''
  ) );
#6300 = ADVANCED_FACE('',(#6301),#2170,.T.);
#6301 = FACE_BOUND('',#6302,.T.);
#6302 = EDGE_LOOP('',(#6303,#6324,#6325,#6326,#6327));
#6303 = ORIENTED_EDGE('',*,*,#6304,.F.);
#6304 = EDGE_CURVE('',#4415,#2119,#6305,.T.);
#6305 = SURFACE_CURVE('',#6306,(#6310,#6317),.PCURVE_S1.);
#6306 = LINE('',#6307,#6308);
#6307 = CARTESIAN_POINT('',(40.,-2.8,30.));
#6308 = VECTOR('',#6309,1.);
#6309 = DIRECTION('',(-1.,1.359631073447E-32,1.224646799147E-16));
#6310 = PCURVE('',#2170,#6311);
#6311 = DEFINITIONAL_REPRESENTATION('',(#6312),#6316);
#6312 = LINE('',#6313,#6314);
#6313 = CARTESIAN_POINT('',(1.803468879687,1.530808498934E-16));
#6314 = VECTOR('',#6315,1.);
#6315 = DIRECTION('',(0.,-1.));
#6316 = ( GEOMETRIC_REPRESENTATION_CONTEXT(2) 
PARAMETRIC_REPRESENTATION_CONTEXT() REPRESENTATION_CONTEXT('2D SPACE',''
  ) );
#6317 = PCURVE('',#2138,#6318);
#6318 = DEFINITIONAL_REPRESENTATION('',(#6319),#6323);
#6319 = LINE('',#6320,#6321);
#6320 = CARTESIAN_POINT('',(-0.,0.));
#6321 = VECTOR('',#6322,1.);
#6322 = DIRECTION('',(0.,-1.));
#6323 = ( GEOMETRIC_REPRESENTATION_CONTEXT(2) 
PARAMETRIC_REPRESENTATION_CONTEXT() REPRESENTATION_CONTEXT('2D SPACE',''
  ) );
#6324 = ORIENTED_EDGE('',*,*,#4441,.F.);
#6325 = ORIENTED_EDGE('',*,*,#6251,.F.);
#6326 = ORIENTED_EDGE('',*,*,#6280,.F.);
#6327 = ORIENTED_EDGE('',*,*,#2150,.T.);
#6328 = ADVANCED_FACE('',(#6329),#2138,.T.);
#6329 = FACE_BOUND('',#6330,.T.);
#6330 = EDGE_LOOP('',(#6331,#6332,#6333,#6356,#6377));
#6331 = ORIENTED_EDGE('',*,*,#6304,.T.);
#6332 = ORIENTED_EDGE('',*,*,#2118,.T.);
#6333 = ORIENTED_EDGE('',*,*,#6334,.T.);
#6334 = EDGE_CURVE('',#2090,#6335,#6337,.T.);
#6335 = VERTEX_POINT('',#6336);
#6336 = CARTESIAN_POINT('',(31.235668331471,-4.,28.846153846154));
#6337 = SURFACE_CURVE('',#6338,(#6342,#6349),.PCURVE_S1.);
#6338 = LINE('',#6339,#6340);
#6339 = CARTESIAN_POINT('',(20.033311765512,-4.,28.846153846154));
#6340 = VECTOR('',#6341,1.);
#6341 = DIRECTION('',(1.,-4.506478287488E-32,-4.059074787257E-16));
#6342 = PCURVE('',#2138,#6343);
#6343 = DEFINITIONAL_REPRESENTATION('',(#6344),#6348);
#6344 = LINE('',#6345,#6346);
#6345 = CARTESIAN_POINT('',(1.664740504327,-19.96668823448));
#6346 = VECTOR('',#6347,1.);
#6347 = DIRECTION('',(1.964566744147E-16,1.));
#6348 = ( GEOMETRIC_REPRESENTATION_CONTEXT(2) 
PARAMETRIC_REPRESENTATION_CONTEXT() REPRESENTATION_CONTEXT('2D SPACE',''
  ) );
#6349 = PCURVE('',#2106,#6350);
#6350 = DEFINITIONAL_REPRESENTATION('',(#6351),#6355);
#6351 = LINE('',#6352,#6353);
#6352 = CARTESIAN_POINT('',(-19.96668823448,-1.153846153846));
#6353 = VECTOR('',#6354,1.);
#6354 = DIRECTION('',(1.,-4.059074787257E-16));
#6355 = ( GEOMETRIC_REPRESENTATION_CONTEXT(2) 
PARAMETRIC_REPRESENTATION_CONTEXT() REPRESENTATION_CONTEXT('2D SPACE',''
  ) );
#6356 = ORIENTED_EDGE('',*,*,#6357,.T.);
#6357 = EDGE_CURVE('',#6335,#4388,#6358,.T.);
#6358 = SURFACE_CURVE('',#6359,(#6363,#6370),.PCURVE_S1.);
#6359 = LINE('',#6360,#6361);
#6360 = CARTESIAN_POINT('',(39.834684531074,-2.822634762149,
    29.978235805626));
#6361 = VECTOR('',#6362,1.);
#6362 = DIRECTION('',(0.982434368801,0.134513535903,0.129339938368));
#6363 = PCURVE('',#2138,#6364);
#6364 = DEFINITIONAL_REPRESENTATION('',(#6365),#6369);
#6365 = LINE('',#6366,#6367);
#6366 = CARTESIAN_POINT('',(3.140083779588E-02,-0.165315468926));
#6367 = VECTOR('',#6368,1.);
#6368 = DIRECTION('',(-0.186608442998,0.982434368801));
#6369 = ( GEOMETRIC_REPRESENTATION_CONTEXT(2) 
PARAMETRIC_REPRESENTATION_CONTEXT() REPRESENTATION_CONTEXT('2D SPACE',''
  ) );
#6370 = PCURVE('',#2077,#6371);
#6371 = DEFINITIONAL_REPRESENTATION('',(#6372),#6376);
#6372 = LINE('',#6373,#6374);
#6373 = CARTESIAN_POINT('',(1.772068041891,-0.165315468926));
#6374 = VECTOR('',#6375,1.);
#6375 = DIRECTION('',(0.186608442998,0.982434368801));
#6376 = ( GEOMETRIC_REPRESENTATION_CONTEXT(2) 
PARAMETRIC_REPRESENTATION_CONTEXT() REPRESENTATION_CONTEXT('2D SPACE',''
  ) );
#6377 = ORIENTED_EDGE('',*,*,#4414,.F.);
#6378 = ADVANCED_FACE('',(#6379),#2106,.T.);
#6379 = FACE_BOUND('',#6380,.T.);
#6380 = EDGE_LOOP('',(#6381,#6382,#6383));
#6381 = ORIENTED_EDGE('',*,*,#6334,.F.);
#6382 = ORIENTED_EDGE('',*,*,#2089,.T.);
#6383 = ORIENTED_EDGE('',*,*,#6384,.T.);
#6384 = EDGE_CURVE('',#2058,#6335,#6385,.T.);
#6385 = SURFACE_CURVE('',#6386,(#6390,#6397),.PCURVE_S1.);
#6386 = LINE('',#6387,#6388);
#6387 = CARTESIAN_POINT('',(39.701362640266,-4.,31.114529799564));
#6388 = VECTOR('',#6389,1.);
#6389 = DIRECTION('',(0.965925826289,2.873468630843E-17,0.258819045103)
  );
#6390 = PCURVE('',#2106,#6391);
#6391 = DEFINITIONAL_REPRESENTATION('',(#6392),#6396);
#6392 = LINE('',#6393,#6394);
#6393 = CARTESIAN_POINT('',(-0.298637359734,1.114529799564));
#6394 = VECTOR('',#6395,1.);
#6395 = DIRECTION('',(0.965925826289,0.258819045103));
#6396 = ( GEOMETRIC_REPRESENTATION_CONTEXT(2) 
PARAMETRIC_REPRESENTATION_CONTEXT() REPRESENTATION_CONTEXT('2D SPACE',''
  ) );
#6397 = PCURVE('',#2077,#6398);
#6398 = DEFINITIONAL_REPRESENTATION('',(#6399),#6403);
#6399 = LINE('',#6400,#6401);
#6400 = CARTESIAN_POINT('',(0.138728375361,-5.169475958411E-16));
#6401 = VECTOR('',#6402,1.);
#6402 = DIRECTION('',(-5.551115123126E-17,1.));
#6403 = ( GEOMETRIC_REPRESENTATION_CONTEXT(2) 
PARAMETRIC_REPRESENTATION_CONTEXT() REPRESENTATION_CONTEXT('2D SPACE',''
  ) );
#6404 = ADVANCED_FACE('',(#6405),#2077,.T.);
#6405 = FACE_BOUND('',#6406,.T.);
#6406 = EDGE_LOOP('',(#6407,#6428,#6429,#6430,#6431));
#6407 = ORIENTED_EDGE('',*,*,#6408,.F.);
#6408 = EDGE_CURVE('',#4361,#2026,#6409,.T.);
#6409 = SURFACE_CURVE('',#6410,(#6414,#6421),.PCURVE_S1.);
#6410 = LINE('',#6411,#6412);
#6411 = CARTESIAN_POINT('',(40.,-2.8,30.));
#6412 = VECTOR('',#6413,1.);
#6413 = DIRECTION('',(-0.965925826289,-2.873468630843E-17,
    -0.258819045103));
#6414 = PCURVE('',#2077,#6415);
#6415 = DEFINITIONAL_REPRESENTATION('',(#6416),#6420);
#6416 = LINE('',#6417,#6418);
#6417 = CARTESIAN_POINT('',(1.803468879687,-3.053113317719E-15));
#6418 = VECTOR('',#6419,1.);
#6419 = DIRECTION('',(5.551115123126E-17,-1.));
#6420 = ( GEOMETRIC_REPRESENTATION_CONTEXT(2) 
PARAMETRIC_REPRESENTATION_CONTEXT() REPRESENTATION_CONTEXT('2D SPACE',''
  ) );
#6421 = PCURVE('',#2045,#6422);
#6422 = DEFINITIONAL_REPRESENTATION('',(#6423),#6427);
#6423 = LINE('',#6424,#6425);
#6424 = CARTESIAN_POINT('',(0.,0.));
#6425 = VECTOR('',#6426,1.);
#6426 = DIRECTION('',(2.775557561563E-17,-1.));
#6427 = ( GEOMETRIC_REPRESENTATION_CONTEXT(2) 
PARAMETRIC_REPRESENTATION_CONTEXT() REPRESENTATION_CONTEXT('2D SPACE',''
  ) );
#6428 = ORIENTED_EDGE('',*,*,#4387,.F.);
#6429 = ORIENTED_EDGE('',*,*,#6357,.F.);
#6430 = ORIENTED_EDGE('',*,*,#6384,.F.);
#6431 = ORIENTED_EDGE('',*,*,#2057,.T.);
#6432 = ADVANCED_FACE('',(#6433),#2045,.T.);
#6433 = FACE_BOUND('',#6434,.T.);
#6434 = EDGE_LOOP('',(#6435,#6458,#6479,#6480,#6481));
#6435 = ORIENTED_EDGE('',*,*,#6436,.F.);
#6436 = EDGE_CURVE('',#6437,#1997,#6439,.T.);
#6437 = VERTEX_POINT('',#6438);
#6438 = CARTESIAN_POINT('',(31.832943050938,-4.,26.617094247025));
#6439 = SURFACE_CURVE('',#6440,(#6444,#6451),.PCURVE_S1.);
#6440 = LINE('',#6441,#6442);
#6441 = CARTESIAN_POINT('',(40.298637359734,-4.,28.885470200436));
#6442 = VECTOR('',#6443,1.);
#6443 = DIRECTION('',(-0.965925826289,-2.873468630843E-17,
    -0.258819045103));
#6444 = PCURVE('',#2045,#6445);
#6445 = DEFINITIONAL_REPRESENTATION('',(#6446),#6450);
#6446 = LINE('',#6447,#6448);
#6447 = CARTESIAN_POINT('',(1.664740504327,-2.609024107869E-15));
#6448 = VECTOR('',#6449,1.);
#6449 = DIRECTION('',(2.775557561563E-17,-1.));
#6450 = ( GEOMETRIC_REPRESENTATION_CONTEXT(2) 
PARAMETRIC_REPRESENTATION_CONTEXT() REPRESENTATION_CONTEXT('2D SPACE',''
  ) );
#6451 = PCURVE('',#2013,#6452);
#6452 = DEFINITIONAL_REPRESENTATION('',(#6453),#6457);
#6453 = LINE('',#6454,#6455);
#6454 = CARTESIAN_POINT('',(0.298637359734,-1.114529799564));
#6455 = VECTOR('',#6456,1.);
#6456 = DIRECTION('',(-0.965925826289,-0.258819045103));
#6457 = ( GEOMETRIC_REPRESENTATION_CONTEXT(2) 
PARAMETRIC_REPRESENTATION_CONTEXT() REPRESENTATION_CONTEXT('2D SPACE',''
  ) );
#6458 = ORIENTED_EDGE('',*,*,#6459,.T.);
#6459 = EDGE_CURVE('',#6437,#4334,#6460,.T.);
#6460 = SURFACE_CURVE('',#6461,(#6465,#6472),.PCURVE_S1.);
#6461 = LINE('',#6462,#6463);
#6462 = CARTESIAN_POINT('',(39.845950507085,-2.822634762149,
    29.936190610758));
#6463 = VECTOR('',#6464,1.);
#6464 = DIRECTION('',(0.915483090117,0.134513535903,0.37920551205));
#6465 = PCURVE('',#2045,#6466);
#6466 = DEFINITIONAL_REPRESENTATION('',(#6467),#6471);
#6467 = LINE('',#6468,#6469);
#6468 = CARTESIAN_POINT('',(3.140083779588E-02,-0.165315468926));
#6469 = VECTOR('',#6470,1.);
#6470 = DIRECTION('',(-0.186608442998,0.982434368801));
#6471 = ( GEOMETRIC_REPRESENTATION_CONTEXT(2) 
PARAMETRIC_REPRESENTATION_CONTEXT() REPRESENTATION_CONTEXT('2D SPACE',''
  ) );
#6472 = PCURVE('',#1984,#6473);
#6473 = DEFINITIONAL_REPRESENTATION('',(#6474),#6478);
#6474 = LINE('',#6475,#6476);
#6475 = CARTESIAN_POINT('',(1.772068041891,-0.165315468926));
#6476 = VECTOR('',#6477,1.);
#6477 = DIRECTION('',(0.186608442998,0.982434368801));
#6478 = ( GEOMETRIC_REPRESENTATION_CONTEXT(2) 
PARAMETRIC_REPRESENTATION_CONTEXT() REPRESENTATION_CONTEXT('2D SPACE',''
  ) );
#6479 = ORIENTED_EDGE('',*,*,#4360,.F.);
#6480 = ORIENTED_EDGE('',*,*,#6408,.T.);
#6481 = ORIENTED_EDGE('',*,*,#2025,.T.);
#6482 = ADVANCED_FACE('',(#6483),#2013,.T.);
#6483 = FACE_BOUND('',#6484,.T.);
#6484 = EDGE_LOOP('',(#6485,#6506,#6507));
#6485 = ORIENTED_EDGE('',*,*,#6486,.T.);
#6486 = EDGE_CURVE('',#1965,#6437,#6487,.T.);
#6487 = SURFACE_CURVE('',#6488,(#6492,#6499),.PCURVE_S1.);
#6488 = LINE('',#6489,#6490);
#6489 = CARTESIAN_POINT('',(39.423076923077,-4.,30.99926008129));
#6490 = VECTOR('',#6491,1.);
#6491 = DIRECTION('',(0.866025403784,5.551115123126E-17,0.5));
#6492 = PCURVE('',#2013,#6493);
#6493 = DEFINITIONAL_REPRESENTATION('',(#6494),#6498);
#6494 = LINE('',#6495,#6496);
#6495 = CARTESIAN_POINT('',(-0.576923076923,0.99926008129));
#6496 = VECTOR('',#6497,1.);
#6497 = DIRECTION('',(0.866025403784,0.5));
#6498 = ( GEOMETRIC_REPRESENTATION_CONTEXT(2) 
PARAMETRIC_REPRESENTATION_CONTEXT() REPRESENTATION_CONTEXT('2D SPACE',''
  ) );
#6499 = PCURVE('',#1984,#6500);
#6500 = DEFINITIONAL_REPRESENTATION('',(#6501),#6505);
#6501 = LINE('',#6502,#6503);
#6502 = CARTESIAN_POINT('',(0.138728375361,-3.295974604356E-15));
#6503 = VECTOR('',#6504,1.);
#6504 = DIRECTION('',(0.,1.));
#6505 = ( GEOMETRIC_REPRESENTATION_CONTEXT(2) 
PARAMETRIC_REPRESENTATION_CONTEXT() REPRESENTATION_CONTEXT('2D SPACE',''
  ) );
#6506 = ORIENTED_EDGE('',*,*,#6436,.T.);
#6507 = ORIENTED_EDGE('',*,*,#1996,.T.);
#6508 = ADVANCED_FACE('',(#6509),#1984,.T.);
#6509 = FACE_BOUND('',#6510,.T.);
#6510 = EDGE_LOOP('',(#6511,#6532,#6533,#6534,#6535));
#6511 = ORIENTED_EDGE('',*,*,#6512,.F.);
#6512 = EDGE_CURVE('',#4307,#1933,#6513,.T.);
#6513 = SURFACE_CURVE('',#6514,(#6518,#6525),.PCURVE_S1.);
#6514 = LINE('',#6515,#6516);
#6515 = CARTESIAN_POINT('',(40.,-2.8,30.));
#6516 = VECTOR('',#6517,1.);
#6517 = DIRECTION('',(-0.866025403784,-5.551115123126E-17,-0.5));
#6518 = PCURVE('',#1984,#6519);
#6519 = DEFINITIONAL_REPRESENTATION('',(#6520),#6524);
#6520 = LINE('',#6521,#6522);
#6521 = CARTESIAN_POINT('',(1.803468879687,-6.661338147751E-16));
#6522 = VECTOR('',#6523,1.);
#6523 = DIRECTION('',(0.,-1.));
#6524 = ( GEOMETRIC_REPRESENTATION_CONTEXT(2) 
PARAMETRIC_REPRESENTATION_CONTEXT() REPRESENTATION_CONTEXT('2D SPACE',''
  ) );
#6525 = PCURVE('',#1952,#6526);
#6526 = DEFINITIONAL_REPRESENTATION('',(#6527),#6531);
#6527 = LINE('',#6528,#6529);
#6528 = CARTESIAN_POINT('',(0.,0.));
#6529 = VECTOR('',#6530,1.);
#6530 = DIRECTION('',(0.,-1.));
#6531 = ( GEOMETRIC_REPRESENTATION_CONTEXT(2) 
PARAMETRIC_REPRESENTATION_CONTEXT() REPRESENTATION_CONTEXT('2D SPACE',''
  ) );
#6532 = ORIENTED_EDGE('',*,*,#4333,.F.);
#6533 = ORIENTED_EDGE('',*,*,#6459,.F.);
#6534 = ORIENTED_EDGE('',*,*,#6486,.F.);
#6535 = ORIENTED_EDGE('',*,*,#1964,.T.);
#6536 = ADVANCED_FACE('',(#6537),#1952,.T.);
#6537 = FACE_BOUND('',#6538,.T.);
#6538 = EDGE_LOOP('',(#6539,#6562,#6583,#6584,#6585));
#6539 = ORIENTED_EDGE('',*,*,#6540,.F.);
#6540 = EDGE_CURVE('',#6541,#1904,#6543,.T.);
#6541 = VERTEX_POINT('',#6542);
#6542 = CARTESIAN_POINT('',(32.986789204784,-4.,24.618574084446));
#6543 = SURFACE_CURVE('',#6544,(#6548,#6555),.PCURVE_S1.);
#6544 = LINE('',#6545,#6546);
#6545 = CARTESIAN_POINT('',(40.576923076923,-4.,29.00073991871));
#6546 = VECTOR('',#6547,1.);
#6547 = DIRECTION('',(-0.866025403784,-5.551115123126E-17,-0.5));
#6548 = PCURVE('',#1952,#6549);
#6549 = DEFINITIONAL_REPRESENTATION('',(#6550),#6554);
#6550 = LINE('',#6551,#6552);
#6551 = CARTESIAN_POINT('',(1.664740504327,2.498001805407E-15));
#6552 = VECTOR('',#6553,1.);
#6553 = DIRECTION('',(0.,-1.));
#6554 = ( GEOMETRIC_REPRESENTATION_CONTEXT(2) 
PARAMETRIC_REPRESENTATION_CONTEXT() REPRESENTATION_CONTEXT('2D SPACE',''
  ) );
#6555 = PCURVE('',#1920,#6556);
#6556 = DEFINITIONAL_REPRESENTATION('',(#6557),#6561);
#6557 = LINE('',#6558,#6559);
#6558 = CARTESIAN_POINT('',(0.576923076923,-0.99926008129));
#6559 = VECTOR('',#6560,1.);
#6560 = DIRECTION('',(-0.866025403784,-0.5));
#6561 = ( GEOMETRIC_REPRESENTATION_CONTEXT(2) 
PARAMETRIC_REPRESENTATION_CONTEXT() REPRESENTATION_CONTEXT('2D SPACE',''
  ) );
#6562 = ORIENTED_EDGE('',*,*,#6563,.T.);
#6563 = EDGE_CURVE('',#6541,#4280,#6564,.T.);
#6564 = SURFACE_CURVE('',#6565,(#6569,#6576),.PCURVE_S1.);
#6565 = LINE('',#6566,#6567);
#6566 = CARTESIAN_POINT('',(39.867714701459,-2.822634762149,
    29.898493920316));
#6567 = VECTOR('',#6568,1.);
#6568 = DIRECTION('',(0.786143151749,0.134513535903,0.603228856751));
#6569 = PCURVE('',#1952,#6570);
#6570 = DEFINITIONAL_REPRESENTATION('',(#6571),#6575);
#6571 = LINE('',#6572,#6573);
#6572 = CARTESIAN_POINT('',(3.140083779588E-02,-0.165315468926));
#6573 = VECTOR('',#6574,1.);
#6574 = DIRECTION('',(-0.186608442998,0.982434368801));
#6575 = ( GEOMETRIC_REPRESENTATION_CONTEXT(2) 
PARAMETRIC_REPRESENTATION_CONTEXT() REPRESENTATION_CONTEXT('2D SPACE',''
  ) );
#6576 = PCURVE('',#1891,#6577);
#6577 = DEFINITIONAL_REPRESENTATION('',(#6578),#6582);
#6578 = LINE('',#6579,#6580);
#6579 = CARTESIAN_POINT('',(1.772068041891,-0.165315468926));
#6580 = VECTOR('',#6581,1.);
#6581 = DIRECTION('',(0.186608442998,0.982434368801));
#6582 = ( GEOMETRIC_REPRESENTATION_CONTEXT(2) 
PARAMETRIC_REPRESENTATION_CONTEXT() REPRESENTATION_CONTEXT('2D SPACE',''
  ) );
#6583 = ORIENTED_EDGE('',*,*,#4306,.F.);
#6584 = ORIENTED_EDGE('',*,*,#6512,.T.);
#6585 = ORIENTED_EDGE('',*,*,#1932,.T.);
#6586 = ADVANCED_FACE('',(#6587),#1920,.T.);
#6587 = FACE_BOUND('',#6588,.T.);
#6588 = EDGE_LOOP('',(#6589,#6610,#6611));
#6589 = ORIENTED_EDGE('',*,*,#6590,.T.);
#6590 = EDGE_CURVE('',#1872,#6541,#6591,.T.);
#6591 = SURFACE_CURVE('',#6592,(#6596,#6603),.PCURVE_S1.);
#6592 = LINE('',#6593,#6594);
#6593 = CARTESIAN_POINT('',(39.184107560169,-4.,30.815892439831));
#6594 = VECTOR('',#6595,1.);
#6595 = DIRECTION('',(0.707106781187,7.850462293419E-17,0.707106781187)
  );
#6596 = PCURVE('',#1920,#6597);
#6597 = DEFINITIONAL_REPRESENTATION('',(#6598),#6602);
#6598 = LINE('',#6599,#6600);
#6599 = CARTESIAN_POINT('',(-0.815892439831,0.815892439831));
#6600 = VECTOR('',#6601,1.);
#6601 = DIRECTION('',(0.707106781187,0.707106781187));
#6602 = ( GEOMETRIC_REPRESENTATION_CONTEXT(2) 
PARAMETRIC_REPRESENTATION_CONTEXT() REPRESENTATION_CONTEXT('2D SPACE',''
  ) );
#6603 = PCURVE('',#1891,#6604);
#6604 = DEFINITIONAL_REPRESENTATION('',(#6605),#6609);
#6605 = LINE('',#6606,#6607);
#6606 = CARTESIAN_POINT('',(0.138728375361,2.775557561563E-17));
#6607 = VECTOR('',#6608,1.);
#6608 = DIRECTION('',(0.,1.));
#6609 = ( GEOMETRIC_REPRESENTATION_CONTEXT(2) 
PARAMETRIC_REPRESENTATION_CONTEXT() REPRESENTATION_CONTEXT('2D SPACE',''
  ) );
#6610 = ORIENTED_EDGE('',*,*,#6540,.T.);
#6611 = ORIENTED_EDGE('',*,*,#1903,.T.);
#6612 = ADVANCED_FACE('',(#6613),#1891,.T.);
#6613 = FACE_BOUND('',#6614,.T.);
#6614 = EDGE_LOOP('',(#6615,#6636,#6637,#6638,#6639));
#6615 = ORIENTED_EDGE('',*,*,#6616,.F.);
#6616 = EDGE_CURVE('',#4253,#1840,#6617,.T.);
#6617 = SURFACE_CURVE('',#6618,(#6622,#6629),.PCURVE_S1.);
#6618 = LINE('',#6619,#6620);
#6619 = CARTESIAN_POINT('',(40.,-2.8,30.));
#6620 = VECTOR('',#6621,1.);
#6621 = DIRECTION('',(-0.707106781187,-7.850462293419E-17,
    -0.707106781187));
#6622 = PCURVE('',#1891,#6623);
#6623 = DEFINITIONAL_REPRESENTATION('',(#6624),#6628);
#6624 = LINE('',#6625,#6626);
#6625 = CARTESIAN_POINT('',(1.803468879687,2.22044604925E-16));
#6626 = VECTOR('',#6627,1.);
#6627 = DIRECTION('',(0.,-1.));
#6628 = ( GEOMETRIC_REPRESENTATION_CONTEXT(2) 
PARAMETRIC_REPRESENTATION_CONTEXT() REPRESENTATION_CONTEXT('2D SPACE',''
  ) );
#6629 = PCURVE('',#1859,#6630);
#6630 = DEFINITIONAL_REPRESENTATION('',(#6631),#6635);
#6631 = LINE('',#6632,#6633);
#6632 = CARTESIAN_POINT('',(0.,0.));
#6633 = VECTOR('',#6634,1.);
#6634 = DIRECTION('',(5.551115123126E-17,-1.));
#6635 = ( GEOMETRIC_REPRESENTATION_CONTEXT(2) 
PARAMETRIC_REPRESENTATION_CONTEXT() REPRESENTATION_CONTEXT('2D SPACE',''
  ) );
#6636 = ORIENTED_EDGE('',*,*,#4279,.F.);
#6637 = ORIENTED_EDGE('',*,*,#6563,.F.);
#6638 = ORIENTED_EDGE('',*,*,#6590,.F.);
#6639 = ORIENTED_EDGE('',*,*,#1871,.T.);
#6640 = ADVANCED_FACE('',(#6641),#1859,.T.);
#6641 = FACE_BOUND('',#6642,.T.);
#6642 = EDGE_LOOP('',(#6643,#6666,#6687,#6688,#6689));
#6643 = ORIENTED_EDGE('',*,*,#6644,.F.);
#6644 = EDGE_CURVE('',#6645,#1811,#6647,.T.);
#6645 = VERTEX_POINT('',#6646);
#6646 = CARTESIAN_POINT('',(34.618574084446,-4.,22.986789204784));
#6647 = SURFACE_CURVE('',#6648,(#6652,#6659),.PCURVE_S1.);
#6648 = LINE('',#6649,#6650);
#6649 = CARTESIAN_POINT('',(40.815892439831,-4.,29.184107560169));
#6650 = VECTOR('',#6651,1.);
#6651 = DIRECTION('',(-0.707106781187,-7.850462293419E-17,
    -0.707106781187));
#6652 = PCURVE('',#1859,#6653);
#6653 = DEFINITIONAL_REPRESENTATION('',(#6654),#6658);
#6654 = LINE('',#6655,#6656);
#6655 = CARTESIAN_POINT('',(1.664740504327,2.6645352591E-15));
#6656 = VECTOR('',#6657,1.);
#6657 = DIRECTION('',(5.551115123126E-17,-1.));
#6658 = ( GEOMETRIC_REPRESENTATION_CONTEXT(2) 
PARAMETRIC_REPRESENTATION_CONTEXT() REPRESENTATION_CONTEXT('2D SPACE',''
  ) );
#6659 = PCURVE('',#1827,#6660);
#6660 = DEFINITIONAL_REPRESENTATION('',(#6661),#6665);
#6661 = LINE('',#6662,#6663);
#6662 = CARTESIAN_POINT('',(0.815892439831,-0.815892439831));
#6663 = VECTOR('',#6664,1.);
#6664 = DIRECTION('',(-0.707106781187,-0.707106781187));
#6665 = ( GEOMETRIC_REPRESENTATION_CONTEXT(2) 
PARAMETRIC_REPRESENTATION_CONTEXT() REPRESENTATION_CONTEXT('2D SPACE',''
  ) );
#6666 = ORIENTED_EDGE('',*,*,#6667,.T.);
#6667 = EDGE_CURVE('',#6645,#4226,#6668,.T.);
#6668 = SURFACE_CURVE('',#6669,(#6673,#6680),.PCURVE_S1.);
#6669 = LINE('',#6670,#6671);
#6670 = CARTESIAN_POINT('',(39.898493920316,-2.822634762149,
    29.867714701459));
#6671 = VECTOR('',#6672,1.);
#6672 = DIRECTION('',(0.603228856751,0.134513535903,0.786143151749));
#6673 = PCURVE('',#1859,#6674);
#6674 = DEFINITIONAL_REPRESENTATION('',(#6675),#6679);
#6675 = LINE('',#6676,#6677);
#6676 = CARTESIAN_POINT('',(3.140083779587E-02,-0.165315468926));
#6677 = VECTOR('',#6678,1.);
#6678 = DIRECTION('',(-0.186608442998,0.982434368801));
#6679 = ( GEOMETRIC_REPRESENTATION_CONTEXT(2) 
PARAMETRIC_REPRESENTATION_CONTEXT() REPRESENTATION_CONTEXT('2D SPACE',''
  ) );
#6680 = PCURVE('',#1798,#6681);
#6681 = DEFINITIONAL_REPRESENTATION('',(#6682),#6686);
#6682 = LINE('',#6683,#6684);
#6683 = CARTESIAN_POINT('',(1.772068041891,-0.165315468926));
#6684 = VECTOR('',#6685,1.);
#6685 = DIRECTION('',(0.186608442998,0.982434368801));
#6686 = ( GEOMETRIC_REPRESENTATION_CONTEXT(2) 
PARAMETRIC_REPRESENTATION_CONTEXT() REPRESENTATION_CONTEXT('2D SPACE',''
  ) );
#6687 = ORIENTED_EDGE('',*,*,#4252,.F.);
#6688 = ORIENTED_EDGE('',*,*,#6616,.T.);
#6689 = ORIENTED_EDGE('',*,*,#1839,.T.);
#6690 = ADVANCED_FACE('',(#6691),#1827,.T.);
#6691 = FACE_BOUND('',#6692,.T.);
#6692 = EDGE_LOOP('',(#6693,#6714,#6715));
#6693 = ORIENTED_EDGE('',*,*,#6694,.T.);
#6694 = EDGE_CURVE('',#1779,#6645,#6695,.T.);
#6695 = SURFACE_CURVE('',#6696,(#6700,#6707),.PCURVE_S1.);
#6696 = LINE('',#6697,#6698);
#6697 = CARTESIAN_POINT('',(39.00073991871,-4.,30.576923076923));
#6698 = VECTOR('',#6699,1.);
#6699 = DIRECTION('',(0.5,9.614813431918E-17,0.866025403784));
#6700 = PCURVE('',#1827,#6701);
#6701 = DEFINITIONAL_REPRESENTATION('',(#6702),#6706);
#6702 = LINE('',#6703,#6704);
#6703 = CARTESIAN_POINT('',(-0.99926008129,0.576923076923));
#6704 = VECTOR('',#6705,1.);
#6705 = DIRECTION('',(0.5,0.866025403784));
#6706 = ( GEOMETRIC_REPRESENTATION_CONTEXT(2) 
PARAMETRIC_REPRESENTATION_CONTEXT() REPRESENTATION_CONTEXT('2D SPACE',''
  ) );
#6707 = PCURVE('',#1798,#6708);
#6708 = DEFINITIONAL_REPRESENTATION('',(#6709),#6713);
#6709 = LINE('',#6710,#6711);
#6710 = CARTESIAN_POINT('',(0.138728375361,2.775557561563E-16));
#6711 = VECTOR('',#6712,1.);
#6712 = DIRECTION('',(0.,1.));
#6713 = ( GEOMETRIC_REPRESENTATION_CONTEXT(2) 
PARAMETRIC_REPRESENTATION_CONTEXT() REPRESENTATION_CONTEXT('2D SPACE',''
  ) );
#6714 = ORIENTED_EDGE('',*,*,#6644,.T.);
#6715 = ORIENTED_EDGE('',*,*,#1810,.T.);
#6716 = ADVANCED_FACE('',(#6717),#1798,.T.);
#6717 = FACE_BOUND('',#6718,.T.);
#6718 = EDGE_LOOP('',(#6719,#6740,#6741,#6742,#6743));
#6719 = ORIENTED_EDGE('',*,*,#6720,.F.);
#6720 = EDGE_CURVE('',#4199,#1747,#6721,.T.);
#6721 = SURFACE_CURVE('',#6722,(#6726,#6733),.PCURVE_S1.);
#6722 = LINE('',#6723,#6724);
#6723 = CARTESIAN_POINT('',(40.,-2.8,30.));
#6724 = VECTOR('',#6725,1.);
#6725 = DIRECTION('',(-0.5,-9.614813431918E-17,-0.866025403784));
#6726 = PCURVE('',#1798,#6727);
#6727 = DEFINITIONAL_REPRESENTATION('',(#6728),#6732);
#6728 = LINE('',#6729,#6730);
#6729 = CARTESIAN_POINT('',(1.803468879687,-4.440892098501E-16));
#6730 = VECTOR('',#6731,1.);
#6731 = DIRECTION('',(0.,-1.));
#6732 = ( GEOMETRIC_REPRESENTATION_CONTEXT(2) 
PARAMETRIC_REPRESENTATION_CONTEXT() REPRESENTATION_CONTEXT('2D SPACE',''
  ) );
#6733 = PCURVE('',#1766,#6734);
#6734 = DEFINITIONAL_REPRESENTATION('',(#6735),#6739);
#6735 = LINE('',#6736,#6737);
#6736 = CARTESIAN_POINT('',(0.,0.));
#6737 = VECTOR('',#6738,1.);
#6738 = DIRECTION('',(0.,-1.));
#6739 = ( GEOMETRIC_REPRESENTATION_CONTEXT(2) 
PARAMETRIC_REPRESENTATION_CONTEXT() REPRESENTATION_CONTEXT('2D SPACE',''
  ) );
#6740 = ORIENTED_EDGE('',*,*,#4225,.F.);
#6741 = ORIENTED_EDGE('',*,*,#6667,.F.);
#6742 = ORIENTED_EDGE('',*,*,#6694,.F.);
#6743 = ORIENTED_EDGE('',*,*,#1778,.T.);
#6744 = ADVANCED_FACE('',(#6745),#1766,.T.);
#6745 = FACE_BOUND('',#6746,.T.);
#6746 = EDGE_LOOP('',(#6747,#6770,#6791,#6792,#6793));
#6747 = ORIENTED_EDGE('',*,*,#6748,.F.);
#6748 = EDGE_CURVE('',#6749,#1718,#6751,.T.);
#6749 = VERTEX_POINT('',#6750);
#6750 = CARTESIAN_POINT('',(36.617094247025,-4.,21.832943050938));
#6751 = SURFACE_CURVE('',#6752,(#6756,#6763),.PCURVE_S1.);
#6752 = LINE('',#6753,#6754);
#6753 = CARTESIAN_POINT('',(40.99926008129,-4.,29.423076923077));
#6754 = VECTOR('',#6755,1.);
#6755 = DIRECTION('',(-0.5,-9.614813431918E-17,-0.866025403784));
#6756 = PCURVE('',#1766,#6757);
#6757 = DEFINITIONAL_REPRESENTATION('',(#6758),#6762);
#6758 = LINE('',#6759,#6760);
#6759 = CARTESIAN_POINT('',(1.664740504327,-8.881784197001E-16));
#6760 = VECTOR('',#6761,1.);
#6761 = DIRECTION('',(0.,-1.));
#6762 = ( GEOMETRIC_REPRESENTATION_CONTEXT(2) 
PARAMETRIC_REPRESENTATION_CONTEXT() REPRESENTATION_CONTEXT('2D SPACE',''
  ) );
#6763 = PCURVE('',#1734,#6764);
#6764 = DEFINITIONAL_REPRESENTATION('',(#6765),#6769);
#6765 = LINE('',#6766,#6767);
#6766 = CARTESIAN_POINT('',(0.99926008129,-0.576923076923));
#6767 = VECTOR('',#6768,1.);
#6768 = DIRECTION('',(-0.5,-0.866025403784));
#6769 = ( GEOMETRIC_REPRESENTATION_CONTEXT(2) 
PARAMETRIC_REPRESENTATION_CONTEXT() REPRESENTATION_CONTEXT('2D SPACE',''
  ) );
#6770 = ORIENTED_EDGE('',*,*,#6771,.T.);
#6771 = EDGE_CURVE('',#6749,#4172,#6772,.T.);
#6772 = SURFACE_CURVE('',#6773,(#6777,#6784),.PCURVE_S1.);
#6773 = LINE('',#6774,#6775);
#6774 = CARTESIAN_POINT('',(39.936190610758,-2.822634762149,
    29.845950507085));
#6775 = VECTOR('',#6776,1.);
#6776 = DIRECTION('',(0.37920551205,0.134513535903,0.915483090117));
#6777 = PCURVE('',#1766,#6778);
#6778 = DEFINITIONAL_REPRESENTATION('',(#6779),#6783);
#6779 = LINE('',#6780,#6781);
#6780 = CARTESIAN_POINT('',(3.140083779588E-02,-0.165315468926));
#6781 = VECTOR('',#6782,1.);
#6782 = DIRECTION('',(-0.186608442998,0.982434368801));
#6783 = ( GEOMETRIC_REPRESENTATION_CONTEXT(2) 
PARAMETRIC_REPRESENTATION_CONTEXT() REPRESENTATION_CONTEXT('2D SPACE',''
  ) );
#6784 = PCURVE('',#1705,#6785);
#6785 = DEFINITIONAL_REPRESENTATION('',(#6786),#6790);
#6786 = LINE('',#6787,#6788);
#6787 = CARTESIAN_POINT('',(1.772068041891,-0.165315468926));
#6788 = VECTOR('',#6789,1.);
#6789 = DIRECTION('',(0.186608442998,0.982434368801));
#6790 = ( GEOMETRIC_REPRESENTATION_CONTEXT(2) 
PARAMETRIC_REPRESENTATION_CONTEXT() REPRESENTATION_CONTEXT('2D SPACE',''
  ) );
#6791 = ORIENTED_EDGE('',*,*,#4198,.F.);
#6792 = ORIENTED_EDGE('',*,*,#6720,.T.);
#6793 = ORIENTED_EDGE('',*,*,#1746,.T.);
#6794 = ADVANCED_FACE('',(#6795),#1734,.T.);
#6795 = FACE_BOUND('',#6796,.T.);
#6796 = EDGE_LOOP('',(#6797,#6818,#6819));
#6797 = ORIENTED_EDGE('',*,*,#6798,.T.);
#6798 = EDGE_CURVE('',#1686,#6749,#6799,.T.);
#6799 = SURFACE_CURVE('',#6800,(#6804,#6811),.PCURVE_S1.);
#6800 = LINE('',#6801,#6802);
#6801 = CARTESIAN_POINT('',(38.885470200436,-4.,30.298637359734));
#6802 = VECTOR('',#6803,1.);
#6803 = DIRECTION('',(0.258819045103,1.072393092426E-16,0.965925826289)
  );
#6804 = PCURVE('',#1734,#6805);
#6805 = DEFINITIONAL_REPRESENTATION('',(#6806),#6810);
#6806 = LINE('',#6807,#6808);
#6807 = CARTESIAN_POINT('',(-1.114529799564,0.298637359734));
#6808 = VECTOR('',#6809,1.);
#6809 = DIRECTION('',(0.258819045103,0.965925826289));
#6810 = ( GEOMETRIC_REPRESENTATION_CONTEXT(2) 
PARAMETRIC_REPRESENTATION_CONTEXT() REPRESENTATION_CONTEXT('2D SPACE',''
  ) );
#6811 = PCURVE('',#1705,#6812);
#6812 = DEFINITIONAL_REPRESENTATION('',(#6813),#6817);
#6813 = LINE('',#6814,#6815);
#6814 = CARTESIAN_POINT('',(0.138728375361,-3.989863994747E-16));
#6815 = VECTOR('',#6816,1.);
#6816 = DIRECTION('',(0.,1.));
#6817 = ( GEOMETRIC_REPRESENTATION_CONTEXT(2) 
PARAMETRIC_REPRESENTATION_CONTEXT() REPRESENTATION_CONTEXT('2D SPACE',''
  ) );
#6818 = ORIENTED_EDGE('',*,*,#6748,.T.);
#6819 = ORIENTED_EDGE('',*,*,#1717,.T.);
#6820 = ADVANCED_FACE('',(#6821),#1705,.T.);
#6821 = FACE_BOUND('',#6822,.T.);
#6822 = EDGE_LOOP('',(#6823,#6844,#6845,#6846,#6847));
#6823 = ORIENTED_EDGE('',*,*,#6824,.F.);
#6824 = EDGE_CURVE('',#4145,#1654,#6825,.T.);
#6825 = SURFACE_CURVE('',#6826,(#6830,#6837),.PCURVE_S1.);
#6826 = LINE('',#6827,#6828);
#6827 = CARTESIAN_POINT('',(40.,-2.8,30.));
#6828 = VECTOR('',#6829,1.);
#6829 = DIRECTION('',(-0.258819045103,-1.072393092426E-16,
    -0.965925826289));
#6830 = PCURVE('',#1705,#6831);
#6831 = DEFINITIONAL_REPRESENTATION('',(#6832),#6836);
#6832 = LINE('',#6833,#6834);
#6833 = CARTESIAN_POINT('',(1.803468879687,-1.221245327088E-15));
#6834 = VECTOR('',#6835,1.);
#6835 = DIRECTION('',(0.,-1.));
#6836 = ( GEOMETRIC_REPRESENTATION_CONTEXT(2) 
PARAMETRIC_REPRESENTATION_CONTEXT() REPRESENTATION_CONTEXT('2D SPACE',''
  ) );
#6837 = PCURVE('',#1673,#6838);
#6838 = DEFINITIONAL_REPRESENTATION('',(#6839),#6843);
#6839 = LINE('',#6840,#6841);
#6840 = CARTESIAN_POINT('',(0.,0.));
#6841 = VECTOR('',#6842,1.);
#6842 = DIRECTION('',(-2.775557561563E-17,-1.));
#6843 = ( GEOMETRIC_REPRESENTATION_CONTEXT(2) 
PARAMETRIC_REPRESENTATION_CONTEXT() REPRESENTATION_CONTEXT('2D SPACE',''
  ) );
#6844 = ORIENTED_EDGE('',*,*,#4171,.F.);
#6845 = ORIENTED_EDGE('',*,*,#6771,.F.);
#6846 = ORIENTED_EDGE('',*,*,#6798,.F.);
#6847 = ORIENTED_EDGE('',*,*,#1685,.T.);
#6848 = ADVANCED_FACE('',(#6849),#1673,.T.);
#6849 = FACE_BOUND('',#6850,.T.);
#6850 = EDGE_LOOP('',(#6851,#6874,#6895,#6896,#6897));
#6851 = ORIENTED_EDGE('',*,*,#6852,.F.);
#6852 = EDGE_CURVE('',#6853,#1625,#6855,.T.);
#6853 = VERTEX_POINT('',#6854);
#6854 = CARTESIAN_POINT('',(38.846153846154,-4.,21.235668331471));
#6855 = SURFACE_CURVE('',#6856,(#6860,#6867),.PCURVE_S1.);
#6856 = LINE('',#6857,#6858);
#6857 = CARTESIAN_POINT('',(41.114529799564,-4.,29.701362640266));
#6858 = VECTOR('',#6859,1.);
#6859 = DIRECTION('',(-0.258819045103,-1.072393092426E-16,
    -0.965925826289));
#6860 = PCURVE('',#1673,#6861);
#6861 = DEFINITIONAL_REPRESENTATION('',(#6862),#6866);
#6862 = LINE('',#6863,#6864);
#6863 = CARTESIAN_POINT('',(1.664740504327,-1.110223024625E-15));
#6864 = VECTOR('',#6865,1.);
#6865 = DIRECTION('',(-2.775557561563E-17,-1.));
#6866 = ( GEOMETRIC_REPRESENTATION_CONTEXT(2) 
PARAMETRIC_REPRESENTATION_CONTEXT() REPRESENTATION_CONTEXT('2D SPACE',''
  ) );
#6867 = PCURVE('',#1641,#6868);
#6868 = DEFINITIONAL_REPRESENTATION('',(#6869),#6873);
#6869 = LINE('',#6870,#6871);
#6870 = CARTESIAN_POINT('',(1.114529799564,-0.298637359734));
#6871 = VECTOR('',#6872,1.);
#6872 = DIRECTION('',(-0.258819045103,-0.965925826289));
#6873 = ( GEOMETRIC_REPRESENTATION_CONTEXT(2) 
PARAMETRIC_REPRESENTATION_CONTEXT() REPRESENTATION_CONTEXT('2D SPACE',''
  ) );
#6874 = ORIENTED_EDGE('',*,*,#6875,.T.);
#6875 = EDGE_CURVE('',#6853,#4118,#6876,.T.);
#6876 = SURFACE_CURVE('',#6877,(#6881,#6888),.PCURVE_S1.);
#6877 = LINE('',#6878,#6879);
#6878 = CARTESIAN_POINT('',(39.978235805626,-2.822634762149,
    29.834684531074));
#6879 = VECTOR('',#6880,1.);
#6880 = DIRECTION('',(0.129339938368,0.134513535903,0.982434368801));
#6881 = PCURVE('',#1673,#6882);
#6882 = DEFINITIONAL_REPRESENTATION('',(#6883),#6887);
#6883 = LINE('',#6884,#6885);
#6884 = CARTESIAN_POINT('',(3.140083779588E-02,-0.165315468926));
#6885 = VECTOR('',#6886,1.);
#6886 = DIRECTION('',(-0.186608442998,0.982434368801));
#6887 = ( GEOMETRIC_REPRESENTATION_CONTEXT(2) 
PARAMETRIC_REPRESENTATION_CONTEXT() REPRESENTATION_CONTEXT('2D SPACE',''
  ) );
#6888 = PCURVE('',#1612,#6889);
#6889 = DEFINITIONAL_REPRESENTATION('',(#6890),#6894);
#6890 = LINE('',#6891,#6892);
#6891 = CARTESIAN_POINT('',(1.772068041891,-0.165315468926));
#6892 = VECTOR('',#6893,1.);
#6893 = DIRECTION('',(0.186608442998,0.982434368801));
#6894 = ( GEOMETRIC_REPRESENTATION_CONTEXT(2) 
PARAMETRIC_REPRESENTATION_CONTEXT() REPRESENTATION_CONTEXT('2D SPACE',''
  ) );
#6895 = ORIENTED_EDGE('',*,*,#4144,.F.);
#6896 = ORIENTED_EDGE('',*,*,#6824,.T.);
#6897 = ORIENTED_EDGE('',*,*,#1653,.T.);
#6898 = ADVANCED_FACE('',(#6899),#1641,.T.);
#6899 = FACE_BOUND('',#6900,.T.);
#6900 = EDGE_LOOP('',(#6901,#6922,#6923));
#6901 = ORIENTED_EDGE('',*,*,#6902,.T.);
#6902 = EDGE_CURVE('',#1593,#6853,#6903,.T.);
#6903 = SURFACE_CURVE('',#6904,(#6908,#6915),.PCURVE_S1.);
#6904 = LINE('',#6905,#6906);
#6905 = CARTESIAN_POINT('',(38.846153846154,-4.,30.));
#6906 = VECTOR('',#6907,1.);
#6907 = DIRECTION('',(2.22044604925E-16,1.110223024625E-16,1.));
#6908 = PCURVE('',#1641,#6909);
#6909 = DEFINITIONAL_REPRESENTATION('',(#6910),#6914);
#6910 = LINE('',#6911,#6912);
#6911 = CARTESIAN_POINT('',(-1.153846153846,0.));
#6912 = VECTOR('',#6913,1.);
#6913 = DIRECTION('',(2.22044604925E-16,1.));
#6914 = ( GEOMETRIC_REPRESENTATION_CONTEXT(2) 
PARAMETRIC_REPRESENTATION_CONTEXT() REPRESENTATION_CONTEXT('2D SPACE',''
  ) );
#6915 = PCURVE('',#1612,#6916);
#6916 = DEFINITIONAL_REPRESENTATION('',(#6917),#6921);
#6917 = LINE('',#6918,#6919);
#6918 = CARTESIAN_POINT('',(0.138728375361,3.24526730275E-17));
#6919 = VECTOR('',#6920,1.);
#6920 = DIRECTION('',(0.,1.));
#6921 = ( GEOMETRIC_REPRESENTATION_CONTEXT(2) 
PARAMETRIC_REPRESENTATION_CONTEXT() REPRESENTATION_CONTEXT('2D SPACE',''
  ) );
#6922 = ORIENTED_EDGE('',*,*,#6852,.T.);
#6923 = ORIENTED_EDGE('',*,*,#1624,.T.);
#6924 = ADVANCED_FACE('',(#6925),#1612,.T.);
#6925 = FACE_BOUND('',#6926,.T.);
#6926 = EDGE_LOOP('',(#6927,#6948,#6949,#6950,#6951));
#6927 = ORIENTED_EDGE('',*,*,#6928,.F.);
#6928 = EDGE_CURVE('',#4091,#1572,#6929,.T.);
#6929 = SURFACE_CURVE('',#6930,(#6934,#6941),.PCURVE_S1.);
#6930 = LINE('',#6931,#6932);
#6931 = CARTESIAN_POINT('',(40.,-2.8,30.));
#6932 = VECTOR('',#6933,1.);
#6933 = DIRECTION('',(-2.22044604925E-16,-1.110223024625E-16,-1.));
#6934 = PCURVE('',#1612,#6935);
#6935 = DEFINITIONAL_REPRESENTATION('',(#6936),#6940);
#6936 = LINE('',#6937,#6938);
#6937 = CARTESIAN_POINT('',(1.803468879687,4.218847493576E-16));
#6938 = VECTOR('',#6939,1.);
#6939 = DIRECTION('',(0.,-1.));
#6940 = ( GEOMETRIC_REPRESENTATION_CONTEXT(2) 
PARAMETRIC_REPRESENTATION_CONTEXT() REPRESENTATION_CONTEXT('2D SPACE',''
  ) );
#6941 = PCURVE('',#3751,#6942);
#6942 = DEFINITIONAL_REPRESENTATION('',(#6943),#6947);
#6943 = LINE('',#6944,#6945);
#6944 = CARTESIAN_POINT('',(0.,0.));
#6945 = VECTOR('',#6946,1.);
#6946 = DIRECTION('',(0.,-1.));
#6947 = ( GEOMETRIC_REPRESENTATION_CONTEXT(2) 
PARAMETRIC_REPRESENTATION_CONTEXT() REPRESENTATION_CONTEXT('2D SPACE',''
  ) );
#6948 = ORIENTED_EDGE('',*,*,#4117,.F.);
#6949 = ORIENTED_EDGE('',*,*,#6875,.F.);
#6950 = ORIENTED_EDGE('',*,*,#6902,.F.);
#6951 = ORIENTED_EDGE('',*,*,#1592,.T.);
#6952 = ADVANCED_FACE('',(#6953),#1535,.T.);
#6953 = FACE_BOUND('',#6954,.T.);
#6954 = EDGE_LOOP('',(#6955,#6956,#6957,#6958,#6979));
#6955 = ORIENTED_EDGE('',*,*,#5115,.F.);
#6956 = ORIENTED_EDGE('',*,*,#5162,.T.);
#6957 = ORIENTED_EDGE('',*,*,#5062,.F.);
#6958 = ORIENTED_EDGE('',*,*,#6959,.T.);
#6959 = EDGE_CURVE('',#3771,#1516,#6960,.T.);
#6960 = SURFACE_CURVE('',#6961,(#6965,#6972),.PCURVE_S1.);
#6961 = LINE('',#6962,#6963);
#6962 = CARTESIAN_POINT('',(40.,-2.8,30.));
#6963 = VECTOR('',#6964,1.);
#6964 = DIRECTION('',(1.,0.,0.));
#6965 = PCURVE('',#1535,#6966);
#6966 = DEFINITIONAL_REPRESENTATION('',(#6967),#6971);
#6967 = LINE('',#6968,#6969);
#6968 = CARTESIAN_POINT('',(0.,0.));
#6969 = VECTOR('',#6970,1.);
#6970 = DIRECTION('',(0.,-1.));
#6971 = ( GEOMETRIC_REPRESENTATION_CONTEXT(2) 
PARAMETRIC_REPRESENTATION_CONTEXT() REPRESENTATION_CONTEXT('2D SPACE',''
  ) );
#6972 = PCURVE('',#3227,#6973);
#6973 = DEFINITIONAL_REPRESENTATION('',(#6974),#6978);
#6974 = LINE('',#6975,#6976);
#6975 = CARTESIAN_POINT('',(-0.,0.));
#6976 = VECTOR('',#6977,1.);
#6977 = DIRECTION('',(-8.488133708189E-17,1.));
#6978 = ( GEOMETRIC_REPRESENTATION_CONTEXT(2) 
PARAMETRIC_REPRESENTATION_CONTEXT() REPRESENTATION_CONTEXT('2D SPACE',''
  ) );
#6979 = ORIENTED_EDGE('',*,*,#1515,.T.);
#6980 = ADVANCED_FACE('',(#6981),#3751,.T.);
#6981 = FACE_BOUND('',#6982,.T.);
#6982 = EDGE_LOOP('',(#6983,#7006,#7027,#7028,#7029));
#6983 = ORIENTED_EDGE('',*,*,#6984,.F.);
#6984 = EDGE_CURVE('',#6985,#3705,#6987,.T.);
#6985 = VERTEX_POINT('',#6986);
#6986 = CARTESIAN_POINT('',(41.153846153846,-4.,21.235668331471));
#6987 = SURFACE_CURVE('',#6988,(#6992,#6999),.PCURVE_S1.);
#6988 = LINE('',#6989,#6990);
#6989 = CARTESIAN_POINT('',(41.153846153846,-4.,30.));
#6990 = VECTOR('',#6991,1.);
#6991 = DIRECTION('',(-2.22044604925E-16,-1.110223024625E-16,-1.));
#6992 = PCURVE('',#3751,#6993);
#6993 = DEFINITIONAL_REPRESENTATION('',(#6994),#6998);
#6994 = LINE('',#6995,#6996);
#6995 = CARTESIAN_POINT('',(1.664740504327,1.2297855042E-16));
#6996 = VECTOR('',#6997,1.);
#6997 = DIRECTION('',(0.,-1.));
#6998 = ( GEOMETRIC_REPRESENTATION_CONTEXT(2) 
PARAMETRIC_REPRESENTATION_CONTEXT() REPRESENTATION_CONTEXT('2D SPACE',''
  ) );
#6999 = PCURVE('',#3721,#7000);
#7000 = DEFINITIONAL_REPRESENTATION('',(#7001),#7005);
#7001 = LINE('',#7002,#7003);
#7002 = CARTESIAN_POINT('',(1.153846153846,0.));
#7003 = VECTOR('',#7004,1.);
#7004 = DIRECTION('',(-2.22044604925E-16,-1.));
#7005 = ( GEOMETRIC_REPRESENTATION_CONTEXT(2) 
PARAMETRIC_REPRESENTATION_CONTEXT() REPRESENTATION_CONTEXT('2D SPACE',''
  ) );
#7006 = ORIENTED_EDGE('',*,*,#7007,.T.);
#7007 = EDGE_CURVE('',#6985,#4064,#7008,.T.);
#7008 = SURFACE_CURVE('',#7009,(#7013,#7020),.PCURVE_S1.);
#7009 = LINE('',#7010,#7011);
#7010 = CARTESIAN_POINT('',(40.021764194374,-2.822634762149,
    29.834684531074));
#7011 = VECTOR('',#7012,1.);
#7012 = DIRECTION('',(-0.129339938368,0.134513535903,0.982434368801));
#7013 = PCURVE('',#3751,#7014);
#7014 = DEFINITIONAL_REPRESENTATION('',(#7015),#7019);
#7015 = LINE('',#7016,#7017);
#7016 = CARTESIAN_POINT('',(3.140083779588E-02,-0.165315468926));
#7017 = VECTOR('',#7018,1.);
#7018 = DIRECTION('',(-0.186608442998,0.982434368801));
#7019 = ( GEOMETRIC_REPRESENTATION_CONTEXT(2) 
PARAMETRIC_REPRESENTATION_CONTEXT() REPRESENTATION_CONTEXT('2D SPACE',''
  ) );
#7020 = PCURVE('',#3692,#7021);
#7021 = DEFINITIONAL_REPRESENTATION('',(#7022),#7026);
#7022 = LINE('',#7023,#7024);
#7023 = CARTESIAN_POINT('',(1.772068041891,-0.165315468926));
#7024 = VECTOR('',#7025,1.);
#7025 = DIRECTION('',(0.186608442998,0.982434368801));
#7026 = ( GEOMETRIC_REPRESENTATION_CONTEXT(2) 
PARAMETRIC_REPRESENTATION_CONTEXT() REPRESENTATION_CONTEXT('2D SPACE',''
  ) );
#7027 = ORIENTED_EDGE('',*,*,#4090,.F.);
#7028 = ORIENTED_EDGE('',*,*,#6928,.T.);
#7029 = ORIENTED_EDGE('',*,*,#3733,.T.);
#7030 = ADVANCED_FACE('',(#7031),#3721,.T.);
#7031 = FACE_BOUND('',#7032,.T.);
#7032 = EDGE_LOOP('',(#7033,#7054,#7055));
#7033 = ORIENTED_EDGE('',*,*,#7034,.T.);
#7034 = EDGE_CURVE('',#3673,#6985,#7035,.T.);
#7035 = SURFACE_CURVE('',#7036,(#7040,#7047),.PCURVE_S1.);
#7036 = LINE('',#7037,#7038);
#7037 = CARTESIAN_POINT('',(38.885470200436,-4.,29.701362640266));
#7038 = VECTOR('',#7039,1.);
#7039 = DIRECTION('',(-0.258819045103,1.072393092426E-16,0.965925826289)
  );
#7040 = PCURVE('',#3721,#7041);
#7041 = DEFINITIONAL_REPRESENTATION('',(#7042),#7046);
#7042 = LINE('',#7043,#7044);
#7043 = CARTESIAN_POINT('',(-1.114529799564,-0.298637359734));
#7044 = VECTOR('',#7045,1.);
#7045 = DIRECTION('',(-0.258819045103,0.965925826289));
#7046 = ( GEOMETRIC_REPRESENTATION_CONTEXT(2) 
PARAMETRIC_REPRESENTATION_CONTEXT() REPRESENTATION_CONTEXT('2D SPACE',''
  ) );
#7047 = PCURVE('',#3692,#7048);
#7048 = DEFINITIONAL_REPRESENTATION('',(#7049),#7053);
#7049 = LINE('',#7050,#7051);
#7050 = CARTESIAN_POINT('',(0.138728375361,4.649058915618E-16));
#7051 = VECTOR('',#7052,1.);
#7052 = DIRECTION('',(0.,1.));
#7053 = ( GEOMETRIC_REPRESENTATION_CONTEXT(2) 
PARAMETRIC_REPRESENTATION_CONTEXT() REPRESENTATION_CONTEXT('2D SPACE',''
  ) );
#7054 = ORIENTED_EDGE('',*,*,#6984,.T.);
#7055 = ORIENTED_EDGE('',*,*,#3704,.T.);
#7056 = ADVANCED_FACE('',(#7057),#3692,.T.);
#7057 = FACE_BOUND('',#7058,.T.);
#7058 = EDGE_LOOP('',(#7059,#7080,#7081,#7082,#7083));
#7059 = ORIENTED_EDGE('',*,*,#7060,.F.);
#7060 = EDGE_CURVE('',#4037,#3641,#7061,.T.);
#7061 = SURFACE_CURVE('',#7062,(#7066,#7073),.PCURVE_S1.);
#7062 = LINE('',#7063,#7064);
#7063 = CARTESIAN_POINT('',(40.,-2.8,30.));
#7064 = VECTOR('',#7065,1.);
#7065 = DIRECTION('',(0.258819045103,-1.072393092426E-16,-0.965925826289
    ));
#7066 = PCURVE('',#3692,#7067);
#7067 = DEFINITIONAL_REPRESENTATION('',(#7068),#7072);
#7068 = LINE('',#7069,#7070);
#7069 = CARTESIAN_POINT('',(1.803468879687,2.164934898019E-15));
#7070 = VECTOR('',#7071,1.);
#7071 = DIRECTION('',(0.,-1.));
#7072 = ( GEOMETRIC_REPRESENTATION_CONTEXT(2) 
PARAMETRIC_REPRESENTATION_CONTEXT() REPRESENTATION_CONTEXT('2D SPACE',''
  ) );
#7073 = PCURVE('',#3660,#7074);
#7074 = DEFINITIONAL_REPRESENTATION('',(#7075),#7079);
#7075 = LINE('',#7076,#7077);
#7076 = CARTESIAN_POINT('',(0.,0.));
#7077 = VECTOR('',#7078,1.);
#7078 = DIRECTION('',(-2.775557561563E-17,-1.));
#7079 = ( GEOMETRIC_REPRESENTATION_CONTEXT(2) 
PARAMETRIC_REPRESENTATION_CONTEXT() REPRESENTATION_CONTEXT('2D SPACE',''
  ) );
#7080 = ORIENTED_EDGE('',*,*,#4063,.F.);
#7081 = ORIENTED_EDGE('',*,*,#7007,.F.);
#7082 = ORIENTED_EDGE('',*,*,#7034,.F.);
#7083 = ORIENTED_EDGE('',*,*,#3672,.T.);
#7084 = ADVANCED_FACE('',(#7085),#3660,.T.);
#7085 = FACE_BOUND('',#7086,.T.);
#7086 = EDGE_LOOP('',(#7087,#7110,#7131,#7132,#7133));
#7087 = ORIENTED_EDGE('',*,*,#7088,.F.);
#7088 = EDGE_CURVE('',#7089,#3612,#7091,.T.);
#7089 = VERTEX_POINT('',#7090);
#7090 = CARTESIAN_POINT('',(43.382905752975,-4.,21.832943050938));
#7091 = SURFACE_CURVE('',#7092,(#7096,#7103),.PCURVE_S1.);
#7092 = LINE('',#7093,#7094);
#7093 = CARTESIAN_POINT('',(41.114529799564,-4.,30.298637359734));
#7094 = VECTOR('',#7095,1.);
#7095 = DIRECTION('',(0.258819045103,-1.072393092426E-16,-0.965925826289
    ));
#7096 = PCURVE('',#3660,#7097);
#7097 = DEFINITIONAL_REPRESENTATION('',(#7098),#7102);
#7098 = LINE('',#7099,#7100);
#7099 = CARTESIAN_POINT('',(1.664740504327,1.387778780781E-15));
#7100 = VECTOR('',#7101,1.);
#7101 = DIRECTION('',(-2.775557561563E-17,-1.));
#7102 = ( GEOMETRIC_REPRESENTATION_CONTEXT(2) 
PARAMETRIC_REPRESENTATION_CONTEXT() REPRESENTATION_CONTEXT('2D SPACE',''
  ) );
#7103 = PCURVE('',#3628,#7104);
#7104 = DEFINITIONAL_REPRESENTATION('',(#7105),#7109);
#7105 = LINE('',#7106,#7107);
#7106 = CARTESIAN_POINT('',(1.114529799564,0.298637359734));
#7107 = VECTOR('',#7108,1.);
#7108 = DIRECTION('',(0.258819045103,-0.965925826289));
#7109 = ( GEOMETRIC_REPRESENTATION_CONTEXT(2) 
PARAMETRIC_REPRESENTATION_CONTEXT() REPRESENTATION_CONTEXT('2D SPACE',''
  ) );
#7110 = ORIENTED_EDGE('',*,*,#7111,.T.);
#7111 = EDGE_CURVE('',#7089,#4010,#7112,.T.);
#7112 = SURFACE_CURVE('',#7113,(#7117,#7124),.PCURVE_S1.);
#7113 = LINE('',#7114,#7115);
#7114 = CARTESIAN_POINT('',(40.063809389242,-2.822634762149,
    29.845950507085));
#7115 = VECTOR('',#7116,1.);
#7116 = DIRECTION('',(-0.37920551205,0.134513535903,0.915483090117));
#7117 = PCURVE('',#3660,#7118);
#7118 = DEFINITIONAL_REPRESENTATION('',(#7119),#7123);
#7119 = LINE('',#7120,#7121);
#7120 = CARTESIAN_POINT('',(3.140083779587E-02,-0.165315468926));
#7121 = VECTOR('',#7122,1.);
#7122 = DIRECTION('',(-0.186608442998,0.982434368801));
#7123 = ( GEOMETRIC_REPRESENTATION_CONTEXT(2) 
PARAMETRIC_REPRESENTATION_CONTEXT() REPRESENTATION_CONTEXT('2D SPACE',''
  ) );
#7124 = PCURVE('',#3599,#7125);
#7125 = DEFINITIONAL_REPRESENTATION('',(#7126),#7130);
#7126 = LINE('',#7127,#7128);
#7127 = CARTESIAN_POINT('',(1.772068041891,-0.165315468926));
#7128 = VECTOR('',#7129,1.);
#7129 = DIRECTION('',(0.186608442998,0.982434368801));
#7130 = ( GEOMETRIC_REPRESENTATION_CONTEXT(2) 
PARAMETRIC_REPRESENTATION_CONTEXT() REPRESENTATION_CONTEXT('2D SPACE',''
  ) );
#7131 = ORIENTED_EDGE('',*,*,#4036,.F.);
#7132 = ORIENTED_EDGE('',*,*,#7060,.T.);
#7133 = ORIENTED_EDGE('',*,*,#3640,.T.);
#7134 = ADVANCED_FACE('',(#7135),#3628,.T.);
#7135 = FACE_BOUND('',#7136,.T.);
#7136 = EDGE_LOOP('',(#7137,#7158,#7159));
#7137 = ORIENTED_EDGE('',*,*,#7138,.T.);
#7138 = EDGE_CURVE('',#3580,#7089,#7139,.T.);
#7139 = SURFACE_CURVE('',#7140,(#7144,#7151),.PCURVE_S1.);
#7140 = LINE('',#7141,#7142);
#7141 = CARTESIAN_POINT('',(39.00073991871,-4.,29.423076923077));
#7142 = VECTOR('',#7143,1.);
#7143 = DIRECTION('',(-0.5,9.614813431918E-17,0.866025403784));
#7144 = PCURVE('',#3628,#7145);
#7145 = DEFINITIONAL_REPRESENTATION('',(#7146),#7150);
#7146 = LINE('',#7147,#7148);
#7147 = CARTESIAN_POINT('',(-0.99926008129,-0.576923076923));
#7148 = VECTOR('',#7149,1.);
#7149 = DIRECTION('',(-0.5,0.866025403784));
#7150 = ( GEOMETRIC_REPRESENTATION_CONTEXT(2) 
PARAMETRIC_REPRESENTATION_CONTEXT() REPRESENTATION_CONTEXT('2D SPACE',''
  ) );
#7151 = PCURVE('',#3599,#7152);
#7152 = DEFINITIONAL_REPRESENTATION('',(#7153),#7157);
#7153 = LINE('',#7154,#7155);
#7154 = CARTESIAN_POINT('',(0.138728375361,-2.22044604925E-16));
#7155 = VECTOR('',#7156,1.);
#7156 = DIRECTION('',(0.,1.));
#7157 = ( GEOMETRIC_REPRESENTATION_CONTEXT(2) 
PARAMETRIC_REPRESENTATION_CONTEXT() REPRESENTATION_CONTEXT('2D SPACE',''
  ) );
#7158 = ORIENTED_EDGE('',*,*,#7088,.T.);
#7159 = ORIENTED_EDGE('',*,*,#3611,.T.);
#7160 = ADVANCED_FACE('',(#7161),#3599,.T.);
#7161 = FACE_BOUND('',#7162,.T.);
#7162 = EDGE_LOOP('',(#7163,#7184,#7185,#7186,#7187));
#7163 = ORIENTED_EDGE('',*,*,#7164,.F.);
#7164 = EDGE_CURVE('',#3983,#3548,#7165,.T.);
#7165 = SURFACE_CURVE('',#7166,(#7170,#7177),.PCURVE_S1.);
#7166 = LINE('',#7167,#7168);
#7167 = CARTESIAN_POINT('',(40.,-2.8,30.));
#7168 = VECTOR('',#7169,1.);
#7169 = DIRECTION('',(0.5,-9.614813431918E-17,-0.866025403784));
#7170 = PCURVE('',#3599,#7171);
#7171 = DEFINITIONAL_REPRESENTATION('',(#7172),#7176);
#7172 = LINE('',#7173,#7174);
#7173 = CARTESIAN_POINT('',(1.803468879687,1.110223024625E-15));
#7174 = VECTOR('',#7175,1.);
#7175 = DIRECTION('',(0.,-1.));
#7176 = ( GEOMETRIC_REPRESENTATION_CONTEXT(2) 
PARAMETRIC_REPRESENTATION_CONTEXT() REPRESENTATION_CONTEXT('2D SPACE',''
  ) );
#7177 = PCURVE('',#3567,#7178);
#7178 = DEFINITIONAL_REPRESENTATION('',(#7179),#7183);
#7179 = LINE('',#7180,#7181);
#7180 = CARTESIAN_POINT('',(0.,0.));
#7181 = VECTOR('',#7182,1.);
#7182 = DIRECTION('',(0.,-1.));
#7183 = ( GEOMETRIC_REPRESENTATION_CONTEXT(2) 
PARAMETRIC_REPRESENTATION_CONTEXT() REPRESENTATION_CONTEXT('2D SPACE',''
  ) );
#7184 = ORIENTED_EDGE('',*,*,#4009,.F.);
#7185 = ORIENTED_EDGE('',*,*,#7111,.F.);
#7186 = ORIENTED_EDGE('',*,*,#7138,.F.);
#7187 = ORIENTED_EDGE('',*,*,#3579,.T.);
#7188 = ADVANCED_FACE('',(#7189),#3567,.T.);
#7189 = FACE_BOUND('',#7190,.T.);
#7190 = EDGE_LOOP('',(#7191,#7214,#7235,#7236,#7237));
#7191 = ORIENTED_EDGE('',*,*,#7192,.F.);
#7192 = EDGE_CURVE('',#7193,#3519,#7195,.T.);
#7193 = VERTEX_POINT('',#7194);
#7194 = CARTESIAN_POINT('',(45.381425915554,-4.,22.986789204784));
#7195 = SURFACE_CURVE('',#7196,(#7200,#7207),.PCURVE_S1.);
#7196 = LINE('',#7197,#7198);
#7197 = CARTESIAN_POINT('',(40.99926008129,-4.,30.576923076923));
#7198 = VECTOR('',#7199,1.);
#7199 = DIRECTION('',(0.5,-9.614813431918E-17,-0.866025403784));
#7200 = PCURVE('',#3567,#7201);
#7201 = DEFINITIONAL_REPRESENTATION('',(#7202),#7206);
#7202 = LINE('',#7203,#7204);
#7203 = CARTESIAN_POINT('',(1.664740504327,1.165734175856E-15));
#7204 = VECTOR('',#7205,1.);
#7205 = DIRECTION('',(0.,-1.));
#7206 = ( GEOMETRIC_REPRESENTATION_CONTEXT(2) 
PARAMETRIC_REPRESENTATION_CONTEXT() REPRESENTATION_CONTEXT('2D SPACE',''
  ) );
#7207 = PCURVE('',#3535,#7208);
#7208 = DEFINITIONAL_REPRESENTATION('',(#7209),#7213);
#7209 = LINE('',#7210,#7211);
#7210 = CARTESIAN_POINT('',(0.99926008129,0.576923076923));
#7211 = VECTOR('',#7212,1.);
#7212 = DIRECTION('',(0.5,-0.866025403784));
#7213 = ( GEOMETRIC_REPRESENTATION_CONTEXT(2) 
PARAMETRIC_REPRESENTATION_CONTEXT() REPRESENTATION_CONTEXT('2D SPACE',''
  ) );
#7214 = ORIENTED_EDGE('',*,*,#7215,.T.);
#7215 = EDGE_CURVE('',#7193,#3956,#7216,.T.);
#7216 = SURFACE_CURVE('',#7217,(#7221,#7228),.PCURVE_S1.);
#7217 = LINE('',#7218,#7219);
#7218 = CARTESIAN_POINT('',(40.101506079684,-2.822634762149,
    29.867714701459));
#7219 = VECTOR('',#7220,1.);
#7220 = DIRECTION('',(-0.603228856751,0.134513535903,0.786143151749));
#7221 = PCURVE('',#3567,#7222);
#7222 = DEFINITIONAL_REPRESENTATION('',(#7223),#7227);
#7223 = LINE('',#7224,#7225);
#7224 = CARTESIAN_POINT('',(3.140083779587E-02,-0.165315468926));
#7225 = VECTOR('',#7226,1.);
#7226 = DIRECTION('',(-0.186608442998,0.982434368801));
#7227 = ( GEOMETRIC_REPRESENTATION_CONTEXT(2) 
PARAMETRIC_REPRESENTATION_CONTEXT() REPRESENTATION_CONTEXT('2D SPACE',''
  ) );
#7228 = PCURVE('',#3506,#7229);
#7229 = DEFINITIONAL_REPRESENTATION('',(#7230),#7234);
#7230 = LINE('',#7231,#7232);
#7231 = CARTESIAN_POINT('',(1.772068041891,-0.165315468926));
#7232 = VECTOR('',#7233,1.);
#7233 = DIRECTION('',(0.186608442998,0.982434368801));
#7234 = ( GEOMETRIC_REPRESENTATION_CONTEXT(2) 
PARAMETRIC_REPRESENTATION_CONTEXT() REPRESENTATION_CONTEXT('2D SPACE',''
  ) );
#7235 = ORIENTED_EDGE('',*,*,#3982,.F.);
#7236 = ORIENTED_EDGE('',*,*,#7164,.T.);
#7237 = ORIENTED_EDGE('',*,*,#3547,.T.);
#7238 = ADVANCED_FACE('',(#7239),#3535,.T.);
#7239 = FACE_BOUND('',#7240,.T.);
#7240 = EDGE_LOOP('',(#7241,#7262,#7263));
#7241 = ORIENTED_EDGE('',*,*,#7242,.T.);
#7242 = EDGE_CURVE('',#3487,#7193,#7243,.T.);
#7243 = SURFACE_CURVE('',#7244,(#7248,#7255),.PCURVE_S1.);
#7244 = LINE('',#7245,#7246);
#7245 = CARTESIAN_POINT('',(39.184107560169,-4.,29.184107560169));
#7246 = VECTOR('',#7247,1.);
#7247 = DIRECTION('',(-0.707106781187,7.850462293419E-17,0.707106781187)
  );
#7248 = PCURVE('',#3535,#7249);
#7249 = DEFINITIONAL_REPRESENTATION('',(#7250),#7254);
#7250 = LINE('',#7251,#7252);
#7251 = CARTESIAN_POINT('',(-0.815892439831,-0.815892439831));
#7252 = VECTOR('',#7253,1.);
#7253 = DIRECTION('',(-0.707106781187,0.707106781187));
#7254 = ( GEOMETRIC_REPRESENTATION_CONTEXT(2) 
PARAMETRIC_REPRESENTATION_CONTEXT() REPRESENTATION_CONTEXT('2D SPACE',''
  ) );
#7255 = PCURVE('',#3506,#7256);
#7256 = DEFINITIONAL_REPRESENTATION('',(#7257),#7261);
#7257 = LINE('',#7258,#7259);
#7258 = CARTESIAN_POINT('',(0.138728375361,2.546574062734E-15));
#7259 = VECTOR('',#7260,1.);
#7260 = DIRECTION('',(-5.551115123126E-17,1.));
#7261 = ( GEOMETRIC_REPRESENTATION_CONTEXT(2) 
PARAMETRIC_REPRESENTATION_CONTEXT() REPRESENTATION_CONTEXT('2D SPACE',''
  ) );
#7262 = ORIENTED_EDGE('',*,*,#7192,.T.);
#7263 = ORIENTED_EDGE('',*,*,#3518,.T.);
#7264 = ADVANCED_FACE('',(#7265),#3506,.T.);
#7265 = FACE_BOUND('',#7266,.T.);
#7266 = EDGE_LOOP('',(#7267,#7288,#7289,#7290,#7291));
#7267 = ORIENTED_EDGE('',*,*,#7268,.F.);
#7268 = EDGE_CURVE('',#3929,#3455,#7269,.T.);
#7269 = SURFACE_CURVE('',#7270,(#7274,#7281),.PCURVE_S1.);
#7270 = LINE('',#7271,#7272);
#7271 = CARTESIAN_POINT('',(40.,-2.8,30.));
#7272 = VECTOR('',#7273,1.);
#7273 = DIRECTION('',(0.707106781187,-7.850462293419E-17,-0.707106781187
    ));
#7274 = PCURVE('',#3506,#7275);
#7275 = DEFINITIONAL_REPRESENTATION('',(#7276),#7280);
#7276 = LINE('',#7277,#7278);
#7277 = CARTESIAN_POINT('',(1.803468879687,3.330669073875E-16));
#7278 = VECTOR('',#7279,1.);
#7279 = DIRECTION('',(-5.551115123126E-17,-1.));
#7280 = ( GEOMETRIC_REPRESENTATION_CONTEXT(2) 
PARAMETRIC_REPRESENTATION_CONTEXT() REPRESENTATION_CONTEXT('2D SPACE',''
  ) );
#7281 = PCURVE('',#3474,#7282);
#7282 = DEFINITIONAL_REPRESENTATION('',(#7283),#7287);
#7283 = LINE('',#7284,#7285);
#7284 = CARTESIAN_POINT('',(0.,0.));
#7285 = VECTOR('',#7286,1.);
#7286 = DIRECTION('',(0.,-1.));
#7287 = ( GEOMETRIC_REPRESENTATION_CONTEXT(2) 
PARAMETRIC_REPRESENTATION_CONTEXT() REPRESENTATION_CONTEXT('2D SPACE',''
  ) );
#7288 = ORIENTED_EDGE('',*,*,#3955,.F.);
#7289 = ORIENTED_EDGE('',*,*,#7215,.F.);
#7290 = ORIENTED_EDGE('',*,*,#7242,.F.);
#7291 = ORIENTED_EDGE('',*,*,#3486,.T.);
#7292 = ADVANCED_FACE('',(#7293),#3474,.T.);
#7293 = FACE_BOUND('',#7294,.T.);
#7294 = EDGE_LOOP('',(#7295,#7318,#7339,#7340,#7341));
#7295 = ORIENTED_EDGE('',*,*,#7296,.F.);
#7296 = EDGE_CURVE('',#7297,#3426,#7299,.T.);
#7297 = VERTEX_POINT('',#7298);
#7298 = CARTESIAN_POINT('',(47.013210795216,-4.,24.618574084446));
#7299 = SURFACE_CURVE('',#7300,(#7304,#7311),.PCURVE_S1.);
#7300 = LINE('',#7301,#7302);
#7301 = CARTESIAN_POINT('',(40.815892439831,-4.,30.815892439831));
#7302 = VECTOR('',#7303,1.);
#7303 = DIRECTION('',(0.707106781187,-7.850462293419E-17,-0.707106781187
    ));
#7304 = PCURVE('',#3474,#7305);
#7305 = DEFINITIONAL_REPRESENTATION('',(#7306),#7310);
#7306 = LINE('',#7307,#7308);
#7307 = CARTESIAN_POINT('',(1.664740504327,2.22044604925E-16));
#7308 = VECTOR('',#7309,1.);
#7309 = DIRECTION('',(1.110223024625E-16,-1.));
#7310 = ( GEOMETRIC_REPRESENTATION_CONTEXT(2) 
PARAMETRIC_REPRESENTATION_CONTEXT() REPRESENTATION_CONTEXT('2D SPACE',''
  ) );
#7311 = PCURVE('',#3442,#7312);
#7312 = DEFINITIONAL_REPRESENTATION('',(#7313),#7317);
#7313 = LINE('',#7314,#7315);
#7314 = CARTESIAN_POINT('',(0.815892439831,0.815892439831));
#7315 = VECTOR('',#7316,1.);
#7316 = DIRECTION('',(0.707106781187,-0.707106781187));
#7317 = ( GEOMETRIC_REPRESENTATION_CONTEXT(2) 
PARAMETRIC_REPRESENTATION_CONTEXT() REPRESENTATION_CONTEXT('2D SPACE',''
  ) );
#7318 = ORIENTED_EDGE('',*,*,#7319,.T.);
#7319 = EDGE_CURVE('',#7297,#3902,#7320,.T.);
#7320 = SURFACE_CURVE('',#7321,(#7325,#7332),.PCURVE_S1.);
#7321 = LINE('',#7322,#7323);
#7322 = CARTESIAN_POINT('',(40.132285298541,-2.822634762149,
    29.898493920316));
#7323 = VECTOR('',#7324,1.);
#7324 = DIRECTION('',(-0.786143151749,0.134513535903,0.603228856751));
#7325 = PCURVE('',#3474,#7326);
#7326 = DEFINITIONAL_REPRESENTATION('',(#7327),#7331);
#7327 = LINE('',#7328,#7329);
#7328 = CARTESIAN_POINT('',(3.140083779587E-02,-0.165315468926));
#7329 = VECTOR('',#7330,1.);
#7330 = DIRECTION('',(-0.186608442998,0.982434368801));
#7331 = ( GEOMETRIC_REPRESENTATION_CONTEXT(2) 
PARAMETRIC_REPRESENTATION_CONTEXT() REPRESENTATION_CONTEXT('2D SPACE',''
  ) );
#7332 = PCURVE('',#3413,#7333);
#7333 = DEFINITIONAL_REPRESENTATION('',(#7334),#7338);
#7334 = LINE('',#7335,#7336);
#7335 = CARTESIAN_POINT('',(1.772068041891,-0.165315468926));
#7336 = VECTOR('',#7337,1.);
#7337 = DIRECTION('',(0.186608442998,0.982434368801));
#7338 = ( GEOMETRIC_REPRESENTATION_CONTEXT(2) 
PARAMETRIC_REPRESENTATION_CONTEXT() REPRESENTATION_CONTEXT('2D SPACE',''
  ) );
#7339 = ORIENTED_EDGE('',*,*,#3928,.F.);
#7340 = ORIENTED_EDGE('',*,*,#7268,.T.);
#7341 = ORIENTED_EDGE('',*,*,#3454,.T.);
#7342 = ADVANCED_FACE('',(#7343),#3442,.T.);
#7343 = FACE_BOUND('',#7344,.T.);
#7344 = EDGE_LOOP('',(#7345,#7366,#7367));
#7345 = ORIENTED_EDGE('',*,*,#7346,.T.);
#7346 = EDGE_CURVE('',#3394,#7297,#7347,.T.);
#7347 = SURFACE_CURVE('',#7348,(#7352,#7359),.PCURVE_S1.);
#7348 = LINE('',#7349,#7350);
#7349 = CARTESIAN_POINT('',(39.423076923077,-4.,29.00073991871));
#7350 = VECTOR('',#7351,1.);
#7351 = DIRECTION('',(-0.866025403784,5.551115123126E-17,0.5));
#7352 = PCURVE('',#3442,#7353);
#7353 = DEFINITIONAL_REPRESENTATION('',(#7354),#7358);
#7354 = LINE('',#7355,#7356);
#7355 = CARTESIAN_POINT('',(-0.576923076923,-0.99926008129));
#7356 = VECTOR('',#7357,1.);
#7357 = DIRECTION('',(-0.866025403784,0.5));
#7358 = ( GEOMETRIC_REPRESENTATION_CONTEXT(2) 
PARAMETRIC_REPRESENTATION_CONTEXT() REPRESENTATION_CONTEXT('2D SPACE',''
  ) );
#7359 = PCURVE('',#3413,#7360);
#7360 = DEFINITIONAL_REPRESENTATION('',(#7361),#7365);
#7361 = LINE('',#7362,#7363);
#7362 = CARTESIAN_POINT('',(0.138728375361,1.575128916187E-15));
#7363 = VECTOR('',#7364,1.);
#7364 = DIRECTION('',(0.,1.));
#7365 = ( GEOMETRIC_REPRESENTATION_CONTEXT(2) 
PARAMETRIC_REPRESENTATION_CONTEXT() REPRESENTATION_CONTEXT('2D SPACE',''
  ) );
#7366 = ORIENTED_EDGE('',*,*,#7296,.T.);
#7367 = ORIENTED_EDGE('',*,*,#3425,.T.);
#7368 = ADVANCED_FACE('',(#7369),#3413,.T.);
#7369 = FACE_BOUND('',#7370,.T.);
#7370 = EDGE_LOOP('',(#7371,#7392,#7393,#7394,#7395));
#7371 = ORIENTED_EDGE('',*,*,#7372,.F.);
#7372 = EDGE_CURVE('',#3875,#3362,#7373,.T.);
#7373 = SURFACE_CURVE('',#7374,(#7378,#7385),.PCURVE_S1.);
#7374 = LINE('',#7375,#7376);
#7375 = CARTESIAN_POINT('',(40.,-2.8,30.));
#7376 = VECTOR('',#7377,1.);
#7377 = DIRECTION('',(0.866025403784,-5.551115123126E-17,-0.5));
#7378 = PCURVE('',#3413,#7379);
#7379 = DEFINITIONAL_REPRESENTATION('',(#7380),#7384);
#7380 = LINE('',#7381,#7382);
#7381 = CARTESIAN_POINT('',(1.803468879687,-4.440892098501E-16));
#7382 = VECTOR('',#7383,1.);
#7383 = DIRECTION('',(0.,-1.));
#7384 = ( GEOMETRIC_REPRESENTATION_CONTEXT(2) 
PARAMETRIC_REPRESENTATION_CONTEXT() REPRESENTATION_CONTEXT('2D SPACE',''
  ) );
#7385 = PCURVE('',#3381,#7386);
#7386 = DEFINITIONAL_REPRESENTATION('',(#7387),#7391);
#7387 = LINE('',#7388,#7389);
#7388 = CARTESIAN_POINT('',(0.,0.));
#7389 = VECTOR('',#7390,1.);
#7390 = DIRECTION('',(0.,-1.));
#7391 = ( GEOMETRIC_REPRESENTATION_CONTEXT(2) 
PARAMETRIC_REPRESENTATION_CONTEXT() REPRESENTATION_CONTEXT('2D SPACE',''
  ) );
#7392 = ORIENTED_EDGE('',*,*,#3901,.F.);
#7393 = ORIENTED_EDGE('',*,*,#7319,.F.);
#7394 = ORIENTED_EDGE('',*,*,#7346,.F.);
#7395 = ORIENTED_EDGE('',*,*,#3393,.T.);
#7396 = ADVANCED_FACE('',(#7397),#3381,.T.);
#7397 = FACE_BOUND('',#7398,.T.);
#7398 = EDGE_LOOP('',(#7399,#7422,#7443,#7444,#7445));
#7399 = ORIENTED_EDGE('',*,*,#7400,.F.);
#7400 = EDGE_CURVE('',#7401,#3333,#7403,.T.);
#7401 = VERTEX_POINT('',#7402);
#7402 = CARTESIAN_POINT('',(48.167056949062,-4.,26.617094247025));
#7403 = SURFACE_CURVE('',#7404,(#7408,#7415),.PCURVE_S1.);
#7404 = LINE('',#7405,#7406);
#7405 = CARTESIAN_POINT('',(40.576923076923,-4.,30.99926008129));
#7406 = VECTOR('',#7407,1.);
#7407 = DIRECTION('',(0.866025403784,-5.551115123126E-17,-0.5));
#7408 = PCURVE('',#3381,#7409);
#7409 = DEFINITIONAL_REPRESENTATION('',(#7410),#7414);
#7410 = LINE('',#7411,#7412);
#7411 = CARTESIAN_POINT('',(1.664740504327,-2.164934898019E-15));
#7412 = VECTOR('',#7413,1.);
#7413 = DIRECTION('',(0.,-1.));
#7414 = ( GEOMETRIC_REPRESENTATION_CONTEXT(2) 
PARAMETRIC_REPRESENTATION_CONTEXT() REPRESENTATION_CONTEXT('2D SPACE',''
  ) );
#7415 = PCURVE('',#3349,#7416);
#7416 = DEFINITIONAL_REPRESENTATION('',(#7417),#7421);
#7417 = LINE('',#7418,#7419);
#7418 = CARTESIAN_POINT('',(0.576923076923,0.99926008129));
#7419 = VECTOR('',#7420,1.);
#7420 = DIRECTION('',(0.866025403784,-0.5));
#7421 = ( GEOMETRIC_REPRESENTATION_CONTEXT(2) 
PARAMETRIC_REPRESENTATION_CONTEXT() REPRESENTATION_CONTEXT('2D SPACE',''
  ) );
#7422 = ORIENTED_EDGE('',*,*,#7423,.T.);
#7423 = EDGE_CURVE('',#7401,#3848,#7424,.T.);
#7424 = SURFACE_CURVE('',#7425,(#7429,#7436),.PCURVE_S1.);
#7425 = LINE('',#7426,#7427);
#7426 = CARTESIAN_POINT('',(40.154049492915,-2.822634762149,
    29.936190610758));
#7427 = VECTOR('',#7428,1.);
#7428 = DIRECTION('',(-0.915483090117,0.134513535903,0.37920551205));
#7429 = PCURVE('',#3381,#7430);
#7430 = DEFINITIONAL_REPRESENTATION('',(#7431),#7435);
#7431 = LINE('',#7432,#7433);
#7432 = CARTESIAN_POINT('',(3.140083779588E-02,-0.165315468926));
#7433 = VECTOR('',#7434,1.);
#7434 = DIRECTION('',(-0.186608442998,0.982434368801));
#7435 = ( GEOMETRIC_REPRESENTATION_CONTEXT(2) 
PARAMETRIC_REPRESENTATION_CONTEXT() REPRESENTATION_CONTEXT('2D SPACE',''
  ) );
#7436 = PCURVE('',#3320,#7437);
#7437 = DEFINITIONAL_REPRESENTATION('',(#7438),#7442);
#7438 = LINE('',#7439,#7440);
#7439 = CARTESIAN_POINT('',(1.772068041891,-0.165315468926));
#7440 = VECTOR('',#7441,1.);
#7441 = DIRECTION('',(0.186608442998,0.982434368801));
#7442 = ( GEOMETRIC_REPRESENTATION_CONTEXT(2) 
PARAMETRIC_REPRESENTATION_CONTEXT() REPRESENTATION_CONTEXT('2D SPACE',''
  ) );
#7443 = ORIENTED_EDGE('',*,*,#3874,.F.);
#7444 = ORIENTED_EDGE('',*,*,#7372,.T.);
#7445 = ORIENTED_EDGE('',*,*,#3361,.T.);
#7446 = ADVANCED_FACE('',(#7447),#3349,.T.);
#7447 = FACE_BOUND('',#7448,.T.);
#7448 = EDGE_LOOP('',(#7449,#7470,#7471));
#7449 = ORIENTED_EDGE('',*,*,#7450,.T.);
#7450 = EDGE_CURVE('',#3301,#7401,#7451,.T.);
#7451 = SURFACE_CURVE('',#7452,(#7456,#7463),.PCURVE_S1.);
#7452 = LINE('',#7453,#7454);
#7453 = CARTESIAN_POINT('',(39.701362640266,-4.,28.885470200436));
#7454 = VECTOR('',#7455,1.);
#7455 = DIRECTION('',(-0.965925826289,2.873468630843E-17,0.258819045103)
  );
#7456 = PCURVE('',#3349,#7457);
#7457 = DEFINITIONAL_REPRESENTATION('',(#7458),#7462);
#7458 = LINE('',#7459,#7460);
#7459 = CARTESIAN_POINT('',(-0.298637359734,-1.114529799564));
#7460 = VECTOR('',#7461,1.);
#7461 = DIRECTION('',(-0.965925826289,0.258819045103));
#7462 = ( GEOMETRIC_REPRESENTATION_CONTEXT(2) 
PARAMETRIC_REPRESENTATION_CONTEXT() REPRESENTATION_CONTEXT('2D SPACE',''
  ) );
#7463 = PCURVE('',#3320,#7464);
#7464 = DEFINITIONAL_REPRESENTATION('',(#7465),#7469);
#7465 = LINE('',#7466,#7467);
#7466 = CARTESIAN_POINT('',(0.138728375361,5.100087019372E-16));
#7467 = VECTOR('',#7468,1.);
#7468 = DIRECTION('',(5.551115123126E-17,1.));
#7469 = ( GEOMETRIC_REPRESENTATION_CONTEXT(2) 
PARAMETRIC_REPRESENTATION_CONTEXT() REPRESENTATION_CONTEXT('2D SPACE',''
  ) );
#7470 = ORIENTED_EDGE('',*,*,#7400,.T.);
#7471 = ORIENTED_EDGE('',*,*,#3332,.T.);
#7472 = ADVANCED_FACE('',(#7473),#3320,.T.);
#7473 = FACE_BOUND('',#7474,.T.);
#7474 = EDGE_LOOP('',(#7475,#7496,#7497,#7498,#7499));
#7475 = ORIENTED_EDGE('',*,*,#7476,.F.);
#7476 = EDGE_CURVE('',#3821,#3269,#7477,.T.);
#7477 = SURFACE_CURVE('',#7478,(#7482,#7489),.PCURVE_S1.);
#7478 = LINE('',#7479,#7480);
#7479 = CARTESIAN_POINT('',(40.,-2.8,30.));
#7480 = VECTOR('',#7481,1.);
#7481 = DIRECTION('',(0.965925826289,-2.873468630843E-17,-0.258819045103
    ));
#7482 = PCURVE('',#3320,#7483);
#7483 = DEFINITIONAL_REPRESENTATION('',(#7484),#7488);
#7484 = LINE('',#7485,#7486);
#7485 = CARTESIAN_POINT('',(1.803468879687,2.942091015257E-15));
#7486 = VECTOR('',#7487,1.);
#7487 = DIRECTION('',(-2.775557561563E-17,-1.));
#7488 = ( GEOMETRIC_REPRESENTATION_CONTEXT(2) 
PARAMETRIC_REPRESENTATION_CONTEXT() REPRESENTATION_CONTEXT('2D SPACE',''
  ) );
#7489 = PCURVE('',#3288,#7490);
#7490 = DEFINITIONAL_REPRESENTATION('',(#7491),#7495);
#7491 = LINE('',#7492,#7493);
#7492 = CARTESIAN_POINT('',(0.,0.));
#7493 = VECTOR('',#7494,1.);
#7494 = DIRECTION('',(-2.775557561563E-17,-1.));
#7495 = ( GEOMETRIC_REPRESENTATION_CONTEXT(2) 
PARAMETRIC_REPRESENTATION_CONTEXT() REPRESENTATION_CONTEXT('2D SPACE',''
  ) );
#7496 = ORIENTED_EDGE('',*,*,#3847,.F.);
#7497 = ORIENTED_EDGE('',*,*,#7423,.F.);
#7498 = ORIENTED_EDGE('',*,*,#7450,.F.);
#7499 = ORIENTED_EDGE('',*,*,#3300,.T.);
#7500 = ADVANCED_FACE('',(#7501),#3288,.T.);
#7501 = FACE_BOUND('',#7502,.T.);
#7502 = EDGE_LOOP('',(#7503,#7526,#7527,#7528,#7529));
#7503 = ORIENTED_EDGE('',*,*,#7504,.F.);
#7504 = EDGE_CURVE('',#3794,#7505,#7507,.T.);
#7505 = VERTEX_POINT('',#7506);
#7506 = CARTESIAN_POINT('',(48.764331668529,-4.,28.846153846154));
#7507 = SURFACE_CURVE('',#7508,(#7512,#7519),.PCURVE_S1.);
#7508 = LINE('',#7509,#7510);
#7509 = CARTESIAN_POINT('',(40.,-2.8,30.));
#7510 = VECTOR('',#7511,1.);
#7511 = DIRECTION('',(0.982434368801,-0.134513535903,-0.129339938368));
#7512 = PCURVE('',#3288,#7513);
#7513 = DEFINITIONAL_REPRESENTATION('',(#7514),#7518);
#7514 = LINE('',#7515,#7516);
#7515 = CARTESIAN_POINT('',(0.,0.));
#7516 = VECTOR('',#7517,1.);
#7517 = DIRECTION('',(0.186608442998,-0.982434368801));
#7518 = ( GEOMETRIC_REPRESENTATION_CONTEXT(2) 
PARAMETRIC_REPRESENTATION_CONTEXT() REPRESENTATION_CONTEXT('2D SPACE',''
  ) );
#7519 = PCURVE('',#3227,#7520);
#7520 = DEFINITIONAL_REPRESENTATION('',(#7521),#7525);
#7521 = LINE('',#7522,#7523);
#7522 = CARTESIAN_POINT('',(-0.,0.));
#7523 = VECTOR('',#7524,1.);
#7524 = DIRECTION('',(0.186608442998,0.982434368801));
#7525 = ( GEOMETRIC_REPRESENTATION_CONTEXT(2) 
PARAMETRIC_REPRESENTATION_CONTEXT() REPRESENTATION_CONTEXT('2D SPACE',''
  ) );
#7526 = ORIENTED_EDGE('',*,*,#3820,.F.);
#7527 = ORIENTED_EDGE('',*,*,#7476,.T.);
#7528 = ORIENTED_EDGE('',*,*,#3268,.T.);
#7529 = ORIENTED_EDGE('',*,*,#7530,.F.);
#7530 = EDGE_CURVE('',#7505,#3240,#7531,.T.);
#7531 = SURFACE_CURVE('',#7532,(#7536,#7543),.PCURVE_S1.);
#7532 = LINE('',#7533,#7534);
#7533 = CARTESIAN_POINT('',(40.298637359734,-4.,31.114529799564));
#7534 = VECTOR('',#7535,1.);
#7535 = DIRECTION('',(0.965925826289,-2.873468630843E-17,-0.258819045103
    ));
#7536 = PCURVE('',#3288,#7537);
#7537 = DEFINITIONAL_REPRESENTATION('',(#7538),#7542);
#7538 = LINE('',#7539,#7540);
#7539 = CARTESIAN_POINT('',(1.664740504327,2.331468351713E-15));
#7540 = VECTOR('',#7541,1.);
#7541 = DIRECTION('',(-8.326672684689E-17,-1.));
#7542 = ( GEOMETRIC_REPRESENTATION_CONTEXT(2) 
PARAMETRIC_REPRESENTATION_CONTEXT() REPRESENTATION_CONTEXT('2D SPACE',''
  ) );
#7543 = PCURVE('',#3256,#7544);
#7544 = DEFINITIONAL_REPRESENTATION('',(#7545),#7549);
#7545 = LINE('',#7546,#7547);
#7546 = CARTESIAN_POINT('',(0.298637359734,1.114529799564));
#7547 = VECTOR('',#7548,1.);
#7548 = DIRECTION('',(0.965925826289,-0.258819045103));
#7549 = ( GEOMETRIC_REPRESENTATION_CONTEXT(2) 
PARAMETRIC_REPRESENTATION_CONTEXT() REPRESENTATION_CONTEXT('2D SPACE',''
  ) );
#7550 = ADVANCED_FACE('',(#7551),#3256,.T.);
#7551 = FACE_BOUND('',#7552,.T.);
#7552 = EDGE_LOOP('',(#7553,#7574,#7575));
#7553 = ORIENTED_EDGE('',*,*,#7554,.F.);
#7554 = EDGE_CURVE('',#7505,#3208,#7555,.T.);
#7555 = SURFACE_CURVE('',#7556,(#7560,#7567),.PCURVE_S1.);
#7556 = LINE('',#7557,#7558);
#7557 = CARTESIAN_POINT('',(20.033311765512,-4.,28.846153846154));
#7558 = VECTOR('',#7559,1.);
#7559 = DIRECTION('',(1.,-4.506478287488E-32,-4.059074787257E-16));
#7560 = PCURVE('',#3256,#7561);
#7561 = DEFINITIONAL_REPRESENTATION('',(#7562),#7566);
#7562 = LINE('',#7563,#7564);
#7563 = CARTESIAN_POINT('',(-19.96668823448,-1.153846153846));
#7564 = VECTOR('',#7565,1.);
#7565 = DIRECTION('',(1.,-4.059074787257E-16));
#7566 = ( GEOMETRIC_REPRESENTATION_CONTEXT(2) 
PARAMETRIC_REPRESENTATION_CONTEXT() REPRESENTATION_CONTEXT('2D SPACE',''
  ) );
#7567 = PCURVE('',#3227,#7568);
#7568 = DEFINITIONAL_REPRESENTATION('',(#7569),#7573);
#7569 = LINE('',#7570,#7571);
#7570 = CARTESIAN_POINT('',(1.664740504327,-19.96668823448));
#7571 = VECTOR('',#7572,1.);
#7572 = DIRECTION('',(1.964566744147E-16,1.));
#7573 = ( GEOMETRIC_REPRESENTATION_CONTEXT(2) 
PARAMETRIC_REPRESENTATION_CONTEXT() REPRESENTATION_CONTEXT('2D SPACE',''
  ) );
#7574 = ORIENTED_EDGE('',*,*,#7530,.T.);
#7575 = ORIENTED_EDGE('',*,*,#3239,.T.);
#7576 = ADVANCED_FACE('',(#7577),#3227,.T.);
#7577 = FACE_BOUND('',#7578,.T.);
#7578 = EDGE_LOOP('',(#7579,#7580,#7581,#7582,#7583));
#7579 = ORIENTED_EDGE('',*,*,#6959,.F.);
#7580 = ORIENTED_EDGE('',*,*,#3793,.F.);
#7581 = ORIENTED_EDGE('',*,*,#7504,.T.);
#7582 = ORIENTED_EDGE('',*,*,#7554,.T.);
#7583 = ORIENTED_EDGE('',*,*,#3207,.T.);
#7584 = ( GEOMETRIC_REPRESENTATION_CONTEXT(3) 
GLOBAL_UNCERTAINTY_ASSIGNED_CONTEXT((#7588)) 
GLOBAL_UNIT_ASSIGNED_CONTEXT((#7585,#7586,#7587)) REPRESENTATION_CONTEXT
('Context #1','3D Context with UNIT and UNCERTAINTY') );
#7585 = ( LENGTH_UNIT() NAMED_UNIT(*) SI_UNIT(.MILLI.,.METRE.) );
#7586 = ( NAMED_UNIT(*) PLANE_ANGLE_UNIT() SI_UNIT($,.RADIAN.) );
#7587 = ( NAMED_UNIT(*) SI_UNIT($,.STERADIAN.) SOLID_ANGLE_UNIT() );
#7588 = UNCERTAINTY_MEASURE_WITH_UNIT(LENGTH_MEASURE(1.E-07),#7585,
  'distance_accuracy_value','confusion accuracy');
#7589 = PRODUCT_RELATED_PRODUCT_CATEGORY('part',$,(#7));
ENDSEC;
END-ISO-10303-21;
