ISO-10303-21;
HEADER;
FILE_DESCRIPTION(('Open CASCADE Model'),'2;1');
FILE_NAME('Open CASCADE Shape Model','2026-05-31T15:12:00',('Author'),(
    'Open CASCADE'),'Open CASCADE STEP processor 7.7','Open CASCADE 7.7'
  ,'Unknown');
FILE_SCHEMA(('AUTOMOTIVE_DESIGN { 1 0 10303 214 1 1 1 1 }'));
ENDSEC;
DATA;
#1 = APPLICATION_PROTOCOL_DEFINITION('international standard',
  'automotive_design',2000,#2);
#2 = APPLICATION_CONTEXT(
  'core data for automotive mechanical design processes');
#3 = SHAPE_DEFINITION_REPRESENTATION(#4,#10);
#4 = PRODUCT_DEFINITION_SHAPE('','',#5);
#5 = PRODUCT_DEFINITION('design','',#6,#9);
#6 = PRODUCT_DEFINITION_FORMATION('','',#7);
#7 = PRODUCT('Open CASCADE STEP translator 7.7 4',
  'Open CASCADE STEP translator 7.7 4','',(#8));
#8 = PRODUCT_CONTEXT('',#2,'mechanical');
#9 = PRODUCT_DEFINITION_CONTEXT('part definition',#2,'design');
#10 = ADVANCED_BREP_SHAPE_REPRESENTATION('',(#11,#15),#13315);
#11 = AXIS2_PLACEMENT_3D('',#12,#13,#14);
#12 = CARTESIAN_POINT('',(0.,0.,0.));
#13 = DIRECTION('',(0.,0.,1.));
#14 = DIRECTION('',(1.,0.,-0.));
#15 = MANIFOLD_SOLID_BREP('',#16);
#16 = CLOSED_SHELL('',(#17,#197,#273,#327,#588,#667,#905,#933,#1189,
    #3165,#3240,#3546,#3596,#3670,#3733,#5687,#5737,#7059,#7109,#7136,
    #7186,#7262,#7338,#7364,#7418,#7494,#7520,#7574,#7628,#7676,#7726,
    #7752,#7780,#7830,#7856,#7884,#7934,#7960,#7988,#8038,#8064,#8092,
    #8142,#8168,#8196,#8246,#8272,#8300,#8350,#8376,#8404,#8454,#8480,
    #8508,#8558,#8584,#8612,#8662,#8688,#8716,#8766,#8792,#8820,#8870,
    #8896,#8924,#8974,#9000,#9028,#9078,#9104,#9132,#9182,#9208,#9236,
    #9286,#9312,#9340,#9390,#9416,#9444,#9494,#9520,#9548,#9598,#9624,
    #9652,#9702,#9728,#9756,#9784,#9812,#9840,#9890,#9916,#9944,#9994,
    #10020,#10028,#10035,#11199,#11247,#11295,#11345,#11371,#11399,
    #11449,#11475,#11503,#11553,#11579,#11607,#11657,#11683,#11711,
    #11761,#11787,#11815,#11865,#11891,#11919,#11969,#11995,#12023,
    #12073,#12099,#12127,#12177,#12203,#12231,#12239,#12267,#12295,
    #12345,#12371,#12399,#12449,#12475,#12503,#12553,#12579,#12607,
    #12657,#12683,#12711,#12761,#12787,#12815,#12865,#12891,#12919,
    #12969,#12995,#13023,#13073,#13099,#13127,#13177,#13203,#13231,
    #13281,#13307));
#17 = ADVANCED_FACE('',(#18),#32,.F.);
#18 = FACE_BOUND('',#19,.F.);
#19 = EDGE_LOOP('',(#20,#55,#84,#112,#138,#166));
#20 = ORIENTED_EDGE('',*,*,#21,.F.);
#21 = EDGE_CURVE('',#22,#24,#26,.T.);
#22 = VERTEX_POINT('',#23);
#23 = CARTESIAN_POINT('',(-60.,-12.,-5.));
#24 = VERTEX_POINT('',#25);
#25 = CARTESIAN_POINT('',(-60.,-12.,5.));
#26 = SURFACE_CURVE('',#27,(#31,#43),.PCURVE_S1.);
#27 = LINE('',#28,#29);
#28 = CARTESIAN_POINT('',(-60.,-12.,-7.));
#29 = VECTOR('',#30,1.);
#30 = DIRECTION('',(0.,0.,1.));
#31 = PCURVE('',#32,#37);
#32 = PLANE('',#33);
#33 = AXIS2_PLACEMENT_3D('',#34,#35,#36);
#34 = CARTESIAN_POINT('',(-60.,-12.,-7.));
#35 = DIRECTION('',(1.,0.,0.));
#36 = DIRECTION('',(0.,0.,1.));
#37 = DEFINITIONAL_REPRESENTATION('',(#38),#42);
#38 = LINE('',#39,#40);
#39 = CARTESIAN_POINT('',(0.,0.));
#40 = VECTOR('',#41,1.);
#41 = DIRECTION('',(1.,0.));
#42 = ( GEOMETRIC_REPRESENTATION_CONTEXT(2) 
PARAMETRIC_REPRESENTATION_CONTEXT() REPRESENTATION_CONTEXT('2D SPACE',''
  ) );
#43 = PCURVE('',#44,#49);
#44 = PLANE('',#45);
#45 = AXIS2_PLACEMENT_3D('',#46,#47,#48);
#46 = CARTESIAN_POINT('',(-60.,-12.,-7.));
#47 = DIRECTION('',(0.,1.,0.));
#48 = DIRECTION('',(0.,0.,1.));
#49 = DEFINITIONAL_REPRESENTATION('',(#50),#54);
#50 = LINE('',#51,#52);
#51 = CARTESIAN_POINT('',(0.,0.));
#52 = VECTOR('',#53,1.);
#53 = DIRECTION('',(1.,0.));
#54 = ( GEOMETRIC_REPRESENTATION_CONTEXT(2) 
PARAMETRIC_REPRESENTATION_CONTEXT() REPRESENTATION_CONTEXT('2D SPACE',''
  ) );
#55 = ORIENTED_EDGE('',*,*,#56,.T.);
#56 = EDGE_CURVE('',#22,#57,#59,.T.);
#57 = VERTEX_POINT('',#58);
#58 = CARTESIAN_POINT('',(-60.,-10.,-7.));
#59 = SURFACE_CURVE('',#60,(#65,#72),.PCURVE_S1.);
#60 = CIRCLE('',#61,2.);
#61 = AXIS2_PLACEMENT_3D('',#62,#63,#64);
#62 = CARTESIAN_POINT('',(-60.,-10.,-5.));
#63 = DIRECTION('',(1.,0.,0.));
#64 = DIRECTION('',(-0.,0.,1.));
#65 = PCURVE('',#32,#66);
#66 = DEFINITIONAL_REPRESENTATION('',(#67),#71);
#67 = CIRCLE('',#68,2.);
#68 = AXIS2_PLACEMENT_2D('',#69,#70);
#69 = CARTESIAN_POINT('',(2.,-2.));
#70 = DIRECTION('',(1.,0.));
#71 = ( GEOMETRIC_REPRESENTATION_CONTEXT(2) 
PARAMETRIC_REPRESENTATION_CONTEXT() REPRESENTATION_CONTEXT('2D SPACE',''
  ) );
#72 = PCURVE('',#73,#78);
#73 = CYLINDRICAL_SURFACE('',#74,2.);
#74 = AXIS2_PLACEMENT_3D('',#75,#76,#77);
#75 = CARTESIAN_POINT('',(-60.,-10.,-5.));
#76 = DIRECTION('',(1.,0.,0.));
#77 = DIRECTION('',(0.,-1.,0.));
#78 = DEFINITIONAL_REPRESENTATION('',(#79),#83);
#79 = LINE('',#80,#81);
#80 = CARTESIAN_POINT('',(-1.570796326795,0.));
#81 = VECTOR('',#82,1.);
#82 = DIRECTION('',(1.,0.));
#83 = ( GEOMETRIC_REPRESENTATION_CONTEXT(2) 
PARAMETRIC_REPRESENTATION_CONTEXT() REPRESENTATION_CONTEXT('2D SPACE',''
  ) );
#84 = ORIENTED_EDGE('',*,*,#85,.T.);
#85 = EDGE_CURVE('',#57,#86,#88,.T.);
#86 = VERTEX_POINT('',#87);
#87 = CARTESIAN_POINT('',(-60.,-4.,-7.));
#88 = SURFACE_CURVE('',#89,(#93,#100),.PCURVE_S1.);
#89 = LINE('',#90,#91);
#90 = CARTESIAN_POINT('',(-60.,-12.,-7.));
#91 = VECTOR('',#92,1.);
#92 = DIRECTION('',(0.,1.,0.));
#93 = PCURVE('',#32,#94);
#94 = DEFINITIONAL_REPRESENTATION('',(#95),#99);
#95 = LINE('',#96,#97);
#96 = CARTESIAN_POINT('',(0.,0.));
#97 = VECTOR('',#98,1.);
#98 = DIRECTION('',(0.,-1.));
#99 = ( GEOMETRIC_REPRESENTATION_CONTEXT(2) 
PARAMETRIC_REPRESENTATION_CONTEXT() REPRESENTATION_CONTEXT('2D SPACE',''
  ) );
#100 = PCURVE('',#101,#106);
#101 = PLANE('',#102);
#102 = AXIS2_PLACEMENT_3D('',#103,#104,#105);
#103 = CARTESIAN_POINT('',(-60.,-12.,-7.));
#104 = DIRECTION('',(0.,0.,1.));
#105 = DIRECTION('',(1.,0.,0.));
#106 = DEFINITIONAL_REPRESENTATION('',(#107),#111);
#107 = LINE('',#108,#109);
#108 = CARTESIAN_POINT('',(0.,0.));
#109 = VECTOR('',#110,1.);
#110 = DIRECTION('',(0.,1.));
#111 = ( GEOMETRIC_REPRESENTATION_CONTEXT(2) 
PARAMETRIC_REPRESENTATION_CONTEXT() REPRESENTATION_CONTEXT('2D SPACE',''
  ) );
#112 = ORIENTED_EDGE('',*,*,#113,.T.);
#113 = EDGE_CURVE('',#86,#114,#116,.T.);
#114 = VERTEX_POINT('',#115);
#115 = CARTESIAN_POINT('',(-60.,-4.,7.));
#116 = SURFACE_CURVE('',#117,(#121,#127),.PCURVE_S1.);
#117 = LINE('',#118,#119);
#118 = CARTESIAN_POINT('',(-60.,-4.,-3.5));
#119 = VECTOR('',#120,1.);
#120 = DIRECTION('',(0.,-1.110223024625E-16,1.));
#121 = PCURVE('',#32,#122);
#122 = DEFINITIONAL_REPRESENTATION('',(#123),#126);
#123 = B_SPLINE_CURVE_WITH_KNOTS('',1,(#124,#125),.UNSPECIFIED.,.F.,.F.,
  (2,2),(-3.5,10.5),.PIECEWISE_BEZIER_KNOTS.);
#124 = CARTESIAN_POINT('',(0.,-8.));
#125 = CARTESIAN_POINT('',(14.,-8.));
#126 = ( GEOMETRIC_REPRESENTATION_CONTEXT(2) 
PARAMETRIC_REPRESENTATION_CONTEXT() REPRESENTATION_CONTEXT('2D SPACE',''
  ) );
#127 = PCURVE('',#128,#133);
#128 = PLANE('',#129);
#129 = AXIS2_PLACEMENT_3D('',#130,#131,#132);
#130 = CARTESIAN_POINT('',(-75.,-4.,-4.440892098501E-16));
#131 = DIRECTION('',(0.,1.,1.110223024625E-16));
#132 = DIRECTION('',(1.,0.,0.));
#133 = DEFINITIONAL_REPRESENTATION('',(#134),#137);
#134 = B_SPLINE_CURVE_WITH_KNOTS('',1,(#135,#136),.UNSPECIFIED.,.F.,.F.,
  (2,2),(-3.5,10.5),.PIECEWISE_BEZIER_KNOTS.);
#135 = CARTESIAN_POINT('',(15.,7.));
#136 = CARTESIAN_POINT('',(15.,-7.));
#137 = ( GEOMETRIC_REPRESENTATION_CONTEXT(2) 
PARAMETRIC_REPRESENTATION_CONTEXT() REPRESENTATION_CONTEXT('2D SPACE',''
  ) );
#138 = ORIENTED_EDGE('',*,*,#139,.F.);
#139 = EDGE_CURVE('',#140,#114,#142,.T.);
#140 = VERTEX_POINT('',#141);
#141 = CARTESIAN_POINT('',(-60.,-10.,7.));
#142 = SURFACE_CURVE('',#143,(#147,#154),.PCURVE_S1.);
#143 = LINE('',#144,#145);
#144 = CARTESIAN_POINT('',(-60.,-12.,7.));
#145 = VECTOR('',#146,1.);
#146 = DIRECTION('',(0.,1.,0.));
#147 = PCURVE('',#32,#148);
#148 = DEFINITIONAL_REPRESENTATION('',(#149),#153);
#149 = LINE('',#150,#151);
#150 = CARTESIAN_POINT('',(14.,0.));
#151 = VECTOR('',#152,1.);
#152 = DIRECTION('',(0.,-1.));
#153 = ( GEOMETRIC_REPRESENTATION_CONTEXT(2) 
PARAMETRIC_REPRESENTATION_CONTEXT() REPRESENTATION_CONTEXT('2D SPACE',''
  ) );
#154 = PCURVE('',#155,#160);
#155 = PLANE('',#156);
#156 = AXIS2_PLACEMENT_3D('',#157,#158,#159);
#157 = CARTESIAN_POINT('',(-60.,-12.,7.));
#158 = DIRECTION('',(0.,0.,1.));
#159 = DIRECTION('',(1.,0.,0.));
#160 = DEFINITIONAL_REPRESENTATION('',(#161),#165);
#161 = LINE('',#162,#163);
#162 = CARTESIAN_POINT('',(0.,0.));
#163 = VECTOR('',#164,1.);
#164 = DIRECTION('',(0.,1.));
#165 = ( GEOMETRIC_REPRESENTATION_CONTEXT(2) 
PARAMETRIC_REPRESENTATION_CONTEXT() REPRESENTATION_CONTEXT('2D SPACE',''
  ) );
#166 = ORIENTED_EDGE('',*,*,#167,.F.);
#167 = EDGE_CURVE('',#24,#140,#168,.T.);
#168 = SURFACE_CURVE('',#169,(#174,#185),.PCURVE_S1.);
#169 = CIRCLE('',#170,2.);
#170 = AXIS2_PLACEMENT_3D('',#171,#172,#173);
#171 = CARTESIAN_POINT('',(-60.,-10.,5.));
#172 = DIRECTION('',(-1.,0.,-0.));
#173 = DIRECTION('',(-0.,0.,1.));
#174 = PCURVE('',#32,#175);
#175 = DEFINITIONAL_REPRESENTATION('',(#176),#184);
#176 = ( BOUNDED_CURVE() B_SPLINE_CURVE(2,(#177,#178,#179,#180,#181,#182
,#183),.UNSPECIFIED.,.T.,.F.) B_SPLINE_CURVE_WITH_KNOTS((1,2,2,2,2,1),(
    -2.094395102393,0.,2.094395102393,4.188790204786,6.28318530718,
8.377580409573),.UNSPECIFIED.) CURVE() GEOMETRIC_REPRESENTATION_ITEM() 
RATIONAL_B_SPLINE_CURVE((1.,0.5,1.,0.5,1.,0.5,1.)) REPRESENTATION_ITEM(
  '') );
#177 = CARTESIAN_POINT('',(14.,-2.));
#178 = CARTESIAN_POINT('',(14.,-5.464101615138));
#179 = CARTESIAN_POINT('',(11.,-3.732050807569));
#180 = CARTESIAN_POINT('',(8.,-2.));
#181 = CARTESIAN_POINT('',(11.,-0.267949192431));
#182 = CARTESIAN_POINT('',(14.,1.464101615138));
#183 = CARTESIAN_POINT('',(14.,-2.));
#184 = ( GEOMETRIC_REPRESENTATION_CONTEXT(2) 
PARAMETRIC_REPRESENTATION_CONTEXT() REPRESENTATION_CONTEXT('2D SPACE',''
  ) );
#185 = PCURVE('',#186,#191);
#186 = CYLINDRICAL_SURFACE('',#187,2.);
#187 = AXIS2_PLACEMENT_3D('',#188,#189,#190);
#188 = CARTESIAN_POINT('',(-60.,-10.,5.));
#189 = DIRECTION('',(1.,0.,0.));
#190 = DIRECTION('',(0.,-1.,0.));
#191 = DEFINITIONAL_REPRESENTATION('',(#192),#196);
#192 = LINE('',#193,#194);
#193 = CARTESIAN_POINT('',(4.712388980385,-0.));
#194 = VECTOR('',#195,1.);
#195 = DIRECTION('',(-1.,0.));
#196 = ( GEOMETRIC_REPRESENTATION_CONTEXT(2) 
PARAMETRIC_REPRESENTATION_CONTEXT() REPRESENTATION_CONTEXT('2D SPACE',''
  ) );
#197 = ADVANCED_FACE('',(#198),#44,.F.);
#198 = FACE_BOUND('',#199,.F.);
#199 = EDGE_LOOP('',(#200,#230,#251,#252));
#200 = ORIENTED_EDGE('',*,*,#201,.F.);
#201 = EDGE_CURVE('',#202,#204,#206,.T.);
#202 = VERTEX_POINT('',#203);
#203 = CARTESIAN_POINT('',(60.,-12.,-5.));
#204 = VERTEX_POINT('',#205);
#205 = CARTESIAN_POINT('',(60.,-12.,5.));
#206 = SURFACE_CURVE('',#207,(#211,#218),.PCURVE_S1.);
#207 = LINE('',#208,#209);
#208 = CARTESIAN_POINT('',(60.,-12.,-7.));
#209 = VECTOR('',#210,1.);
#210 = DIRECTION('',(0.,0.,1.));
#211 = PCURVE('',#44,#212);
#212 = DEFINITIONAL_REPRESENTATION('',(#213),#217);
#213 = LINE('',#214,#215);
#214 = CARTESIAN_POINT('',(0.,120.));
#215 = VECTOR('',#216,1.);
#216 = DIRECTION('',(1.,0.));
#217 = ( GEOMETRIC_REPRESENTATION_CONTEXT(2) 
PARAMETRIC_REPRESENTATION_CONTEXT() REPRESENTATION_CONTEXT('2D SPACE',''
  ) );
#218 = PCURVE('',#219,#224);
#219 = PLANE('',#220);
#220 = AXIS2_PLACEMENT_3D('',#221,#222,#223);
#221 = CARTESIAN_POINT('',(60.,-12.,-7.));
#222 = DIRECTION('',(1.,0.,0.));
#223 = DIRECTION('',(0.,0.,1.));
#224 = DEFINITIONAL_REPRESENTATION('',(#225),#229);
#225 = LINE('',#226,#227);
#226 = CARTESIAN_POINT('',(0.,0.));
#227 = VECTOR('',#228,1.);
#228 = DIRECTION('',(1.,0.));
#229 = ( GEOMETRIC_REPRESENTATION_CONTEXT(2) 
PARAMETRIC_REPRESENTATION_CONTEXT() REPRESENTATION_CONTEXT('2D SPACE',''
  ) );
#230 = ORIENTED_EDGE('',*,*,#231,.F.);
#231 = EDGE_CURVE('',#22,#202,#232,.T.);
#232 = SURFACE_CURVE('',#233,(#237,#244),.PCURVE_S1.);
#233 = LINE('',#234,#235);
#234 = CARTESIAN_POINT('',(-60.,-12.,-5.));
#235 = VECTOR('',#236,1.);
#236 = DIRECTION('',(1.,0.,0.));
#237 = PCURVE('',#44,#238);
#238 = DEFINITIONAL_REPRESENTATION('',(#239),#243);
#239 = LINE('',#240,#241);
#240 = CARTESIAN_POINT('',(2.,0.));
#241 = VECTOR('',#242,1.);
#242 = DIRECTION('',(0.,1.));
#243 = ( GEOMETRIC_REPRESENTATION_CONTEXT(2) 
PARAMETRIC_REPRESENTATION_CONTEXT() REPRESENTATION_CONTEXT('2D SPACE',''
  ) );
#244 = PCURVE('',#73,#245);
#245 = DEFINITIONAL_REPRESENTATION('',(#246),#250);
#246 = LINE('',#247,#248);
#247 = CARTESIAN_POINT('',(0.,0.));
#248 = VECTOR('',#249,1.);
#249 = DIRECTION('',(0.,1.));
#250 = ( GEOMETRIC_REPRESENTATION_CONTEXT(2) 
PARAMETRIC_REPRESENTATION_CONTEXT() REPRESENTATION_CONTEXT('2D SPACE',''
  ) );
#251 = ORIENTED_EDGE('',*,*,#21,.T.);
#252 = ORIENTED_EDGE('',*,*,#253,.T.);
#253 = EDGE_CURVE('',#24,#204,#254,.T.);
#254 = SURFACE_CURVE('',#255,(#259,#266),.PCURVE_S1.);
#255 = LINE('',#256,#257);
#256 = CARTESIAN_POINT('',(-60.,-12.,5.));
#257 = VECTOR('',#258,1.);
#258 = DIRECTION('',(1.,0.,0.));
#259 = PCURVE('',#44,#260);
#260 = DEFINITIONAL_REPRESENTATION('',(#261),#265);
#261 = LINE('',#262,#263);
#262 = CARTESIAN_POINT('',(12.,0.));
#263 = VECTOR('',#264,1.);
#264 = DIRECTION('',(0.,1.));
#265 = ( GEOMETRIC_REPRESENTATION_CONTEXT(2) 
PARAMETRIC_REPRESENTATION_CONTEXT() REPRESENTATION_CONTEXT('2D SPACE',''
  ) );
#266 = PCURVE('',#186,#267);
#267 = DEFINITIONAL_REPRESENTATION('',(#268),#272);
#268 = LINE('',#269,#270);
#269 = CARTESIAN_POINT('',(-0.,0.));
#270 = VECTOR('',#271,1.);
#271 = DIRECTION('',(-0.,1.));
#272 = ( GEOMETRIC_REPRESENTATION_CONTEXT(2) 
PARAMETRIC_REPRESENTATION_CONTEXT() REPRESENTATION_CONTEXT('2D SPACE',''
  ) );
#273 = ADVANCED_FACE('',(#274),#186,.T.);
#274 = FACE_BOUND('',#275,.F.);
#275 = EDGE_LOOP('',(#276,#277,#300,#326));
#276 = ORIENTED_EDGE('',*,*,#167,.T.);
#277 = ORIENTED_EDGE('',*,*,#278,.T.);
#278 = EDGE_CURVE('',#140,#279,#281,.T.);
#279 = VERTEX_POINT('',#280);
#280 = CARTESIAN_POINT('',(60.,-10.,7.));
#281 = SURFACE_CURVE('',#282,(#286,#293),.PCURVE_S1.);
#282 = LINE('',#283,#284);
#283 = CARTESIAN_POINT('',(-60.,-10.,7.));
#284 = VECTOR('',#285,1.);
#285 = DIRECTION('',(1.,0.,0.));
#286 = PCURVE('',#186,#287);
#287 = DEFINITIONAL_REPRESENTATION('',(#288),#292);
#288 = LINE('',#289,#290);
#289 = CARTESIAN_POINT('',(-1.570796326795,0.));
#290 = VECTOR('',#291,1.);
#291 = DIRECTION('',(-0.,1.));
#292 = ( GEOMETRIC_REPRESENTATION_CONTEXT(2) 
PARAMETRIC_REPRESENTATION_CONTEXT() REPRESENTATION_CONTEXT('2D SPACE',''
  ) );
#293 = PCURVE('',#155,#294);
#294 = DEFINITIONAL_REPRESENTATION('',(#295),#299);
#295 = LINE('',#296,#297);
#296 = CARTESIAN_POINT('',(0.,2.));
#297 = VECTOR('',#298,1.);
#298 = DIRECTION('',(1.,0.));
#299 = ( GEOMETRIC_REPRESENTATION_CONTEXT(2) 
PARAMETRIC_REPRESENTATION_CONTEXT() REPRESENTATION_CONTEXT('2D SPACE',''
  ) );
#300 = ORIENTED_EDGE('',*,*,#301,.F.);
#301 = EDGE_CURVE('',#204,#279,#302,.T.);
#302 = SURFACE_CURVE('',#303,(#308,#315),.PCURVE_S1.);
#303 = CIRCLE('',#304,2.);
#304 = AXIS2_PLACEMENT_3D('',#305,#306,#307);
#305 = CARTESIAN_POINT('',(60.,-10.,5.));
#306 = DIRECTION('',(-1.,0.,-0.));
#307 = DIRECTION('',(-0.,0.,1.));
#308 = PCURVE('',#186,#309);
#309 = DEFINITIONAL_REPRESENTATION('',(#310),#314);
#310 = LINE('',#311,#312);
#311 = CARTESIAN_POINT('',(4.712388980385,120.));
#312 = VECTOR('',#313,1.);
#313 = DIRECTION('',(-1.,0.));
#314 = ( GEOMETRIC_REPRESENTATION_CONTEXT(2) 
PARAMETRIC_REPRESENTATION_CONTEXT() REPRESENTATION_CONTEXT('2D SPACE',''
  ) );
#315 = PCURVE('',#219,#316);
#316 = DEFINITIONAL_REPRESENTATION('',(#317),#325);
#317 = ( BOUNDED_CURVE() B_SPLINE_CURVE(2,(#318,#319,#320,#321,#322,#323
,#324),.UNSPECIFIED.,.T.,.F.) B_SPLINE_CURVE_WITH_KNOTS((1,2,2,2,2,1),(
    -2.094395102393,0.,2.094395102393,4.188790204786,6.28318530718,
8.377580409573),.UNSPECIFIED.) CURVE() GEOMETRIC_REPRESENTATION_ITEM() 
RATIONAL_B_SPLINE_CURVE((1.,0.5,1.,0.5,1.,0.5,1.)) REPRESENTATION_ITEM(
  '') );
#318 = CARTESIAN_POINT('',(14.,-2.));
#319 = CARTESIAN_POINT('',(14.,-5.464101615138));
#320 = CARTESIAN_POINT('',(11.,-3.732050807569));
#321 = CARTESIAN_POINT('',(8.,-2.));
#322 = CARTESIAN_POINT('',(11.,-0.267949192431));
#323 = CARTESIAN_POINT('',(14.,1.464101615138));
#324 = CARTESIAN_POINT('',(14.,-2.));
#325 = ( GEOMETRIC_REPRESENTATION_CONTEXT(2) 
PARAMETRIC_REPRESENTATION_CONTEXT() REPRESENTATION_CONTEXT('2D SPACE',''
  ) );
#326 = ORIENTED_EDGE('',*,*,#253,.F.);
#327 = ADVANCED_FACE('',(#328),#155,.T.);
#328 = FACE_BOUND('',#329,.T.);
#329 = EDGE_LOOP('',(#330,#331,#332,#355,#381,#407,#433,#461,#489,#517,
    #543,#569));
#330 = ORIENTED_EDGE('',*,*,#139,.F.);
#331 = ORIENTED_EDGE('',*,*,#278,.T.);
#332 = ORIENTED_EDGE('',*,*,#333,.T.);
#333 = EDGE_CURVE('',#279,#334,#336,.T.);
#334 = VERTEX_POINT('',#335);
#335 = CARTESIAN_POINT('',(60.,-4.,7.));
#336 = SURFACE_CURVE('',#337,(#341,#348),.PCURVE_S1.);
#337 = LINE('',#338,#339);
#338 = CARTESIAN_POINT('',(60.,-12.,7.));
#339 = VECTOR('',#340,1.);
#340 = DIRECTION('',(0.,1.,0.));
#341 = PCURVE('',#155,#342);
#342 = DEFINITIONAL_REPRESENTATION('',(#343),#347);
#343 = LINE('',#344,#345);
#344 = CARTESIAN_POINT('',(120.,0.));
#345 = VECTOR('',#346,1.);
#346 = DIRECTION('',(0.,1.));
#347 = ( GEOMETRIC_REPRESENTATION_CONTEXT(2) 
PARAMETRIC_REPRESENTATION_CONTEXT() REPRESENTATION_CONTEXT('2D SPACE',''
  ) );
#348 = PCURVE('',#219,#349);
#349 = DEFINITIONAL_REPRESENTATION('',(#350),#354);
#350 = LINE('',#351,#352);
#351 = CARTESIAN_POINT('',(14.,0.));
#352 = VECTOR('',#353,1.);
#353 = DIRECTION('',(0.,-1.));
#354 = ( GEOMETRIC_REPRESENTATION_CONTEXT(2) 
PARAMETRIC_REPRESENTATION_CONTEXT() REPRESENTATION_CONTEXT('2D SPACE',''
  ) );
#355 = ORIENTED_EDGE('',*,*,#356,.F.);
#356 = EDGE_CURVE('',#357,#334,#359,.T.);
#357 = VERTEX_POINT('',#358);
#358 = CARTESIAN_POINT('',(56.265006004805,-4.,7.));
#359 = SURFACE_CURVE('',#360,(#364,#370),.PCURVE_S1.);
#360 = LINE('',#361,#362);
#361 = CARTESIAN_POINT('',(7.5,-4.,7.));
#362 = VECTOR('',#363,1.);
#363 = DIRECTION('',(1.,0.,-0.));
#364 = PCURVE('',#155,#365);
#365 = DEFINITIONAL_REPRESENTATION('',(#366),#369);
#366 = B_SPLINE_CURVE_WITH_KNOTS('',1,(#367,#368),.UNSPECIFIED.,.F.,.F.,
  (2,2),(48.512297528579,52.5),.PIECEWISE_BEZIER_KNOTS.);
#367 = CARTESIAN_POINT('',(116.01229752857,8.));
#368 = CARTESIAN_POINT('',(120.,8.));
#369 = ( GEOMETRIC_REPRESENTATION_CONTEXT(2) 
PARAMETRIC_REPRESENTATION_CONTEXT() REPRESENTATION_CONTEXT('2D SPACE',''
  ) );
#370 = PCURVE('',#371,#376);
#371 = PLANE('',#372);
#372 = AXIS2_PLACEMENT_3D('',#373,#374,#375);
#373 = CARTESIAN_POINT('',(75.,-4.,4.440892098501E-16));
#374 = DIRECTION('',(0.,-1.,1.110223024625E-16));
#375 = DIRECTION('',(1.,0.,0.));
#376 = DEFINITIONAL_REPRESENTATION('',(#377),#380);
#377 = B_SPLINE_CURVE_WITH_KNOTS('',1,(#378,#379),.UNSPECIFIED.,.F.,.F.,
  (2,2),(48.512297528579,52.5),.PIECEWISE_BEZIER_KNOTS.);
#378 = CARTESIAN_POINT('',(-18.98770247142,7.));
#379 = CARTESIAN_POINT('',(-15.,7.));
#380 = ( GEOMETRIC_REPRESENTATION_CONTEXT(2) 
PARAMETRIC_REPRESENTATION_CONTEXT() REPRESENTATION_CONTEXT('2D SPACE',''
  ) );
#381 = ORIENTED_EDGE('',*,*,#382,.F.);
#382 = EDGE_CURVE('',#383,#357,#385,.T.);
#383 = VERTEX_POINT('',#384);
#384 = CARTESIAN_POINT('',(56.265006004805,4.,7.));
#385 = SURFACE_CURVE('',#386,(#390,#396),.PCURVE_S1.);
#386 = LINE('',#387,#388);
#387 = CARTESIAN_POINT('',(56.265006004805,4.,7.));
#388 = VECTOR('',#389,1.);
#389 = DIRECTION('',(0.,-1.,1.110223024625E-16));
#390 = PCURVE('',#155,#391);
#391 = DEFINITIONAL_REPRESENTATION('',(#392),#395);
#392 = B_SPLINE_CURVE_WITH_KNOTS('',1,(#393,#394),.UNSPECIFIED.,.F.,.F.,
  (2,2),(-6.000000007944E-07,8.0000006),.PIECEWISE_BEZIER_KNOTS.);
#393 = CARTESIAN_POINT('',(116.2650060048,16.0000006));
#394 = CARTESIAN_POINT('',(116.2650060048,7.9999994));
#395 = ( GEOMETRIC_REPRESENTATION_CONTEXT(2) 
PARAMETRIC_REPRESENTATION_CONTEXT() REPRESENTATION_CONTEXT('2D SPACE',''
  ) );
#396 = PCURVE('',#397,#402);
#397 = CYLINDRICAL_SURFACE('',#398,20.);
#398 = AXIS2_PLACEMENT_3D('',#399,#400,#401);
#399 = CARTESIAN_POINT('',(75.,4.,-4.440892098501E-16));
#400 = DIRECTION('',(0.,-1.,1.110223024625E-16));
#401 = DIRECTION('',(1.,0.,0.));
#402 = DEFINITIONAL_REPRESENTATION('',(#403),#406);
#403 = B_SPLINE_CURVE_WITH_KNOTS('',1,(#404,#405),.UNSPECIFIED.,.F.,.F.,
  (2,2),(-8.881784197001E-16,8.),.PIECEWISE_BEZIER_KNOTS.);
#404 = CARTESIAN_POINT('',(9.067206857124,-1.110223024625E-16));
#405 = CARTESIAN_POINT('',(9.067206857124,8.));
#406 = ( GEOMETRIC_REPRESENTATION_CONTEXT(2) 
PARAMETRIC_REPRESENTATION_CONTEXT() REPRESENTATION_CONTEXT('2D SPACE',''
  ) );
#407 = ORIENTED_EDGE('',*,*,#408,.T.);
#408 = EDGE_CURVE('',#383,#409,#411,.T.);
#409 = VERTEX_POINT('',#410);
#410 = CARTESIAN_POINT('',(60.,4.,7.));
#411 = SURFACE_CURVE('',#412,(#416,#422),.PCURVE_S1.);
#412 = LINE('',#413,#414);
#413 = CARTESIAN_POINT('',(7.5,4.,7.));
#414 = VECTOR('',#415,1.);
#415 = DIRECTION('',(1.,0.,-0.));
#416 = PCURVE('',#155,#417);
#417 = DEFINITIONAL_REPRESENTATION('',(#418),#421);
#418 = B_SPLINE_CURVE_WITH_KNOTS('',1,(#419,#420),.UNSPECIFIED.,.F.,.F.,
  (2,2),(47.5,52.5),.PIECEWISE_BEZIER_KNOTS.);
#419 = CARTESIAN_POINT('',(115.,16.));
#420 = CARTESIAN_POINT('',(120.,16.));
#421 = ( GEOMETRIC_REPRESENTATION_CONTEXT(2) 
PARAMETRIC_REPRESENTATION_CONTEXT() REPRESENTATION_CONTEXT('2D SPACE',''
  ) );
#422 = PCURVE('',#423,#428);
#423 = PLANE('',#424);
#424 = AXIS2_PLACEMENT_3D('',#425,#426,#427);
#425 = CARTESIAN_POINT('',(75.,4.,-4.440892098501E-16));
#426 = DIRECTION('',(0.,-1.,1.110223024625E-16));
#427 = DIRECTION('',(1.,0.,0.));
#428 = DEFINITIONAL_REPRESENTATION('',(#429),#432);
#429 = B_SPLINE_CURVE_WITH_KNOTS('',1,(#430,#431),.UNSPECIFIED.,.F.,.F.,
  (2,2),(47.5,52.5),.PIECEWISE_BEZIER_KNOTS.);
#430 = CARTESIAN_POINT('',(-20.,7.));
#431 = CARTESIAN_POINT('',(-15.,7.));
#432 = ( GEOMETRIC_REPRESENTATION_CONTEXT(2) 
PARAMETRIC_REPRESENTATION_CONTEXT() REPRESENTATION_CONTEXT('2D SPACE',''
  ) );
#433 = ORIENTED_EDGE('',*,*,#434,.T.);
#434 = EDGE_CURVE('',#409,#435,#437,.T.);
#435 = VERTEX_POINT('',#436);
#436 = CARTESIAN_POINT('',(60.,10.,7.));
#437 = SURFACE_CURVE('',#438,(#442,#449),.PCURVE_S1.);
#438 = LINE('',#439,#440);
#439 = CARTESIAN_POINT('',(60.,-12.,7.));
#440 = VECTOR('',#441,1.);
#441 = DIRECTION('',(0.,1.,0.));
#442 = PCURVE('',#155,#443);
#443 = DEFINITIONAL_REPRESENTATION('',(#444),#448);
#444 = LINE('',#445,#446);
#445 = CARTESIAN_POINT('',(120.,0.));
#446 = VECTOR('',#447,1.);
#447 = DIRECTION('',(0.,1.));
#448 = ( GEOMETRIC_REPRESENTATION_CONTEXT(2) 
PARAMETRIC_REPRESENTATION_CONTEXT() REPRESENTATION_CONTEXT('2D SPACE',''
  ) );
#449 = PCURVE('',#450,#455);
#450 = PLANE('',#451);
#451 = AXIS2_PLACEMENT_3D('',#452,#453,#454);
#452 = CARTESIAN_POINT('',(60.,-12.,-7.));
#453 = DIRECTION('',(1.,0.,0.));
#454 = DIRECTION('',(0.,0.,1.));
#455 = DEFINITIONAL_REPRESENTATION('',(#456),#460);
#456 = LINE('',#457,#458);
#457 = CARTESIAN_POINT('',(14.,0.));
#458 = VECTOR('',#459,1.);
#459 = DIRECTION('',(0.,-1.));
#460 = ( GEOMETRIC_REPRESENTATION_CONTEXT(2) 
PARAMETRIC_REPRESENTATION_CONTEXT() REPRESENTATION_CONTEXT('2D SPACE',''
  ) );
#461 = ORIENTED_EDGE('',*,*,#462,.F.);
#462 = EDGE_CURVE('',#463,#435,#465,.T.);
#463 = VERTEX_POINT('',#464);
#464 = CARTESIAN_POINT('',(-60.,10.,7.));
#465 = SURFACE_CURVE('',#466,(#470,#477),.PCURVE_S1.);
#466 = LINE('',#467,#468);
#467 = CARTESIAN_POINT('',(-60.,10.,7.));
#468 = VECTOR('',#469,1.);
#469 = DIRECTION('',(1.,0.,0.));
#470 = PCURVE('',#155,#471);
#471 = DEFINITIONAL_REPRESENTATION('',(#472),#476);
#472 = LINE('',#473,#474);
#473 = CARTESIAN_POINT('',(0.,22.));
#474 = VECTOR('',#475,1.);
#475 = DIRECTION('',(1.,0.));
#476 = ( GEOMETRIC_REPRESENTATION_CONTEXT(2) 
PARAMETRIC_REPRESENTATION_CONTEXT() REPRESENTATION_CONTEXT('2D SPACE',''
  ) );
#477 = PCURVE('',#478,#483);
#478 = CYLINDRICAL_SURFACE('',#479,2.);
#479 = AXIS2_PLACEMENT_3D('',#480,#481,#482);
#480 = CARTESIAN_POINT('',(-60.,10.,5.));
#481 = DIRECTION('',(1.,0.,0.));
#482 = DIRECTION('',(-0.,1.,0.));
#483 = DEFINITIONAL_REPRESENTATION('',(#484),#488);
#484 = LINE('',#485,#486);
#485 = CARTESIAN_POINT('',(1.570796326795,0.));
#486 = VECTOR('',#487,1.);
#487 = DIRECTION('',(0.,1.));
#488 = ( GEOMETRIC_REPRESENTATION_CONTEXT(2) 
PARAMETRIC_REPRESENTATION_CONTEXT() REPRESENTATION_CONTEXT('2D SPACE',''
  ) );
#489 = ORIENTED_EDGE('',*,*,#490,.F.);
#490 = EDGE_CURVE('',#491,#463,#493,.T.);
#491 = VERTEX_POINT('',#492);
#492 = CARTESIAN_POINT('',(-60.,4.,7.));
#493 = SURFACE_CURVE('',#494,(#498,#505),.PCURVE_S1.);
#494 = LINE('',#495,#496);
#495 = CARTESIAN_POINT('',(-60.,-12.,7.));
#496 = VECTOR('',#497,1.);
#497 = DIRECTION('',(0.,1.,0.));
#498 = PCURVE('',#155,#499);
#499 = DEFINITIONAL_REPRESENTATION('',(#500),#504);
#500 = LINE('',#501,#502);
#501 = CARTESIAN_POINT('',(0.,0.));
#502 = VECTOR('',#503,1.);
#503 = DIRECTION('',(0.,1.));
#504 = ( GEOMETRIC_REPRESENTATION_CONTEXT(2) 
PARAMETRIC_REPRESENTATION_CONTEXT() REPRESENTATION_CONTEXT('2D SPACE',''
  ) );
#505 = PCURVE('',#506,#511);
#506 = PLANE('',#507);
#507 = AXIS2_PLACEMENT_3D('',#508,#509,#510);
#508 = CARTESIAN_POINT('',(-60.,-12.,-7.));
#509 = DIRECTION('',(1.,0.,0.));
#510 = DIRECTION('',(0.,0.,1.));
#511 = DEFINITIONAL_REPRESENTATION('',(#512),#516);
#512 = LINE('',#513,#514);
#513 = CARTESIAN_POINT('',(14.,0.));
#514 = VECTOR('',#515,1.);
#515 = DIRECTION('',(0.,-1.));
#516 = ( GEOMETRIC_REPRESENTATION_CONTEXT(2) 
PARAMETRIC_REPRESENTATION_CONTEXT() REPRESENTATION_CONTEXT('2D SPACE',''
  ) );
#517 = ORIENTED_EDGE('',*,*,#518,.F.);
#518 = EDGE_CURVE('',#519,#491,#521,.T.);
#519 = VERTEX_POINT('',#520);
#520 = CARTESIAN_POINT('',(-56.2650060048,4.,7.));
#521 = SURFACE_CURVE('',#522,(#526,#532),.PCURVE_S1.);
#522 = LINE('',#523,#524);
#523 = CARTESIAN_POINT('',(-67.5,4.,7.));
#524 = VECTOR('',#525,1.);
#525 = DIRECTION('',(-1.,0.,0.));
#526 = PCURVE('',#155,#527);
#527 = DEFINITIONAL_REPRESENTATION('',(#528),#531);
#528 = B_SPLINE_CURVE_WITH_KNOTS('',1,(#529,#530),.UNSPECIFIED.,.F.,.F.,
  (2,2),(-11.48770247142,-7.5),.PIECEWISE_BEZIER_KNOTS.);
#529 = CARTESIAN_POINT('',(3.987702471421,16.));
#530 = CARTESIAN_POINT('',(0.,16.));
#531 = ( GEOMETRIC_REPRESENTATION_CONTEXT(2) 
PARAMETRIC_REPRESENTATION_CONTEXT() REPRESENTATION_CONTEXT('2D SPACE',''
  ) );
#532 = PCURVE('',#533,#538);
#533 = PLANE('',#534);
#534 = AXIS2_PLACEMENT_3D('',#535,#536,#537);
#535 = CARTESIAN_POINT('',(-75.,4.,4.440892098501E-16));
#536 = DIRECTION('',(0.,1.,1.110223024625E-16));
#537 = DIRECTION('',(1.,0.,0.));
#538 = DEFINITIONAL_REPRESENTATION('',(#539),#542);
#539 = B_SPLINE_CURVE_WITH_KNOTS('',1,(#540,#541),.UNSPECIFIED.,.F.,.F.,
  (2,2),(-11.48770247142,-7.5),.PIECEWISE_BEZIER_KNOTS.);
#540 = CARTESIAN_POINT('',(18.987702471421,-7.));
#541 = CARTESIAN_POINT('',(15.,-7.));
#542 = ( GEOMETRIC_REPRESENTATION_CONTEXT(2) 
PARAMETRIC_REPRESENTATION_CONTEXT() REPRESENTATION_CONTEXT('2D SPACE',''
  ) );
#543 = ORIENTED_EDGE('',*,*,#544,.F.);
#544 = EDGE_CURVE('',#545,#519,#547,.T.);
#545 = VERTEX_POINT('',#546);
#546 = CARTESIAN_POINT('',(-56.2650060048,-4.,7.));
#547 = SURFACE_CURVE('',#548,(#552,#558),.PCURVE_S1.);
#548 = LINE('',#549,#550);
#549 = CARTESIAN_POINT('',(-56.2650060048,-4.,7.));
#550 = VECTOR('',#551,1.);
#551 = DIRECTION('',(0.,1.,1.110223024625E-16));
#552 = PCURVE('',#155,#553);
#553 = DEFINITIONAL_REPRESENTATION('',(#554),#557);
#554 = B_SPLINE_CURVE_WITH_KNOTS('',1,(#555,#556),.UNSPECIFIED.,.F.,.F.,
  (2,2),(-6.000000007944E-07,8.0000006),.PIECEWISE_BEZIER_KNOTS.);
#555 = CARTESIAN_POINT('',(3.734993995195,7.9999994));
#556 = CARTESIAN_POINT('',(3.734993995195,16.0000006));
#557 = ( GEOMETRIC_REPRESENTATION_CONTEXT(2) 
PARAMETRIC_REPRESENTATION_CONTEXT() REPRESENTATION_CONTEXT('2D SPACE',''
  ) );
#558 = PCURVE('',#559,#564);
#559 = CYLINDRICAL_SURFACE('',#560,20.);
#560 = AXIS2_PLACEMENT_3D('',#561,#562,#563);
#561 = CARTESIAN_POINT('',(-75.,-4.,-4.440892098501E-16));
#562 = DIRECTION('',(0.,1.,1.110223024625E-16));
#563 = DIRECTION('',(1.,0.,0.));
#564 = DEFINITIONAL_REPRESENTATION('',(#565),#568);
#565 = B_SPLINE_CURVE_WITH_KNOTS('',1,(#566,#567),.UNSPECIFIED.,.F.,.F.,
  (2,2),(-6.000000007944E-07,8.0000006),.PIECEWISE_BEZIER_KNOTS.);
#566 = CARTESIAN_POINT('',(5.925614203534,-6.000000000173E-07));
#567 = CARTESIAN_POINT('',(5.925614203534,8.0000006));
#568 = ( GEOMETRIC_REPRESENTATION_CONTEXT(2) 
PARAMETRIC_REPRESENTATION_CONTEXT() REPRESENTATION_CONTEXT('2D SPACE',''
  ) );
#569 = ORIENTED_EDGE('',*,*,#570,.T.);
#570 = EDGE_CURVE('',#545,#114,#571,.T.);
#571 = SURFACE_CURVE('',#572,(#576,#582),.PCURVE_S1.);
#572 = LINE('',#573,#574);
#573 = CARTESIAN_POINT('',(-67.5,-4.,7.));
#574 = VECTOR('',#575,1.);
#575 = DIRECTION('',(-1.,0.,0.));
#576 = PCURVE('',#155,#577);
#577 = DEFINITIONAL_REPRESENTATION('',(#578),#581);
#578 = B_SPLINE_CURVE_WITH_KNOTS('',1,(#579,#580),.UNSPECIFIED.,.F.,.F.,
  (2,2),(-12.5,-7.5),.PIECEWISE_BEZIER_KNOTS.);
#579 = CARTESIAN_POINT('',(5.,8.));
#580 = CARTESIAN_POINT('',(0.,8.));
#581 = ( GEOMETRIC_REPRESENTATION_CONTEXT(2) 
PARAMETRIC_REPRESENTATION_CONTEXT() REPRESENTATION_CONTEXT('2D SPACE',''
  ) );
#582 = PCURVE('',#128,#583);
#583 = DEFINITIONAL_REPRESENTATION('',(#584),#587);
#584 = B_SPLINE_CURVE_WITH_KNOTS('',1,(#585,#586),.UNSPECIFIED.,.F.,.F.,
  (2,2),(-12.5,-7.5),.PIECEWISE_BEZIER_KNOTS.);
#585 = CARTESIAN_POINT('',(20.,-7.));
#586 = CARTESIAN_POINT('',(15.,-7.));
#587 = ( GEOMETRIC_REPRESENTATION_CONTEXT(2) 
PARAMETRIC_REPRESENTATION_CONTEXT() REPRESENTATION_CONTEXT('2D SPACE',''
  ) );
#588 = ADVANCED_FACE('',(#589,#636),#128,.F.);
#589 = FACE_BOUND('',#590,.F.);
#590 = EDGE_LOOP('',(#591,#612,#634,#635));
#591 = ORIENTED_EDGE('',*,*,#592,.F.);
#592 = EDGE_CURVE('',#593,#86,#595,.T.);
#593 = VERTEX_POINT('',#594);
#594 = CARTESIAN_POINT('',(-56.2650060048,-4.,-7.));
#595 = SURFACE_CURVE('',#596,(#600,#606),.PCURVE_S1.);
#596 = LINE('',#597,#598);
#597 = CARTESIAN_POINT('',(-67.5,-4.,-7.));
#598 = VECTOR('',#599,1.);
#599 = DIRECTION('',(-1.,0.,0.));
#600 = PCURVE('',#128,#601);
#601 = DEFINITIONAL_REPRESENTATION('',(#602),#605);
#602 = B_SPLINE_CURVE_WITH_KNOTS('',1,(#603,#604),.UNSPECIFIED.,.F.,.F.,
  (2,2),(-12.5,-7.5),.PIECEWISE_BEZIER_KNOTS.);
#603 = CARTESIAN_POINT('',(20.,7.));
#604 = CARTESIAN_POINT('',(15.,7.));
#605 = ( GEOMETRIC_REPRESENTATION_CONTEXT(2) 
PARAMETRIC_REPRESENTATION_CONTEXT() REPRESENTATION_CONTEXT('2D SPACE',''
  ) );
#606 = PCURVE('',#101,#607);
#607 = DEFINITIONAL_REPRESENTATION('',(#608),#611);
#608 = B_SPLINE_CURVE_WITH_KNOTS('',1,(#609,#610),.UNSPECIFIED.,.F.,.F.,
  (2,2),(-12.5,-7.5),.PIECEWISE_BEZIER_KNOTS.);
#609 = CARTESIAN_POINT('',(5.,8.));
#610 = CARTESIAN_POINT('',(0.,8.));
#611 = ( GEOMETRIC_REPRESENTATION_CONTEXT(2) 
PARAMETRIC_REPRESENTATION_CONTEXT() REPRESENTATION_CONTEXT('2D SPACE',''
  ) );
#612 = ORIENTED_EDGE('',*,*,#613,.T.);
#613 = EDGE_CURVE('',#593,#545,#614,.T.);
#614 = SURFACE_CURVE('',#615,(#620,#627),.PCURVE_S1.);
#615 = CIRCLE('',#616,20.);
#616 = AXIS2_PLACEMENT_3D('',#617,#618,#619);
#617 = CARTESIAN_POINT('',(-75.,-4.,-4.440892098501E-16));
#618 = DIRECTION('',(-0.,1.,1.110223024625E-16));
#619 = DIRECTION('',(1.,0.,0.));
#620 = PCURVE('',#128,#621);
#621 = DEFINITIONAL_REPRESENTATION('',(#622),#626);
#622 = CIRCLE('',#623,20.);
#623 = AXIS2_PLACEMENT_2D('',#624,#625);
#624 = CARTESIAN_POINT('',(0.,0.));
#625 = DIRECTION('',(1.,0.));
#626 = ( GEOMETRIC_REPRESENTATION_CONTEXT(2) 
PARAMETRIC_REPRESENTATION_CONTEXT() REPRESENTATION_CONTEXT('2D SPACE',''
  ) );
#627 = PCURVE('',#559,#628);
#628 = DEFINITIONAL_REPRESENTATION('',(#629),#633);
#629 = LINE('',#630,#631);
#630 = CARTESIAN_POINT('',(0.,0.));
#631 = VECTOR('',#632,1.);
#632 = DIRECTION('',(1.,0.));
#633 = ( GEOMETRIC_REPRESENTATION_CONTEXT(2) 
PARAMETRIC_REPRESENTATION_CONTEXT() REPRESENTATION_CONTEXT('2D SPACE',''
  ) );
#634 = ORIENTED_EDGE('',*,*,#570,.T.);
#635 = ORIENTED_EDGE('',*,*,#113,.F.);
#636 = FACE_BOUND('',#637,.F.);
#637 = EDGE_LOOP('',(#638));
#638 = ORIENTED_EDGE('',*,*,#639,.F.);
#639 = EDGE_CURVE('',#640,#640,#642,.T.);
#640 = VERTEX_POINT('',#641);
#641 = CARTESIAN_POINT('',(-71.8,-4.,-4.440892098501E-16));
#642 = SURFACE_CURVE('',#643,(#648,#655),.PCURVE_S1.);
#643 = CIRCLE('',#644,3.2);
#644 = AXIS2_PLACEMENT_3D('',#645,#646,#647);
#645 = CARTESIAN_POINT('',(-75.,-4.,-3.330669073875E-16));
#646 = DIRECTION('',(0.,1.,1.110223024625E-16));
#647 = DIRECTION('',(1.,3.104448135771E-32,-2.79623829349E-16));
#648 = PCURVE('',#128,#649);
#649 = DEFINITIONAL_REPRESENTATION('',(#650),#654);
#650 = CIRCLE('',#651,3.2);
#651 = AXIS2_PLACEMENT_2D('',#652,#653);
#652 = CARTESIAN_POINT('',(0.,-1.110223024625E-16));
#653 = DIRECTION('',(1.,2.79623829349E-16));
#654 = ( GEOMETRIC_REPRESENTATION_CONTEXT(2) 
PARAMETRIC_REPRESENTATION_CONTEXT() REPRESENTATION_CONTEXT('2D SPACE',''
  ) );
#655 = PCURVE('',#656,#661);
#656 = CYLINDRICAL_SURFACE('',#657,3.2);
#657 = AXIS2_PLACEMENT_3D('',#658,#659,#660);
#658 = CARTESIAN_POINT('',(-75.,-36.0000003,-3.996802921957E-15));
#659 = DIRECTION('',(-0.,-1.,-1.110223024625E-16));
#660 = DIRECTION('',(1.,0.,0.));
#661 = DEFINITIONAL_REPRESENTATION('',(#662),#666);
#662 = LINE('',#663,#664);
#663 = CARTESIAN_POINT('',(-0.,-32.0000003));
#664 = VECTOR('',#665,1.);
#665 = DIRECTION('',(-1.,-0.));
#666 = ( GEOMETRIC_REPRESENTATION_CONTEXT(2) 
PARAMETRIC_REPRESENTATION_CONTEXT() REPRESENTATION_CONTEXT('2D SPACE',''
  ) );
#667 = ADVANCED_FACE('',(#668),#101,.F.);
#668 = FACE_BOUND('',#669,.F.);
#669 = EDGE_LOOP('',(#670,#671,#694,#717,#743,#764,#785,#808,#836,#859,
    #885,#904));
#670 = ORIENTED_EDGE('',*,*,#85,.F.);
#671 = ORIENTED_EDGE('',*,*,#672,.T.);
#672 = EDGE_CURVE('',#57,#673,#675,.T.);
#673 = VERTEX_POINT('',#674);
#674 = CARTESIAN_POINT('',(60.,-10.,-7.));
#675 = SURFACE_CURVE('',#676,(#680,#687),.PCURVE_S1.);
#676 = LINE('',#677,#678);
#677 = CARTESIAN_POINT('',(-60.,-10.,-7.));
#678 = VECTOR('',#679,1.);
#679 = DIRECTION('',(1.,0.,0.));
#680 = PCURVE('',#101,#681);
#681 = DEFINITIONAL_REPRESENTATION('',(#682),#686);
#682 = LINE('',#683,#684);
#683 = CARTESIAN_POINT('',(0.,2.));
#684 = VECTOR('',#685,1.);
#685 = DIRECTION('',(1.,0.));
#686 = ( GEOMETRIC_REPRESENTATION_CONTEXT(2) 
PARAMETRIC_REPRESENTATION_CONTEXT() REPRESENTATION_CONTEXT('2D SPACE',''
  ) );
#687 = PCURVE('',#73,#688);
#688 = DEFINITIONAL_REPRESENTATION('',(#689),#693);
#689 = LINE('',#690,#691);
#690 = CARTESIAN_POINT('',(1.570796326795,0.));
#691 = VECTOR('',#692,1.);
#692 = DIRECTION('',(0.,1.));
#693 = ( GEOMETRIC_REPRESENTATION_CONTEXT(2) 
PARAMETRIC_REPRESENTATION_CONTEXT() REPRESENTATION_CONTEXT('2D SPACE',''
  ) );
#694 = ORIENTED_EDGE('',*,*,#695,.T.);
#695 = EDGE_CURVE('',#673,#696,#698,.T.);
#696 = VERTEX_POINT('',#697);
#697 = CARTESIAN_POINT('',(60.,-4.,-7.));
#698 = SURFACE_CURVE('',#699,(#703,#710),.PCURVE_S1.);
#699 = LINE('',#700,#701);
#700 = CARTESIAN_POINT('',(60.,-12.,-7.));
#701 = VECTOR('',#702,1.);
#702 = DIRECTION('',(0.,1.,0.));
#703 = PCURVE('',#101,#704);
#704 = DEFINITIONAL_REPRESENTATION('',(#705),#709);
#705 = LINE('',#706,#707);
#706 = CARTESIAN_POINT('',(120.,0.));
#707 = VECTOR('',#708,1.);
#708 = DIRECTION('',(0.,1.));
#709 = ( GEOMETRIC_REPRESENTATION_CONTEXT(2) 
PARAMETRIC_REPRESENTATION_CONTEXT() REPRESENTATION_CONTEXT('2D SPACE',''
  ) );
#710 = PCURVE('',#219,#711);
#711 = DEFINITIONAL_REPRESENTATION('',(#712),#716);
#712 = LINE('',#713,#714);
#713 = CARTESIAN_POINT('',(0.,0.));
#714 = VECTOR('',#715,1.);
#715 = DIRECTION('',(0.,-1.));
#716 = ( GEOMETRIC_REPRESENTATION_CONTEXT(2) 
PARAMETRIC_REPRESENTATION_CONTEXT() REPRESENTATION_CONTEXT('2D SPACE',''
  ) );
#717 = ORIENTED_EDGE('',*,*,#718,.F.);
#718 = EDGE_CURVE('',#719,#696,#721,.T.);
#719 = VERTEX_POINT('',#720);
#720 = CARTESIAN_POINT('',(56.265006004805,-4.,-7.));
#721 = SURFACE_CURVE('',#722,(#726,#732),.PCURVE_S1.);
#722 = LINE('',#723,#724);
#723 = CARTESIAN_POINT('',(7.5,-4.,-7.));
#724 = VECTOR('',#725,1.);
#725 = DIRECTION('',(1.,0.,-0.));
#726 = PCURVE('',#101,#727);
#727 = DEFINITIONAL_REPRESENTATION('',(#728),#731);
#728 = B_SPLINE_CURVE_WITH_KNOTS('',1,(#729,#730),.UNSPECIFIED.,.F.,.F.,
  (2,2),(48.512297528579,52.5),.PIECEWISE_BEZIER_KNOTS.);
#729 = CARTESIAN_POINT('',(116.01229752857,8.));
#730 = CARTESIAN_POINT('',(120.,8.));
#731 = ( GEOMETRIC_REPRESENTATION_CONTEXT(2) 
PARAMETRIC_REPRESENTATION_CONTEXT() REPRESENTATION_CONTEXT('2D SPACE',''
  ) );
#732 = PCURVE('',#733,#738);
#733 = PLANE('',#734);
#734 = AXIS2_PLACEMENT_3D('',#735,#736,#737);
#735 = CARTESIAN_POINT('',(75.,-4.,4.440892098501E-16));
#736 = DIRECTION('',(0.,-1.,1.110223024625E-16));
#737 = DIRECTION('',(1.,0.,0.));
#738 = DEFINITIONAL_REPRESENTATION('',(#739),#742);
#739 = B_SPLINE_CURVE_WITH_KNOTS('',1,(#740,#741),.UNSPECIFIED.,.F.,.F.,
  (2,2),(48.512297528579,52.5),.PIECEWISE_BEZIER_KNOTS.);
#740 = CARTESIAN_POINT('',(-18.98770247142,-7.));
#741 = CARTESIAN_POINT('',(-15.,-7.));
#742 = ( GEOMETRIC_REPRESENTATION_CONTEXT(2) 
PARAMETRIC_REPRESENTATION_CONTEXT() REPRESENTATION_CONTEXT('2D SPACE',''
  ) );
#743 = ORIENTED_EDGE('',*,*,#744,.F.);
#744 = EDGE_CURVE('',#745,#719,#747,.T.);
#745 = VERTEX_POINT('',#746);
#746 = CARTESIAN_POINT('',(56.265006004805,4.,-7.));
#747 = SURFACE_CURVE('',#748,(#752,#758),.PCURVE_S1.);
#748 = LINE('',#749,#750);
#749 = CARTESIAN_POINT('',(56.265006004805,4.,-7.));
#750 = VECTOR('',#751,1.);
#751 = DIRECTION('',(0.,-1.,1.110223024625E-16));
#752 = PCURVE('',#101,#753);
#753 = DEFINITIONAL_REPRESENTATION('',(#754),#757);
#754 = B_SPLINE_CURVE_WITH_KNOTS('',1,(#755,#756),.UNSPECIFIED.,.F.,.F.,
  (2,2),(-5.999999990181E-07,8.0000006),.PIECEWISE_BEZIER_KNOTS.);
#755 = CARTESIAN_POINT('',(116.2650060048,16.0000006));
#756 = CARTESIAN_POINT('',(116.2650060048,7.9999994));
#757 = ( GEOMETRIC_REPRESENTATION_CONTEXT(2) 
PARAMETRIC_REPRESENTATION_CONTEXT() REPRESENTATION_CONTEXT('2D SPACE',''
  ) );
#758 = PCURVE('',#397,#759);
#759 = DEFINITIONAL_REPRESENTATION('',(#760),#763);
#760 = B_SPLINE_CURVE_WITH_KNOTS('',1,(#761,#762),.UNSPECIFIED.,.F.,.F.,
  (2,2),(8.881784197001E-16,8.),.PIECEWISE_BEZIER_KNOTS.);
#761 = CARTESIAN_POINT('',(3.499163757235,1.110223024625E-16));
#762 = CARTESIAN_POINT('',(3.499163757235,8.));
#763 = ( GEOMETRIC_REPRESENTATION_CONTEXT(2) 
PARAMETRIC_REPRESENTATION_CONTEXT() REPRESENTATION_CONTEXT('2D SPACE',''
  ) );
#764 = ORIENTED_EDGE('',*,*,#765,.T.);
#765 = EDGE_CURVE('',#745,#766,#768,.T.);
#766 = VERTEX_POINT('',#767);
#767 = CARTESIAN_POINT('',(60.,4.,-7.));
#768 = SURFACE_CURVE('',#769,(#773,#779),.PCURVE_S1.);
#769 = LINE('',#770,#771);
#770 = CARTESIAN_POINT('',(7.5,4.,-7.));
#771 = VECTOR('',#772,1.);
#772 = DIRECTION('',(1.,0.,-0.));
#773 = PCURVE('',#101,#774);
#774 = DEFINITIONAL_REPRESENTATION('',(#775),#778);
#775 = B_SPLINE_CURVE_WITH_KNOTS('',1,(#776,#777),.UNSPECIFIED.,.F.,.F.,
  (2,2),(47.5,52.5),.PIECEWISE_BEZIER_KNOTS.);
#776 = CARTESIAN_POINT('',(115.,16.));
#777 = CARTESIAN_POINT('',(120.,16.));
#778 = ( GEOMETRIC_REPRESENTATION_CONTEXT(2) 
PARAMETRIC_REPRESENTATION_CONTEXT() REPRESENTATION_CONTEXT('2D SPACE',''
  ) );
#779 = PCURVE('',#423,#780);
#780 = DEFINITIONAL_REPRESENTATION('',(#781),#784);
#781 = B_SPLINE_CURVE_WITH_KNOTS('',1,(#782,#783),.UNSPECIFIED.,.F.,.F.,
  (2,2),(47.5,52.5),.PIECEWISE_BEZIER_KNOTS.);
#782 = CARTESIAN_POINT('',(-20.,-7.));
#783 = CARTESIAN_POINT('',(-15.,-7.));
#784 = ( GEOMETRIC_REPRESENTATION_CONTEXT(2) 
PARAMETRIC_REPRESENTATION_CONTEXT() REPRESENTATION_CONTEXT('2D SPACE',''
  ) );
#785 = ORIENTED_EDGE('',*,*,#786,.T.);
#786 = EDGE_CURVE('',#766,#787,#789,.T.);
#787 = VERTEX_POINT('',#788);
#788 = CARTESIAN_POINT('',(60.,10.,-7.));
#789 = SURFACE_CURVE('',#790,(#794,#801),.PCURVE_S1.);
#790 = LINE('',#791,#792);
#791 = CARTESIAN_POINT('',(60.,-12.,-7.));
#792 = VECTOR('',#793,1.);
#793 = DIRECTION('',(0.,1.,0.));
#794 = PCURVE('',#101,#795);
#795 = DEFINITIONAL_REPRESENTATION('',(#796),#800);
#796 = LINE('',#797,#798);
#797 = CARTESIAN_POINT('',(120.,0.));
#798 = VECTOR('',#799,1.);
#799 = DIRECTION('',(0.,1.));
#800 = ( GEOMETRIC_REPRESENTATION_CONTEXT(2) 
PARAMETRIC_REPRESENTATION_CONTEXT() REPRESENTATION_CONTEXT('2D SPACE',''
  ) );
#801 = PCURVE('',#450,#802);
#802 = DEFINITIONAL_REPRESENTATION('',(#803),#807);
#803 = LINE('',#804,#805);
#804 = CARTESIAN_POINT('',(0.,0.));
#805 = VECTOR('',#806,1.);
#806 = DIRECTION('',(0.,-1.));
#807 = ( GEOMETRIC_REPRESENTATION_CONTEXT(2) 
PARAMETRIC_REPRESENTATION_CONTEXT() REPRESENTATION_CONTEXT('2D SPACE',''
  ) );
#808 = ORIENTED_EDGE('',*,*,#809,.F.);
#809 = EDGE_CURVE('',#810,#787,#812,.T.);
#810 = VERTEX_POINT('',#811);
#811 = CARTESIAN_POINT('',(-60.,10.,-7.));
#812 = SURFACE_CURVE('',#813,(#817,#824),.PCURVE_S1.);
#813 = LINE('',#814,#815);
#814 = CARTESIAN_POINT('',(-60.,10.,-7.));
#815 = VECTOR('',#816,1.);
#816 = DIRECTION('',(1.,0.,0.));
#817 = PCURVE('',#101,#818);
#818 = DEFINITIONAL_REPRESENTATION('',(#819),#823);
#819 = LINE('',#820,#821);
#820 = CARTESIAN_POINT('',(0.,22.));
#821 = VECTOR('',#822,1.);
#822 = DIRECTION('',(1.,0.));
#823 = ( GEOMETRIC_REPRESENTATION_CONTEXT(2) 
PARAMETRIC_REPRESENTATION_CONTEXT() REPRESENTATION_CONTEXT('2D SPACE',''
  ) );
#824 = PCURVE('',#825,#830);
#825 = CYLINDRICAL_SURFACE('',#826,2.);
#826 = AXIS2_PLACEMENT_3D('',#827,#828,#829);
#827 = CARTESIAN_POINT('',(-60.,10.,-5.));
#828 = DIRECTION('',(1.,0.,0.));
#829 = DIRECTION('',(-0.,1.,0.));
#830 = DEFINITIONAL_REPRESENTATION('',(#831),#835);
#831 = LINE('',#832,#833);
#832 = CARTESIAN_POINT('',(-1.570796326795,0.));
#833 = VECTOR('',#834,1.);
#834 = DIRECTION('',(-0.,1.));
#835 = ( GEOMETRIC_REPRESENTATION_CONTEXT(2) 
PARAMETRIC_REPRESENTATION_CONTEXT() REPRESENTATION_CONTEXT('2D SPACE',''
  ) );
#836 = ORIENTED_EDGE('',*,*,#837,.F.);
#837 = EDGE_CURVE('',#838,#810,#840,.T.);
#838 = VERTEX_POINT('',#839);
#839 = CARTESIAN_POINT('',(-60.,4.,-7.));
#840 = SURFACE_CURVE('',#841,(#845,#852),.PCURVE_S1.);
#841 = LINE('',#842,#843);
#842 = CARTESIAN_POINT('',(-60.,-12.,-7.));
#843 = VECTOR('',#844,1.);
#844 = DIRECTION('',(0.,1.,0.));
#845 = PCURVE('',#101,#846);
#846 = DEFINITIONAL_REPRESENTATION('',(#847),#851);
#847 = LINE('',#848,#849);
#848 = CARTESIAN_POINT('',(0.,0.));
#849 = VECTOR('',#850,1.);
#850 = DIRECTION('',(0.,1.));
#851 = ( GEOMETRIC_REPRESENTATION_CONTEXT(2) 
PARAMETRIC_REPRESENTATION_CONTEXT() REPRESENTATION_CONTEXT('2D SPACE',''
  ) );
#852 = PCURVE('',#506,#853);
#853 = DEFINITIONAL_REPRESENTATION('',(#854),#858);
#854 = LINE('',#855,#856);
#855 = CARTESIAN_POINT('',(0.,0.));
#856 = VECTOR('',#857,1.);
#857 = DIRECTION('',(0.,-1.));
#858 = ( GEOMETRIC_REPRESENTATION_CONTEXT(2) 
PARAMETRIC_REPRESENTATION_CONTEXT() REPRESENTATION_CONTEXT('2D SPACE',''
  ) );
#859 = ORIENTED_EDGE('',*,*,#860,.F.);
#860 = EDGE_CURVE('',#861,#838,#863,.T.);
#861 = VERTEX_POINT('',#862);
#862 = CARTESIAN_POINT('',(-56.2650060048,4.,-7.));
#863 = SURFACE_CURVE('',#864,(#868,#874),.PCURVE_S1.);
#864 = LINE('',#865,#866);
#865 = CARTESIAN_POINT('',(-67.5,4.,-7.));
#866 = VECTOR('',#867,1.);
#867 = DIRECTION('',(-1.,0.,0.));
#868 = PCURVE('',#101,#869);
#869 = DEFINITIONAL_REPRESENTATION('',(#870),#873);
#870 = B_SPLINE_CURVE_WITH_KNOTS('',1,(#871,#872),.UNSPECIFIED.,.F.,.F.,
  (2,2),(-11.48770247142,-7.5),.PIECEWISE_BEZIER_KNOTS.);
#871 = CARTESIAN_POINT('',(3.987702471421,16.));
#872 = CARTESIAN_POINT('',(0.,16.));
#873 = ( GEOMETRIC_REPRESENTATION_CONTEXT(2) 
PARAMETRIC_REPRESENTATION_CONTEXT() REPRESENTATION_CONTEXT('2D SPACE',''
  ) );
#874 = PCURVE('',#875,#880);
#875 = PLANE('',#876);
#876 = AXIS2_PLACEMENT_3D('',#877,#878,#879);
#877 = CARTESIAN_POINT('',(-75.,4.,4.440892098501E-16));
#878 = DIRECTION('',(0.,1.,1.110223024625E-16));
#879 = DIRECTION('',(1.,0.,0.));
#880 = DEFINITIONAL_REPRESENTATION('',(#881),#884);
#881 = B_SPLINE_CURVE_WITH_KNOTS('',1,(#882,#883),.UNSPECIFIED.,.F.,.F.,
  (2,2),(-11.48770247142,-7.5),.PIECEWISE_BEZIER_KNOTS.);
#882 = CARTESIAN_POINT('',(18.987702471421,7.));
#883 = CARTESIAN_POINT('',(15.,7.));
#884 = ( GEOMETRIC_REPRESENTATION_CONTEXT(2) 
PARAMETRIC_REPRESENTATION_CONTEXT() REPRESENTATION_CONTEXT('2D SPACE',''
  ) );
#885 = ORIENTED_EDGE('',*,*,#886,.F.);
#886 = EDGE_CURVE('',#593,#861,#887,.T.);
#887 = SURFACE_CURVE('',#888,(#892,#898),.PCURVE_S1.);
#888 = LINE('',#889,#890);
#889 = CARTESIAN_POINT('',(-56.2650060048,-4.,-7.));
#890 = VECTOR('',#891,1.);
#891 = DIRECTION('',(0.,1.,1.110223024625E-16));
#892 = PCURVE('',#101,#893);
#893 = DEFINITIONAL_REPRESENTATION('',(#894),#897);
#894 = B_SPLINE_CURVE_WITH_KNOTS('',1,(#895,#896),.UNSPECIFIED.,.F.,.F.,
  (2,2),(-5.999999990181E-07,8.0000006),.PIECEWISE_BEZIER_KNOTS.);
#895 = CARTESIAN_POINT('',(3.734993995195,7.9999994));
#896 = CARTESIAN_POINT('',(3.734993995195,16.0000006));
#897 = ( GEOMETRIC_REPRESENTATION_CONTEXT(2) 
PARAMETRIC_REPRESENTATION_CONTEXT() REPRESENTATION_CONTEXT('2D SPACE',''
  ) );
#898 = PCURVE('',#559,#899);
#899 = DEFINITIONAL_REPRESENTATION('',(#900),#903);
#900 = B_SPLINE_CURVE_WITH_KNOTS('',1,(#901,#902),.UNSPECIFIED.,.F.,.F.,
  (2,2),(-5.999999990181E-07,8.0000006),.PIECEWISE_BEZIER_KNOTS.);
#901 = CARTESIAN_POINT('',(0.357571103646,-5.999999997952E-07));
#902 = CARTESIAN_POINT('',(0.357571103646,8.0000006));
#903 = ( GEOMETRIC_REPRESENTATION_CONTEXT(2) 
PARAMETRIC_REPRESENTATION_CONTEXT() REPRESENTATION_CONTEXT('2D SPACE',''
  ) );
#904 = ORIENTED_EDGE('',*,*,#592,.T.);
#905 = ADVANCED_FACE('',(#906),#73,.T.);
#906 = FACE_BOUND('',#907,.T.);
#907 = EDGE_LOOP('',(#908,#909,#910,#932));
#908 = ORIENTED_EDGE('',*,*,#56,.T.);
#909 = ORIENTED_EDGE('',*,*,#672,.T.);
#910 = ORIENTED_EDGE('',*,*,#911,.F.);
#911 = EDGE_CURVE('',#202,#673,#912,.T.);
#912 = SURFACE_CURVE('',#913,(#918,#925),.PCURVE_S1.);
#913 = CIRCLE('',#914,2.);
#914 = AXIS2_PLACEMENT_3D('',#915,#916,#917);
#915 = CARTESIAN_POINT('',(60.,-10.,-5.));
#916 = DIRECTION('',(1.,0.,0.));
#917 = DIRECTION('',(-0.,0.,1.));
#918 = PCURVE('',#73,#919);
#919 = DEFINITIONAL_REPRESENTATION('',(#920),#924);
#920 = LINE('',#921,#922);
#921 = CARTESIAN_POINT('',(-1.570796326795,120.));
#922 = VECTOR('',#923,1.);
#923 = DIRECTION('',(1.,0.));
#924 = ( GEOMETRIC_REPRESENTATION_CONTEXT(2) 
PARAMETRIC_REPRESENTATION_CONTEXT() REPRESENTATION_CONTEXT('2D SPACE',''
  ) );
#925 = PCURVE('',#219,#926);
#926 = DEFINITIONAL_REPRESENTATION('',(#927),#931);
#927 = CIRCLE('',#928,2.);
#928 = AXIS2_PLACEMENT_2D('',#929,#930);
#929 = CARTESIAN_POINT('',(2.,-2.));
#930 = DIRECTION('',(1.,0.));
#931 = ( GEOMETRIC_REPRESENTATION_CONTEXT(2) 
PARAMETRIC_REPRESENTATION_CONTEXT() REPRESENTATION_CONTEXT('2D SPACE',''
  ) );
#932 = ORIENTED_EDGE('',*,*,#231,.F.);
#933 = ADVANCED_FACE('',(#934),#219,.T.);
#934 = FACE_BOUND('',#935,.T.);
#935 = EDGE_LOOP('',(#936,#937,#938,#939,#960,#986,#1012,#1038,#1064,
    #1090,#1116,#1142,#1168,#1187,#1188));
#936 = ORIENTED_EDGE('',*,*,#201,.F.);
#937 = ORIENTED_EDGE('',*,*,#911,.T.);
#938 = ORIENTED_EDGE('',*,*,#695,.T.);
#939 = ORIENTED_EDGE('',*,*,#940,.F.);
#940 = EDGE_CURVE('',#941,#696,#943,.T.);
#941 = VERTEX_POINT('',#942);
#942 = CARTESIAN_POINT('',(60.,-4.,-5.213787325402));
#943 = SURFACE_CURVE('',#944,(#948,#954),.PCURVE_S1.);
#944 = LINE('',#945,#946);
#945 = CARTESIAN_POINT('',(60.,-4.,-3.5));
#946 = VECTOR('',#947,1.);
#947 = DIRECTION('',(0.,-1.110223024625E-16,-1.));
#948 = PCURVE('',#219,#949);
#949 = DEFINITIONAL_REPRESENTATION('',(#950),#953);
#950 = B_SPLINE_CURVE_WITH_KNOTS('',1,(#951,#952),.UNSPECIFIED.,.F.,.F.,
  (2,2),(-0.117094247025,3.5),.PIECEWISE_BEZIER_KNOTS.);
#951 = CARTESIAN_POINT('',(3.617094247025,-8.));
#952 = CARTESIAN_POINT('',(0.,-8.));
#953 = ( GEOMETRIC_REPRESENTATION_CONTEXT(2) 
PARAMETRIC_REPRESENTATION_CONTEXT() REPRESENTATION_CONTEXT('2D SPACE',''
  ) );
#954 = PCURVE('',#733,#955);
#955 = DEFINITIONAL_REPRESENTATION('',(#956),#959);
#956 = B_SPLINE_CURVE_WITH_KNOTS('',1,(#957,#958),.UNSPECIFIED.,.F.,.F.,
  (2,2),(-0.117094247025,3.5),.PIECEWISE_BEZIER_KNOTS.);
#957 = CARTESIAN_POINT('',(-15.,-3.382905752975));
#958 = CARTESIAN_POINT('',(-15.,-7.));
#959 = ( GEOMETRIC_REPRESENTATION_CONTEXT(2) 
PARAMETRIC_REPRESENTATION_CONTEXT() REPRESENTATION_CONTEXT('2D SPACE',''
  ) );
#960 = ORIENTED_EDGE('',*,*,#961,.F.);
#961 = EDGE_CURVE('',#962,#941,#964,.T.);
#962 = VERTEX_POINT('',#963);
#963 = CARTESIAN_POINT('',(60.,-2.8,-4.019237886467));
#964 = SURFACE_CURVE('',#965,(#969,#975),.PCURVE_S1.);
#965 = LINE('',#966,#967);
#966 = CARTESIAN_POINT('',(60.,-4.850854381149,-6.060777011749));
#967 = VECTOR('',#968,1.);
#968 = DIRECTION('',(0.,-0.708714487507,-0.705495411181));
#969 = PCURVE('',#219,#970);
#970 = DEFINITIONAL_REPRESENTATION('',(#971),#974);
#971 = B_SPLINE_CURVE_WITH_KNOTS('',1,(#972,#973),.UNSPECIFIED.,.F.,.F.,
  (2,2),(-2.893766696321,-1.200560163715),.PIECEWISE_BEZIER_KNOTS.);
#972 = CARTESIAN_POINT('',(2.980762113533,-9.2));
#973 = CARTESIAN_POINT('',(1.786212674598,-8.));
#974 = ( GEOMETRIC_REPRESENTATION_CONTEXT(2) 
PARAMETRIC_REPRESENTATION_CONTEXT() REPRESENTATION_CONTEXT('2D SPACE',''
  ) );
#975 = PCURVE('',#976,#981);
#976 = PLANE('',#977);
#977 = AXIS2_PLACEMENT_3D('',#978,#979,#980);
#978 = CARTESIAN_POINT('',(75.,-2.8,3.10862446895E-16));
#979 = DIRECTION('',(-0.186565325536,-0.693108716252,0.696271273832));
#980 = DIRECTION('',(0.179389736093,-0.720833064902,-0.669491609454));
#981 = DEFINITIONAL_REPRESENTATION('',(#982),#985);
#982 = B_SPLINE_CURVE_WITH_KNOTS('',1,(#983,#984),.UNSPECIFIED.,.F.,.F.,
  (2,2),(-2.893766696321,-1.200560163715),.PIECEWISE_BEZIER_KNOTS.);
#983 = CARTESIAN_POINT('',(-5.329070518201E-15,-15.52914270615));
#984 = CARTESIAN_POINT('',(1.664740504327,-15.83831485126));
#985 = ( GEOMETRIC_REPRESENTATION_CONTEXT(2) 
PARAMETRIC_REPRESENTATION_CONTEXT() REPRESENTATION_CONTEXT('2D SPACE',''
  ) );
#986 = ORIENTED_EDGE('',*,*,#987,.F.);
#987 = EDGE_CURVE('',#988,#962,#990,.T.);
#988 = VERTEX_POINT('',#989);
#989 = CARTESIAN_POINT('',(60.,-4.,-2.824688447532));
#990 = SURFACE_CURVE('',#991,(#995,#1001),.PCURVE_S1.);
#991 = LINE('',#992,#993);
#992 = CARTESIAN_POINT('',(60.,-5.99841512595,-0.835350391314));
#993 = VECTOR('',#994,1.);
#994 = DIRECTION('',(0.,0.708714487507,-0.705495411181));
#995 = PCURVE('',#219,#996);
#996 = DEFINITIONAL_REPRESENTATION('',(#997),#1000);
#997 = B_SPLINE_CURVE_WITH_KNOTS('',1,(#998,#999),.UNSPECIFIED.,.F.,.F.,
  (2,2),(2.819774621764,4.51298115437),.PIECEWISE_BEZIER_KNOTS.);
#998 = CARTESIAN_POINT('',(4.175311552468,-8.));
#999 = CARTESIAN_POINT('',(2.980762113533,-9.2));
#1000 = ( GEOMETRIC_REPRESENTATION_CONTEXT(2) 
PARAMETRIC_REPRESENTATION_CONTEXT() REPRESENTATION_CONTEXT('2D SPACE',''
  ) );
#1001 = PCURVE('',#1002,#1007);
#1002 = PLANE('',#1003);
#1003 = AXIS2_PLACEMENT_3D('',#1004,#1005,#1006);
#1004 = CARTESIAN_POINT('',(74.676476193622,-4.1,1.207407282861));
#1005 = DIRECTION('',(0.186565325536,-0.693108716252,-0.696271273832));
#1006 = DIRECTION('',(0.179389736093,0.720833064902,-0.669491609454));
#1007 = DEFINITIONAL_REPRESENTATION('',(#1008),#1011);
#1008 = B_SPLINE_CURVE_WITH_KNOTS('',1,(#1009,#1010),.UNSPECIFIED.,.F.,
  .F.,(2,2),(2.819774621764,4.51298115437),.PIECEWISE_BEZIER_KNOTS.);
#1009 = CARTESIAN_POINT('',(0.138728375361,-15.21997056103));
#1010 = CARTESIAN_POINT('',(1.803468879687,-15.52914270615));
#1011 = ( GEOMETRIC_REPRESENTATION_CONTEXT(2) 
PARAMETRIC_REPRESENTATION_CONTEXT() REPRESENTATION_CONTEXT('2D SPACE',''
  ) );
#1012 = ORIENTED_EDGE('',*,*,#1013,.F.);
#1013 = EDGE_CURVE('',#1014,#988,#1016,.T.);
#1014 = VERTEX_POINT('',#1015);
#1015 = CARTESIAN_POINT('',(60.,-4.,-1.153846153846));
#1016 = SURFACE_CURVE('',#1017,(#1021,#1027),.PCURVE_S1.);
#1017 = LINE('',#1018,#1019);
#1018 = CARTESIAN_POINT('',(60.,-4.,-3.5));
#1019 = VECTOR('',#1020,1.);
#1020 = DIRECTION('',(0.,-1.110223024625E-16,-1.));
#1021 = PCURVE('',#219,#1022);
#1022 = DEFINITIONAL_REPRESENTATION('',(#1023),#1026);
#1023 = B_SPLINE_CURVE_WITH_KNOTS('',1,(#1024,#1025),.UNSPECIFIED.,.F.,
  .F.,(2,2),(-2.346153846154,0.553229383146),.PIECEWISE_BEZIER_KNOTS.);
#1024 = CARTESIAN_POINT('',(5.846153846154,-8.));
#1025 = CARTESIAN_POINT('',(2.946770616854,-8.));
#1026 = ( GEOMETRIC_REPRESENTATION_CONTEXT(2) 
PARAMETRIC_REPRESENTATION_CONTEXT() REPRESENTATION_CONTEXT('2D SPACE',''
  ) );
#1027 = PCURVE('',#1028,#1033);
#1028 = PLANE('',#1029);
#1029 = AXIS2_PLACEMENT_3D('',#1030,#1031,#1032);
#1030 = CARTESIAN_POINT('',(75.,-4.,4.440892098501E-16));
#1031 = DIRECTION('',(0.,-1.,1.110223024625E-16));
#1032 = DIRECTION('',(1.,0.,0.));
#1033 = DEFINITIONAL_REPRESENTATION('',(#1034),#1037);
#1034 = B_SPLINE_CURVE_WITH_KNOTS('',1,(#1035,#1036),.UNSPECIFIED.,.F.,
  .F.,(2,2),(-2.346153846154,0.553229383146),.PIECEWISE_BEZIER_KNOTS.);
#1035 = CARTESIAN_POINT('',(-15.,-1.153846153846));
#1036 = CARTESIAN_POINT('',(-15.,-4.053229383146));
#1037 = ( GEOMETRIC_REPRESENTATION_CONTEXT(2) 
PARAMETRIC_REPRESENTATION_CONTEXT() REPRESENTATION_CONTEXT('2D SPACE',''
  ) );
#1038 = ORIENTED_EDGE('',*,*,#1039,.F.);
#1039 = EDGE_CURVE('',#1040,#1014,#1042,.T.);
#1040 = VERTEX_POINT('',#1041);
#1041 = CARTESIAN_POINT('',(60.,-2.8,2.147832645616E-15));
#1042 = SURFACE_CURVE('',#1043,(#1047,#1053),.PCURVE_S1.);
#1043 = LINE('',#1044,#1045);
#1044 = CARTESIAN_POINT('',(60.,-6.938816295158,-3.979631053036));
#1045 = VECTOR('',#1046,1.);
#1046 = DIRECTION('',(0.,-0.720833064902,-0.693108716252));
#1047 = PCURVE('',#219,#1048);
#1048 = DEFINITIONAL_REPRESENTATION('',(#1049),#1052);
#1049 = B_SPLINE_CURVE_WITH_KNOTS('',1,(#1050,#1051),.UNSPECIFIED.,.F.,
  .F.,(2,2),(-5.74171260543,-4.076972101103),.PIECEWISE_BEZIER_KNOTS.);
#1050 = CARTESIAN_POINT('',(7.,-9.2));
#1051 = CARTESIAN_POINT('',(5.846153846154,-8.));
#1052 = ( GEOMETRIC_REPRESENTATION_CONTEXT(2) 
PARAMETRIC_REPRESENTATION_CONTEXT() REPRESENTATION_CONTEXT('2D SPACE',''
  ) );
#1053 = PCURVE('',#1054,#1059);
#1054 = PLANE('',#1055);
#1055 = AXIS2_PLACEMENT_3D('',#1056,#1057,#1058);
#1056 = CARTESIAN_POINT('',(75.,-2.8,3.10862446895E-16));
#1057 = DIRECTION('',(8.827659056516E-17,-0.693108716252,0.720833064902)
  );
#1058 = DIRECTION('',(-8.488133708189E-17,-0.720833064902,
    -0.693108716252));
#1059 = DEFINITIONAL_REPRESENTATION('',(#1060),#1063);
#1060 = B_SPLINE_CURVE_WITH_KNOTS('',1,(#1061,#1062),.UNSPECIFIED.,.F.,
  .F.,(2,2),(-5.74171260543,-4.076972101103),.PIECEWISE_BEZIER_KNOTS.);
#1061 = CARTESIAN_POINT('',(-5.329070518201E-15,-15.));
#1062 = CARTESIAN_POINT('',(1.664740504327,-15.));
#1063 = ( GEOMETRIC_REPRESENTATION_CONTEXT(2) 
PARAMETRIC_REPRESENTATION_CONTEXT() REPRESENTATION_CONTEXT('2D SPACE',''
  ) );
#1064 = ORIENTED_EDGE('',*,*,#1065,.F.);
#1065 = EDGE_CURVE('',#1066,#1040,#1068,.T.);
#1066 = VERTEX_POINT('',#1067);
#1067 = CARTESIAN_POINT('',(60.,-4.,1.153846153846));
#1068 = SURFACE_CURVE('',#1069,(#1073,#1079),.PCURVE_S1.);
#1069 = LINE('',#1070,#1071);
#1070 = CARTESIAN_POINT('',(60.,-4.091506533436,1.241833205227));
#1071 = VECTOR('',#1072,1.);
#1072 = DIRECTION('',(0.,0.720833064902,-0.693108716252));
#1073 = PCURVE('',#219,#1074);
#1074 = DEFINITIONAL_REPRESENTATION('',(#1075),#1078);
#1075 = B_SPLINE_CURVE_WITH_KNOTS('',1,(#1076,#1077),.UNSPECIFIED.,.F.,
  .F.,(2,2),(0.126945527184,1.791686031511),.PIECEWISE_BEZIER_KNOTS.);
#1076 = CARTESIAN_POINT('',(8.153846153846,-8.));
#1077 = CARTESIAN_POINT('',(7.,-9.2));
#1078 = ( GEOMETRIC_REPRESENTATION_CONTEXT(2) 
PARAMETRIC_REPRESENTATION_CONTEXT() REPRESENTATION_CONTEXT('2D SPACE',''
  ) );
#1079 = PCURVE('',#1080,#1085);
#1080 = PLANE('',#1081);
#1081 = AXIS2_PLACEMENT_3D('',#1082,#1083,#1084);
#1082 = CARTESIAN_POINT('',(75.,-4.1,1.25));
#1083 = DIRECTION('',(-8.827659056516E-17,-0.693108716252,
    -0.720833064902));
#1084 = DIRECTION('',(-8.488133708189E-17,0.720833064902,-0.693108716252
    ));
#1085 = DEFINITIONAL_REPRESENTATION('',(#1086),#1089);
#1086 = B_SPLINE_CURVE_WITH_KNOTS('',1,(#1087,#1088),.UNSPECIFIED.,.F.,
  .F.,(2,2),(0.126945527184,1.791686031511),.PIECEWISE_BEZIER_KNOTS.);
#1087 = CARTESIAN_POINT('',(0.138728375361,-15.));
#1088 = CARTESIAN_POINT('',(1.803468879687,-15.));
#1089 = ( GEOMETRIC_REPRESENTATION_CONTEXT(2) 
PARAMETRIC_REPRESENTATION_CONTEXT() REPRESENTATION_CONTEXT('2D SPACE',''
  ) );
#1090 = ORIENTED_EDGE('',*,*,#1091,.F.);
#1091 = EDGE_CURVE('',#1092,#1066,#1094,.T.);
#1092 = VERTEX_POINT('',#1093);
#1093 = CARTESIAN_POINT('',(60.,-4.,2.824688447532));
#1094 = SURFACE_CURVE('',#1095,(#1099,#1105),.PCURVE_S1.);
#1095 = LINE('',#1096,#1097);
#1096 = CARTESIAN_POINT('',(60.,-4.,-3.5));
#1097 = VECTOR('',#1098,1.);
#1098 = DIRECTION('',(0.,-1.110223024625E-16,-1.));
#1099 = PCURVE('',#219,#1100);
#1100 = DEFINITIONAL_REPRESENTATION('',(#1101),#1104);
#1101 = B_SPLINE_CURVE_WITH_KNOTS('',1,(#1102,#1103),.UNSPECIFIED.,.F.,
  .F.,(2,2),(-7.553229383146,-4.653846153846),.PIECEWISE_BEZIER_KNOTS.);
#1102 = CARTESIAN_POINT('',(11.053229383146,-8.));
#1103 = CARTESIAN_POINT('',(8.153846153846,-8.));
#1104 = ( GEOMETRIC_REPRESENTATION_CONTEXT(2) 
PARAMETRIC_REPRESENTATION_CONTEXT() REPRESENTATION_CONTEXT('2D SPACE',''
  ) );
#1105 = PCURVE('',#1106,#1111);
#1106 = PLANE('',#1107);
#1107 = AXIS2_PLACEMENT_3D('',#1108,#1109,#1110);
#1108 = CARTESIAN_POINT('',(75.,-4.,4.440892098501E-16));
#1109 = DIRECTION('',(0.,-1.,1.110223024625E-16));
#1110 = DIRECTION('',(1.,0.,0.));
#1111 = DEFINITIONAL_REPRESENTATION('',(#1112),#1115);
#1112 = B_SPLINE_CURVE_WITH_KNOTS('',1,(#1113,#1114),.UNSPECIFIED.,.F.,
  .F.,(2,2),(-7.553229383146,-4.653846153846),.PIECEWISE_BEZIER_KNOTS.);
#1113 = CARTESIAN_POINT('',(-15.,4.053229383146));
#1114 = CARTESIAN_POINT('',(-15.,1.153846153846));
#1115 = ( GEOMETRIC_REPRESENTATION_CONTEXT(2) 
PARAMETRIC_REPRESENTATION_CONTEXT() REPRESENTATION_CONTEXT('2D SPACE',''
  ) );
#1116 = ORIENTED_EDGE('',*,*,#1117,.F.);
#1117 = EDGE_CURVE('',#1118,#1092,#1120,.T.);
#1118 = VERTEX_POINT('',#1119);
#1119 = CARTESIAN_POINT('',(60.,-2.8,4.019237886467));
#1120 = SURFACE_CURVE('',#1121,(#1125,#1131),.PCURVE_S1.);
#1121 = LINE('',#1122,#1123);
#1122 = CARTESIAN_POINT('',(60.,-8.870050618454,-2.02324174735));
#1123 = VECTOR('',#1124,1.);
#1124 = DIRECTION('',(0.,-0.708714487507,-0.705495411181));
#1125 = PCURVE('',#219,#1126);
#1126 = DEFINITIONAL_REPRESENTATION('',(#1127),#1130);
#1127 = B_SPLINE_CURVE_WITH_KNOTS('',1,(#1128,#1129),.UNSPECIFIED.,.F.,
  .F.,(2,2),(-8.564874467013,-6.871667934407),.PIECEWISE_BEZIER_KNOTS.);
#1128 = CARTESIAN_POINT('',(11.019237886467,-9.2));
#1129 = CARTESIAN_POINT('',(9.824688447532,-8.));
#1130 = ( GEOMETRIC_REPRESENTATION_CONTEXT(2) 
PARAMETRIC_REPRESENTATION_CONTEXT() REPRESENTATION_CONTEXT('2D SPACE',''
  ) );
#1131 = PCURVE('',#1132,#1137);
#1132 = PLANE('',#1133);
#1133 = AXIS2_PLACEMENT_3D('',#1134,#1135,#1136);
#1134 = CARTESIAN_POINT('',(75.,-2.8,3.10862446895E-16));
#1135 = DIRECTION('',(0.186565325536,-0.693108716252,0.696271273832));
#1136 = DIRECTION('',(-0.179389736093,-0.720833064902,-0.669491609454));
#1137 = DEFINITIONAL_REPRESENTATION('',(#1138),#1141);
#1138 = B_SPLINE_CURVE_WITH_KNOTS('',1,(#1139,#1140),.UNSPECIFIED.,.F.,
  .F.,(2,2),(-8.564874467013,-6.871667934407),.PIECEWISE_BEZIER_KNOTS.);
#1139 = CARTESIAN_POINT('',(-7.105427357601E-15,-15.52914270615));
#1140 = CARTESIAN_POINT('',(1.664740504327,-15.21997056103));
#1141 = ( GEOMETRIC_REPRESENTATION_CONTEXT(2) 
PARAMETRIC_REPRESENTATION_CONTEXT() REPRESENTATION_CONTEXT('2D SPACE',''
  ) );
#1142 = ORIENTED_EDGE('',*,*,#1143,.F.);
#1143 = EDGE_CURVE('',#1144,#1118,#1146,.T.);
#1144 = VERTEX_POINT('',#1145);
#1145 = CARTESIAN_POINT('',(60.,-4.,5.213787325402));
#1146 = SURFACE_CURVE('',#1147,(#1151,#1157),.PCURVE_S1.);
#1147 = LINE('',#1148,#1149);
#1148 = CARTESIAN_POINT('',(60.,-1.979218888644,3.202184873085));
#1149 = VECTOR('',#1150,1.);
#1150 = DIRECTION('',(0.,0.708714487507,-0.705495411181));
#1151 = PCURVE('',#219,#1152);
#1152 = DEFINITIONAL_REPRESENTATION('',(#1153),#1156);
#1153 = B_SPLINE_CURVE_WITH_KNOTS('',1,(#1154,#1155),.UNSPECIFIED.,.F.,
  .F.,(2,2),(-2.851333148928,-1.158126616322),.PIECEWISE_BEZIER_KNOTS.);
#1154 = CARTESIAN_POINT('',(12.213787325402,-8.));
#1155 = CARTESIAN_POINT('',(11.019237886467,-9.2));
#1156 = ( GEOMETRIC_REPRESENTATION_CONTEXT(2) 
PARAMETRIC_REPRESENTATION_CONTEXT() REPRESENTATION_CONTEXT('2D SPACE',''
  ) );
#1157 = PCURVE('',#1158,#1163);
#1158 = PLANE('',#1159);
#1159 = AXIS2_PLACEMENT_3D('',#1160,#1161,#1162);
#1160 = CARTESIAN_POINT('',(75.323523806378,-4.1,1.207407282861));
#1161 = DIRECTION('',(-0.186565325536,-0.693108716252,-0.696271273832));
#1162 = DIRECTION('',(-0.179389736093,0.720833064902,-0.669491609454));
#1163 = DEFINITIONAL_REPRESENTATION('',(#1164),#1167);
#1164 = B_SPLINE_CURVE_WITH_KNOTS('',1,(#1165,#1166),.UNSPECIFIED.,.F.,
  .F.,(2,2),(-2.851333148928,-1.158126616322),.PIECEWISE_BEZIER_KNOTS.);
#1165 = CARTESIAN_POINT('',(0.138728375361,-15.83831485126));
#1166 = CARTESIAN_POINT('',(1.803468879687,-15.52914270615));
#1167 = ( GEOMETRIC_REPRESENTATION_CONTEXT(2) 
PARAMETRIC_REPRESENTATION_CONTEXT() REPRESENTATION_CONTEXT('2D SPACE',''
  ) );
#1168 = ORIENTED_EDGE('',*,*,#1169,.F.);
#1169 = EDGE_CURVE('',#334,#1144,#1170,.T.);
#1170 = SURFACE_CURVE('',#1171,(#1175,#1181),.PCURVE_S1.);
#1171 = LINE('',#1172,#1173);
#1172 = CARTESIAN_POINT('',(60.,-4.,-3.5));
#1173 = VECTOR('',#1174,1.);
#1174 = DIRECTION('',(0.,-1.110223024625E-16,-1.));
#1175 = PCURVE('',#219,#1176);
#1176 = DEFINITIONAL_REPRESENTATION('',(#1177),#1180);
#1177 = B_SPLINE_CURVE_WITH_KNOTS('',1,(#1178,#1179),.UNSPECIFIED.,.F.,
  .F.,(2,2),(-10.5,-6.882905752975),.PIECEWISE_BEZIER_KNOTS.);
#1178 = CARTESIAN_POINT('',(14.,-8.));
#1179 = CARTESIAN_POINT('',(10.382905752975,-8.));
#1180 = ( GEOMETRIC_REPRESENTATION_CONTEXT(2) 
PARAMETRIC_REPRESENTATION_CONTEXT() REPRESENTATION_CONTEXT('2D SPACE',''
  ) );
#1181 = PCURVE('',#371,#1182);
#1182 = DEFINITIONAL_REPRESENTATION('',(#1183),#1186);
#1183 = B_SPLINE_CURVE_WITH_KNOTS('',1,(#1184,#1185),.UNSPECIFIED.,.F.,
  .F.,(2,2),(-10.5,-6.882905752975),.PIECEWISE_BEZIER_KNOTS.);
#1184 = CARTESIAN_POINT('',(-15.,7.));
#1185 = CARTESIAN_POINT('',(-15.,3.382905752975));
#1186 = ( GEOMETRIC_REPRESENTATION_CONTEXT(2) 
PARAMETRIC_REPRESENTATION_CONTEXT() REPRESENTATION_CONTEXT('2D SPACE',''
  ) );
#1187 = ORIENTED_EDGE('',*,*,#333,.F.);
#1188 = ORIENTED_EDGE('',*,*,#301,.F.);
#1189 = ADVANCED_FACE('',(#1190),#559,.T.);
#1190 = FACE_BOUND('',#1191,.T.);
#1191 = EDGE_LOOP('',(#1192,#1193,#1194,#1195,#1219,#1251,#1283,#1312,
    #1344,#1376,#1405,#1437,#1469,#1498,#1530,#1562,#1591,#1623,#1655,
    #1684,#1716,#1748,#1777,#1809,#1841,#1870,#1902,#1934,#1963,#1995,
    #2027,#2056,#2088,#2120,#2149,#2181,#2213,#2242,#2274,#2306,#2335,
    #2367,#2399,#2428,#2460,#2492,#2521,#2553,#2585,#2614,#2646,#2678,
    #2707,#2739,#2771,#2800,#2832,#2864,#2893,#2925,#2957,#2986,#3018,
    #3050,#3079,#3111,#3143));
#1192 = ORIENTED_EDGE('',*,*,#886,.F.);
#1193 = ORIENTED_EDGE('',*,*,#613,.T.);
#1194 = ORIENTED_EDGE('',*,*,#544,.T.);
#1195 = ORIENTED_EDGE('',*,*,#1196,.F.);
#1196 = EDGE_CURVE('',#1197,#519,#1199,.T.);
#1197 = VERTEX_POINT('',#1198);
#1198 = CARTESIAN_POINT('',(-57.13141768256,4.,8.984084035954));
#1199 = SURFACE_CURVE('',#1200,(#1205,#1212),.PCURVE_S1.);
#1200 = CIRCLE('',#1201,20.);
#1201 = AXIS2_PLACEMENT_3D('',#1202,#1203,#1204);
#1202 = CARTESIAN_POINT('',(-75.,4.,4.440892098501E-16));
#1203 = DIRECTION('',(-0.,1.,1.110223024625E-16));
#1204 = DIRECTION('',(1.,0.,0.));
#1205 = PCURVE('',#559,#1206);
#1206 = DEFINITIONAL_REPRESENTATION('',(#1207),#1211);
#1207 = LINE('',#1208,#1209);
#1208 = CARTESIAN_POINT('',(0.,8.));
#1209 = VECTOR('',#1210,1.);
#1210 = DIRECTION('',(1.,0.));
#1211 = ( GEOMETRIC_REPRESENTATION_CONTEXT(2) 
PARAMETRIC_REPRESENTATION_CONTEXT() REPRESENTATION_CONTEXT('2D SPACE',''
  ) );
#1212 = PCURVE('',#533,#1213);
#1213 = DEFINITIONAL_REPRESENTATION('',(#1214),#1218);
#1214 = CIRCLE('',#1215,20.);
#1215 = AXIS2_PLACEMENT_2D('',#1216,#1217);
#1216 = CARTESIAN_POINT('',(0.,0.));
#1217 = DIRECTION('',(1.,0.));
#1218 = ( GEOMETRIC_REPRESENTATION_CONTEXT(2) 
PARAMETRIC_REPRESENTATION_CONTEXT() REPRESENTATION_CONTEXT('2D SPACE',''
  ) );
#1219 = ORIENTED_EDGE('',*,*,#1220,.F.);
#1220 = EDGE_CURVE('',#1221,#1197,#1223,.T.);
#1221 = VERTEX_POINT('',#1222);
#1222 = CARTESIAN_POINT('',(-57.67949192431,2.8,10.));
#1223 = SURFACE_CURVE('',#1224,(#1229,#1239),.PCURVE_S1.);
#1224 = ELLIPSE('',#1225,28.855502074994,20.);
#1225 = AXIS2_PLACEMENT_3D('',#1226,#1227,#1228);
#1226 = CARTESIAN_POINT('',(-75.,2.8,3.10862446895E-16));
#1227 = DIRECTION('',(-0.360416532451,0.693108716252,0.624259746093));
#1228 = DIRECTION('',(0.346554358126,0.720833064902,-0.600249755858));
#1229 = PCURVE('',#559,#1230);
#1230 = DEFINITIONAL_REPRESENTATION('',(#1231),#1238);
#1231 = B_SPLINE_CURVE_WITH_KNOTS('',5,(#1232,#1233,#1234,#1235,#1236,
    #1237),.UNSPECIFIED.,.F.,.F.,(6,6),(4.706138939694,4.77011336887),
  .PIECEWISE_BEZIER_KNOTS.);
#1232 = CARTESIAN_POINT('',(5.75333649089,6.67));
#1233 = CARTESIAN_POINT('',(5.766131376726,6.9361284274));
#1234 = CARTESIAN_POINT('',(5.778926262561,7.202283457531));
#1235 = CARTESIAN_POINT('',(5.791721148396,7.468374324456));
#1236 = CARTESIAN_POINT('',(5.804516034232,7.734310244116));
#1237 = CARTESIAN_POINT('',(5.817310920067,8.0000006));
#1238 = ( GEOMETRIC_REPRESENTATION_CONTEXT(2) 
PARAMETRIC_REPRESENTATION_CONTEXT() REPRESENTATION_CONTEXT('2D SPACE',''
  ) );
#1239 = PCURVE('',#1240,#1245);
#1240 = PLANE('',#1241);
#1241 = AXIS2_PLACEMENT_3D('',#1242,#1243,#1244);
#1242 = CARTESIAN_POINT('',(-75.,2.8,3.10862446895E-16));
#1243 = DIRECTION('',(-0.360416532451,0.693108716252,0.624259746093));
#1244 = DIRECTION('',(0.346554358126,0.720833064902,-0.600249755858));
#1245 = DEFINITIONAL_REPRESENTATION('',(#1246),#1250);
#1246 = ELLIPSE('',#1247,28.855502074994,20.);
#1247 = AXIS2_PLACEMENT_2D('',#1248,#1249);
#1248 = CARTESIAN_POINT('',(0.,0.));
#1249 = DIRECTION('',(1.,0.));
#1250 = ( GEOMETRIC_REPRESENTATION_CONTEXT(2) 
PARAMETRIC_REPRESENTATION_CONTEXT() REPRESENTATION_CONTEXT('2D SPACE',''
  ) );
#1251 = ORIENTED_EDGE('',*,*,#1252,.F.);
#1252 = EDGE_CURVE('',#1253,#1221,#1255,.T.);
#1253 = VERTEX_POINT('',#1254);
#1254 = CARTESIAN_POINT('',(-58.28526383641,4.,10.982604198534));
#1255 = SURFACE_CURVE('',#1256,(#1261,#1271),.PCURVE_S1.);
#1256 = ELLIPSE('',#1257,28.855502074994,20.);
#1257 = AXIS2_PLACEMENT_3D('',#1258,#1259,#1260);
#1258 = CARTESIAN_POINT('',(-75.,2.8,3.10862446895E-16));
#1259 = DIRECTION('',(0.360416532451,0.693108716252,-0.624259746093));
#1260 = DIRECTION('',(-0.346554358126,0.720833064902,0.600249755858));
#1261 = PCURVE('',#559,#1262);
#1262 = DEFINITIONAL_REPRESENTATION('',(#1263),#1270);
#1263 = B_SPLINE_CURVE_WITH_KNOTS('',5,(#1264,#1265,#1266,#1267,#1268,
    #1269),.UNSPECIFIED.,.F.,.F.,(6,6),(1.513071938309,1.577046367486),
  .PIECEWISE_BEZIER_KNOTS.);
#1264 = CARTESIAN_POINT('',(5.701862143096,8.0000006));
#1265 = CARTESIAN_POINT('',(5.714657028931,7.734310244116));
#1266 = CARTESIAN_POINT('',(5.727451914766,7.468374324456));
#1267 = CARTESIAN_POINT('',(5.740246800602,7.202283457531));
#1268 = CARTESIAN_POINT('',(5.753041686437,6.9361284274));
#1269 = CARTESIAN_POINT('',(5.765836572272,6.67));
#1270 = ( GEOMETRIC_REPRESENTATION_CONTEXT(2) 
PARAMETRIC_REPRESENTATION_CONTEXT() REPRESENTATION_CONTEXT('2D SPACE',''
  ) );
#1271 = PCURVE('',#1272,#1277);
#1272 = PLANE('',#1273);
#1273 = AXIS2_PLACEMENT_3D('',#1274,#1275,#1276);
#1274 = CARTESIAN_POINT('',(-75.625,4.1,1.082531754731));
#1275 = DIRECTION('',(0.360416532451,0.693108716252,-0.624259746093));
#1276 = DIRECTION('',(0.346554358126,-0.720833064902,-0.600249755858));
#1277 = DEFINITIONAL_REPRESENTATION('',(#1278),#1282);
#1278 = ELLIPSE('',#1279,28.855502074994,20.);
#1279 = AXIS2_PLACEMENT_2D('',#1280,#1281);
#1280 = CARTESIAN_POINT('',(1.803468879687,5.551115123126E-16));
#1281 = DIRECTION('',(-1.,0.));
#1282 = ( GEOMETRIC_REPRESENTATION_CONTEXT(2) 
PARAMETRIC_REPRESENTATION_CONTEXT() REPRESENTATION_CONTEXT('2D SPACE',''
  ) );
#1283 = ORIENTED_EDGE('',*,*,#1284,.F.);
#1284 = EDGE_CURVE('',#1285,#1253,#1287,.T.);
#1285 = VERTEX_POINT('',#1286);
#1286 = CARTESIAN_POINT('',(-60.06552691172,4.,13.302688208614));
#1287 = SURFACE_CURVE('',#1288,(#1293,#1300),.PCURVE_S1.);
#1288 = CIRCLE('',#1289,20.);
#1289 = AXIS2_PLACEMENT_3D('',#1290,#1291,#1292);
#1290 = CARTESIAN_POINT('',(-75.,4.,4.440892098501E-16));
#1291 = DIRECTION('',(-0.,1.,1.110223024625E-16));
#1292 = DIRECTION('',(1.,0.,0.));
#1293 = PCURVE('',#559,#1294);
#1294 = DEFINITIONAL_REPRESENTATION('',(#1295),#1299);
#1295 = LINE('',#1296,#1297);
#1296 = CARTESIAN_POINT('',(0.,8.));
#1297 = VECTOR('',#1298,1.);
#1298 = DIRECTION('',(1.,0.));
#1299 = ( GEOMETRIC_REPRESENTATION_CONTEXT(2) 
PARAMETRIC_REPRESENTATION_CONTEXT() REPRESENTATION_CONTEXT('2D SPACE',''
  ) );
#1300 = PCURVE('',#1301,#1306);
#1301 = PLANE('',#1302);
#1302 = AXIS2_PLACEMENT_3D('',#1303,#1304,#1305);
#1303 = CARTESIAN_POINT('',(-75.,4.,4.440892098501E-16));
#1304 = DIRECTION('',(0.,1.,1.110223024625E-16));
#1305 = DIRECTION('',(1.,0.,0.));
#1306 = DEFINITIONAL_REPRESENTATION('',(#1307),#1311);
#1307 = CIRCLE('',#1308,20.);
#1308 = AXIS2_PLACEMENT_2D('',#1309,#1310);
#1309 = CARTESIAN_POINT('',(0.,0.));
#1310 = DIRECTION('',(1.,0.));
#1311 = ( GEOMETRIC_REPRESENTATION_CONTEXT(2) 
PARAMETRIC_REPRESENTATION_CONTEXT() REPRESENTATION_CONTEXT('2D SPACE',''
  ) );
#1312 = ORIENTED_EDGE('',*,*,#1313,.F.);
#1313 = EDGE_CURVE('',#1314,#1285,#1316,.T.);
#1314 = VERTEX_POINT('',#1315);
#1315 = CARTESIAN_POINT('',(-60.85786437626,2.8,14.142135623731));
#1316 = SURFACE_CURVE('',#1317,(#1322,#1332),.PCURVE_S1.);
#1317 = ELLIPSE('',#1318,28.855502074994,20.);
#1318 = AXIS2_PLACEMENT_3D('',#1319,#1320,#1321);
#1319 = CARTESIAN_POINT('',(-75.,2.8,3.10862446895E-16));
#1320 = DIRECTION('',(-0.509705948296,0.693108716252,0.509705948296));
#1321 = DIRECTION('',(0.490101873361,0.720833064902,-0.490101873361));
#1322 = PCURVE('',#559,#1323);
#1323 = DEFINITIONAL_REPRESENTATION('',(#1324),#1331);
#1324 = B_SPLINE_CURVE_WITH_KNOTS('',5,(#1325,#1326,#1327,#1328,#1329,
    #1330),.UNSPECIFIED.,.F.,.F.,(6,6),(4.706138939694,4.77011336887),
  .PIECEWISE_BEZIER_KNOTS.);
#1325 = CARTESIAN_POINT('',(5.491537103091,6.67));
#1326 = CARTESIAN_POINT('',(5.504331988927,6.9361284274));
#1327 = CARTESIAN_POINT('',(5.517126874762,7.202283457531));
#1328 = CARTESIAN_POINT('',(5.529921760597,7.468374324456));
#1329 = CARTESIAN_POINT('',(5.542716646432,7.734310244116));
#1330 = CARTESIAN_POINT('',(5.555511532268,8.0000006));
#1331 = ( GEOMETRIC_REPRESENTATION_CONTEXT(2) 
PARAMETRIC_REPRESENTATION_CONTEXT() REPRESENTATION_CONTEXT('2D SPACE',''
  ) );
#1332 = PCURVE('',#1333,#1338);
#1333 = PLANE('',#1334);
#1334 = AXIS2_PLACEMENT_3D('',#1335,#1336,#1337);
#1335 = CARTESIAN_POINT('',(-75.,2.8,3.10862446895E-16));
#1336 = DIRECTION('',(-0.509705948296,0.693108716252,0.509705948296));
#1337 = DIRECTION('',(0.490101873361,0.720833064902,-0.490101873361));
#1338 = DEFINITIONAL_REPRESENTATION('',(#1339),#1343);
#1339 = ELLIPSE('',#1340,28.855502074994,20.);
#1340 = AXIS2_PLACEMENT_2D('',#1341,#1342);
#1341 = CARTESIAN_POINT('',(0.,0.));
#1342 = DIRECTION('',(1.,5.551115123126E-17));
#1343 = ( GEOMETRIC_REPRESENTATION_CONTEXT(2) 
PARAMETRIC_REPRESENTATION_CONTEXT() REPRESENTATION_CONTEXT('2D SPACE',''
  ) );
#1344 = ORIENTED_EDGE('',*,*,#1345,.F.);
#1345 = EDGE_CURVE('',#1346,#1314,#1348,.T.);
#1346 = VERTEX_POINT('',#1347);
#1347 = CARTESIAN_POINT('',(-61.69731179138,4.,14.934473088275));
#1348 = SURFACE_CURVE('',#1349,(#1354,#1364),.PCURVE_S1.);
#1349 = ELLIPSE('',#1350,28.855502074994,20.);
#1350 = AXIS2_PLACEMENT_3D('',#1351,#1352,#1353);
#1351 = CARTESIAN_POINT('',(-75.,2.8,3.10862446895E-16));
#1352 = DIRECTION('',(0.509705948296,0.693108716252,-0.509705948296));
#1353 = DIRECTION('',(-0.490101873361,0.720833064902,0.490101873361));
#1354 = PCURVE('',#559,#1355);
#1355 = DEFINITIONAL_REPRESENTATION('',(#1356),#1363);
#1356 = B_SPLINE_CURVE_WITH_KNOTS('',5,(#1357,#1358,#1359,#1360,#1361,
    #1362),.UNSPECIFIED.,.F.,.F.,(6,6),(1.513071938309,1.577046367486),
  .PIECEWISE_BEZIER_KNOTS.);
#1357 = CARTESIAN_POINT('',(5.440062755297,8.0000006));
#1358 = CARTESIAN_POINT('',(5.452857641132,7.734310244116));
#1359 = CARTESIAN_POINT('',(5.465652526967,7.468374324456));
#1360 = CARTESIAN_POINT('',(5.478447412802,7.202283457531));
#1361 = CARTESIAN_POINT('',(5.491242298638,6.9361284274));
#1362 = CARTESIAN_POINT('',(5.504037184473,6.67));
#1363 = ( GEOMETRIC_REPRESENTATION_CONTEXT(2) 
PARAMETRIC_REPRESENTATION_CONTEXT() REPRESENTATION_CONTEXT('2D SPACE',''
  ) );
#1364 = PCURVE('',#1365,#1370);
#1365 = PLANE('',#1366);
#1366 = AXIS2_PLACEMENT_3D('',#1367,#1368,#1369);
#1367 = CARTESIAN_POINT('',(-75.88388347648,4.1,0.883883476483));
#1368 = DIRECTION('',(0.509705948296,0.693108716252,-0.509705948296));
#1369 = DIRECTION('',(0.490101873361,-0.720833064902,-0.490101873361));
#1370 = DEFINITIONAL_REPRESENTATION('',(#1371),#1375);
#1371 = ELLIPSE('',#1372,28.855502074994,20.);
#1372 = AXIS2_PLACEMENT_2D('',#1373,#1374);
#1373 = CARTESIAN_POINT('',(1.803468879687,-6.106226635438E-15));
#1374 = DIRECTION('',(-1.,5.551115123126E-17));
#1375 = ( GEOMETRIC_REPRESENTATION_CONTEXT(2) 
PARAMETRIC_REPRESENTATION_CONTEXT() REPRESENTATION_CONTEXT('2D SPACE',''
  ) );
#1376 = ORIENTED_EDGE('',*,*,#1377,.F.);
#1377 = EDGE_CURVE('',#1378,#1346,#1380,.T.);
#1378 = VERTEX_POINT('',#1379);
#1379 = CARTESIAN_POINT('',(-64.01739580146,4.,16.714736163588));
#1380 = SURFACE_CURVE('',#1381,(#1386,#1393),.PCURVE_S1.);
#1381 = CIRCLE('',#1382,20.);
#1382 = AXIS2_PLACEMENT_3D('',#1383,#1384,#1385);
#1383 = CARTESIAN_POINT('',(-75.,4.,4.440892098501E-16));
#1384 = DIRECTION('',(-0.,1.,1.110223024625E-16));
#1385 = DIRECTION('',(1.,0.,0.));
#1386 = PCURVE('',#559,#1387);
#1387 = DEFINITIONAL_REPRESENTATION('',(#1388),#1392);
#1388 = LINE('',#1389,#1390);
#1389 = CARTESIAN_POINT('',(0.,8.));
#1390 = VECTOR('',#1391,1.);
#1391 = DIRECTION('',(1.,0.));
#1392 = ( GEOMETRIC_REPRESENTATION_CONTEXT(2) 
PARAMETRIC_REPRESENTATION_CONTEXT() REPRESENTATION_CONTEXT('2D SPACE',''
  ) );
#1393 = PCURVE('',#1394,#1399);
#1394 = PLANE('',#1395);
#1395 = AXIS2_PLACEMENT_3D('',#1396,#1397,#1398);
#1396 = CARTESIAN_POINT('',(-75.,4.,4.440892098501E-16));
#1397 = DIRECTION('',(0.,1.,1.110223024625E-16));
#1398 = DIRECTION('',(1.,0.,0.));
#1399 = DEFINITIONAL_REPRESENTATION('',(#1400),#1404);
#1400 = CIRCLE('',#1401,20.);
#1401 = AXIS2_PLACEMENT_2D('',#1402,#1403);
#1402 = CARTESIAN_POINT('',(0.,0.));
#1403 = DIRECTION('',(1.,0.));
#1404 = ( GEOMETRIC_REPRESENTATION_CONTEXT(2) 
PARAMETRIC_REPRESENTATION_CONTEXT() REPRESENTATION_CONTEXT('2D SPACE',''
  ) );
#1405 = ORIENTED_EDGE('',*,*,#1406,.F.);
#1406 = EDGE_CURVE('',#1407,#1378,#1409,.T.);
#1407 = VERTEX_POINT('',#1408);
#1408 = CARTESIAN_POINT('',(-65.,2.8,17.320508075689));
#1409 = SURFACE_CURVE('',#1410,(#1415,#1425),.PCURVE_S1.);
#1410 = ELLIPSE('',#1411,28.855502074994,20.);
#1411 = AXIS2_PLACEMENT_3D('',#1412,#1413,#1414);
#1412 = CARTESIAN_POINT('',(-75.,2.8,3.10862446895E-16));
#1413 = DIRECTION('',(-0.624259746093,0.693108716252,0.360416532451));
#1414 = DIRECTION('',(0.600249755858,0.720833064902,-0.346554358126));
#1415 = PCURVE('',#559,#1416);
#1416 = DEFINITIONAL_REPRESENTATION('',(#1417),#1424);
#1417 = B_SPLINE_CURVE_WITH_KNOTS('',5,(#1418,#1419,#1420,#1421,#1422,
    #1423),.UNSPECIFIED.,.F.,.F.,(6,6),(4.706138939694,4.77011336887),
  .PIECEWISE_BEZIER_KNOTS.);
#1418 = CARTESIAN_POINT('',(5.229737715292,6.67));
#1419 = CARTESIAN_POINT('',(5.242532601127,6.9361284274));
#1420 = CARTESIAN_POINT('',(5.255327486963,7.202283457531));
#1421 = CARTESIAN_POINT('',(5.268122372798,7.468374324456));
#1422 = CARTESIAN_POINT('',(5.280917258633,7.734310244116));
#1423 = CARTESIAN_POINT('',(5.293712144468,8.0000006));
#1424 = ( GEOMETRIC_REPRESENTATION_CONTEXT(2) 
PARAMETRIC_REPRESENTATION_CONTEXT() REPRESENTATION_CONTEXT('2D SPACE',''
  ) );
#1425 = PCURVE('',#1426,#1431);
#1426 = PLANE('',#1427);
#1427 = AXIS2_PLACEMENT_3D('',#1428,#1429,#1430);
#1428 = CARTESIAN_POINT('',(-75.,2.8,3.10862446895E-16));
#1429 = DIRECTION('',(-0.624259746093,0.693108716252,0.360416532451));
#1430 = DIRECTION('',(0.600249755858,0.720833064902,-0.346554358126));
#1431 = DEFINITIONAL_REPRESENTATION('',(#1432),#1436);
#1432 = ELLIPSE('',#1433,28.855502074994,20.);
#1433 = AXIS2_PLACEMENT_2D('',#1434,#1435);
#1434 = CARTESIAN_POINT('',(0.,0.));
#1435 = DIRECTION('',(1.,0.));
#1436 = ( GEOMETRIC_REPRESENTATION_CONTEXT(2) 
PARAMETRIC_REPRESENTATION_CONTEXT() REPRESENTATION_CONTEXT('2D SPACE',''
  ) );
#1437 = ORIENTED_EDGE('',*,*,#1438,.F.);
#1438 = EDGE_CURVE('',#1439,#1407,#1441,.T.);
#1439 = VERTEX_POINT('',#1440);
#1440 = CARTESIAN_POINT('',(-66.01591596404,4.,17.868582317434));
#1441 = SURFACE_CURVE('',#1442,(#1447,#1457),.PCURVE_S1.);
#1442 = ELLIPSE('',#1443,28.855502074994,20.);
#1443 = AXIS2_PLACEMENT_3D('',#1444,#1445,#1446);
#1444 = CARTESIAN_POINT('',(-75.,2.8,3.10862446895E-16));
#1445 = DIRECTION('',(0.624259746093,0.693108716252,-0.360416532451));
#1446 = DIRECTION('',(-0.600249755858,0.720833064902,0.346554358126));
#1447 = PCURVE('',#559,#1448);
#1448 = DEFINITIONAL_REPRESENTATION('',(#1449),#1456);
#1449 = B_SPLINE_CURVE_WITH_KNOTS('',5,(#1450,#1451,#1452,#1453,#1454,
    #1455),.UNSPECIFIED.,.F.,.F.,(6,6),(1.513071938309,1.577046367486),
  .PIECEWISE_BEZIER_KNOTS.);
#1450 = CARTESIAN_POINT('',(5.178263367498,8.0000006));
#1451 = CARTESIAN_POINT('',(5.191058253333,7.734310244116));
#1452 = CARTESIAN_POINT('',(5.203853139168,7.468374324456));
#1453 = CARTESIAN_POINT('',(5.216648025003,7.202283457531));
#1454 = CARTESIAN_POINT('',(5.229442910839,6.9361284274));
#1455 = CARTESIAN_POINT('',(5.242237796674,6.67));
#1456 = ( GEOMETRIC_REPRESENTATION_CONTEXT(2) 
PARAMETRIC_REPRESENTATION_CONTEXT() REPRESENTATION_CONTEXT('2D SPACE',''
  ) );
#1457 = PCURVE('',#1458,#1463);
#1458 = PLANE('',#1459);
#1459 = AXIS2_PLACEMENT_3D('',#1460,#1461,#1462);
#1460 = CARTESIAN_POINT('',(-76.08253175473,4.1,0.625));
#1461 = DIRECTION('',(0.624259746093,0.693108716252,-0.360416532451));
#1462 = DIRECTION('',(0.600249755858,-0.720833064902,-0.346554358126));
#1463 = DEFINITIONAL_REPRESENTATION('',(#1464),#1468);
#1464 = ELLIPSE('',#1465,28.855502074994,20.);
#1465 = AXIS2_PLACEMENT_2D('',#1466,#1467);
#1466 = CARTESIAN_POINT('',(1.803468879687,-3.330669073875E-15));
#1467 = DIRECTION('',(-1.,-5.551115123126E-17));
#1468 = ( GEOMETRIC_REPRESENTATION_CONTEXT(2) 
PARAMETRIC_REPRESENTATION_CONTEXT() REPRESENTATION_CONTEXT('2D SPACE',''
  ) );
#1469 = ORIENTED_EDGE('',*,*,#1470,.F.);
#1470 = EDGE_CURVE('',#1471,#1439,#1473,.T.);
#1471 = VERTEX_POINT('',#1472);
#1472 = CARTESIAN_POINT('',(-68.71771101772,4.,18.987702471421));
#1473 = SURFACE_CURVE('',#1474,(#1479,#1486),.PCURVE_S1.);
#1474 = CIRCLE('',#1475,20.);
#1475 = AXIS2_PLACEMENT_3D('',#1476,#1477,#1478);
#1476 = CARTESIAN_POINT('',(-75.,4.,4.440892098501E-16));
#1477 = DIRECTION('',(-0.,1.,1.110223024625E-16));
#1478 = DIRECTION('',(1.,0.,0.));
#1479 = PCURVE('',#559,#1480);
#1480 = DEFINITIONAL_REPRESENTATION('',(#1481),#1485);
#1481 = LINE('',#1482,#1483);
#1482 = CARTESIAN_POINT('',(0.,8.));
#1483 = VECTOR('',#1484,1.);
#1484 = DIRECTION('',(1.,0.));
#1485 = ( GEOMETRIC_REPRESENTATION_CONTEXT(2) 
PARAMETRIC_REPRESENTATION_CONTEXT() REPRESENTATION_CONTEXT('2D SPACE',''
  ) );
#1486 = PCURVE('',#1487,#1492);
#1487 = PLANE('',#1488);
#1488 = AXIS2_PLACEMENT_3D('',#1489,#1490,#1491);
#1489 = CARTESIAN_POINT('',(-75.,4.,4.440892098501E-16));
#1490 = DIRECTION('',(0.,1.,1.110223024625E-16));
#1491 = DIRECTION('',(1.,0.,0.));
#1492 = DEFINITIONAL_REPRESENTATION('',(#1493),#1497);
#1493 = CIRCLE('',#1494,20.);
#1494 = AXIS2_PLACEMENT_2D('',#1495,#1496);
#1495 = CARTESIAN_POINT('',(0.,0.));
#1496 = DIRECTION('',(1.,0.));
#1497 = ( GEOMETRIC_REPRESENTATION_CONTEXT(2) 
PARAMETRIC_REPRESENTATION_CONTEXT() REPRESENTATION_CONTEXT('2D SPACE',''
  ) );
#1498 = ORIENTED_EDGE('',*,*,#1499,.F.);
#1499 = EDGE_CURVE('',#1500,#1471,#1502,.T.);
#1500 = VERTEX_POINT('',#1501);
#1501 = CARTESIAN_POINT('',(-69.82361909795,2.8,19.318516525781));
#1502 = SURFACE_CURVE('',#1503,(#1508,#1518),.PCURVE_S1.);
#1503 = ELLIPSE('',#1504,28.855502074994,20.);
#1504 = AXIS2_PLACEMENT_3D('',#1505,#1506,#1507);
#1505 = CARTESIAN_POINT('',(-75.,2.8,3.10862446895E-16));
#1506 = DIRECTION('',(-0.696271273832,0.693108716252,0.186565325536));
#1507 = DIRECTION('',(0.669491609454,0.720833064902,-0.179389736093));
#1508 = PCURVE('',#559,#1509);
#1509 = DEFINITIONAL_REPRESENTATION('',(#1510),#1517);
#1510 = B_SPLINE_CURVE_WITH_KNOTS('',5,(#1511,#1512,#1513,#1514,#1515,
    #1516),.UNSPECIFIED.,.F.,.F.,(6,6),(4.706138939694,4.77011336887),
  .PIECEWISE_BEZIER_KNOTS.);
#1511 = CARTESIAN_POINT('',(4.967938327493,6.67));
#1512 = CARTESIAN_POINT('',(4.980733213328,6.9361284274));
#1513 = CARTESIAN_POINT('',(4.993528099164,7.202283457531));
#1514 = CARTESIAN_POINT('',(5.006322984999,7.468374324456));
#1515 = CARTESIAN_POINT('',(5.019117870834,7.734310244116));
#1516 = CARTESIAN_POINT('',(5.031912756669,8.0000006));
#1517 = ( GEOMETRIC_REPRESENTATION_CONTEXT(2) 
PARAMETRIC_REPRESENTATION_CONTEXT() REPRESENTATION_CONTEXT('2D SPACE',''
  ) );
#1518 = PCURVE('',#1519,#1524);
#1519 = PLANE('',#1520);
#1520 = AXIS2_PLACEMENT_3D('',#1521,#1522,#1523);
#1521 = CARTESIAN_POINT('',(-75.,2.8,3.10862446895E-16));
#1522 = DIRECTION('',(-0.696271273832,0.693108716252,0.186565325536));
#1523 = DIRECTION('',(0.669491609454,0.720833064902,-0.179389736093));
#1524 = DEFINITIONAL_REPRESENTATION('',(#1525),#1529);
#1525 = ELLIPSE('',#1526,28.855502074994,20.);
#1526 = AXIS2_PLACEMENT_2D('',#1527,#1528);
#1527 = CARTESIAN_POINT('',(0.,0.));
#1528 = DIRECTION('',(1.,0.));
#1529 = ( GEOMETRIC_REPRESENTATION_CONTEXT(2) 
PARAMETRIC_REPRESENTATION_CONTEXT() REPRESENTATION_CONTEXT('2D SPACE',''
  ) );
#1530 = ORIENTED_EDGE('',*,*,#1531,.F.);
#1531 = EDGE_CURVE('',#1532,#1500,#1534,.T.);
#1532 = VERTEX_POINT('',#1533);
#1533 = CARTESIAN_POINT('',(-70.94677061685,4.,19.584977190888));
#1534 = SURFACE_CURVE('',#1535,(#1540,#1550),.PCURVE_S1.);
#1535 = ELLIPSE('',#1536,28.855502074994,20.);
#1536 = AXIS2_PLACEMENT_3D('',#1537,#1538,#1539);
#1537 = CARTESIAN_POINT('',(-75.,2.8,3.10862446895E-16));
#1538 = DIRECTION('',(0.696271273832,0.693108716252,-0.186565325536));
#1539 = DIRECTION('',(-0.669491609454,0.720833064902,0.179389736093));
#1540 = PCURVE('',#559,#1541);
#1541 = DEFINITIONAL_REPRESENTATION('',(#1542),#1549);
#1542 = B_SPLINE_CURVE_WITH_KNOTS('',5,(#1543,#1544,#1545,#1546,#1547,
    #1548),.UNSPECIFIED.,.F.,.F.,(6,6),(1.513071938309,1.577046367486),
  .PIECEWISE_BEZIER_KNOTS.);
#1543 = CARTESIAN_POINT('',(4.916463979698,8.0000006));
#1544 = CARTESIAN_POINT('',(4.929258865534,7.734310244116));
#1545 = CARTESIAN_POINT('',(4.942053751369,7.468374324456));
#1546 = CARTESIAN_POINT('',(4.954848637204,7.202283457531));
#1547 = CARTESIAN_POINT('',(4.967643523039,6.9361284274));
#1548 = CARTESIAN_POINT('',(4.980438408875,6.67));
#1549 = ( GEOMETRIC_REPRESENTATION_CONTEXT(2) 
PARAMETRIC_REPRESENTATION_CONTEXT() REPRESENTATION_CONTEXT('2D SPACE',''
  ) );
#1550 = PCURVE('',#1551,#1556);
#1551 = PLANE('',#1552);
#1552 = AXIS2_PLACEMENT_3D('',#1553,#1554,#1555);
#1553 = CARTESIAN_POINT('',(-76.20740728286,4.1,0.323523806378));
#1554 = DIRECTION('',(0.696271273832,0.693108716252,-0.186565325536));
#1555 = DIRECTION('',(0.669491609454,-0.720833064902,-0.179389736093));
#1556 = DEFINITIONAL_REPRESENTATION('',(#1557),#1561);
#1557 = ELLIPSE('',#1558,28.855502074994,20.);
#1558 = AXIS2_PLACEMENT_2D('',#1559,#1560);
#1559 = CARTESIAN_POINT('',(1.803468879687,-1.609823385706E-15));
#1560 = DIRECTION('',(-1.,0.));
#1561 = ( GEOMETRIC_REPRESENTATION_CONTEXT(2) 
PARAMETRIC_REPRESENTATION_CONTEXT() REPRESENTATION_CONTEXT('2D SPACE',''
  ) );
#1562 = ORIENTED_EDGE('',*,*,#1563,.F.);
#1563 = EDGE_CURVE('',#1564,#1532,#1566,.T.);
#1564 = VERTEX_POINT('',#1565);
#1565 = CARTESIAN_POINT('',(-73.84615384615,4.,19.966688234488));
#1566 = SURFACE_CURVE('',#1567,(#1572,#1579),.PCURVE_S1.);
#1567 = CIRCLE('',#1568,20.);
#1568 = AXIS2_PLACEMENT_3D('',#1569,#1570,#1571);
#1569 = CARTESIAN_POINT('',(-75.,4.,4.440892098501E-16));
#1570 = DIRECTION('',(-0.,1.,1.110223024625E-16));
#1571 = DIRECTION('',(1.,0.,0.));
#1572 = PCURVE('',#559,#1573);
#1573 = DEFINITIONAL_REPRESENTATION('',(#1574),#1578);
#1574 = LINE('',#1575,#1576);
#1575 = CARTESIAN_POINT('',(0.,8.));
#1576 = VECTOR('',#1577,1.);
#1577 = DIRECTION('',(1.,0.));
#1578 = ( GEOMETRIC_REPRESENTATION_CONTEXT(2) 
PARAMETRIC_REPRESENTATION_CONTEXT() REPRESENTATION_CONTEXT('2D SPACE',''
  ) );
#1579 = PCURVE('',#1580,#1585);
#1580 = PLANE('',#1581);
#1581 = AXIS2_PLACEMENT_3D('',#1582,#1583,#1584);
#1582 = CARTESIAN_POINT('',(-75.,4.,4.440892098501E-16));
#1583 = DIRECTION('',(0.,1.,1.110223024625E-16));
#1584 = DIRECTION('',(1.,0.,0.));
#1585 = DEFINITIONAL_REPRESENTATION('',(#1586),#1590);
#1586 = CIRCLE('',#1587,20.);
#1587 = AXIS2_PLACEMENT_2D('',#1588,#1589);
#1588 = CARTESIAN_POINT('',(0.,0.));
#1589 = DIRECTION('',(1.,0.));
#1590 = ( GEOMETRIC_REPRESENTATION_CONTEXT(2) 
PARAMETRIC_REPRESENTATION_CONTEXT() REPRESENTATION_CONTEXT('2D SPACE',''
  ) );
#1591 = ORIENTED_EDGE('',*,*,#1592,.F.);
#1592 = EDGE_CURVE('',#1593,#1564,#1595,.T.);
#1593 = VERTEX_POINT('',#1594);
#1594 = CARTESIAN_POINT('',(-75.,2.8,20.));
#1595 = SURFACE_CURVE('',#1596,(#1601,#1611),.PCURVE_S1.);
#1596 = ELLIPSE('',#1597,28.855502074994,20.);
#1597 = AXIS2_PLACEMENT_3D('',#1598,#1599,#1600);
#1598 = CARTESIAN_POINT('',(-75.,2.8,3.10862446895E-16));
#1599 = DIRECTION('',(-0.720833064902,0.693108716252,-8.310656757792E-17
    ));
#1600 = DIRECTION('',(0.693108716252,0.720833064902,2.339295976267E-16)
  );
#1601 = PCURVE('',#559,#1602);
#1602 = DEFINITIONAL_REPRESENTATION('',(#1603),#1610);
#1603 = B_SPLINE_CURVE_WITH_KNOTS('',5,(#1604,#1605,#1606,#1607,#1608,
    #1609),.UNSPECIFIED.,.F.,.F.,(6,6),(4.706138939694,4.77011336887),
  .PIECEWISE_BEZIER_KNOTS.);
#1604 = CARTESIAN_POINT('',(4.706138939694,6.67));
#1605 = CARTESIAN_POINT('',(4.718933825529,6.9361284274));
#1606 = CARTESIAN_POINT('',(4.731728711364,7.202283457531));
#1607 = CARTESIAN_POINT('',(4.7445235972,7.468374324456));
#1608 = CARTESIAN_POINT('',(4.757318483035,7.734310244116));
#1609 = CARTESIAN_POINT('',(4.77011336887,8.0000006));
#1610 = ( GEOMETRIC_REPRESENTATION_CONTEXT(2) 
PARAMETRIC_REPRESENTATION_CONTEXT() REPRESENTATION_CONTEXT('2D SPACE',''
  ) );
#1611 = PCURVE('',#1612,#1617);
#1612 = PLANE('',#1613);
#1613 = AXIS2_PLACEMENT_3D('',#1614,#1615,#1616);
#1614 = CARTESIAN_POINT('',(-75.,2.8,3.10862446895E-16));
#1615 = DIRECTION('',(-0.720833064902,0.693108716252,-8.310656757792E-17
    ));
#1616 = DIRECTION('',(0.693108716252,0.720833064902,2.339295976267E-16)
  );
#1617 = DEFINITIONAL_REPRESENTATION('',(#1618),#1622);
#1618 = ELLIPSE('',#1619,28.855502074994,20.);
#1619 = AXIS2_PLACEMENT_2D('',#1620,#1621);
#1620 = CARTESIAN_POINT('',(0.,0.));
#1621 = DIRECTION('',(1.,0.));
#1622 = ( GEOMETRIC_REPRESENTATION_CONTEXT(2) 
PARAMETRIC_REPRESENTATION_CONTEXT() REPRESENTATION_CONTEXT('2D SPACE',''
  ) );
#1623 = ORIENTED_EDGE('',*,*,#1624,.F.);
#1624 = EDGE_CURVE('',#1625,#1593,#1627,.T.);
#1625 = VERTEX_POINT('',#1626);
#1626 = CARTESIAN_POINT('',(-76.15384615384,4.,19.966688234488));
#1627 = SURFACE_CURVE('',#1628,(#1633,#1643),.PCURVE_S1.);
#1628 = ELLIPSE('',#1629,28.855502074994,20.);
#1629 = AXIS2_PLACEMENT_3D('',#1630,#1631,#1632);
#1630 = CARTESIAN_POINT('',(-75.,2.8,3.10862446895E-16));
#1631 = DIRECTION('',(0.720833064902,0.693108716252,2.370076186481E-16)
  );
#1632 = DIRECTION('',(-0.693108716252,0.720833064902,-7.387250451371E-17
    ));
#1633 = PCURVE('',#559,#1634);
#1634 = DEFINITIONAL_REPRESENTATION('',(#1635),#1642);
#1635 = B_SPLINE_CURVE_WITH_KNOTS('',5,(#1636,#1637,#1638,#1639,#1640,
    #1641),.UNSPECIFIED.,.F.,.F.,(6,6),(1.513071938309,1.577046367486),
  .PIECEWISE_BEZIER_KNOTS.);
#1636 = CARTESIAN_POINT('',(4.654664591899,8.0000006));
#1637 = CARTESIAN_POINT('',(4.667459477734,7.734310244116));
#1638 = CARTESIAN_POINT('',(4.68025436357,7.468374324456));
#1639 = CARTESIAN_POINT('',(4.693049249405,7.202283457531));
#1640 = CARTESIAN_POINT('',(4.70584413524,6.9361284274));
#1641 = CARTESIAN_POINT('',(4.718639021076,6.67));
#1642 = ( GEOMETRIC_REPRESENTATION_CONTEXT(2) 
PARAMETRIC_REPRESENTATION_CONTEXT() REPRESENTATION_CONTEXT('2D SPACE',''
  ) );
#1643 = PCURVE('',#1644,#1649);
#1644 = PLANE('',#1645);
#1645 = AXIS2_PLACEMENT_3D('',#1646,#1647,#1648);
#1646 = CARTESIAN_POINT('',(-76.25,4.1,1.7763568394E-16));
#1647 = DIRECTION('',(0.720833064902,0.693108716252,2.370076186481E-16)
  );
#1648 = DIRECTION('',(0.693108716252,-0.720833064902,7.387250451371E-17)
  );
#1649 = DEFINITIONAL_REPRESENTATION('',(#1650),#1654);
#1650 = ELLIPSE('',#1651,28.855502074994,20.);
#1651 = AXIS2_PLACEMENT_2D('',#1652,#1653);
#1652 = CARTESIAN_POINT('',(1.803468879687,-4.930380657631E-32));
#1653 = DIRECTION('',(-1.,1.232595164408E-32));
#1654 = ( GEOMETRIC_REPRESENTATION_CONTEXT(2) 
PARAMETRIC_REPRESENTATION_CONTEXT() REPRESENTATION_CONTEXT('2D SPACE',''
  ) );
#1655 = ORIENTED_EDGE('',*,*,#1656,.F.);
#1656 = EDGE_CURVE('',#1657,#1625,#1659,.T.);
#1657 = VERTEX_POINT('',#1658);
#1658 = CARTESIAN_POINT('',(-79.05322938314,4.,19.584977190888));
#1659 = SURFACE_CURVE('',#1660,(#1665,#1672),.PCURVE_S1.);
#1660 = CIRCLE('',#1661,20.);
#1661 = AXIS2_PLACEMENT_3D('',#1662,#1663,#1664);
#1662 = CARTESIAN_POINT('',(-75.,4.,4.440892098501E-16));
#1663 = DIRECTION('',(-0.,1.,1.110223024625E-16));
#1664 = DIRECTION('',(1.,0.,0.));
#1665 = PCURVE('',#559,#1666);
#1666 = DEFINITIONAL_REPRESENTATION('',(#1667),#1671);
#1667 = LINE('',#1668,#1669);
#1668 = CARTESIAN_POINT('',(0.,8.));
#1669 = VECTOR('',#1670,1.);
#1670 = DIRECTION('',(1.,0.));
#1671 = ( GEOMETRIC_REPRESENTATION_CONTEXT(2) 
PARAMETRIC_REPRESENTATION_CONTEXT() REPRESENTATION_CONTEXT('2D SPACE',''
  ) );
#1672 = PCURVE('',#1673,#1678);
#1673 = PLANE('',#1674);
#1674 = AXIS2_PLACEMENT_3D('',#1675,#1676,#1677);
#1675 = CARTESIAN_POINT('',(-75.,4.,4.440892098501E-16));
#1676 = DIRECTION('',(0.,1.,1.110223024625E-16));
#1677 = DIRECTION('',(1.,0.,0.));
#1678 = DEFINITIONAL_REPRESENTATION('',(#1679),#1683);
#1679 = CIRCLE('',#1680,20.);
#1680 = AXIS2_PLACEMENT_2D('',#1681,#1682);
#1681 = CARTESIAN_POINT('',(0.,0.));
#1682 = DIRECTION('',(1.,0.));
#1683 = ( GEOMETRIC_REPRESENTATION_CONTEXT(2) 
PARAMETRIC_REPRESENTATION_CONTEXT() REPRESENTATION_CONTEXT('2D SPACE',''
  ) );
#1684 = ORIENTED_EDGE('',*,*,#1685,.F.);
#1685 = EDGE_CURVE('',#1686,#1657,#1688,.T.);
#1686 = VERTEX_POINT('',#1687);
#1687 = CARTESIAN_POINT('',(-80.17638090205,2.8,19.318516525781));
#1688 = SURFACE_CURVE('',#1689,(#1694,#1704),.PCURVE_S1.);
#1689 = ELLIPSE('',#1690,28.855502074994,20.);
#1690 = AXIS2_PLACEMENT_3D('',#1691,#1692,#1693);
#1691 = CARTESIAN_POINT('',(-75.,2.8,3.10862446895E-16));
#1692 = DIRECTION('',(-0.696271273832,0.693108716252,-0.186565325536));
#1693 = DIRECTION('',(0.669491609454,0.720833064902,0.179389736093));
#1694 = PCURVE('',#559,#1695);
#1695 = DEFINITIONAL_REPRESENTATION('',(#1696),#1703);
#1696 = B_SPLINE_CURVE_WITH_KNOTS('',5,(#1697,#1698,#1699,#1700,#1701,
    #1702),.UNSPECIFIED.,.F.,.F.,(6,6),(4.706138939694,4.77011336887),
  .PIECEWISE_BEZIER_KNOTS.);
#1697 = CARTESIAN_POINT('',(4.444339551895,6.67));
#1698 = CARTESIAN_POINT('',(4.45713443773,6.9361284274));
#1699 = CARTESIAN_POINT('',(4.469929323565,7.202283457531));
#1700 = CARTESIAN_POINT('',(4.482724209401,7.468374324456));
#1701 = CARTESIAN_POINT('',(4.495519095236,7.734310244116));
#1702 = CARTESIAN_POINT('',(4.508313981071,8.0000006));
#1703 = ( GEOMETRIC_REPRESENTATION_CONTEXT(2) 
PARAMETRIC_REPRESENTATION_CONTEXT() REPRESENTATION_CONTEXT('2D SPACE',''
  ) );
#1704 = PCURVE('',#1705,#1710);
#1705 = PLANE('',#1706);
#1706 = AXIS2_PLACEMENT_3D('',#1707,#1708,#1709);
#1707 = CARTESIAN_POINT('',(-75.,2.8,3.10862446895E-16));
#1708 = DIRECTION('',(-0.696271273832,0.693108716252,-0.186565325536));
#1709 = DIRECTION('',(0.669491609454,0.720833064902,0.179389736093));
#1710 = DEFINITIONAL_REPRESENTATION('',(#1711),#1715);
#1711 = ELLIPSE('',#1712,28.855502074994,20.);
#1712 = AXIS2_PLACEMENT_2D('',#1713,#1714);
#1713 = CARTESIAN_POINT('',(0.,0.));
#1714 = DIRECTION('',(1.,2.775557561563E-17));
#1715 = ( GEOMETRIC_REPRESENTATION_CONTEXT(2) 
PARAMETRIC_REPRESENTATION_CONTEXT() REPRESENTATION_CONTEXT('2D SPACE',''
  ) );
#1716 = ORIENTED_EDGE('',*,*,#1717,.F.);
#1717 = EDGE_CURVE('',#1718,#1686,#1720,.T.);
#1718 = VERTEX_POINT('',#1719);
#1719 = CARTESIAN_POINT('',(-81.28228898227,4.,18.987702471421));
#1720 = SURFACE_CURVE('',#1721,(#1726,#1736),.PCURVE_S1.);
#1721 = ELLIPSE('',#1722,28.855502074994,20.);
#1722 = AXIS2_PLACEMENT_3D('',#1723,#1724,#1725);
#1723 = CARTESIAN_POINT('',(-75.,2.8,3.10862446895E-16));
#1724 = DIRECTION('',(0.696271273832,0.693108716252,0.186565325536));
#1725 = DIRECTION('',(-0.669491609454,0.720833064902,-0.179389736093));
#1726 = PCURVE('',#559,#1727);
#1727 = DEFINITIONAL_REPRESENTATION('',(#1728),#1735);
#1728 = B_SPLINE_CURVE_WITH_KNOTS('',5,(#1729,#1730,#1731,#1732,#1733,
    #1734),.UNSPECIFIED.,.F.,.F.,(6,6),(1.513071938309,1.577046367486),
  .PIECEWISE_BEZIER_KNOTS.);
#1729 = CARTESIAN_POINT('',(4.3928652041,8.0000006));
#1730 = CARTESIAN_POINT('',(4.405660089935,7.734310244116));
#1731 = CARTESIAN_POINT('',(4.418454975771,7.468374324456));
#1732 = CARTESIAN_POINT('',(4.431249861606,7.202283457531));
#1733 = CARTESIAN_POINT('',(4.444044747441,6.9361284274));
#1734 = CARTESIAN_POINT('',(4.456839633276,6.67));
#1735 = ( GEOMETRIC_REPRESENTATION_CONTEXT(2) 
PARAMETRIC_REPRESENTATION_CONTEXT() REPRESENTATION_CONTEXT('2D SPACE',''
  ) );
#1736 = PCURVE('',#1737,#1742);
#1737 = PLANE('',#1738);
#1738 = AXIS2_PLACEMENT_3D('',#1739,#1740,#1741);
#1739 = CARTESIAN_POINT('',(-76.20740728286,4.1,-0.323523806378));
#1740 = DIRECTION('',(0.696271273832,0.693108716252,0.186565325536));
#1741 = DIRECTION('',(0.669491609454,-0.720833064902,0.179389736093));
#1742 = DEFINITIONAL_REPRESENTATION('',(#1743),#1747);
#1743 = ELLIPSE('',#1744,28.855502074994,20.);
#1744 = AXIS2_PLACEMENT_2D('',#1745,#1746);
#1745 = CARTESIAN_POINT('',(1.803468879687,1.554312234475E-15));
#1746 = DIRECTION('',(-1.,0.));
#1747 = ( GEOMETRIC_REPRESENTATION_CONTEXT(2) 
PARAMETRIC_REPRESENTATION_CONTEXT() REPRESENTATION_CONTEXT('2D SPACE',''
  ) );
#1748 = ORIENTED_EDGE('',*,*,#1749,.F.);
#1749 = EDGE_CURVE('',#1750,#1718,#1752,.T.);
#1750 = VERTEX_POINT('',#1751);
#1751 = CARTESIAN_POINT('',(-83.98408403595,4.,17.868582317434));
#1752 = SURFACE_CURVE('',#1753,(#1758,#1765),.PCURVE_S1.);
#1753 = CIRCLE('',#1754,20.);
#1754 = AXIS2_PLACEMENT_3D('',#1755,#1756,#1757);
#1755 = CARTESIAN_POINT('',(-75.,4.,4.440892098501E-16));
#1756 = DIRECTION('',(-0.,1.,1.110223024625E-16));
#1757 = DIRECTION('',(1.,0.,0.));
#1758 = PCURVE('',#559,#1759);
#1759 = DEFINITIONAL_REPRESENTATION('',(#1760),#1764);
#1760 = LINE('',#1761,#1762);
#1761 = CARTESIAN_POINT('',(0.,8.));
#1762 = VECTOR('',#1763,1.);
#1763 = DIRECTION('',(1.,0.));
#1764 = ( GEOMETRIC_REPRESENTATION_CONTEXT(2) 
PARAMETRIC_REPRESENTATION_CONTEXT() REPRESENTATION_CONTEXT('2D SPACE',''
  ) );
#1765 = PCURVE('',#1766,#1771);
#1766 = PLANE('',#1767);
#1767 = AXIS2_PLACEMENT_3D('',#1768,#1769,#1770);
#1768 = CARTESIAN_POINT('',(-75.,4.,4.440892098501E-16));
#1769 = DIRECTION('',(0.,1.,1.110223024625E-16));
#1770 = DIRECTION('',(1.,0.,0.));
#1771 = DEFINITIONAL_REPRESENTATION('',(#1772),#1776);
#1772 = CIRCLE('',#1773,20.);
#1773 = AXIS2_PLACEMENT_2D('',#1774,#1775);
#1774 = CARTESIAN_POINT('',(0.,0.));
#1775 = DIRECTION('',(1.,0.));
#1776 = ( GEOMETRIC_REPRESENTATION_CONTEXT(2) 
PARAMETRIC_REPRESENTATION_CONTEXT() REPRESENTATION_CONTEXT('2D SPACE',''
  ) );
#1777 = ORIENTED_EDGE('',*,*,#1778,.F.);
#1778 = EDGE_CURVE('',#1779,#1750,#1781,.T.);
#1779 = VERTEX_POINT('',#1780);
#1780 = CARTESIAN_POINT('',(-85.,2.8,17.320508075689));
#1781 = SURFACE_CURVE('',#1782,(#1787,#1797),.PCURVE_S1.);
#1782 = ELLIPSE('',#1783,28.855502074994,20.);
#1783 = AXIS2_PLACEMENT_3D('',#1784,#1785,#1786);
#1784 = CARTESIAN_POINT('',(-75.,2.8,3.10862446895E-16));
#1785 = DIRECTION('',(-0.624259746093,0.693108716252,-0.360416532451));
#1786 = DIRECTION('',(0.600249755858,0.720833064902,0.346554358126));
#1787 = PCURVE('',#559,#1788);
#1788 = DEFINITIONAL_REPRESENTATION('',(#1789),#1796);
#1789 = B_SPLINE_CURVE_WITH_KNOTS('',5,(#1790,#1791,#1792,#1793,#1794,
    #1795),.UNSPECIFIED.,.F.,.F.,(6,6),(4.706138939694,4.77011336887),
  .PIECEWISE_BEZIER_KNOTS.);
#1790 = CARTESIAN_POINT('',(4.182540164096,6.67));
#1791 = CARTESIAN_POINT('',(4.195335049931,6.9361284274));
#1792 = CARTESIAN_POINT('',(4.208129935766,7.202283457531));
#1793 = CARTESIAN_POINT('',(4.220924821601,7.468374324456));
#1794 = CARTESIAN_POINT('',(4.233719707437,7.734310244116));
#1795 = CARTESIAN_POINT('',(4.246514593272,8.0000006));
#1796 = ( GEOMETRIC_REPRESENTATION_CONTEXT(2) 
PARAMETRIC_REPRESENTATION_CONTEXT() REPRESENTATION_CONTEXT('2D SPACE',''
  ) );
#1797 = PCURVE('',#1798,#1803);
#1798 = PLANE('',#1799);
#1799 = AXIS2_PLACEMENT_3D('',#1800,#1801,#1802);
#1800 = CARTESIAN_POINT('',(-75.,2.8,3.10862446895E-16));
#1801 = DIRECTION('',(-0.624259746093,0.693108716252,-0.360416532451));
#1802 = DIRECTION('',(0.600249755858,0.720833064902,0.346554358126));
#1803 = DEFINITIONAL_REPRESENTATION('',(#1804),#1808);
#1804 = ELLIPSE('',#1805,28.855502074994,20.);
#1805 = AXIS2_PLACEMENT_2D('',#1806,#1807);
#1806 = CARTESIAN_POINT('',(0.,0.));
#1807 = DIRECTION('',(1.,5.551115123126E-17));
#1808 = ( GEOMETRIC_REPRESENTATION_CONTEXT(2) 
PARAMETRIC_REPRESENTATION_CONTEXT() REPRESENTATION_CONTEXT('2D SPACE',''
  ) );
#1809 = ORIENTED_EDGE('',*,*,#1810,.F.);
#1810 = EDGE_CURVE('',#1811,#1779,#1813,.T.);
#1811 = VERTEX_POINT('',#1812);
#1812 = CARTESIAN_POINT('',(-85.98260419853,4.,16.714736163588));
#1813 = SURFACE_CURVE('',#1814,(#1819,#1829),.PCURVE_S1.);
#1814 = ELLIPSE('',#1815,28.855502074994,20.);
#1815 = AXIS2_PLACEMENT_3D('',#1816,#1817,#1818);
#1816 = CARTESIAN_POINT('',(-75.,2.8,3.10862446895E-16));
#1817 = DIRECTION('',(0.624259746093,0.693108716252,0.360416532451));
#1818 = DIRECTION('',(-0.600249755858,0.720833064902,-0.346554358126));
#1819 = PCURVE('',#559,#1820);
#1820 = DEFINITIONAL_REPRESENTATION('',(#1821),#1828);
#1821 = B_SPLINE_CURVE_WITH_KNOTS('',5,(#1822,#1823,#1824,#1825,#1826,
    #1827),.UNSPECIFIED.,.F.,.F.,(6,6),(1.513071938309,1.577046367486),
  .PIECEWISE_BEZIER_KNOTS.);
#1822 = CARTESIAN_POINT('',(4.131065816301,8.0000006));
#1823 = CARTESIAN_POINT('',(4.143860702136,7.734310244116));
#1824 = CARTESIAN_POINT('',(4.156655587971,7.468374324456));
#1825 = CARTESIAN_POINT('',(4.169450473807,7.202283457531));
#1826 = CARTESIAN_POINT('',(4.182245359642,6.9361284274));
#1827 = CARTESIAN_POINT('',(4.195040245477,6.67));
#1828 = ( GEOMETRIC_REPRESENTATION_CONTEXT(2) 
PARAMETRIC_REPRESENTATION_CONTEXT() REPRESENTATION_CONTEXT('2D SPACE',''
  ) );
#1829 = PCURVE('',#1830,#1835);
#1830 = PLANE('',#1831);
#1831 = AXIS2_PLACEMENT_3D('',#1832,#1833,#1834);
#1832 = CARTESIAN_POINT('',(-76.08253175473,4.1,-0.625));
#1833 = DIRECTION('',(0.624259746093,0.693108716252,0.360416532451));
#1834 = DIRECTION('',(0.600249755858,-0.720833064902,0.346554358126));
#1835 = DEFINITIONAL_REPRESENTATION('',(#1836),#1840);
#1836 = ELLIPSE('',#1837,28.855502074994,20.);
#1837 = AXIS2_PLACEMENT_2D('',#1838,#1839);
#1838 = CARTESIAN_POINT('',(1.803468879687,3.441691376338E-15));
#1839 = DIRECTION('',(-1.,0.));
#1840 = ( GEOMETRIC_REPRESENTATION_CONTEXT(2) 
PARAMETRIC_REPRESENTATION_CONTEXT() REPRESENTATION_CONTEXT('2D SPACE',''
  ) );
#1841 = ORIENTED_EDGE('',*,*,#1842,.F.);
#1842 = EDGE_CURVE('',#1843,#1811,#1845,.T.);
#1843 = VERTEX_POINT('',#1844);
#1844 = CARTESIAN_POINT('',(-88.30268820861,4.,14.934473088275));
#1845 = SURFACE_CURVE('',#1846,(#1851,#1858),.PCURVE_S1.);
#1846 = CIRCLE('',#1847,20.);
#1847 = AXIS2_PLACEMENT_3D('',#1848,#1849,#1850);
#1848 = CARTESIAN_POINT('',(-75.,4.,4.440892098501E-16));
#1849 = DIRECTION('',(-0.,1.,1.110223024625E-16));
#1850 = DIRECTION('',(1.,0.,0.));
#1851 = PCURVE('',#559,#1852);
#1852 = DEFINITIONAL_REPRESENTATION('',(#1853),#1857);
#1853 = LINE('',#1854,#1855);
#1854 = CARTESIAN_POINT('',(0.,8.));
#1855 = VECTOR('',#1856,1.);
#1856 = DIRECTION('',(1.,0.));
#1857 = ( GEOMETRIC_REPRESENTATION_CONTEXT(2) 
PARAMETRIC_REPRESENTATION_CONTEXT() REPRESENTATION_CONTEXT('2D SPACE',''
  ) );
#1858 = PCURVE('',#1859,#1864);
#1859 = PLANE('',#1860);
#1860 = AXIS2_PLACEMENT_3D('',#1861,#1862,#1863);
#1861 = CARTESIAN_POINT('',(-75.,4.,4.440892098501E-16));
#1862 = DIRECTION('',(0.,1.,1.110223024625E-16));
#1863 = DIRECTION('',(1.,0.,0.));
#1864 = DEFINITIONAL_REPRESENTATION('',(#1865),#1869);
#1865 = CIRCLE('',#1866,20.);
#1866 = AXIS2_PLACEMENT_2D('',#1867,#1868);
#1867 = CARTESIAN_POINT('',(0.,0.));
#1868 = DIRECTION('',(1.,0.));
#1869 = ( GEOMETRIC_REPRESENTATION_CONTEXT(2) 
PARAMETRIC_REPRESENTATION_CONTEXT() REPRESENTATION_CONTEXT('2D SPACE',''
  ) );
#1870 = ORIENTED_EDGE('',*,*,#1871,.F.);
#1871 = EDGE_CURVE('',#1872,#1843,#1874,.T.);
#1872 = VERTEX_POINT('',#1873);
#1873 = CARTESIAN_POINT('',(-89.14213562373,2.8,14.142135623731));
#1874 = SURFACE_CURVE('',#1875,(#1880,#1890),.PCURVE_S1.);
#1875 = ELLIPSE('',#1876,28.855502074994,20.);
#1876 = AXIS2_PLACEMENT_3D('',#1877,#1878,#1879);
#1877 = CARTESIAN_POINT('',(-75.,2.8,3.10862446895E-16));
#1878 = DIRECTION('',(-0.509705948296,0.693108716252,-0.509705948296));
#1879 = DIRECTION('',(0.490101873361,0.720833064902,0.490101873361));
#1880 = PCURVE('',#559,#1881);
#1881 = DEFINITIONAL_REPRESENTATION('',(#1882),#1889);
#1882 = B_SPLINE_CURVE_WITH_KNOTS('',5,(#1883,#1884,#1885,#1886,#1887,
    #1888),.UNSPECIFIED.,.F.,.F.,(6,6),(4.706138939694,4.77011336887),
  .PIECEWISE_BEZIER_KNOTS.);
#1883 = CARTESIAN_POINT('',(3.920740776296,6.67));
#1884 = CARTESIAN_POINT('',(3.933535662132,6.9361284274));
#1885 = CARTESIAN_POINT('',(3.946330547967,7.202283457531));
#1886 = CARTESIAN_POINT('',(3.959125433802,7.468374324456));
#1887 = CARTESIAN_POINT('',(3.971920319637,7.734310244116));
#1888 = CARTESIAN_POINT('',(3.984715205473,8.0000006));
#1889 = ( GEOMETRIC_REPRESENTATION_CONTEXT(2) 
PARAMETRIC_REPRESENTATION_CONTEXT() REPRESENTATION_CONTEXT('2D SPACE',''
  ) );
#1890 = PCURVE('',#1891,#1896);
#1891 = PLANE('',#1892);
#1892 = AXIS2_PLACEMENT_3D('',#1893,#1894,#1895);
#1893 = CARTESIAN_POINT('',(-75.,2.8,3.10862446895E-16));
#1894 = DIRECTION('',(-0.509705948296,0.693108716252,-0.509705948296));
#1895 = DIRECTION('',(0.490101873361,0.720833064902,0.490101873361));
#1896 = DEFINITIONAL_REPRESENTATION('',(#1897),#1901);
#1897 = ELLIPSE('',#1898,28.855502074994,20.);
#1898 = AXIS2_PLACEMENT_2D('',#1899,#1900);
#1899 = CARTESIAN_POINT('',(0.,0.));
#1900 = DIRECTION('',(1.,-5.551115123126E-17));
#1901 = ( GEOMETRIC_REPRESENTATION_CONTEXT(2) 
PARAMETRIC_REPRESENTATION_CONTEXT() REPRESENTATION_CONTEXT('2D SPACE',''
  ) );
#1902 = ORIENTED_EDGE('',*,*,#1903,.F.);
#1903 = EDGE_CURVE('',#1904,#1872,#1906,.T.);
#1904 = VERTEX_POINT('',#1905);
#1905 = CARTESIAN_POINT('',(-89.93447308827,4.,13.302688208614));
#1906 = SURFACE_CURVE('',#1907,(#1912,#1922),.PCURVE_S1.);
#1907 = ELLIPSE('',#1908,28.855502074994,20.);
#1908 = AXIS2_PLACEMENT_3D('',#1909,#1910,#1911);
#1909 = CARTESIAN_POINT('',(-75.,2.8,3.10862446895E-16));
#1910 = DIRECTION('',(0.509705948296,0.693108716252,0.509705948296));
#1911 = DIRECTION('',(-0.490101873361,0.720833064902,-0.490101873361));
#1912 = PCURVE('',#559,#1913);
#1913 = DEFINITIONAL_REPRESENTATION('',(#1914),#1921);
#1914 = B_SPLINE_CURVE_WITH_KNOTS('',5,(#1915,#1916,#1917,#1918,#1919,
    #1920),.UNSPECIFIED.,.F.,.F.,(6,6),(1.513071938309,1.577046367486),
  .PIECEWISE_BEZIER_KNOTS.);
#1915 = CARTESIAN_POINT('',(3.869266428502,8.0000006));
#1916 = CARTESIAN_POINT('',(3.882061314337,7.734310244116));
#1917 = CARTESIAN_POINT('',(3.894856200172,7.468374324456));
#1918 = CARTESIAN_POINT('',(3.907651086008,7.202283457531));
#1919 = CARTESIAN_POINT('',(3.920445971843,6.9361284274));
#1920 = CARTESIAN_POINT('',(3.933240857678,6.67));
#1921 = ( GEOMETRIC_REPRESENTATION_CONTEXT(2) 
PARAMETRIC_REPRESENTATION_CONTEXT() REPRESENTATION_CONTEXT('2D SPACE',''
  ) );
#1922 = PCURVE('',#1923,#1928);
#1923 = PLANE('',#1924);
#1924 = AXIS2_PLACEMENT_3D('',#1925,#1926,#1927);
#1925 = CARTESIAN_POINT('',(-75.88388347648,4.1,-0.883883476483));
#1926 = DIRECTION('',(0.509705948296,0.693108716252,0.509705948296));
#1927 = DIRECTION('',(0.490101873361,-0.720833064902,0.490101873361));
#1928 = DEFINITIONAL_REPRESENTATION('',(#1929),#1933);
#1929 = ELLIPSE('',#1930,28.855502074994,20.);
#1930 = AXIS2_PLACEMENT_2D('',#1931,#1932);
#1931 = CARTESIAN_POINT('',(1.803468879687,-6.217248937901E-15));
#1932 = DIRECTION('',(-1.,-5.551115123126E-17));
#1933 = ( GEOMETRIC_REPRESENTATION_CONTEXT(2) 
PARAMETRIC_REPRESENTATION_CONTEXT() REPRESENTATION_CONTEXT('2D SPACE',''
  ) );
#1934 = ORIENTED_EDGE('',*,*,#1935,.F.);
#1935 = EDGE_CURVE('',#1936,#1904,#1938,.T.);
#1936 = VERTEX_POINT('',#1937);
#1937 = CARTESIAN_POINT('',(-91.71473616358,4.,10.982604198534));
#1938 = SURFACE_CURVE('',#1939,(#1944,#1951),.PCURVE_S1.);
#1939 = CIRCLE('',#1940,20.);
#1940 = AXIS2_PLACEMENT_3D('',#1941,#1942,#1943);
#1941 = CARTESIAN_POINT('',(-75.,4.,4.440892098501E-16));
#1942 = DIRECTION('',(-0.,1.,1.110223024625E-16));
#1943 = DIRECTION('',(1.,0.,0.));
#1944 = PCURVE('',#559,#1945);
#1945 = DEFINITIONAL_REPRESENTATION('',(#1946),#1950);
#1946 = LINE('',#1947,#1948);
#1947 = CARTESIAN_POINT('',(0.,8.));
#1948 = VECTOR('',#1949,1.);
#1949 = DIRECTION('',(1.,0.));
#1950 = ( GEOMETRIC_REPRESENTATION_CONTEXT(2) 
PARAMETRIC_REPRESENTATION_CONTEXT() REPRESENTATION_CONTEXT('2D SPACE',''
  ) );
#1951 = PCURVE('',#1952,#1957);
#1952 = PLANE('',#1953);
#1953 = AXIS2_PLACEMENT_3D('',#1954,#1955,#1956);
#1954 = CARTESIAN_POINT('',(-75.,4.,4.440892098501E-16));
#1955 = DIRECTION('',(0.,1.,1.110223024625E-16));
#1956 = DIRECTION('',(1.,0.,0.));
#1957 = DEFINITIONAL_REPRESENTATION('',(#1958),#1962);
#1958 = CIRCLE('',#1959,20.);
#1959 = AXIS2_PLACEMENT_2D('',#1960,#1961);
#1960 = CARTESIAN_POINT('',(0.,0.));
#1961 = DIRECTION('',(1.,0.));
#1962 = ( GEOMETRIC_REPRESENTATION_CONTEXT(2) 
PARAMETRIC_REPRESENTATION_CONTEXT() REPRESENTATION_CONTEXT('2D SPACE',''
  ) );
#1963 = ORIENTED_EDGE('',*,*,#1964,.F.);
#1964 = EDGE_CURVE('',#1965,#1936,#1967,.T.);
#1965 = VERTEX_POINT('',#1966);
#1966 = CARTESIAN_POINT('',(-92.32050807568,2.8,10.));
#1967 = SURFACE_CURVE('',#1968,(#1973,#1983),.PCURVE_S1.);
#1968 = ELLIPSE('',#1969,28.855502074994,20.);
#1969 = AXIS2_PLACEMENT_3D('',#1970,#1971,#1972);
#1970 = CARTESIAN_POINT('',(-75.,2.8,3.10862446895E-16));
#1971 = DIRECTION('',(-0.360416532451,0.693108716252,-0.624259746093));
#1972 = DIRECTION('',(0.346554358126,0.720833064902,0.600249755858));
#1973 = PCURVE('',#559,#1974);
#1974 = DEFINITIONAL_REPRESENTATION('',(#1975),#1982);
#1975 = B_SPLINE_CURVE_WITH_KNOTS('',5,(#1976,#1977,#1978,#1979,#1980,
    #1981),.UNSPECIFIED.,.F.,.F.,(6,6),(4.706138939694,4.77011336887),
  .PIECEWISE_BEZIER_KNOTS.);
#1976 = CARTESIAN_POINT('',(3.658941388497,6.67));
#1977 = CARTESIAN_POINT('',(3.671736274333,6.9361284274));
#1978 = CARTESIAN_POINT('',(3.684531160168,7.202283457531));
#1979 = CARTESIAN_POINT('',(3.697326046003,7.468374324456));
#1980 = CARTESIAN_POINT('',(3.710120931838,7.734310244116));
#1981 = CARTESIAN_POINT('',(3.722915817674,8.0000006));
#1982 = ( GEOMETRIC_REPRESENTATION_CONTEXT(2) 
PARAMETRIC_REPRESENTATION_CONTEXT() REPRESENTATION_CONTEXT('2D SPACE',''
  ) );
#1983 = PCURVE('',#1984,#1989);
#1984 = PLANE('',#1985);
#1985 = AXIS2_PLACEMENT_3D('',#1986,#1987,#1988);
#1986 = CARTESIAN_POINT('',(-75.,2.8,3.10862446895E-16));
#1987 = DIRECTION('',(-0.360416532451,0.693108716252,-0.624259746093));
#1988 = DIRECTION('',(0.346554358126,0.720833064902,0.600249755858));
#1989 = DEFINITIONAL_REPRESENTATION('',(#1990),#1994);
#1990 = ELLIPSE('',#1991,28.855502074994,20.);
#1991 = AXIS2_PLACEMENT_2D('',#1992,#1993);
#1992 = CARTESIAN_POINT('',(0.,0.));
#1993 = DIRECTION('',(1.,0.));
#1994 = ( GEOMETRIC_REPRESENTATION_CONTEXT(2) 
PARAMETRIC_REPRESENTATION_CONTEXT() REPRESENTATION_CONTEXT('2D SPACE',''
  ) );
#1995 = ORIENTED_EDGE('',*,*,#1996,.F.);
#1996 = EDGE_CURVE('',#1997,#1965,#1999,.T.);
#1997 = VERTEX_POINT('',#1998);
#1998 = CARTESIAN_POINT('',(-92.86858231743,4.,8.984084035954));
#1999 = SURFACE_CURVE('',#2000,(#2005,#2015),.PCURVE_S1.);
#2000 = ELLIPSE('',#2001,28.855502074994,20.);
#2001 = AXIS2_PLACEMENT_3D('',#2002,#2003,#2004);
#2002 = CARTESIAN_POINT('',(-75.,2.8,3.10862446895E-16));
#2003 = DIRECTION('',(0.360416532451,0.693108716252,0.624259746093));
#2004 = DIRECTION('',(-0.346554358126,0.720833064902,-0.600249755858));
#2005 = PCURVE('',#559,#2006);
#2006 = DEFINITIONAL_REPRESENTATION('',(#2007),#2014);
#2007 = B_SPLINE_CURVE_WITH_KNOTS('',5,(#2008,#2009,#2010,#2011,#2012,
    #2013),.UNSPECIFIED.,.F.,.F.,(6,6),(1.513071938309,1.577046367486),
  .PIECEWISE_BEZIER_KNOTS.);
#2008 = CARTESIAN_POINT('',(3.607467040703,8.0000006));
#2009 = CARTESIAN_POINT('',(3.620261926538,7.734310244116));
#2010 = CARTESIAN_POINT('',(3.633056812373,7.468374324456));
#2011 = CARTESIAN_POINT('',(3.645851698208,7.202283457531));
#2012 = CARTESIAN_POINT('',(3.658646584044,6.9361284274));
#2013 = CARTESIAN_POINT('',(3.671441469879,6.67));
#2014 = ( GEOMETRIC_REPRESENTATION_CONTEXT(2) 
PARAMETRIC_REPRESENTATION_CONTEXT() REPRESENTATION_CONTEXT('2D SPACE',''
  ) );
#2015 = PCURVE('',#2016,#2021);
#2016 = PLANE('',#2017);
#2017 = AXIS2_PLACEMENT_3D('',#2018,#2019,#2020);
#2018 = CARTESIAN_POINT('',(-75.625,4.1,-1.082531754731));
#2019 = DIRECTION('',(0.360416532451,0.693108716252,0.624259746093));
#2020 = DIRECTION('',(0.346554358126,-0.720833064902,0.600249755858));
#2021 = DEFINITIONAL_REPRESENTATION('',(#2022),#2026);
#2022 = ELLIPSE('',#2023,28.855502074994,20.);
#2023 = AXIS2_PLACEMENT_2D('',#2024,#2025);
#2024 = CARTESIAN_POINT('',(1.803468879687,-2.22044604925E-16));
#2025 = DIRECTION('',(-1.,0.));
#2026 = ( GEOMETRIC_REPRESENTATION_CONTEXT(2) 
PARAMETRIC_REPRESENTATION_CONTEXT() REPRESENTATION_CONTEXT('2D SPACE',''
  ) );
#2027 = ORIENTED_EDGE('',*,*,#2028,.F.);
#2028 = EDGE_CURVE('',#2029,#1997,#2031,.T.);
#2029 = VERTEX_POINT('',#2030);
#2030 = CARTESIAN_POINT('',(-93.98770247142,4.,6.282288982274));
#2031 = SURFACE_CURVE('',#2032,(#2037,#2044),.PCURVE_S1.);
#2032 = CIRCLE('',#2033,20.);
#2033 = AXIS2_PLACEMENT_3D('',#2034,#2035,#2036);
#2034 = CARTESIAN_POINT('',(-75.,4.,4.440892098501E-16));
#2035 = DIRECTION('',(-0.,1.,1.110223024625E-16));
#2036 = DIRECTION('',(1.,0.,0.));
#2037 = PCURVE('',#559,#2038);
#2038 = DEFINITIONAL_REPRESENTATION('',(#2039),#2043);
#2039 = LINE('',#2040,#2041);
#2040 = CARTESIAN_POINT('',(0.,8.));
#2041 = VECTOR('',#2042,1.);
#2042 = DIRECTION('',(1.,0.));
#2043 = ( GEOMETRIC_REPRESENTATION_CONTEXT(2) 
PARAMETRIC_REPRESENTATION_CONTEXT() REPRESENTATION_CONTEXT('2D SPACE',''
  ) );
#2044 = PCURVE('',#2045,#2050);
#2045 = PLANE('',#2046);
#2046 = AXIS2_PLACEMENT_3D('',#2047,#2048,#2049);
#2047 = CARTESIAN_POINT('',(-75.,4.,4.440892098501E-16));
#2048 = DIRECTION('',(0.,1.,1.110223024625E-16));
#2049 = DIRECTION('',(1.,0.,0.));
#2050 = DEFINITIONAL_REPRESENTATION('',(#2051),#2055);
#2051 = CIRCLE('',#2052,20.);
#2052 = AXIS2_PLACEMENT_2D('',#2053,#2054);
#2053 = CARTESIAN_POINT('',(0.,0.));
#2054 = DIRECTION('',(1.,0.));
#2055 = ( GEOMETRIC_REPRESENTATION_CONTEXT(2) 
PARAMETRIC_REPRESENTATION_CONTEXT() REPRESENTATION_CONTEXT('2D SPACE',''
  ) );
#2056 = ORIENTED_EDGE('',*,*,#2057,.F.);
#2057 = EDGE_CURVE('',#2058,#2029,#2060,.T.);
#2058 = VERTEX_POINT('',#2059);
#2059 = CARTESIAN_POINT('',(-94.31851652578,2.8,5.17638090205));
#2060 = SURFACE_CURVE('',#2061,(#2066,#2076),.PCURVE_S1.);
#2061 = ELLIPSE('',#2062,28.855502074994,20.);
#2062 = AXIS2_PLACEMENT_3D('',#2063,#2064,#2065);
#2063 = CARTESIAN_POINT('',(-75.,2.8,3.10862446895E-16));
#2064 = DIRECTION('',(-0.186565325536,0.693108716252,-0.696271273832));
#2065 = DIRECTION('',(0.179389736093,0.720833064902,0.669491609454));
#2066 = PCURVE('',#559,#2067);
#2067 = DEFINITIONAL_REPRESENTATION('',(#2068),#2075);
#2068 = B_SPLINE_CURVE_WITH_KNOTS('',5,(#2069,#2070,#2071,#2072,#2073,
    #2074),.UNSPECIFIED.,.F.,.F.,(6,6),(4.706138939694,4.77011336887),
  .PIECEWISE_BEZIER_KNOTS.);
#2069 = CARTESIAN_POINT('',(3.397142000698,6.67));
#2070 = CARTESIAN_POINT('',(3.409936886533,6.9361284274));
#2071 = CARTESIAN_POINT('',(3.422731772369,7.202283457531));
#2072 = CARTESIAN_POINT('',(3.435526658204,7.468374324456));
#2073 = CARTESIAN_POINT('',(3.448321544039,7.734310244116));
#2074 = CARTESIAN_POINT('',(3.461116429874,8.0000006));
#2075 = ( GEOMETRIC_REPRESENTATION_CONTEXT(2) 
PARAMETRIC_REPRESENTATION_CONTEXT() REPRESENTATION_CONTEXT('2D SPACE',''
  ) );
#2076 = PCURVE('',#2077,#2082);
#2077 = PLANE('',#2078);
#2078 = AXIS2_PLACEMENT_3D('',#2079,#2080,#2081);
#2079 = CARTESIAN_POINT('',(-75.,2.8,3.10862446895E-16));
#2080 = DIRECTION('',(-0.186565325536,0.693108716252,-0.696271273832));
#2081 = DIRECTION('',(0.179389736093,0.720833064902,0.669491609454));
#2082 = DEFINITIONAL_REPRESENTATION('',(#2083),#2087);
#2083 = ELLIPSE('',#2084,28.855502074994,20.);
#2084 = AXIS2_PLACEMENT_2D('',#2085,#2086);
#2085 = CARTESIAN_POINT('',(0.,0.));
#2086 = DIRECTION('',(1.,-2.775557561563E-17));
#2087 = ( GEOMETRIC_REPRESENTATION_CONTEXT(2) 
PARAMETRIC_REPRESENTATION_CONTEXT() REPRESENTATION_CONTEXT('2D SPACE',''
  ) );
#2088 = ORIENTED_EDGE('',*,*,#2089,.F.);
#2089 = EDGE_CURVE('',#2090,#2058,#2092,.T.);
#2090 = VERTEX_POINT('',#2091);
#2091 = CARTESIAN_POINT('',(-94.58497719088,4.,4.053229383146));
#2092 = SURFACE_CURVE('',#2093,(#2098,#2108),.PCURVE_S1.);
#2093 = ELLIPSE('',#2094,28.855502074994,20.);
#2094 = AXIS2_PLACEMENT_3D('',#2095,#2096,#2097);
#2095 = CARTESIAN_POINT('',(-75.,2.8,3.10862446895E-16));
#2096 = DIRECTION('',(0.186565325536,0.693108716252,0.696271273832));
#2097 = DIRECTION('',(-0.179389736093,0.720833064902,-0.669491609454));
#2098 = PCURVE('',#559,#2099);
#2099 = DEFINITIONAL_REPRESENTATION('',(#2100),#2107);
#2100 = B_SPLINE_CURVE_WITH_KNOTS('',5,(#2101,#2102,#2103,#2104,#2105,
    #2106),.UNSPECIFIED.,.F.,.F.,(6,6),(1.513071938309,1.577046367486),
  .PIECEWISE_BEZIER_KNOTS.);
#2101 = CARTESIAN_POINT('',(3.345667652903,8.0000006));
#2102 = CARTESIAN_POINT('',(3.358462538739,7.734310244116));
#2103 = CARTESIAN_POINT('',(3.371257424574,7.468374324456));
#2104 = CARTESIAN_POINT('',(3.384052310409,7.202283457531));
#2105 = CARTESIAN_POINT('',(3.396847196245,6.9361284274));
#2106 = CARTESIAN_POINT('',(3.40964208208,6.67));
#2107 = ( GEOMETRIC_REPRESENTATION_CONTEXT(2) 
PARAMETRIC_REPRESENTATION_CONTEXT() REPRESENTATION_CONTEXT('2D SPACE',''
  ) );
#2108 = PCURVE('',#2109,#2114);
#2109 = PLANE('',#2110);
#2110 = AXIS2_PLACEMENT_3D('',#2111,#2112,#2113);
#2111 = CARTESIAN_POINT('',(-75.32352380637,4.1,-1.207407282861));
#2112 = DIRECTION('',(0.186565325536,0.693108716252,0.696271273832));
#2113 = DIRECTION('',(0.179389736093,-0.720833064902,0.669491609454));
#2114 = DEFINITIONAL_REPRESENTATION('',(#2115),#2119);
#2115 = ELLIPSE('',#2116,28.855502074994,20.);
#2116 = AXIS2_PLACEMENT_2D('',#2117,#2118);
#2117 = CARTESIAN_POINT('',(1.803468879687,-2.997602166488E-15));
#2118 = DIRECTION('',(-1.,2.775557561563E-17));
#2119 = ( GEOMETRIC_REPRESENTATION_CONTEXT(2) 
PARAMETRIC_REPRESENTATION_CONTEXT() REPRESENTATION_CONTEXT('2D SPACE',''
  ) );
#2120 = ORIENTED_EDGE('',*,*,#2121,.F.);
#2121 = EDGE_CURVE('',#2122,#2090,#2124,.T.);
#2122 = VERTEX_POINT('',#2123);
#2123 = CARTESIAN_POINT('',(-94.96668823448,4.,1.153846153846));
#2124 = SURFACE_CURVE('',#2125,(#2130,#2137),.PCURVE_S1.);
#2125 = CIRCLE('',#2126,20.);
#2126 = AXIS2_PLACEMENT_3D('',#2127,#2128,#2129);
#2127 = CARTESIAN_POINT('',(-75.,4.,4.440892098501E-16));
#2128 = DIRECTION('',(-0.,1.,1.110223024625E-16));
#2129 = DIRECTION('',(1.,0.,0.));
#2130 = PCURVE('',#559,#2131);
#2131 = DEFINITIONAL_REPRESENTATION('',(#2132),#2136);
#2132 = LINE('',#2133,#2134);
#2133 = CARTESIAN_POINT('',(0.,8.));
#2134 = VECTOR('',#2135,1.);
#2135 = DIRECTION('',(1.,0.));
#2136 = ( GEOMETRIC_REPRESENTATION_CONTEXT(2) 
PARAMETRIC_REPRESENTATION_CONTEXT() REPRESENTATION_CONTEXT('2D SPACE',''
  ) );
#2137 = PCURVE('',#2138,#2143);
#2138 = PLANE('',#2139);
#2139 = AXIS2_PLACEMENT_3D('',#2140,#2141,#2142);
#2140 = CARTESIAN_POINT('',(-75.,4.,4.440892098501E-16));
#2141 = DIRECTION('',(0.,1.,1.110223024625E-16));
#2142 = DIRECTION('',(1.,0.,0.));
#2143 = DEFINITIONAL_REPRESENTATION('',(#2144),#2148);
#2144 = CIRCLE('',#2145,20.);
#2145 = AXIS2_PLACEMENT_2D('',#2146,#2147);
#2146 = CARTESIAN_POINT('',(0.,0.));
#2147 = DIRECTION('',(1.,0.));
#2148 = ( GEOMETRIC_REPRESENTATION_CONTEXT(2) 
PARAMETRIC_REPRESENTATION_CONTEXT() REPRESENTATION_CONTEXT('2D SPACE',''
  ) );
#2149 = ORIENTED_EDGE('',*,*,#2150,.F.);
#2150 = EDGE_CURVE('',#2151,#2122,#2153,.T.);
#2151 = VERTEX_POINT('',#2152);
#2152 = CARTESIAN_POINT('',(-95.,2.8,-2.1384311514E-15));
#2153 = SURFACE_CURVE('',#2154,(#2159,#2169),.PCURVE_S1.);
#2154 = ELLIPSE('',#2155,28.855502074994,20.);
#2155 = AXIS2_PLACEMENT_3D('',#2156,#2157,#2158);
#2156 = CARTESIAN_POINT('',(-75.,2.8,3.10862446895E-16));
#2157 = DIRECTION('',(8.827659056516E-17,0.693108716252,-0.720833064902)
  );
#2158 = DIRECTION('',(-8.488133708189E-17,0.720833064902,0.693108716252)
  );
#2159 = PCURVE('',#559,#2160);
#2160 = DEFINITIONAL_REPRESENTATION('',(#2161),#2168);
#2161 = B_SPLINE_CURVE_WITH_KNOTS('',5,(#2162,#2163,#2164,#2165,#2166,
    #2167),.UNSPECIFIED.,.F.,.F.,(6,6),(4.706138939694,4.77011336887),
  .PIECEWISE_BEZIER_KNOTS.);
#2162 = CARTESIAN_POINT('',(3.135342612899,6.67));
#2163 = CARTESIAN_POINT('',(3.148137498734,6.9361284274));
#2164 = CARTESIAN_POINT('',(3.160932384569,7.202283457531));
#2165 = CARTESIAN_POINT('',(3.173727270405,7.468374324456));
#2166 = CARTESIAN_POINT('',(3.18652215624,7.734310244116));
#2167 = CARTESIAN_POINT('',(3.199317042075,8.0000006));
#2168 = ( GEOMETRIC_REPRESENTATION_CONTEXT(2) 
PARAMETRIC_REPRESENTATION_CONTEXT() REPRESENTATION_CONTEXT('2D SPACE',''
  ) );
#2169 = PCURVE('',#2170,#2175);
#2170 = PLANE('',#2171);
#2171 = AXIS2_PLACEMENT_3D('',#2172,#2173,#2174);
#2172 = CARTESIAN_POINT('',(-75.,2.8,3.10862446895E-16));
#2173 = DIRECTION('',(8.827659056516E-17,0.693108716252,-0.720833064902)
  );
#2174 = DIRECTION('',(-8.488133708189E-17,0.720833064902,0.693108716252)
  );
#2175 = DEFINITIONAL_REPRESENTATION('',(#2176),#2180);
#2176 = ELLIPSE('',#2177,28.855502074994,20.);
#2177 = AXIS2_PLACEMENT_2D('',#2178,#2179);
#2178 = CARTESIAN_POINT('',(0.,0.));
#2179 = DIRECTION('',(1.,1.232595164408E-32));
#2180 = ( GEOMETRIC_REPRESENTATION_CONTEXT(2) 
PARAMETRIC_REPRESENTATION_CONTEXT() REPRESENTATION_CONTEXT('2D SPACE',''
  ) );
#2181 = ORIENTED_EDGE('',*,*,#2182,.F.);
#2182 = EDGE_CURVE('',#2183,#2151,#2185,.T.);
#2183 = VERTEX_POINT('',#2184);
#2184 = CARTESIAN_POINT('',(-94.96668823448,4.,-1.153846153846));
#2185 = SURFACE_CURVE('',#2186,(#2191,#2201),.PCURVE_S1.);
#2186 = ELLIPSE('',#2187,28.855502074994,20.);
#2187 = AXIS2_PLACEMENT_3D('',#2188,#2189,#2190);
#2188 = CARTESIAN_POINT('',(-75.,2.8,3.10862446895E-16));
#2189 = DIRECTION('',(-8.827659056516E-17,0.693108716252,0.720833064902)
  );
#2190 = DIRECTION('',(8.488133708189E-17,0.720833064902,-0.693108716252)
  );
#2191 = PCURVE('',#559,#2192);
#2192 = DEFINITIONAL_REPRESENTATION('',(#2193),#2200);
#2193 = B_SPLINE_CURVE_WITH_KNOTS('',5,(#2194,#2195,#2196,#2197,#2198,
    #2199),.UNSPECIFIED.,.F.,.F.,(6,6),(1.513071938309,1.577046367486),
  .PIECEWISE_BEZIER_KNOTS.);
#2194 = CARTESIAN_POINT('',(3.083868265104,8.0000006));
#2195 = CARTESIAN_POINT('',(3.09666315094,7.734310244116));
#2196 = CARTESIAN_POINT('',(3.109458036775,7.468374324456));
#2197 = CARTESIAN_POINT('',(3.12225292261,7.202283457531));
#2198 = CARTESIAN_POINT('',(3.135047808445,6.9361284274));
#2199 = CARTESIAN_POINT('',(3.147842694281,6.67));
#2200 = ( GEOMETRIC_REPRESENTATION_CONTEXT(2) 
PARAMETRIC_REPRESENTATION_CONTEXT() REPRESENTATION_CONTEXT('2D SPACE',''
  ) );
#2201 = PCURVE('',#2202,#2207);
#2202 = PLANE('',#2203);
#2203 = AXIS2_PLACEMENT_3D('',#2204,#2205,#2206);
#2204 = CARTESIAN_POINT('',(-75.,4.1,-1.25));
#2205 = DIRECTION('',(-8.827659056516E-17,0.693108716252,0.720833064902)
  );
#2206 = DIRECTION('',(-8.488133708189E-17,-0.720833064902,0.693108716252
    ));
#2207 = DEFINITIONAL_REPRESENTATION('',(#2208),#2212);
#2208 = ELLIPSE('',#2209,28.855502074994,20.);
#2209 = AXIS2_PLACEMENT_2D('',#2210,#2211);
#2210 = CARTESIAN_POINT('',(1.803468879687,1.530808498934E-16));
#2211 = DIRECTION('',(-1.,-2.465190328816E-32));
#2212 = ( GEOMETRIC_REPRESENTATION_CONTEXT(2) 
PARAMETRIC_REPRESENTATION_CONTEXT() REPRESENTATION_CONTEXT('2D SPACE',''
  ) );
#2213 = ORIENTED_EDGE('',*,*,#2214,.F.);
#2214 = EDGE_CURVE('',#2215,#2183,#2217,.T.);
#2215 = VERTEX_POINT('',#2216);
#2216 = CARTESIAN_POINT('',(-94.58497719088,4.,-4.053229383146));
#2217 = SURFACE_CURVE('',#2218,(#2223,#2230),.PCURVE_S1.);
#2218 = CIRCLE('',#2219,20.);
#2219 = AXIS2_PLACEMENT_3D('',#2220,#2221,#2222);
#2220 = CARTESIAN_POINT('',(-75.,4.,4.440892098501E-16));
#2221 = DIRECTION('',(-0.,1.,1.110223024625E-16));
#2222 = DIRECTION('',(1.,0.,0.));
#2223 = PCURVE('',#559,#2224);
#2224 = DEFINITIONAL_REPRESENTATION('',(#2225),#2229);
#2225 = LINE('',#2226,#2227);
#2226 = CARTESIAN_POINT('',(0.,8.));
#2227 = VECTOR('',#2228,1.);
#2228 = DIRECTION('',(1.,0.));
#2229 = ( GEOMETRIC_REPRESENTATION_CONTEXT(2) 
PARAMETRIC_REPRESENTATION_CONTEXT() REPRESENTATION_CONTEXT('2D SPACE',''
  ) );
#2230 = PCURVE('',#2231,#2236);
#2231 = PLANE('',#2232);
#2232 = AXIS2_PLACEMENT_3D('',#2233,#2234,#2235);
#2233 = CARTESIAN_POINT('',(-75.,4.,4.440892098501E-16));
#2234 = DIRECTION('',(0.,1.,1.110223024625E-16));
#2235 = DIRECTION('',(1.,0.,0.));
#2236 = DEFINITIONAL_REPRESENTATION('',(#2237),#2241);
#2237 = CIRCLE('',#2238,20.);
#2238 = AXIS2_PLACEMENT_2D('',#2239,#2240);
#2239 = CARTESIAN_POINT('',(0.,0.));
#2240 = DIRECTION('',(1.,0.));
#2241 = ( GEOMETRIC_REPRESENTATION_CONTEXT(2) 
PARAMETRIC_REPRESENTATION_CONTEXT() REPRESENTATION_CONTEXT('2D SPACE',''
  ) );
#2242 = ORIENTED_EDGE('',*,*,#2243,.F.);
#2243 = EDGE_CURVE('',#2244,#2215,#2246,.T.);
#2244 = VERTEX_POINT('',#2245);
#2245 = CARTESIAN_POINT('',(-94.31851652578,2.8,-5.17638090205));
#2246 = SURFACE_CURVE('',#2247,(#2252,#2262),.PCURVE_S1.);
#2247 = ELLIPSE('',#2248,28.855502074994,20.);
#2248 = AXIS2_PLACEMENT_3D('',#2249,#2250,#2251);
#2249 = CARTESIAN_POINT('',(-75.,2.8,3.10862446895E-16));
#2250 = DIRECTION('',(0.186565325536,0.693108716252,-0.696271273832));
#2251 = DIRECTION('',(-0.179389736093,0.720833064902,0.669491609454));
#2252 = PCURVE('',#559,#2253);
#2253 = DEFINITIONAL_REPRESENTATION('',(#2254),#2261);
#2254 = B_SPLINE_CURVE_WITH_KNOTS('',5,(#2255,#2256,#2257,#2258,#2259,
    #2260),.UNSPECIFIED.,.F.,.F.,(6,6),(4.706138939694,4.77011336887),
  .PIECEWISE_BEZIER_KNOTS.);
#2255 = CARTESIAN_POINT('',(2.8735432251,6.67));
#2256 = CARTESIAN_POINT('',(2.886338110935,6.9361284274));
#2257 = CARTESIAN_POINT('',(2.89913299677,7.202283457531));
#2258 = CARTESIAN_POINT('',(2.911927882606,7.468374324456));
#2259 = CARTESIAN_POINT('',(2.924722768441,7.734310244116));
#2260 = CARTESIAN_POINT('',(2.937517654276,8.0000006));
#2261 = ( GEOMETRIC_REPRESENTATION_CONTEXT(2) 
PARAMETRIC_REPRESENTATION_CONTEXT() REPRESENTATION_CONTEXT('2D SPACE',''
  ) );
#2262 = PCURVE('',#2263,#2268);
#2263 = PLANE('',#2264);
#2264 = AXIS2_PLACEMENT_3D('',#2265,#2266,#2267);
#2265 = CARTESIAN_POINT('',(-75.,2.8,3.10862446895E-16));
#2266 = DIRECTION('',(0.186565325536,0.693108716252,-0.696271273832));
#2267 = DIRECTION('',(-0.179389736093,0.720833064902,0.669491609454));
#2268 = DEFINITIONAL_REPRESENTATION('',(#2269),#2273);
#2269 = ELLIPSE('',#2270,28.855502074994,20.);
#2270 = AXIS2_PLACEMENT_2D('',#2271,#2272);
#2271 = CARTESIAN_POINT('',(0.,0.));
#2272 = DIRECTION('',(1.,5.551115123126E-17));
#2273 = ( GEOMETRIC_REPRESENTATION_CONTEXT(2) 
PARAMETRIC_REPRESENTATION_CONTEXT() REPRESENTATION_CONTEXT('2D SPACE',''
  ) );
#2274 = ORIENTED_EDGE('',*,*,#2275,.F.);
#2275 = EDGE_CURVE('',#2276,#2244,#2278,.T.);
#2276 = VERTEX_POINT('',#2277);
#2277 = CARTESIAN_POINT('',(-93.98770247142,4.,-6.282288982274));
#2278 = SURFACE_CURVE('',#2279,(#2284,#2294),.PCURVE_S1.);
#2279 = ELLIPSE('',#2280,28.855502074994,20.);
#2280 = AXIS2_PLACEMENT_3D('',#2281,#2282,#2283);
#2281 = CARTESIAN_POINT('',(-75.,2.8,3.10862446895E-16));
#2282 = DIRECTION('',(-0.186565325536,0.693108716252,0.696271273832));
#2283 = DIRECTION('',(0.179389736093,0.720833064902,-0.669491609454));
#2284 = PCURVE('',#559,#2285);
#2285 = DEFINITIONAL_REPRESENTATION('',(#2286),#2293);
#2286 = B_SPLINE_CURVE_WITH_KNOTS('',5,(#2287,#2288,#2289,#2290,#2291,
    #2292),.UNSPECIFIED.,.F.,.F.,(6,6),(1.513071938309,1.577046367486),
  .PIECEWISE_BEZIER_KNOTS.);
#2287 = CARTESIAN_POINT('',(2.822068877305,8.0000006));
#2288 = CARTESIAN_POINT('',(2.83486376314,7.734310244116));
#2289 = CARTESIAN_POINT('',(2.847658648976,7.468374324456));
#2290 = CARTESIAN_POINT('',(2.860453534811,7.202283457531));
#2291 = CARTESIAN_POINT('',(2.873248420646,6.9361284274));
#2292 = CARTESIAN_POINT('',(2.886043306481,6.67));
#2293 = ( GEOMETRIC_REPRESENTATION_CONTEXT(2) 
PARAMETRIC_REPRESENTATION_CONTEXT() REPRESENTATION_CONTEXT('2D SPACE',''
  ) );
#2294 = PCURVE('',#2295,#2300);
#2295 = PLANE('',#2296);
#2296 = AXIS2_PLACEMENT_3D('',#2297,#2298,#2299);
#2297 = CARTESIAN_POINT('',(-74.67647619362,4.1,-1.207407282861));
#2298 = DIRECTION('',(-0.186565325536,0.693108716252,0.696271273832));
#2299 = DIRECTION('',(-0.179389736093,-0.720833064902,0.669491609454));
#2300 = DEFINITIONAL_REPRESENTATION('',(#2301),#2305);
#2301 = ELLIPSE('',#2302,28.855502074994,20.);
#2302 = AXIS2_PLACEMENT_2D('',#2303,#2304);
#2303 = CARTESIAN_POINT('',(1.803468879687,3.219646771413E-15));
#2304 = DIRECTION('',(-1.,-2.775557561563E-17));
#2305 = ( GEOMETRIC_REPRESENTATION_CONTEXT(2) 
PARAMETRIC_REPRESENTATION_CONTEXT() REPRESENTATION_CONTEXT('2D SPACE',''
  ) );
#2306 = ORIENTED_EDGE('',*,*,#2307,.F.);
#2307 = EDGE_CURVE('',#2308,#2276,#2310,.T.);
#2308 = VERTEX_POINT('',#2309);
#2309 = CARTESIAN_POINT('',(-92.86858231743,4.,-8.984084035954));
#2310 = SURFACE_CURVE('',#2311,(#2316,#2323),.PCURVE_S1.);
#2311 = CIRCLE('',#2312,20.);
#2312 = AXIS2_PLACEMENT_3D('',#2313,#2314,#2315);
#2313 = CARTESIAN_POINT('',(-75.,4.,4.440892098501E-16));
#2314 = DIRECTION('',(-0.,1.,1.110223024625E-16));
#2315 = DIRECTION('',(1.,0.,0.));
#2316 = PCURVE('',#559,#2317);
#2317 = DEFINITIONAL_REPRESENTATION('',(#2318),#2322);
#2318 = LINE('',#2319,#2320);
#2319 = CARTESIAN_POINT('',(0.,8.));
#2320 = VECTOR('',#2321,1.);
#2321 = DIRECTION('',(1.,0.));
#2322 = ( GEOMETRIC_REPRESENTATION_CONTEXT(2) 
PARAMETRIC_REPRESENTATION_CONTEXT() REPRESENTATION_CONTEXT('2D SPACE',''
  ) );
#2323 = PCURVE('',#2324,#2329);
#2324 = PLANE('',#2325);
#2325 = AXIS2_PLACEMENT_3D('',#2326,#2327,#2328);
#2326 = CARTESIAN_POINT('',(-75.,4.,4.440892098501E-16));
#2327 = DIRECTION('',(0.,1.,1.110223024625E-16));
#2328 = DIRECTION('',(1.,0.,0.));
#2329 = DEFINITIONAL_REPRESENTATION('',(#2330),#2334);
#2330 = CIRCLE('',#2331,20.);
#2331 = AXIS2_PLACEMENT_2D('',#2332,#2333);
#2332 = CARTESIAN_POINT('',(0.,0.));
#2333 = DIRECTION('',(1.,0.));
#2334 = ( GEOMETRIC_REPRESENTATION_CONTEXT(2) 
PARAMETRIC_REPRESENTATION_CONTEXT() REPRESENTATION_CONTEXT('2D SPACE',''
  ) );
#2335 = ORIENTED_EDGE('',*,*,#2336,.F.);
#2336 = EDGE_CURVE('',#2337,#2308,#2339,.T.);
#2337 = VERTEX_POINT('',#2338);
#2338 = CARTESIAN_POINT('',(-92.32050807568,2.8,-10.));
#2339 = SURFACE_CURVE('',#2340,(#2345,#2355),.PCURVE_S1.);
#2340 = ELLIPSE('',#2341,28.855502074994,20.);
#2341 = AXIS2_PLACEMENT_3D('',#2342,#2343,#2344);
#2342 = CARTESIAN_POINT('',(-75.,2.8,3.10862446895E-16));
#2343 = DIRECTION('',(0.360416532451,0.693108716252,-0.624259746093));
#2344 = DIRECTION('',(-0.346554358126,0.720833064902,0.600249755858));
#2345 = PCURVE('',#559,#2346);
#2346 = DEFINITIONAL_REPRESENTATION('',(#2347),#2354);
#2347 = B_SPLINE_CURVE_WITH_KNOTS('',5,(#2348,#2349,#2350,#2351,#2352,
    #2353),.UNSPECIFIED.,.F.,.F.,(6,6),(4.706138939694,4.77011336887),
  .PIECEWISE_BEZIER_KNOTS.);
#2348 = CARTESIAN_POINT('',(2.611743837301,6.67));
#2349 = CARTESIAN_POINT('',(2.624538723136,6.9361284274));
#2350 = CARTESIAN_POINT('',(2.637333608971,7.202283457531));
#2351 = CARTESIAN_POINT('',(2.650128494806,7.468374324456));
#2352 = CARTESIAN_POINT('',(2.662923380642,7.734310244116));
#2353 = CARTESIAN_POINT('',(2.675718266477,8.0000006));
#2354 = ( GEOMETRIC_REPRESENTATION_CONTEXT(2) 
PARAMETRIC_REPRESENTATION_CONTEXT() REPRESENTATION_CONTEXT('2D SPACE',''
  ) );
#2355 = PCURVE('',#2356,#2361);
#2356 = PLANE('',#2357);
#2357 = AXIS2_PLACEMENT_3D('',#2358,#2359,#2360);
#2358 = CARTESIAN_POINT('',(-75.,2.8,3.10862446895E-16));
#2359 = DIRECTION('',(0.360416532451,0.693108716252,-0.624259746093));
#2360 = DIRECTION('',(-0.346554358126,0.720833064902,0.600249755858));
#2361 = DEFINITIONAL_REPRESENTATION('',(#2362),#2366);
#2362 = ELLIPSE('',#2363,28.855502074994,20.);
#2363 = AXIS2_PLACEMENT_2D('',#2364,#2365);
#2364 = CARTESIAN_POINT('',(0.,0.));
#2365 = DIRECTION('',(1.,-1.110223024625E-16));
#2366 = ( GEOMETRIC_REPRESENTATION_CONTEXT(2) 
PARAMETRIC_REPRESENTATION_CONTEXT() REPRESENTATION_CONTEXT('2D SPACE',''
  ) );
#2367 = ORIENTED_EDGE('',*,*,#2368,.F.);
#2368 = EDGE_CURVE('',#2369,#2337,#2371,.T.);
#2369 = VERTEX_POINT('',#2370);
#2370 = CARTESIAN_POINT('',(-91.71473616358,4.,-10.98260419853));
#2371 = SURFACE_CURVE('',#2372,(#2377,#2387),.PCURVE_S1.);
#2372 = ELLIPSE('',#2373,28.855502074994,20.);
#2373 = AXIS2_PLACEMENT_3D('',#2374,#2375,#2376);
#2374 = CARTESIAN_POINT('',(-75.,2.8,3.10862446895E-16));
#2375 = DIRECTION('',(-0.360416532451,0.693108716252,0.624259746093));
#2376 = DIRECTION('',(0.346554358126,0.720833064902,-0.600249755858));
#2377 = PCURVE('',#559,#2378);
#2378 = DEFINITIONAL_REPRESENTATION('',(#2379),#2386);
#2379 = B_SPLINE_CURVE_WITH_KNOTS('',5,(#2380,#2381,#2382,#2383,#2384,
    #2385),.UNSPECIFIED.,.F.,.F.,(6,6),(1.513071938309,1.577046367486),
  .PIECEWISE_BEZIER_KNOTS.);
#2380 = CARTESIAN_POINT('',(2.560269489506,8.0000006));
#2381 = CARTESIAN_POINT('',(2.573064375341,7.734310244116));
#2382 = CARTESIAN_POINT('',(2.585859261177,7.468374324456));
#2383 = CARTESIAN_POINT('',(2.598654147012,7.202283457531));
#2384 = CARTESIAN_POINT('',(2.611449032847,6.9361284274));
#2385 = CARTESIAN_POINT('',(2.624243918682,6.67));
#2386 = ( GEOMETRIC_REPRESENTATION_CONTEXT(2) 
PARAMETRIC_REPRESENTATION_CONTEXT() REPRESENTATION_CONTEXT('2D SPACE',''
  ) );
#2387 = PCURVE('',#2388,#2393);
#2388 = PLANE('',#2389);
#2389 = AXIS2_PLACEMENT_3D('',#2390,#2391,#2392);
#2390 = CARTESIAN_POINT('',(-74.375,4.1,-1.082531754731));
#2391 = DIRECTION('',(-0.360416532451,0.693108716252,0.624259746093));
#2392 = DIRECTION('',(-0.346554358126,-0.720833064902,0.600249755858));
#2393 = DEFINITIONAL_REPRESENTATION('',(#2394),#2398);
#2394 = ELLIPSE('',#2395,28.855502074994,20.);
#2395 = AXIS2_PLACEMENT_2D('',#2396,#2397);
#2396 = CARTESIAN_POINT('',(1.803468879687,-2.22044604925E-16));
#2397 = DIRECTION('',(-1.,5.551115123126E-17));
#2398 = ( GEOMETRIC_REPRESENTATION_CONTEXT(2) 
PARAMETRIC_REPRESENTATION_CONTEXT() REPRESENTATION_CONTEXT('2D SPACE',''
  ) );
#2399 = ORIENTED_EDGE('',*,*,#2400,.F.);
#2400 = EDGE_CURVE('',#2401,#2369,#2403,.T.);
#2401 = VERTEX_POINT('',#2402);
#2402 = CARTESIAN_POINT('',(-89.93447308827,4.,-13.30268820861));
#2403 = SURFACE_CURVE('',#2404,(#2409,#2416),.PCURVE_S1.);
#2404 = CIRCLE('',#2405,20.);
#2405 = AXIS2_PLACEMENT_3D('',#2406,#2407,#2408);
#2406 = CARTESIAN_POINT('',(-75.,4.,4.440892098501E-16));
#2407 = DIRECTION('',(-0.,1.,1.110223024625E-16));
#2408 = DIRECTION('',(1.,0.,0.));
#2409 = PCURVE('',#559,#2410);
#2410 = DEFINITIONAL_REPRESENTATION('',(#2411),#2415);
#2411 = LINE('',#2412,#2413);
#2412 = CARTESIAN_POINT('',(0.,8.));
#2413 = VECTOR('',#2414,1.);
#2414 = DIRECTION('',(1.,0.));
#2415 = ( GEOMETRIC_REPRESENTATION_CONTEXT(2) 
PARAMETRIC_REPRESENTATION_CONTEXT() REPRESENTATION_CONTEXT('2D SPACE',''
  ) );
#2416 = PCURVE('',#2417,#2422);
#2417 = PLANE('',#2418);
#2418 = AXIS2_PLACEMENT_3D('',#2419,#2420,#2421);
#2419 = CARTESIAN_POINT('',(-75.,4.,4.440892098501E-16));
#2420 = DIRECTION('',(0.,1.,1.110223024625E-16));
#2421 = DIRECTION('',(1.,0.,0.));
#2422 = DEFINITIONAL_REPRESENTATION('',(#2423),#2427);
#2423 = CIRCLE('',#2424,20.);
#2424 = AXIS2_PLACEMENT_2D('',#2425,#2426);
#2425 = CARTESIAN_POINT('',(0.,0.));
#2426 = DIRECTION('',(1.,0.));
#2427 = ( GEOMETRIC_REPRESENTATION_CONTEXT(2) 
PARAMETRIC_REPRESENTATION_CONTEXT() REPRESENTATION_CONTEXT('2D SPACE',''
  ) );
#2428 = ORIENTED_EDGE('',*,*,#2429,.F.);
#2429 = EDGE_CURVE('',#2430,#2401,#2432,.T.);
#2430 = VERTEX_POINT('',#2431);
#2431 = CARTESIAN_POINT('',(-89.14213562373,2.8,-14.14213562373));
#2432 = SURFACE_CURVE('',#2433,(#2438,#2448),.PCURVE_S1.);
#2433 = ELLIPSE('',#2434,28.855502074994,20.);
#2434 = AXIS2_PLACEMENT_3D('',#2435,#2436,#2437);
#2435 = CARTESIAN_POINT('',(-75.,2.8,3.10862446895E-16));
#2436 = DIRECTION('',(0.509705948296,0.693108716252,-0.509705948296));
#2437 = DIRECTION('',(-0.490101873361,0.720833064902,0.490101873361));
#2438 = PCURVE('',#559,#2439);
#2439 = DEFINITIONAL_REPRESENTATION('',(#2440),#2447);
#2440 = B_SPLINE_CURVE_WITH_KNOTS('',5,(#2441,#2442,#2443,#2444,#2445,
    #2446),.UNSPECIFIED.,.F.,.F.,(6,6),(4.706138939694,4.77011336887),
  .PIECEWISE_BEZIER_KNOTS.);
#2441 = CARTESIAN_POINT('',(2.349944449502,6.67));
#2442 = CARTESIAN_POINT('',(2.362739335337,6.9361284274));
#2443 = CARTESIAN_POINT('',(2.375534221172,7.202283457531));
#2444 = CARTESIAN_POINT('',(2.388329107007,7.468374324456));
#2445 = CARTESIAN_POINT('',(2.401123992843,7.734310244116));
#2446 = CARTESIAN_POINT('',(2.413918878678,8.0000006));
#2447 = ( GEOMETRIC_REPRESENTATION_CONTEXT(2) 
PARAMETRIC_REPRESENTATION_CONTEXT() REPRESENTATION_CONTEXT('2D SPACE',''
  ) );
#2448 = PCURVE('',#2449,#2454);
#2449 = PLANE('',#2450);
#2450 = AXIS2_PLACEMENT_3D('',#2451,#2452,#2453);
#2451 = CARTESIAN_POINT('',(-75.,2.8,3.10862446895E-16));
#2452 = DIRECTION('',(0.509705948296,0.693108716252,-0.509705948296));
#2453 = DIRECTION('',(-0.490101873361,0.720833064902,0.490101873361));
#2454 = DEFINITIONAL_REPRESENTATION('',(#2455),#2459);
#2455 = ELLIPSE('',#2456,28.855502074994,20.);
#2456 = AXIS2_PLACEMENT_2D('',#2457,#2458);
#2457 = CARTESIAN_POINT('',(0.,0.));
#2458 = DIRECTION('',(1.,0.));
#2459 = ( GEOMETRIC_REPRESENTATION_CONTEXT(2) 
PARAMETRIC_REPRESENTATION_CONTEXT() REPRESENTATION_CONTEXT('2D SPACE',''
  ) );
#2460 = ORIENTED_EDGE('',*,*,#2461,.F.);
#2461 = EDGE_CURVE('',#2462,#2430,#2464,.T.);
#2462 = VERTEX_POINT('',#2463);
#2463 = CARTESIAN_POINT('',(-88.30268820861,4.,-14.93447308827));
#2464 = SURFACE_CURVE('',#2465,(#2470,#2480),.PCURVE_S1.);
#2465 = ELLIPSE('',#2466,28.855502074994,20.);
#2466 = AXIS2_PLACEMENT_3D('',#2467,#2468,#2469);
#2467 = CARTESIAN_POINT('',(-75.,2.8,3.10862446895E-16));
#2468 = DIRECTION('',(-0.509705948296,0.693108716252,0.509705948296));
#2469 = DIRECTION('',(0.490101873361,0.720833064902,-0.490101873361));
#2470 = PCURVE('',#559,#2471);
#2471 = DEFINITIONAL_REPRESENTATION('',(#2472),#2479);
#2472 = B_SPLINE_CURVE_WITH_KNOTS('',5,(#2473,#2474,#2475,#2476,#2477,
    #2478),.UNSPECIFIED.,.F.,.F.,(6,6),(1.513071938309,1.577046367486),
  .PIECEWISE_BEZIER_KNOTS.);
#2473 = CARTESIAN_POINT('',(2.298470101707,8.0000006));
#2474 = CARTESIAN_POINT('',(2.311264987542,7.734310244116));
#2475 = CARTESIAN_POINT('',(2.324059873377,7.468374324456));
#2476 = CARTESIAN_POINT('',(2.336854759213,7.202283457531));
#2477 = CARTESIAN_POINT('',(2.349649645048,6.9361284274));
#2478 = CARTESIAN_POINT('',(2.362444530883,6.67));
#2479 = ( GEOMETRIC_REPRESENTATION_CONTEXT(2) 
PARAMETRIC_REPRESENTATION_CONTEXT() REPRESENTATION_CONTEXT('2D SPACE',''
  ) );
#2480 = PCURVE('',#2481,#2486);
#2481 = PLANE('',#2482);
#2482 = AXIS2_PLACEMENT_3D('',#2483,#2484,#2485);
#2483 = CARTESIAN_POINT('',(-74.11611652351,4.1,-0.883883476483));
#2484 = DIRECTION('',(-0.509705948296,0.693108716252,0.509705948296));
#2485 = DIRECTION('',(-0.490101873361,-0.720833064902,0.490101873361));
#2486 = DEFINITIONAL_REPRESENTATION('',(#2487),#2491);
#2487 = ELLIPSE('',#2488,28.855502074994,20.);
#2488 = AXIS2_PLACEMENT_2D('',#2489,#2490);
#2489 = CARTESIAN_POINT('',(1.803468879687,-6.328271240363E-15));
#2490 = DIRECTION('',(-1.,-5.551115123126E-17));
#2491 = ( GEOMETRIC_REPRESENTATION_CONTEXT(2) 
PARAMETRIC_REPRESENTATION_CONTEXT() REPRESENTATION_CONTEXT('2D SPACE',''
  ) );
#2492 = ORIENTED_EDGE('',*,*,#2493,.F.);
#2493 = EDGE_CURVE('',#2494,#2462,#2496,.T.);
#2494 = VERTEX_POINT('',#2495);
#2495 = CARTESIAN_POINT('',(-85.98260419853,4.,-16.71473616358));
#2496 = SURFACE_CURVE('',#2497,(#2502,#2509),.PCURVE_S1.);
#2497 = CIRCLE('',#2498,20.);
#2498 = AXIS2_PLACEMENT_3D('',#2499,#2500,#2501);
#2499 = CARTESIAN_POINT('',(-75.,4.,4.440892098501E-16));
#2500 = DIRECTION('',(-0.,1.,1.110223024625E-16));
#2501 = DIRECTION('',(1.,0.,0.));
#2502 = PCURVE('',#559,#2503);
#2503 = DEFINITIONAL_REPRESENTATION('',(#2504),#2508);
#2504 = LINE('',#2505,#2506);
#2505 = CARTESIAN_POINT('',(0.,8.));
#2506 = VECTOR('',#2507,1.);
#2507 = DIRECTION('',(1.,0.));
#2508 = ( GEOMETRIC_REPRESENTATION_CONTEXT(2) 
PARAMETRIC_REPRESENTATION_CONTEXT() REPRESENTATION_CONTEXT('2D SPACE',''
  ) );
#2509 = PCURVE('',#2510,#2515);
#2510 = PLANE('',#2511);
#2511 = AXIS2_PLACEMENT_3D('',#2512,#2513,#2514);
#2512 = CARTESIAN_POINT('',(-75.,4.,4.440892098501E-16));
#2513 = DIRECTION('',(0.,1.,1.110223024625E-16));
#2514 = DIRECTION('',(1.,0.,0.));
#2515 = DEFINITIONAL_REPRESENTATION('',(#2516),#2520);
#2516 = CIRCLE('',#2517,20.);
#2517 = AXIS2_PLACEMENT_2D('',#2518,#2519);
#2518 = CARTESIAN_POINT('',(0.,0.));
#2519 = DIRECTION('',(1.,0.));
#2520 = ( GEOMETRIC_REPRESENTATION_CONTEXT(2) 
PARAMETRIC_REPRESENTATION_CONTEXT() REPRESENTATION_CONTEXT('2D SPACE',''
  ) );
#2521 = ORIENTED_EDGE('',*,*,#2522,.F.);
#2522 = EDGE_CURVE('',#2523,#2494,#2525,.T.);
#2523 = VERTEX_POINT('',#2524);
#2524 = CARTESIAN_POINT('',(-85.,2.8,-17.32050807568));
#2525 = SURFACE_CURVE('',#2526,(#2531,#2541),.PCURVE_S1.);
#2526 = ELLIPSE('',#2527,28.855502074994,20.);
#2527 = AXIS2_PLACEMENT_3D('',#2528,#2529,#2530);
#2528 = CARTESIAN_POINT('',(-75.,2.8,3.10862446895E-16));
#2529 = DIRECTION('',(0.624259746093,0.693108716252,-0.360416532451));
#2530 = DIRECTION('',(-0.600249755858,0.720833064902,0.346554358126));
#2531 = PCURVE('',#559,#2532);
#2532 = DEFINITIONAL_REPRESENTATION('',(#2533),#2540);
#2533 = B_SPLINE_CURVE_WITH_KNOTS('',5,(#2534,#2535,#2536,#2537,#2538,
    #2539),.UNSPECIFIED.,.F.,.F.,(6,6),(4.706138939694,4.77011336887),
  .PIECEWISE_BEZIER_KNOTS.);
#2534 = CARTESIAN_POINT('',(2.088145061702,6.67));
#2535 = CARTESIAN_POINT('',(2.100939947538,6.9361284274));
#2536 = CARTESIAN_POINT('',(2.113734833373,7.202283457531));
#2537 = CARTESIAN_POINT('',(2.126529719208,7.468374324456));
#2538 = CARTESIAN_POINT('',(2.139324605043,7.734310244116));
#2539 = CARTESIAN_POINT('',(2.152119490879,8.0000006));
#2540 = ( GEOMETRIC_REPRESENTATION_CONTEXT(2) 
PARAMETRIC_REPRESENTATION_CONTEXT() REPRESENTATION_CONTEXT('2D SPACE',''
  ) );
#2541 = PCURVE('',#2542,#2547);
#2542 = PLANE('',#2543);
#2543 = AXIS2_PLACEMENT_3D('',#2544,#2545,#2546);
#2544 = CARTESIAN_POINT('',(-75.,2.8,3.10862446895E-16));
#2545 = DIRECTION('',(0.624259746093,0.693108716252,-0.360416532451));
#2546 = DIRECTION('',(-0.600249755858,0.720833064902,0.346554358126));
#2547 = DEFINITIONAL_REPRESENTATION('',(#2548),#2552);
#2548 = ELLIPSE('',#2549,28.855502074994,20.);
#2549 = AXIS2_PLACEMENT_2D('',#2550,#2551);
#2550 = CARTESIAN_POINT('',(0.,0.));
#2551 = DIRECTION('',(1.,0.));
#2552 = ( GEOMETRIC_REPRESENTATION_CONTEXT(2) 
PARAMETRIC_REPRESENTATION_CONTEXT() REPRESENTATION_CONTEXT('2D SPACE',''
  ) );
#2553 = ORIENTED_EDGE('',*,*,#2554,.F.);
#2554 = EDGE_CURVE('',#2555,#2523,#2557,.T.);
#2555 = VERTEX_POINT('',#2556);
#2556 = CARTESIAN_POINT('',(-83.98408403595,4.,-17.86858231743));
#2557 = SURFACE_CURVE('',#2558,(#2563,#2573),.PCURVE_S1.);
#2558 = ELLIPSE('',#2559,28.855502074994,20.);
#2559 = AXIS2_PLACEMENT_3D('',#2560,#2561,#2562);
#2560 = CARTESIAN_POINT('',(-75.,2.8,3.10862446895E-16));
#2561 = DIRECTION('',(-0.624259746093,0.693108716252,0.360416532451));
#2562 = DIRECTION('',(0.600249755858,0.720833064902,-0.346554358126));
#2563 = PCURVE('',#559,#2564);
#2564 = DEFINITIONAL_REPRESENTATION('',(#2565),#2572);
#2565 = B_SPLINE_CURVE_WITH_KNOTS('',5,(#2566,#2567,#2568,#2569,#2570,
    #2571),.UNSPECIFIED.,.F.,.F.,(6,6),(1.513071938309,1.577046367486),
  .PIECEWISE_BEZIER_KNOTS.);
#2566 = CARTESIAN_POINT('',(2.036670713908,8.0000006));
#2567 = CARTESIAN_POINT('',(2.049465599743,7.734310244116));
#2568 = CARTESIAN_POINT('',(2.062260485578,7.468374324456));
#2569 = CARTESIAN_POINT('',(2.075055371414,7.202283457531));
#2570 = CARTESIAN_POINT('',(2.087850257249,6.9361284274));
#2571 = CARTESIAN_POINT('',(2.100645143084,6.67));
#2572 = ( GEOMETRIC_REPRESENTATION_CONTEXT(2) 
PARAMETRIC_REPRESENTATION_CONTEXT() REPRESENTATION_CONTEXT('2D SPACE',''
  ) );
#2573 = PCURVE('',#2574,#2579);
#2574 = PLANE('',#2575);
#2575 = AXIS2_PLACEMENT_3D('',#2576,#2577,#2578);
#2576 = CARTESIAN_POINT('',(-73.91746824526,4.1,-0.625));
#2577 = DIRECTION('',(-0.624259746093,0.693108716252,0.360416532451));
#2578 = DIRECTION('',(-0.600249755858,-0.720833064902,0.346554358126));
#2579 = DEFINITIONAL_REPRESENTATION('',(#2580),#2584);
#2580 = ELLIPSE('',#2581,28.855502074994,20.);
#2581 = AXIS2_PLACEMENT_2D('',#2582,#2583);
#2582 = CARTESIAN_POINT('',(1.803468879687,-3.10862446895E-15));
#2583 = DIRECTION('',(-1.,0.));
#2584 = ( GEOMETRIC_REPRESENTATION_CONTEXT(2) 
PARAMETRIC_REPRESENTATION_CONTEXT() REPRESENTATION_CONTEXT('2D SPACE',''
  ) );
#2585 = ORIENTED_EDGE('',*,*,#2586,.F.);
#2586 = EDGE_CURVE('',#2587,#2555,#2589,.T.);
#2587 = VERTEX_POINT('',#2588);
#2588 = CARTESIAN_POINT('',(-81.28228898227,4.,-18.98770247142));
#2589 = SURFACE_CURVE('',#2590,(#2595,#2602),.PCURVE_S1.);
#2590 = CIRCLE('',#2591,20.);
#2591 = AXIS2_PLACEMENT_3D('',#2592,#2593,#2594);
#2592 = CARTESIAN_POINT('',(-75.,4.,4.440892098501E-16));
#2593 = DIRECTION('',(-0.,1.,1.110223024625E-16));
#2594 = DIRECTION('',(1.,0.,0.));
#2595 = PCURVE('',#559,#2596);
#2596 = DEFINITIONAL_REPRESENTATION('',(#2597),#2601);
#2597 = LINE('',#2598,#2599);
#2598 = CARTESIAN_POINT('',(0.,8.));
#2599 = VECTOR('',#2600,1.);
#2600 = DIRECTION('',(1.,0.));
#2601 = ( GEOMETRIC_REPRESENTATION_CONTEXT(2) 
PARAMETRIC_REPRESENTATION_CONTEXT() REPRESENTATION_CONTEXT('2D SPACE',''
  ) );
#2602 = PCURVE('',#2603,#2608);
#2603 = PLANE('',#2604);
#2604 = AXIS2_PLACEMENT_3D('',#2605,#2606,#2607);
#2605 = CARTESIAN_POINT('',(-75.,4.,4.440892098501E-16));
#2606 = DIRECTION('',(0.,1.,1.110223024625E-16));
#2607 = DIRECTION('',(1.,0.,0.));
#2608 = DEFINITIONAL_REPRESENTATION('',(#2609),#2613);
#2609 = CIRCLE('',#2610,20.);
#2610 = AXIS2_PLACEMENT_2D('',#2611,#2612);
#2611 = CARTESIAN_POINT('',(0.,0.));
#2612 = DIRECTION('',(1.,0.));
#2613 = ( GEOMETRIC_REPRESENTATION_CONTEXT(2) 
PARAMETRIC_REPRESENTATION_CONTEXT() REPRESENTATION_CONTEXT('2D SPACE',''
  ) );
#2614 = ORIENTED_EDGE('',*,*,#2615,.F.);
#2615 = EDGE_CURVE('',#2616,#2587,#2618,.T.);
#2616 = VERTEX_POINT('',#2617);
#2617 = CARTESIAN_POINT('',(-80.17638090205,2.8,-19.31851652578));
#2618 = SURFACE_CURVE('',#2619,(#2624,#2634),.PCURVE_S1.);
#2619 = ELLIPSE('',#2620,28.855502074994,20.);
#2620 = AXIS2_PLACEMENT_3D('',#2621,#2622,#2623);
#2621 = CARTESIAN_POINT('',(-75.,2.8,3.10862446895E-16));
#2622 = DIRECTION('',(0.696271273832,0.693108716252,-0.186565325536));
#2623 = DIRECTION('',(-0.669491609454,0.720833064902,0.179389736093));
#2624 = PCURVE('',#559,#2625);
#2625 = DEFINITIONAL_REPRESENTATION('',(#2626),#2633);
#2626 = B_SPLINE_CURVE_WITH_KNOTS('',5,(#2627,#2628,#2629,#2630,#2631,
    #2632),.UNSPECIFIED.,.F.,.F.,(6,6),(4.706138939694,4.77011336887),
  .PIECEWISE_BEZIER_KNOTS.);
#2627 = CARTESIAN_POINT('',(1.826345673903,6.67));
#2628 = CARTESIAN_POINT('',(1.839140559738,6.9361284274));
#2629 = CARTESIAN_POINT('',(1.851935445574,7.202283457531));
#2630 = CARTESIAN_POINT('',(1.864730331409,7.468374324456));
#2631 = CARTESIAN_POINT('',(1.877525217244,7.734310244116));
#2632 = CARTESIAN_POINT('',(1.89032010308,8.0000006));
#2633 = ( GEOMETRIC_REPRESENTATION_CONTEXT(2) 
PARAMETRIC_REPRESENTATION_CONTEXT() REPRESENTATION_CONTEXT('2D SPACE',''
  ) );
#2634 = PCURVE('',#2635,#2640);
#2635 = PLANE('',#2636);
#2636 = AXIS2_PLACEMENT_3D('',#2637,#2638,#2639);
#2637 = CARTESIAN_POINT('',(-75.,2.8,3.10862446895E-16));
#2638 = DIRECTION('',(0.696271273832,0.693108716252,-0.186565325536));
#2639 = DIRECTION('',(-0.669491609454,0.720833064902,0.179389736093));
#2640 = DEFINITIONAL_REPRESENTATION('',(#2641),#2645);
#2641 = ELLIPSE('',#2642,28.855502074994,20.);
#2642 = AXIS2_PLACEMENT_2D('',#2643,#2644);
#2643 = CARTESIAN_POINT('',(0.,0.));
#2644 = DIRECTION('',(1.,-2.775557561563E-17));
#2645 = ( GEOMETRIC_REPRESENTATION_CONTEXT(2) 
PARAMETRIC_REPRESENTATION_CONTEXT() REPRESENTATION_CONTEXT('2D SPACE',''
  ) );
#2646 = ORIENTED_EDGE('',*,*,#2647,.F.);
#2647 = EDGE_CURVE('',#2648,#2616,#2650,.T.);
#2648 = VERTEX_POINT('',#2649);
#2649 = CARTESIAN_POINT('',(-79.05322938314,4.,-19.58497719088));
#2650 = SURFACE_CURVE('',#2651,(#2656,#2666),.PCURVE_S1.);
#2651 = ELLIPSE('',#2652,28.855502074994,20.);
#2652 = AXIS2_PLACEMENT_3D('',#2653,#2654,#2655);
#2653 = CARTESIAN_POINT('',(-75.,2.8,3.10862446895E-16));
#2654 = DIRECTION('',(-0.696271273832,0.693108716252,0.186565325536));
#2655 = DIRECTION('',(0.669491609454,0.720833064902,-0.179389736093));
#2656 = PCURVE('',#559,#2657);
#2657 = DEFINITIONAL_REPRESENTATION('',(#2658),#2665);
#2658 = B_SPLINE_CURVE_WITH_KNOTS('',5,(#2659,#2660,#2661,#2662,#2663,
    #2664),.UNSPECIFIED.,.F.,.F.,(6,6),(1.513071938309,1.577046367486),
  .PIECEWISE_BEZIER_KNOTS.);
#2659 = CARTESIAN_POINT('',(1.774871326109,8.0000006));
#2660 = CARTESIAN_POINT('',(1.787666211944,7.734310244116));
#2661 = CARTESIAN_POINT('',(1.800461097779,7.468374324456));
#2662 = CARTESIAN_POINT('',(1.813255983614,7.202283457531));
#2663 = CARTESIAN_POINT('',(1.82605086945,6.9361284274));
#2664 = CARTESIAN_POINT('',(1.838845755285,6.67));
#2665 = ( GEOMETRIC_REPRESENTATION_CONTEXT(2) 
PARAMETRIC_REPRESENTATION_CONTEXT() REPRESENTATION_CONTEXT('2D SPACE',''
  ) );
#2666 = PCURVE('',#2667,#2672);
#2667 = PLANE('',#2668);
#2668 = AXIS2_PLACEMENT_3D('',#2669,#2670,#2671);
#2669 = CARTESIAN_POINT('',(-73.79259271713,4.1,-0.323523806378));
#2670 = DIRECTION('',(-0.696271273832,0.693108716252,0.186565325536));
#2671 = DIRECTION('',(-0.669491609454,-0.720833064902,0.179389736093));
#2672 = DEFINITIONAL_REPRESENTATION('',(#2673),#2677);
#2673 = ELLIPSE('',#2674,28.855502074994,20.);
#2674 = AXIS2_PLACEMENT_2D('',#2675,#2676);
#2675 = CARTESIAN_POINT('',(1.803468879687,-1.554312234475E-15));
#2676 = DIRECTION('',(-1.,0.));
#2677 = ( GEOMETRIC_REPRESENTATION_CONTEXT(2) 
PARAMETRIC_REPRESENTATION_CONTEXT() REPRESENTATION_CONTEXT('2D SPACE',''
  ) );
#2678 = ORIENTED_EDGE('',*,*,#2679,.F.);
#2679 = EDGE_CURVE('',#2680,#2648,#2682,.T.);
#2680 = VERTEX_POINT('',#2681);
#2681 = CARTESIAN_POINT('',(-76.15384615384,4.,-19.96668823448));
#2682 = SURFACE_CURVE('',#2683,(#2688,#2695),.PCURVE_S1.);
#2683 = CIRCLE('',#2684,20.);
#2684 = AXIS2_PLACEMENT_3D('',#2685,#2686,#2687);
#2685 = CARTESIAN_POINT('',(-75.,4.,4.440892098501E-16));
#2686 = DIRECTION('',(-0.,1.,1.110223024625E-16));
#2687 = DIRECTION('',(1.,0.,0.));
#2688 = PCURVE('',#559,#2689);
#2689 = DEFINITIONAL_REPRESENTATION('',(#2690),#2694);
#2690 = LINE('',#2691,#2692);
#2691 = CARTESIAN_POINT('',(0.,8.));
#2692 = VECTOR('',#2693,1.);
#2693 = DIRECTION('',(1.,0.));
#2694 = ( GEOMETRIC_REPRESENTATION_CONTEXT(2) 
PARAMETRIC_REPRESENTATION_CONTEXT() REPRESENTATION_CONTEXT('2D SPACE',''
  ) );
#2695 = PCURVE('',#2696,#2701);
#2696 = PLANE('',#2697);
#2697 = AXIS2_PLACEMENT_3D('',#2698,#2699,#2700);
#2698 = CARTESIAN_POINT('',(-75.,4.,4.440892098501E-16));
#2699 = DIRECTION('',(0.,1.,1.110223024625E-16));
#2700 = DIRECTION('',(1.,0.,0.));
#2701 = DEFINITIONAL_REPRESENTATION('',(#2702),#2706);
#2702 = CIRCLE('',#2703,20.);
#2703 = AXIS2_PLACEMENT_2D('',#2704,#2705);
#2704 = CARTESIAN_POINT('',(0.,0.));
#2705 = DIRECTION('',(1.,0.));
#2706 = ( GEOMETRIC_REPRESENTATION_CONTEXT(2) 
PARAMETRIC_REPRESENTATION_CONTEXT() REPRESENTATION_CONTEXT('2D SPACE',''
  ) );
#2707 = ORIENTED_EDGE('',*,*,#2708,.F.);
#2708 = EDGE_CURVE('',#2709,#2680,#2711,.T.);
#2709 = VERTEX_POINT('',#2710);
#2710 = CARTESIAN_POINT('',(-75.,2.8,-20.));
#2711 = SURFACE_CURVE('',#2712,(#2717,#2727),.PCURVE_S1.);
#2712 = ELLIPSE('',#2713,28.855502074994,20.);
#2713 = AXIS2_PLACEMENT_3D('',#2714,#2715,#2716);
#2714 = CARTESIAN_POINT('',(-75.,2.8,3.10862446895E-16));
#2715 = DIRECTION('',(0.720833064902,0.693108716252,1.569790720916E-16)
  );
#2716 = DIRECTION('',(-0.693108716252,0.720833064902,3.078021021404E-18)
  );
#2717 = PCURVE('',#559,#2718);
#2718 = DEFINITIONAL_REPRESENTATION('',(#2719),#2726);
#2719 = B_SPLINE_CURVE_WITH_KNOTS('',5,(#2720,#2721,#2722,#2723,#2724,
    #2725),.UNSPECIFIED.,.F.,.F.,(6,6),(4.706138939694,4.77011336887),
  .PIECEWISE_BEZIER_KNOTS.);
#2720 = CARTESIAN_POINT('',(1.564546286104,6.67));
#2721 = CARTESIAN_POINT('',(1.577341171939,6.9361284274));
#2722 = CARTESIAN_POINT('',(1.590136057775,7.202283457531));
#2723 = CARTESIAN_POINT('',(1.60293094361,7.468374324456));
#2724 = CARTESIAN_POINT('',(1.615725829445,7.734310244116));
#2725 = CARTESIAN_POINT('',(1.62852071528,8.0000006));
#2726 = ( GEOMETRIC_REPRESENTATION_CONTEXT(2) 
PARAMETRIC_REPRESENTATION_CONTEXT() REPRESENTATION_CONTEXT('2D SPACE',''
  ) );
#2727 = PCURVE('',#2728,#2733);
#2728 = PLANE('',#2729);
#2729 = AXIS2_PLACEMENT_3D('',#2730,#2731,#2732);
#2730 = CARTESIAN_POINT('',(-75.,2.8,3.10862446895E-16));
#2731 = DIRECTION('',(0.720833064902,0.693108716252,1.569790720916E-16)
  );
#2732 = DIRECTION('',(-0.693108716252,0.720833064902,3.078021021404E-18)
  );
#2733 = DEFINITIONAL_REPRESENTATION('',(#2734),#2738);
#2734 = ELLIPSE('',#2735,28.855502074994,20.);
#2735 = AXIS2_PLACEMENT_2D('',#2736,#2737);
#2736 = CARTESIAN_POINT('',(0.,0.));
#2737 = DIRECTION('',(1.,0.));
#2738 = ( GEOMETRIC_REPRESENTATION_CONTEXT(2) 
PARAMETRIC_REPRESENTATION_CONTEXT() REPRESENTATION_CONTEXT('2D SPACE',''
  ) );
#2739 = ORIENTED_EDGE('',*,*,#2740,.F.);
#2740 = EDGE_CURVE('',#2741,#2709,#2743,.T.);
#2741 = VERTEX_POINT('',#2742);
#2742 = CARTESIAN_POINT('',(-73.84615384615,4.,-19.96668823448));
#2743 = SURFACE_CURVE('',#2744,(#2749,#2759),.PCURVE_S1.);
#2744 = ELLIPSE('',#2745,28.855502074994,20.);
#2745 = AXIS2_PLACEMENT_3D('',#2746,#2747,#2748);
#2746 = CARTESIAN_POINT('',(-75.,2.8,3.10862446895E-16));
#2747 = DIRECTION('',(-0.720833064902,0.693108716252,-3.078021021404E-18
    ));
#2748 = DIRECTION('',(0.693108716252,0.720833064902,1.569790720916E-16)
  );
#2749 = PCURVE('',#559,#2750);
#2750 = DEFINITIONAL_REPRESENTATION('',(#2751),#2758);
#2751 = B_SPLINE_CURVE_WITH_KNOTS('',5,(#2752,#2753,#2754,#2755,#2756,
    #2757),.UNSPECIFIED.,.F.,.F.,(6,6),(1.513071938309,1.577046367486),
  .PIECEWISE_BEZIER_KNOTS.);
#2752 = CARTESIAN_POINT('',(1.513071938309,8.0000006));
#2753 = CARTESIAN_POINT('',(1.525866824145,7.734310244116));
#2754 = CARTESIAN_POINT('',(1.53866170998,7.468374324456));
#2755 = CARTESIAN_POINT('',(1.551456595815,7.202283457531));
#2756 = CARTESIAN_POINT('',(1.56425148165,6.9361284274));
#2757 = CARTESIAN_POINT('',(1.577046367486,6.67));
#2758 = ( GEOMETRIC_REPRESENTATION_CONTEXT(2) 
PARAMETRIC_REPRESENTATION_CONTEXT() REPRESENTATION_CONTEXT('2D SPACE',''
  ) );
#2759 = PCURVE('',#2760,#2765);
#2760 = PLANE('',#2761);
#2761 = AXIS2_PLACEMENT_3D('',#2762,#2763,#2764);
#2762 = CARTESIAN_POINT('',(-73.75,4.1,5.939693181745E-16));
#2763 = DIRECTION('',(-0.720833064902,0.693108716252,-3.078021021404E-18
    ));
#2764 = DIRECTION('',(-0.693108716252,-0.720833064902,
    -1.569790720916E-16));
#2765 = DEFINITIONAL_REPRESENTATION('',(#2766),#2770);
#2766 = ELLIPSE('',#2767,28.855502074994,20.);
#2767 = AXIS2_PLACEMENT_2D('',#2768,#2769);
#2768 = CARTESIAN_POINT('',(1.803468879687,0.));
#2769 = DIRECTION('',(-1.,0.));
#2770 = ( GEOMETRIC_REPRESENTATION_CONTEXT(2) 
PARAMETRIC_REPRESENTATION_CONTEXT() REPRESENTATION_CONTEXT('2D SPACE',''
  ) );
#2771 = ORIENTED_EDGE('',*,*,#2772,.F.);
#2772 = EDGE_CURVE('',#2773,#2741,#2775,.T.);
#2773 = VERTEX_POINT('',#2774);
#2774 = CARTESIAN_POINT('',(-70.94677061685,4.,-19.58497719088));
#2775 = SURFACE_CURVE('',#2776,(#2781,#2788),.PCURVE_S1.);
#2776 = CIRCLE('',#2777,20.);
#2777 = AXIS2_PLACEMENT_3D('',#2778,#2779,#2780);
#2778 = CARTESIAN_POINT('',(-75.,4.,4.440892098501E-16));
#2779 = DIRECTION('',(-0.,1.,1.110223024625E-16));
#2780 = DIRECTION('',(1.,0.,0.));
#2781 = PCURVE('',#559,#2782);
#2782 = DEFINITIONAL_REPRESENTATION('',(#2783),#2787);
#2783 = LINE('',#2784,#2785);
#2784 = CARTESIAN_POINT('',(0.,8.));
#2785 = VECTOR('',#2786,1.);
#2786 = DIRECTION('',(1.,0.));
#2787 = ( GEOMETRIC_REPRESENTATION_CONTEXT(2) 
PARAMETRIC_REPRESENTATION_CONTEXT() REPRESENTATION_CONTEXT('2D SPACE',''
  ) );
#2788 = PCURVE('',#2789,#2794);
#2789 = PLANE('',#2790);
#2790 = AXIS2_PLACEMENT_3D('',#2791,#2792,#2793);
#2791 = CARTESIAN_POINT('',(-75.,4.,4.440892098501E-16));
#2792 = DIRECTION('',(0.,1.,1.110223024625E-16));
#2793 = DIRECTION('',(1.,0.,0.));
#2794 = DEFINITIONAL_REPRESENTATION('',(#2795),#2799);
#2795 = CIRCLE('',#2796,20.);
#2796 = AXIS2_PLACEMENT_2D('',#2797,#2798);
#2797 = CARTESIAN_POINT('',(0.,0.));
#2798 = DIRECTION('',(1.,0.));
#2799 = ( GEOMETRIC_REPRESENTATION_CONTEXT(2) 
PARAMETRIC_REPRESENTATION_CONTEXT() REPRESENTATION_CONTEXT('2D SPACE',''
  ) );
#2800 = ORIENTED_EDGE('',*,*,#2801,.F.);
#2801 = EDGE_CURVE('',#2802,#2773,#2804,.T.);
#2802 = VERTEX_POINT('',#2803);
#2803 = CARTESIAN_POINT('',(-69.82361909795,2.8,-19.31851652578));
#2804 = SURFACE_CURVE('',#2805,(#2810,#2820),.PCURVE_S1.);
#2805 = ELLIPSE('',#2806,28.855502074994,20.);
#2806 = AXIS2_PLACEMENT_3D('',#2807,#2808,#2809);
#2807 = CARTESIAN_POINT('',(-75.,2.8,3.10862446895E-16));
#2808 = DIRECTION('',(0.696271273832,0.693108716252,0.186565325536));
#2809 = DIRECTION('',(-0.669491609454,0.720833064902,-0.179389736093));
#2810 = PCURVE('',#559,#2811);
#2811 = DEFINITIONAL_REPRESENTATION('',(#2812),#2819);
#2812 = B_SPLINE_CURVE_WITH_KNOTS('',5,(#2813,#2814,#2815,#2816,#2817,
    #2818),.UNSPECIFIED.,.F.,.F.,(6,6),(4.706138939694,4.77011336887),
  .PIECEWISE_BEZIER_KNOTS.);
#2813 = CARTESIAN_POINT('',(1.302746898305,6.67));
#2814 = CARTESIAN_POINT('',(1.31554178414,6.9361284274));
#2815 = CARTESIAN_POINT('',(1.328336669975,7.202283457531));
#2816 = CARTESIAN_POINT('',(1.341131555811,7.468374324456));
#2817 = CARTESIAN_POINT('',(1.353926441646,7.734310244116));
#2818 = CARTESIAN_POINT('',(1.366721327481,8.0000006));
#2819 = ( GEOMETRIC_REPRESENTATION_CONTEXT(2) 
PARAMETRIC_REPRESENTATION_CONTEXT() REPRESENTATION_CONTEXT('2D SPACE',''
  ) );
#2820 = PCURVE('',#2821,#2826);
#2821 = PLANE('',#2822);
#2822 = AXIS2_PLACEMENT_3D('',#2823,#2824,#2825);
#2823 = CARTESIAN_POINT('',(-75.,2.8,3.10862446895E-16));
#2824 = DIRECTION('',(0.696271273832,0.693108716252,0.186565325536));
#2825 = DIRECTION('',(-0.669491609454,0.720833064902,-0.179389736093));
#2826 = DEFINITIONAL_REPRESENTATION('',(#2827),#2831);
#2827 = ELLIPSE('',#2828,28.855502074994,20.);
#2828 = AXIS2_PLACEMENT_2D('',#2829,#2830);
#2829 = CARTESIAN_POINT('',(0.,0.));
#2830 = DIRECTION('',(1.,0.));
#2831 = ( GEOMETRIC_REPRESENTATION_CONTEXT(2) 
PARAMETRIC_REPRESENTATION_CONTEXT() REPRESENTATION_CONTEXT('2D SPACE',''
  ) );
#2832 = ORIENTED_EDGE('',*,*,#2833,.F.);
#2833 = EDGE_CURVE('',#2834,#2802,#2836,.T.);
#2834 = VERTEX_POINT('',#2835);
#2835 = CARTESIAN_POINT('',(-68.71771101772,4.,-18.98770247142));
#2836 = SURFACE_CURVE('',#2837,(#2842,#2852),.PCURVE_S1.);
#2837 = ELLIPSE('',#2838,28.855502074994,20.);
#2838 = AXIS2_PLACEMENT_3D('',#2839,#2840,#2841);
#2839 = CARTESIAN_POINT('',(-75.,2.8,3.10862446895E-16));
#2840 = DIRECTION('',(-0.696271273832,0.693108716252,-0.186565325536));
#2841 = DIRECTION('',(0.669491609454,0.720833064902,0.179389736093));
#2842 = PCURVE('',#559,#2843);
#2843 = DEFINITIONAL_REPRESENTATION('',(#2844),#2851);
#2844 = B_SPLINE_CURVE_WITH_KNOTS('',5,(#2845,#2846,#2847,#2848,#2849,
    #2850),.UNSPECIFIED.,.F.,.F.,(6,6),(1.513071938309,1.577046367486),
  .PIECEWISE_BEZIER_KNOTS.);
#2845 = CARTESIAN_POINT('',(1.25127255051,8.0000006));
#2846 = CARTESIAN_POINT('',(1.264067436346,7.734310244116));
#2847 = CARTESIAN_POINT('',(1.276862322181,7.468374324456));
#2848 = CARTESIAN_POINT('',(1.289657208016,7.202283457531));
#2849 = CARTESIAN_POINT('',(1.302452093851,6.9361284274));
#2850 = CARTESIAN_POINT('',(1.315246979687,6.67));
#2851 = ( GEOMETRIC_REPRESENTATION_CONTEXT(2) 
PARAMETRIC_REPRESENTATION_CONTEXT() REPRESENTATION_CONTEXT('2D SPACE',''
  ) );
#2852 = PCURVE('',#2853,#2858);
#2853 = PLANE('',#2854);
#2854 = AXIS2_PLACEMENT_3D('',#2855,#2856,#2857);
#2855 = CARTESIAN_POINT('',(-73.79259271713,4.1,0.323523806378));
#2856 = DIRECTION('',(-0.696271273832,0.693108716252,-0.186565325536));
#2857 = DIRECTION('',(-0.669491609454,-0.720833064902,-0.179389736093));
#2858 = DEFINITIONAL_REPRESENTATION('',(#2859),#2863);
#2859 = ELLIPSE('',#2860,28.855502074994,20.);
#2860 = AXIS2_PLACEMENT_2D('',#2861,#2862);
#2861 = CARTESIAN_POINT('',(1.803468879687,1.609823385706E-15));
#2862 = DIRECTION('',(-1.,-2.775557561563E-17));
#2863 = ( GEOMETRIC_REPRESENTATION_CONTEXT(2) 
PARAMETRIC_REPRESENTATION_CONTEXT() REPRESENTATION_CONTEXT('2D SPACE',''
  ) );
#2864 = ORIENTED_EDGE('',*,*,#2865,.F.);
#2865 = EDGE_CURVE('',#2866,#2834,#2868,.T.);
#2866 = VERTEX_POINT('',#2867);
#2867 = CARTESIAN_POINT('',(-66.01591596404,4.,-17.86858231743));
#2868 = SURFACE_CURVE('',#2869,(#2874,#2881),.PCURVE_S1.);
#2869 = CIRCLE('',#2870,20.);
#2870 = AXIS2_PLACEMENT_3D('',#2871,#2872,#2873);
#2871 = CARTESIAN_POINT('',(-75.,4.,4.440892098501E-16));
#2872 = DIRECTION('',(-0.,1.,1.110223024625E-16));
#2873 = DIRECTION('',(1.,0.,0.));
#2874 = PCURVE('',#559,#2875);
#2875 = DEFINITIONAL_REPRESENTATION('',(#2876),#2880);
#2876 = LINE('',#2877,#2878);
#2877 = CARTESIAN_POINT('',(0.,8.));
#2878 = VECTOR('',#2879,1.);
#2879 = DIRECTION('',(1.,0.));
#2880 = ( GEOMETRIC_REPRESENTATION_CONTEXT(2) 
PARAMETRIC_REPRESENTATION_CONTEXT() REPRESENTATION_CONTEXT('2D SPACE',''
  ) );
#2881 = PCURVE('',#2882,#2887);
#2882 = PLANE('',#2883);
#2883 = AXIS2_PLACEMENT_3D('',#2884,#2885,#2886);
#2884 = CARTESIAN_POINT('',(-75.,4.,4.440892098501E-16));
#2885 = DIRECTION('',(0.,1.,1.110223024625E-16));
#2886 = DIRECTION('',(1.,0.,0.));
#2887 = DEFINITIONAL_REPRESENTATION('',(#2888),#2892);
#2888 = CIRCLE('',#2889,20.);
#2889 = AXIS2_PLACEMENT_2D('',#2890,#2891);
#2890 = CARTESIAN_POINT('',(0.,0.));
#2891 = DIRECTION('',(1.,0.));
#2892 = ( GEOMETRIC_REPRESENTATION_CONTEXT(2) 
PARAMETRIC_REPRESENTATION_CONTEXT() REPRESENTATION_CONTEXT('2D SPACE',''
  ) );
#2893 = ORIENTED_EDGE('',*,*,#2894,.F.);
#2894 = EDGE_CURVE('',#2895,#2866,#2897,.T.);
#2895 = VERTEX_POINT('',#2896);
#2896 = CARTESIAN_POINT('',(-65.,2.8,-17.32050807568));
#2897 = SURFACE_CURVE('',#2898,(#2903,#2913),.PCURVE_S1.);
#2898 = ELLIPSE('',#2899,28.855502074994,20.);
#2899 = AXIS2_PLACEMENT_3D('',#2900,#2901,#2902);
#2900 = CARTESIAN_POINT('',(-75.,2.8,3.10862446895E-16));
#2901 = DIRECTION('',(0.624259746093,0.693108716252,0.360416532451));
#2902 = DIRECTION('',(-0.600249755858,0.720833064902,-0.346554358126));
#2903 = PCURVE('',#559,#2904);
#2904 = DEFINITIONAL_REPRESENTATION('',(#2905),#2912);
#2905 = B_SPLINE_CURVE_WITH_KNOTS('',5,(#2906,#2907,#2908,#2909,#2910,
    #2911),.UNSPECIFIED.,.F.,.F.,(6,6),(4.706138939694,4.77011336887),
  .PIECEWISE_BEZIER_KNOTS.);
#2906 = CARTESIAN_POINT('',(1.040947510506,6.67));
#2907 = CARTESIAN_POINT('',(1.053742396341,6.9361284274));
#2908 = CARTESIAN_POINT('',(1.066537282176,7.202283457531));
#2909 = CARTESIAN_POINT('',(1.079332168012,7.468374324456));
#2910 = CARTESIAN_POINT('',(1.092127053847,7.734310244116));
#2911 = CARTESIAN_POINT('',(1.104921939682,8.0000006));
#2912 = ( GEOMETRIC_REPRESENTATION_CONTEXT(2) 
PARAMETRIC_REPRESENTATION_CONTEXT() REPRESENTATION_CONTEXT('2D SPACE',''
  ) );
#2913 = PCURVE('',#2914,#2919);
#2914 = PLANE('',#2915);
#2915 = AXIS2_PLACEMENT_3D('',#2916,#2917,#2918);
#2916 = CARTESIAN_POINT('',(-75.,2.8,3.10862446895E-16));
#2917 = DIRECTION('',(0.624259746093,0.693108716252,0.360416532451));
#2918 = DIRECTION('',(-0.600249755858,0.720833064902,-0.346554358126));
#2919 = DEFINITIONAL_REPRESENTATION('',(#2920),#2924);
#2920 = ELLIPSE('',#2921,28.855502074994,20.);
#2921 = AXIS2_PLACEMENT_2D('',#2922,#2923);
#2922 = CARTESIAN_POINT('',(0.,0.));
#2923 = DIRECTION('',(1.,0.));
#2924 = ( GEOMETRIC_REPRESENTATION_CONTEXT(2) 
PARAMETRIC_REPRESENTATION_CONTEXT() REPRESENTATION_CONTEXT('2D SPACE',''
  ) );
#2925 = ORIENTED_EDGE('',*,*,#2926,.F.);
#2926 = EDGE_CURVE('',#2927,#2895,#2929,.T.);
#2927 = VERTEX_POINT('',#2928);
#2928 = CARTESIAN_POINT('',(-64.01739580146,4.,-16.71473616358));
#2929 = SURFACE_CURVE('',#2930,(#2935,#2945),.PCURVE_S1.);
#2930 = ELLIPSE('',#2931,28.855502074994,20.);
#2931 = AXIS2_PLACEMENT_3D('',#2932,#2933,#2934);
#2932 = CARTESIAN_POINT('',(-75.,2.8,3.10862446895E-16));
#2933 = DIRECTION('',(-0.624259746093,0.693108716252,-0.360416532451));
#2934 = DIRECTION('',(0.600249755858,0.720833064902,0.346554358126));
#2935 = PCURVE('',#559,#2936);
#2936 = DEFINITIONAL_REPRESENTATION('',(#2937),#2944);
#2937 = B_SPLINE_CURVE_WITH_KNOTS('',5,(#2938,#2939,#2940,#2941,#2942,
    #2943),.UNSPECIFIED.,.F.,.F.,(6,6),(1.513071938309,1.577046367486),
  .PIECEWISE_BEZIER_KNOTS.);
#2938 = CARTESIAN_POINT('',(0.989473162711,8.0000006));
#2939 = CARTESIAN_POINT('',(1.002268048546,7.734310244116));
#2940 = CARTESIAN_POINT('',(1.015062934382,7.468374324456));
#2941 = CARTESIAN_POINT('',(1.027857820217,7.202283457531));
#2942 = CARTESIAN_POINT('',(1.040652706052,6.9361284274));
#2943 = CARTESIAN_POINT('',(1.053447591887,6.67));
#2944 = ( GEOMETRIC_REPRESENTATION_CONTEXT(2) 
PARAMETRIC_REPRESENTATION_CONTEXT() REPRESENTATION_CONTEXT('2D SPACE',''
  ) );
#2945 = PCURVE('',#2946,#2951);
#2946 = PLANE('',#2947);
#2947 = AXIS2_PLACEMENT_3D('',#2948,#2949,#2950);
#2948 = CARTESIAN_POINT('',(-73.91746824526,4.1,0.625));
#2949 = DIRECTION('',(-0.624259746093,0.693108716252,-0.360416532451));
#2950 = DIRECTION('',(-0.600249755858,-0.720833064902,-0.346554358126));
#2951 = DEFINITIONAL_REPRESENTATION('',(#2952),#2956);
#2952 = ELLIPSE('',#2953,28.855502074994,20.);
#2953 = AXIS2_PLACEMENT_2D('',#2954,#2955);
#2954 = CARTESIAN_POINT('',(1.803468879687,3.330669073875E-15));
#2955 = DIRECTION('',(-1.,5.551115123126E-17));
#2956 = ( GEOMETRIC_REPRESENTATION_CONTEXT(2) 
PARAMETRIC_REPRESENTATION_CONTEXT() REPRESENTATION_CONTEXT('2D SPACE',''
  ) );
#2957 = ORIENTED_EDGE('',*,*,#2958,.F.);
#2958 = EDGE_CURVE('',#2959,#2927,#2961,.T.);
#2959 = VERTEX_POINT('',#2960);
#2960 = CARTESIAN_POINT('',(-61.69731179138,4.,-14.93447308827));
#2961 = SURFACE_CURVE('',#2962,(#2967,#2974),.PCURVE_S1.);
#2962 = CIRCLE('',#2963,20.);
#2963 = AXIS2_PLACEMENT_3D('',#2964,#2965,#2966);
#2964 = CARTESIAN_POINT('',(-75.,4.,4.440892098501E-16));
#2965 = DIRECTION('',(-0.,1.,1.110223024625E-16));
#2966 = DIRECTION('',(1.,0.,0.));
#2967 = PCURVE('',#559,#2968);
#2968 = DEFINITIONAL_REPRESENTATION('',(#2969),#2973);
#2969 = LINE('',#2970,#2971);
#2970 = CARTESIAN_POINT('',(0.,8.));
#2971 = VECTOR('',#2972,1.);
#2972 = DIRECTION('',(1.,0.));
#2973 = ( GEOMETRIC_REPRESENTATION_CONTEXT(2) 
PARAMETRIC_REPRESENTATION_CONTEXT() REPRESENTATION_CONTEXT('2D SPACE',''
  ) );
#2974 = PCURVE('',#2975,#2980);
#2975 = PLANE('',#2976);
#2976 = AXIS2_PLACEMENT_3D('',#2977,#2978,#2979);
#2977 = CARTESIAN_POINT('',(-75.,4.,4.440892098501E-16));
#2978 = DIRECTION('',(0.,1.,1.110223024625E-16));
#2979 = DIRECTION('',(1.,0.,0.));
#2980 = DEFINITIONAL_REPRESENTATION('',(#2981),#2985);
#2981 = CIRCLE('',#2982,20.);
#2982 = AXIS2_PLACEMENT_2D('',#2983,#2984);
#2983 = CARTESIAN_POINT('',(0.,0.));
#2984 = DIRECTION('',(1.,0.));
#2985 = ( GEOMETRIC_REPRESENTATION_CONTEXT(2) 
PARAMETRIC_REPRESENTATION_CONTEXT() REPRESENTATION_CONTEXT('2D SPACE',''
  ) );
#2986 = ORIENTED_EDGE('',*,*,#2987,.F.);
#2987 = EDGE_CURVE('',#2988,#2959,#2990,.T.);
#2988 = VERTEX_POINT('',#2989);
#2989 = CARTESIAN_POINT('',(-60.85786437626,2.8,-14.14213562373));
#2990 = SURFACE_CURVE('',#2991,(#2996,#3006),.PCURVE_S1.);
#2991 = ELLIPSE('',#2992,28.855502074994,20.);
#2992 = AXIS2_PLACEMENT_3D('',#2993,#2994,#2995);
#2993 = CARTESIAN_POINT('',(-75.,2.8,3.10862446895E-16));
#2994 = DIRECTION('',(0.509705948296,0.693108716252,0.509705948296));
#2995 = DIRECTION('',(-0.490101873361,0.720833064902,-0.490101873361));
#2996 = PCURVE('',#559,#2997);
#2997 = DEFINITIONAL_REPRESENTATION('',(#2998),#3005);
#2998 = B_SPLINE_CURVE_WITH_KNOTS('',5,(#2999,#3000,#3001,#3002,#3003,
    #3004),.UNSPECIFIED.,.F.,.F.,(6,6),(4.706138939694,4.77011336887),
  .PIECEWISE_BEZIER_KNOTS.);
#2999 = CARTESIAN_POINT('',(0.779148122707,6.67));
#3000 = CARTESIAN_POINT('',(0.791943008542,6.9361284274));
#3001 = CARTESIAN_POINT('',(0.804737894377,7.202283457531));
#3002 = CARTESIAN_POINT('',(0.817532780212,7.468374324456));
#3003 = CARTESIAN_POINT('',(0.830327666048,7.734310244116));
#3004 = CARTESIAN_POINT('',(0.843122551883,8.0000006));
#3005 = ( GEOMETRIC_REPRESENTATION_CONTEXT(2) 
PARAMETRIC_REPRESENTATION_CONTEXT() REPRESENTATION_CONTEXT('2D SPACE',''
  ) );
#3006 = PCURVE('',#3007,#3012);
#3007 = PLANE('',#3008);
#3008 = AXIS2_PLACEMENT_3D('',#3009,#3010,#3011);
#3009 = CARTESIAN_POINT('',(-75.,2.8,3.10862446895E-16));
#3010 = DIRECTION('',(0.509705948296,0.693108716252,0.509705948296));
#3011 = DIRECTION('',(-0.490101873361,0.720833064902,-0.490101873361));
#3012 = DEFINITIONAL_REPRESENTATION('',(#3013),#3017);
#3013 = ELLIPSE('',#3014,28.855502074994,20.);
#3014 = AXIS2_PLACEMENT_2D('',#3015,#3016);
#3015 = CARTESIAN_POINT('',(0.,0.));
#3016 = DIRECTION('',(1.,0.));
#3017 = ( GEOMETRIC_REPRESENTATION_CONTEXT(2) 
PARAMETRIC_REPRESENTATION_CONTEXT() REPRESENTATION_CONTEXT('2D SPACE',''
  ) );
#3018 = ORIENTED_EDGE('',*,*,#3019,.F.);
#3019 = EDGE_CURVE('',#3020,#2988,#3022,.T.);
#3020 = VERTEX_POINT('',#3021);
#3021 = CARTESIAN_POINT('',(-60.06552691172,4.,-13.30268820861));
#3022 = SURFACE_CURVE('',#3023,(#3028,#3038),.PCURVE_S1.);
#3023 = ELLIPSE('',#3024,28.855502074994,20.);
#3024 = AXIS2_PLACEMENT_3D('',#3025,#3026,#3027);
#3025 = CARTESIAN_POINT('',(-75.,2.8,3.10862446895E-16));
#3026 = DIRECTION('',(-0.509705948296,0.693108716252,-0.509705948296));
#3027 = DIRECTION('',(0.490101873361,0.720833064902,0.490101873361));
#3028 = PCURVE('',#559,#3029);
#3029 = DEFINITIONAL_REPRESENTATION('',(#3030),#3037);
#3030 = B_SPLINE_CURVE_WITH_KNOTS('',5,(#3031,#3032,#3033,#3034,#3035,
    #3036),.UNSPECIFIED.,.F.,.F.,(6,6),(1.513071938309,1.577046367486),
  .PIECEWISE_BEZIER_KNOTS.);
#3031 = CARTESIAN_POINT('',(0.727673774912,8.0000006));
#3032 = CARTESIAN_POINT('',(0.740468660747,7.734310244116));
#3033 = CARTESIAN_POINT('',(0.753263546582,7.468374324456));
#3034 = CARTESIAN_POINT('',(0.766058432418,7.202283457531));
#3035 = CARTESIAN_POINT('',(0.778853318253,6.9361284274));
#3036 = CARTESIAN_POINT('',(0.791648204088,6.67));
#3037 = ( GEOMETRIC_REPRESENTATION_CONTEXT(2) 
PARAMETRIC_REPRESENTATION_CONTEXT() REPRESENTATION_CONTEXT('2D SPACE',''
  ) );
#3038 = PCURVE('',#3039,#3044);
#3039 = PLANE('',#3040);
#3040 = AXIS2_PLACEMENT_3D('',#3041,#3042,#3043);
#3041 = CARTESIAN_POINT('',(-74.11611652351,4.1,0.883883476483));
#3042 = DIRECTION('',(-0.509705948296,0.693108716252,-0.509705948296));
#3043 = DIRECTION('',(-0.490101873361,-0.720833064902,-0.490101873361));
#3044 = DEFINITIONAL_REPRESENTATION('',(#3045),#3049);
#3045 = ELLIPSE('',#3046,28.855502074994,20.);
#3046 = AXIS2_PLACEMENT_2D('',#3047,#3048);
#3047 = CARTESIAN_POINT('',(1.803468879687,-6.328271240363E-15));
#3048 = DIRECTION('',(-1.,-1.110223024625E-16));
#3049 = ( GEOMETRIC_REPRESENTATION_CONTEXT(2) 
PARAMETRIC_REPRESENTATION_CONTEXT() REPRESENTATION_CONTEXT('2D SPACE',''
  ) );
#3050 = ORIENTED_EDGE('',*,*,#3051,.F.);
#3051 = EDGE_CURVE('',#3052,#3020,#3054,.T.);
#3052 = VERTEX_POINT('',#3053);
#3053 = CARTESIAN_POINT('',(-58.28526383641,4.,-10.98260419853));
#3054 = SURFACE_CURVE('',#3055,(#3060,#3067),.PCURVE_S1.);
#3055 = CIRCLE('',#3056,20.);
#3056 = AXIS2_PLACEMENT_3D('',#3057,#3058,#3059);
#3057 = CARTESIAN_POINT('',(-75.,4.,4.440892098501E-16));
#3058 = DIRECTION('',(-0.,1.,1.110223024625E-16));
#3059 = DIRECTION('',(1.,0.,0.));
#3060 = PCURVE('',#559,#3061);
#3061 = DEFINITIONAL_REPRESENTATION('',(#3062),#3066);
#3062 = LINE('',#3063,#3064);
#3063 = CARTESIAN_POINT('',(0.,8.));
#3064 = VECTOR('',#3065,1.);
#3065 = DIRECTION('',(1.,0.));
#3066 = ( GEOMETRIC_REPRESENTATION_CONTEXT(2) 
PARAMETRIC_REPRESENTATION_CONTEXT() REPRESENTATION_CONTEXT('2D SPACE',''
  ) );
#3067 = PCURVE('',#3068,#3073);
#3068 = PLANE('',#3069);
#3069 = AXIS2_PLACEMENT_3D('',#3070,#3071,#3072);
#3070 = CARTESIAN_POINT('',(-75.,4.,4.440892098501E-16));
#3071 = DIRECTION('',(0.,1.,1.110223024625E-16));
#3072 = DIRECTION('',(1.,0.,0.));
#3073 = DEFINITIONAL_REPRESENTATION('',(#3074),#3078);
#3074 = CIRCLE('',#3075,20.);
#3075 = AXIS2_PLACEMENT_2D('',#3076,#3077);
#3076 = CARTESIAN_POINT('',(0.,0.));
#3077 = DIRECTION('',(1.,0.));
#3078 = ( GEOMETRIC_REPRESENTATION_CONTEXT(2) 
PARAMETRIC_REPRESENTATION_CONTEXT() REPRESENTATION_CONTEXT('2D SPACE',''
  ) );
#3079 = ORIENTED_EDGE('',*,*,#3080,.F.);
#3080 = EDGE_CURVE('',#3081,#3052,#3083,.T.);
#3081 = VERTEX_POINT('',#3082);
#3082 = CARTESIAN_POINT('',(-57.67949192431,2.8,-10.));
#3083 = SURFACE_CURVE('',#3084,(#3089,#3099),.PCURVE_S1.);
#3084 = ELLIPSE('',#3085,28.855502074994,20.);
#3085 = AXIS2_PLACEMENT_3D('',#3086,#3087,#3088);
#3086 = CARTESIAN_POINT('',(-75.,2.8,3.10862446895E-16));
#3087 = DIRECTION('',(0.360416532451,0.693108716252,0.624259746093));
#3088 = DIRECTION('',(-0.346554358126,0.720833064902,-0.600249755858));
#3089 = PCURVE('',#559,#3090);
#3090 = DEFINITIONAL_REPRESENTATION('',(#3091),#3098);
#3091 = B_SPLINE_CURVE_WITH_KNOTS('',5,(#3092,#3093,#3094,#3095,#3096,
    #3097),.UNSPECIFIED.,.F.,.F.,(6,6),(4.706138939694,4.77011336887),
  .PIECEWISE_BEZIER_KNOTS.);
#3092 = CARTESIAN_POINT('',(0.517348734907,6.67));
#3093 = CARTESIAN_POINT('',(0.530143620743,6.9361284274));
#3094 = CARTESIAN_POINT('',(0.542938506578,7.202283457531));
#3095 = CARTESIAN_POINT('',(0.555733392413,7.468374324456));
#3096 = CARTESIAN_POINT('',(0.568528278249,7.734310244116));
#3097 = CARTESIAN_POINT('',(0.581323164084,8.0000006));
#3098 = ( GEOMETRIC_REPRESENTATION_CONTEXT(2) 
PARAMETRIC_REPRESENTATION_CONTEXT() REPRESENTATION_CONTEXT('2D SPACE',''
  ) );
#3099 = PCURVE('',#3100,#3105);
#3100 = PLANE('',#3101);
#3101 = AXIS2_PLACEMENT_3D('',#3102,#3103,#3104);
#3102 = CARTESIAN_POINT('',(-75.,2.8,3.10862446895E-16));
#3103 = DIRECTION('',(0.360416532451,0.693108716252,0.624259746093));
#3104 = DIRECTION('',(-0.346554358126,0.720833064902,-0.600249755858));
#3105 = DEFINITIONAL_REPRESENTATION('',(#3106),#3110);
#3106 = ELLIPSE('',#3107,28.855502074994,20.);
#3107 = AXIS2_PLACEMENT_2D('',#3108,#3109);
#3108 = CARTESIAN_POINT('',(0.,0.));
#3109 = DIRECTION('',(1.,0.));
#3110 = ( GEOMETRIC_REPRESENTATION_CONTEXT(2) 
PARAMETRIC_REPRESENTATION_CONTEXT() REPRESENTATION_CONTEXT('2D SPACE',''
  ) );
#3111 = ORIENTED_EDGE('',*,*,#3112,.F.);
#3112 = EDGE_CURVE('',#3113,#3081,#3115,.T.);
#3113 = VERTEX_POINT('',#3114);
#3114 = CARTESIAN_POINT('',(-57.13141768256,4.,-8.984084035954));
#3115 = SURFACE_CURVE('',#3116,(#3121,#3131),.PCURVE_S1.);
#3116 = ELLIPSE('',#3117,28.855502074994,20.);
#3117 = AXIS2_PLACEMENT_3D('',#3118,#3119,#3120);
#3118 = CARTESIAN_POINT('',(-75.,2.8,3.10862446895E-16));
#3119 = DIRECTION('',(-0.360416532451,0.693108716252,-0.624259746093));
#3120 = DIRECTION('',(0.346554358126,0.720833064902,0.600249755858));
#3121 = PCURVE('',#559,#3122);
#3122 = DEFINITIONAL_REPRESENTATION('',(#3123),#3130);
#3123 = B_SPLINE_CURVE_WITH_KNOTS('',5,(#3124,#3125,#3126,#3127,#3128,
    #3129),.UNSPECIFIED.,.F.,.F.,(6,6),(1.513071938309,1.577046367486),
  .PIECEWISE_BEZIER_KNOTS.);
#3124 = CARTESIAN_POINT('',(0.465874387113,8.0000006));
#3125 = CARTESIAN_POINT('',(0.478669272948,7.734310244116));
#3126 = CARTESIAN_POINT('',(0.491464158783,7.468374324456));
#3127 = CARTESIAN_POINT('',(0.504259044619,7.202283457531));
#3128 = CARTESIAN_POINT('',(0.517053930454,6.9361284274));
#3129 = CARTESIAN_POINT('',(0.529848816289,6.67));
#3130 = ( GEOMETRIC_REPRESENTATION_CONTEXT(2) 
PARAMETRIC_REPRESENTATION_CONTEXT() REPRESENTATION_CONTEXT('2D SPACE',''
  ) );
#3131 = PCURVE('',#3132,#3137);
#3132 = PLANE('',#3133);
#3133 = AXIS2_PLACEMENT_3D('',#3134,#3135,#3136);
#3134 = CARTESIAN_POINT('',(-74.375,4.1,1.082531754731));
#3135 = DIRECTION('',(-0.360416532451,0.693108716252,-0.624259746093));
#3136 = DIRECTION('',(-0.346554358126,-0.720833064902,-0.600249755858));
#3137 = DEFINITIONAL_REPRESENTATION('',(#3138),#3142);
#3138 = ELLIPSE('',#3139,28.855502074994,20.);
#3139 = AXIS2_PLACEMENT_2D('',#3140,#3141);
#3140 = CARTESIAN_POINT('',(1.803468879687,1.110223024625E-16));
#3141 = DIRECTION('',(-1.,-5.551115123126E-17));
#3142 = ( GEOMETRIC_REPRESENTATION_CONTEXT(2) 
PARAMETRIC_REPRESENTATION_CONTEXT() REPRESENTATION_CONTEXT('2D SPACE',''
  ) );
#3143 = ORIENTED_EDGE('',*,*,#3144,.F.);
#3144 = EDGE_CURVE('',#861,#3113,#3145,.T.);
#3145 = SURFACE_CURVE('',#3146,(#3151,#3158),.PCURVE_S1.);
#3146 = CIRCLE('',#3147,20.);
#3147 = AXIS2_PLACEMENT_3D('',#3148,#3149,#3150);
#3148 = CARTESIAN_POINT('',(-75.,4.,4.440892098501E-16));
#3149 = DIRECTION('',(-0.,1.,1.110223024625E-16));
#3150 = DIRECTION('',(1.,0.,0.));
#3151 = PCURVE('',#559,#3152);
#3152 = DEFINITIONAL_REPRESENTATION('',(#3153),#3157);
#3153 = LINE('',#3154,#3155);
#3154 = CARTESIAN_POINT('',(0.,8.));
#3155 = VECTOR('',#3156,1.);
#3156 = DIRECTION('',(1.,0.));
#3157 = ( GEOMETRIC_REPRESENTATION_CONTEXT(2) 
PARAMETRIC_REPRESENTATION_CONTEXT() REPRESENTATION_CONTEXT('2D SPACE',''
  ) );
#3158 = PCURVE('',#875,#3159);
#3159 = DEFINITIONAL_REPRESENTATION('',(#3160),#3164);
#3160 = CIRCLE('',#3161,20.);
#3161 = AXIS2_PLACEMENT_2D('',#3162,#3163);
#3162 = CARTESIAN_POINT('',(0.,0.));
#3163 = DIRECTION('',(1.,0.));
#3164 = ( GEOMETRIC_REPRESENTATION_CONTEXT(2) 
PARAMETRIC_REPRESENTATION_CONTEXT() REPRESENTATION_CONTEXT('2D SPACE',''
  ) );
#3165 = ADVANCED_FACE('',(#3166),#533,.T.);
#3166 = FACE_BOUND('',#3167,.T.);
#3167 = EDGE_LOOP('',(#3168,#3189,#3217,#3238,#3239));
#3168 = ORIENTED_EDGE('',*,*,#3169,.F.);
#3169 = EDGE_CURVE('',#3170,#491,#3172,.T.);
#3170 = VERTEX_POINT('',#3171);
#3171 = CARTESIAN_POINT('',(-60.,4.,5.213787325402));
#3172 = SURFACE_CURVE('',#3173,(#3177,#3183),.PCURVE_S1.);
#3173 = LINE('',#3174,#3175);
#3174 = CARTESIAN_POINT('',(-60.,4.,-3.5));
#3175 = VECTOR('',#3176,1.);
#3176 = DIRECTION('',(0.,-1.110223024625E-16,1.));
#3177 = PCURVE('',#533,#3178);
#3178 = DEFINITIONAL_REPRESENTATION('',(#3179),#3182);
#3179 = B_SPLINE_CURVE_WITH_KNOTS('',1,(#3180,#3181),.UNSPECIFIED.,.F.,
  .F.,(2,2),(6.882905752975,10.5),.PIECEWISE_BEZIER_KNOTS.);
#3180 = CARTESIAN_POINT('',(15.,-3.382905752975));
#3181 = CARTESIAN_POINT('',(15.,-7.));
#3182 = ( GEOMETRIC_REPRESENTATION_CONTEXT(2) 
PARAMETRIC_REPRESENTATION_CONTEXT() REPRESENTATION_CONTEXT('2D SPACE',''
  ) );
#3183 = PCURVE('',#506,#3184);
#3184 = DEFINITIONAL_REPRESENTATION('',(#3185),#3188);
#3185 = B_SPLINE_CURVE_WITH_KNOTS('',1,(#3186,#3187),.UNSPECIFIED.,.F.,
  .F.,(2,2),(6.882905752975,10.5),.PIECEWISE_BEZIER_KNOTS.);
#3186 = CARTESIAN_POINT('',(10.382905752975,-16.));
#3187 = CARTESIAN_POINT('',(14.,-16.));
#3188 = ( GEOMETRIC_REPRESENTATION_CONTEXT(2) 
PARAMETRIC_REPRESENTATION_CONTEXT() REPRESENTATION_CONTEXT('2D SPACE',''
  ) );
#3189 = ORIENTED_EDGE('',*,*,#3190,.T.);
#3190 = EDGE_CURVE('',#3170,#3191,#3193,.T.);
#3191 = VERTEX_POINT('',#3192);
#3192 = CARTESIAN_POINT('',(-66.83294305093,4.,3.382905752975));
#3193 = SURFACE_CURVE('',#3194,(#3198,#3205),.PCURVE_S1.);
#3194 = LINE('',#3195,#3196);
#3195 = CARTESIAN_POINT('',(-75.29863735973,4.,1.114529799564));
#3196 = VECTOR('',#3197,1.);
#3197 = DIRECTION('',(-0.965925826289,2.873468630843E-17,-0.258819045103
    ));
#3198 = PCURVE('',#533,#3199);
#3199 = DEFINITIONAL_REPRESENTATION('',(#3200),#3204);
#3200 = LINE('',#3201,#3202);
#3201 = CARTESIAN_POINT('',(-0.298637359734,-1.114529799564));
#3202 = VECTOR('',#3203,1.);
#3203 = DIRECTION('',(-0.965925826289,0.258819045103));
#3204 = ( GEOMETRIC_REPRESENTATION_CONTEXT(2) 
PARAMETRIC_REPRESENTATION_CONTEXT() REPRESENTATION_CONTEXT('2D SPACE',''
  ) );
#3205 = PCURVE('',#3206,#3211);
#3206 = PLANE('',#3207);
#3207 = AXIS2_PLACEMENT_3D('',#3208,#3209,#3210);
#3208 = CARTESIAN_POINT('',(-75.32352380637,4.1,1.207407282861));
#3209 = DIRECTION('',(0.186565325536,0.693108716252,-0.696271273832));
#3210 = DIRECTION('',(0.179389736093,-0.720833064902,-0.669491609454));
#3211 = DEFINITIONAL_REPRESENTATION('',(#3212),#3216);
#3212 = LINE('',#3213,#3214);
#3213 = CARTESIAN_POINT('',(0.138728375361,4.163336342344E-17));
#3214 = VECTOR('',#3215,1.);
#3215 = DIRECTION('',(8.326672684689E-17,1.));
#3216 = ( GEOMETRIC_REPRESENTATION_CONTEXT(2) 
PARAMETRIC_REPRESENTATION_CONTEXT() REPRESENTATION_CONTEXT('2D SPACE',''
  ) );
#3217 = ORIENTED_EDGE('',*,*,#3218,.T.);
#3218 = EDGE_CURVE('',#3191,#1197,#3219,.T.);
#3219 = SURFACE_CURVE('',#3220,(#3224,#3231),.PCURVE_S1.);
#3220 = LINE('',#3221,#3222);
#3221 = CARTESIAN_POINT('',(-74.42307692307,4.,-0.99926008129));
#3222 = VECTOR('',#3223,1.);
#3223 = DIRECTION('',(0.866025403784,-5.551115123126E-17,0.5));
#3224 = PCURVE('',#533,#3225);
#3225 = DEFINITIONAL_REPRESENTATION('',(#3226),#3230);
#3226 = LINE('',#3227,#3228);
#3227 = CARTESIAN_POINT('',(0.576923076923,0.99926008129));
#3228 = VECTOR('',#3229,1.);
#3229 = DIRECTION('',(0.866025403784,-0.5));
#3230 = ( GEOMETRIC_REPRESENTATION_CONTEXT(2) 
PARAMETRIC_REPRESENTATION_CONTEXT() REPRESENTATION_CONTEXT('2D SPACE',''
  ) );
#3231 = PCURVE('',#1240,#3232);
#3232 = DEFINITIONAL_REPRESENTATION('',(#3233),#3237);
#3233 = LINE('',#3234,#3235);
#3234 = CARTESIAN_POINT('',(1.664740504327,-2.553512956638E-15));
#3235 = VECTOR('',#3236,1.);
#3236 = DIRECTION('',(0.,-1.));
#3237 = ( GEOMETRIC_REPRESENTATION_CONTEXT(2) 
PARAMETRIC_REPRESENTATION_CONTEXT() REPRESENTATION_CONTEXT('2D SPACE',''
  ) );
#3238 = ORIENTED_EDGE('',*,*,#1196,.T.);
#3239 = ORIENTED_EDGE('',*,*,#518,.T.);
#3240 = ADVANCED_FACE('',(#3241),#506,.F.);
#3241 = FACE_BOUND('',#3242,.F.);
#3242 = EDGE_LOOP('',(#3243,#3264,#3265,#3293,#3321,#3343,#3344,#3345,
    #3366,#3392,#3418,#3444,#3470,#3496,#3522));
#3243 = ORIENTED_EDGE('',*,*,#3244,.F.);
#3244 = EDGE_CURVE('',#838,#3245,#3247,.T.);
#3245 = VERTEX_POINT('',#3246);
#3246 = CARTESIAN_POINT('',(-60.,4.,-5.213787325402));
#3247 = SURFACE_CURVE('',#3248,(#3252,#3258),.PCURVE_S1.);
#3248 = LINE('',#3249,#3250);
#3249 = CARTESIAN_POINT('',(-60.,4.,-3.5));
#3250 = VECTOR('',#3251,1.);
#3251 = DIRECTION('',(0.,-1.110223024625E-16,1.));
#3252 = PCURVE('',#506,#3253);
#3253 = DEFINITIONAL_REPRESENTATION('',(#3254),#3257);
#3254 = B_SPLINE_CURVE_WITH_KNOTS('',1,(#3255,#3256),.UNSPECIFIED.,.F.,
  .F.,(2,2),(-3.5,0.117094247025),.PIECEWISE_BEZIER_KNOTS.);
#3255 = CARTESIAN_POINT('',(0.,-16.));
#3256 = CARTESIAN_POINT('',(3.617094247025,-16.));
#3257 = ( GEOMETRIC_REPRESENTATION_CONTEXT(2) 
PARAMETRIC_REPRESENTATION_CONTEXT() REPRESENTATION_CONTEXT('2D SPACE',''
  ) );
#3258 = PCURVE('',#875,#3259);
#3259 = DEFINITIONAL_REPRESENTATION('',(#3260),#3263);
#3260 = B_SPLINE_CURVE_WITH_KNOTS('',1,(#3261,#3262),.UNSPECIFIED.,.F.,
  .F.,(2,2),(-3.5,0.117094247025),.PIECEWISE_BEZIER_KNOTS.);
#3261 = CARTESIAN_POINT('',(15.,7.));
#3262 = CARTESIAN_POINT('',(15.,3.382905752975));
#3263 = ( GEOMETRIC_REPRESENTATION_CONTEXT(2) 
PARAMETRIC_REPRESENTATION_CONTEXT() REPRESENTATION_CONTEXT('2D SPACE',''
  ) );
#3264 = ORIENTED_EDGE('',*,*,#837,.T.);
#3265 = ORIENTED_EDGE('',*,*,#3266,.F.);
#3266 = EDGE_CURVE('',#3267,#810,#3269,.T.);
#3267 = VERTEX_POINT('',#3268);
#3268 = CARTESIAN_POINT('',(-60.,12.,-5.));
#3269 = SURFACE_CURVE('',#3270,(#3275,#3286),.PCURVE_S1.);
#3270 = CIRCLE('',#3271,2.);
#3271 = AXIS2_PLACEMENT_3D('',#3272,#3273,#3274);
#3272 = CARTESIAN_POINT('',(-60.,10.,-5.));
#3273 = DIRECTION('',(-1.,0.,-0.));
#3274 = DIRECTION('',(-0.,0.,1.));
#3275 = PCURVE('',#506,#3276);
#3276 = DEFINITIONAL_REPRESENTATION('',(#3277),#3285);
#3277 = ( BOUNDED_CURVE() B_SPLINE_CURVE(2,(#3278,#3279,#3280,#3281,
#3282,#3283,#3284),.UNSPECIFIED.,.T.,.F.) B_SPLINE_CURVE_WITH_KNOTS((1,2
    ,2,2,2,1),(-2.094395102393,0.,2.094395102393,4.188790204786,
6.28318530718,8.377580409573),.UNSPECIFIED.) CURVE() 
GEOMETRIC_REPRESENTATION_ITEM() RATIONAL_B_SPLINE_CURVE((1.,0.5,1.,0.5,
1.,0.5,1.)) REPRESENTATION_ITEM('') );
#3278 = CARTESIAN_POINT('',(4.,-22.));
#3279 = CARTESIAN_POINT('',(4.,-25.46410161513));
#3280 = CARTESIAN_POINT('',(1.,-23.73205080756));
#3281 = CARTESIAN_POINT('',(-2.,-22.));
#3282 = CARTESIAN_POINT('',(1.,-20.26794919243));
#3283 = CARTESIAN_POINT('',(4.,-18.53589838486));
#3284 = CARTESIAN_POINT('',(4.,-22.));
#3285 = ( GEOMETRIC_REPRESENTATION_CONTEXT(2) 
PARAMETRIC_REPRESENTATION_CONTEXT() REPRESENTATION_CONTEXT('2D SPACE',''
  ) );
#3286 = PCURVE('',#825,#3287);
#3287 = DEFINITIONAL_REPRESENTATION('',(#3288),#3292);
#3288 = LINE('',#3289,#3290);
#3289 = CARTESIAN_POINT('',(1.570796326795,-0.));
#3290 = VECTOR('',#3291,1.);
#3291 = DIRECTION('',(-1.,0.));
#3292 = ( GEOMETRIC_REPRESENTATION_CONTEXT(2) 
PARAMETRIC_REPRESENTATION_CONTEXT() REPRESENTATION_CONTEXT('2D SPACE',''
  ) );
#3293 = ORIENTED_EDGE('',*,*,#3294,.T.);
#3294 = EDGE_CURVE('',#3267,#3295,#3297,.T.);
#3295 = VERTEX_POINT('',#3296);
#3296 = CARTESIAN_POINT('',(-60.,12.,5.));
#3297 = SURFACE_CURVE('',#3298,(#3302,#3309),.PCURVE_S1.);
#3298 = LINE('',#3299,#3300);
#3299 = CARTESIAN_POINT('',(-60.,12.,-7.));
#3300 = VECTOR('',#3301,1.);
#3301 = DIRECTION('',(0.,0.,1.));
#3302 = PCURVE('',#506,#3303);
#3303 = DEFINITIONAL_REPRESENTATION('',(#3304),#3308);
#3304 = LINE('',#3305,#3306);
#3305 = CARTESIAN_POINT('',(0.,-24.));
#3306 = VECTOR('',#3307,1.);
#3307 = DIRECTION('',(1.,0.));
#3308 = ( GEOMETRIC_REPRESENTATION_CONTEXT(2) 
PARAMETRIC_REPRESENTATION_CONTEXT() REPRESENTATION_CONTEXT('2D SPACE',''
  ) );
#3309 = PCURVE('',#3310,#3315);
#3310 = PLANE('',#3311);
#3311 = AXIS2_PLACEMENT_3D('',#3312,#3313,#3314);
#3312 = CARTESIAN_POINT('',(-60.,12.,-7.));
#3313 = DIRECTION('',(0.,1.,0.));
#3314 = DIRECTION('',(0.,0.,1.));
#3315 = DEFINITIONAL_REPRESENTATION('',(#3316),#3320);
#3316 = LINE('',#3317,#3318);
#3317 = CARTESIAN_POINT('',(0.,0.));
#3318 = VECTOR('',#3319,1.);
#3319 = DIRECTION('',(1.,0.));
#3320 = ( GEOMETRIC_REPRESENTATION_CONTEXT(2) 
PARAMETRIC_REPRESENTATION_CONTEXT() REPRESENTATION_CONTEXT('2D SPACE',''
  ) );
#3321 = ORIENTED_EDGE('',*,*,#3322,.T.);
#3322 = EDGE_CURVE('',#3295,#463,#3323,.T.);
#3323 = SURFACE_CURVE('',#3324,(#3329,#3336),.PCURVE_S1.);
#3324 = CIRCLE('',#3325,2.);
#3325 = AXIS2_PLACEMENT_3D('',#3326,#3327,#3328);
#3326 = CARTESIAN_POINT('',(-60.,10.,5.));
#3327 = DIRECTION('',(1.,0.,0.));
#3328 = DIRECTION('',(-0.,0.,1.));
#3329 = PCURVE('',#506,#3330);
#3330 = DEFINITIONAL_REPRESENTATION('',(#3331),#3335);
#3331 = CIRCLE('',#3332,2.);
#3332 = AXIS2_PLACEMENT_2D('',#3333,#3334);
#3333 = CARTESIAN_POINT('',(12.,-22.));
#3334 = DIRECTION('',(1.,0.));
#3335 = ( GEOMETRIC_REPRESENTATION_CONTEXT(2) 
PARAMETRIC_REPRESENTATION_CONTEXT() REPRESENTATION_CONTEXT('2D SPACE',''
  ) );
#3336 = PCURVE('',#478,#3337);
#3337 = DEFINITIONAL_REPRESENTATION('',(#3338),#3342);
#3338 = LINE('',#3339,#3340);
#3339 = CARTESIAN_POINT('',(-4.712388980385,0.));
#3340 = VECTOR('',#3341,1.);
#3341 = DIRECTION('',(1.,0.));
#3342 = ( GEOMETRIC_REPRESENTATION_CONTEXT(2) 
PARAMETRIC_REPRESENTATION_CONTEXT() REPRESENTATION_CONTEXT('2D SPACE',''
  ) );
#3343 = ORIENTED_EDGE('',*,*,#490,.F.);
#3344 = ORIENTED_EDGE('',*,*,#3169,.F.);
#3345 = ORIENTED_EDGE('',*,*,#3346,.F.);
#3346 = EDGE_CURVE('',#3347,#3170,#3349,.T.);
#3347 = VERTEX_POINT('',#3348);
#3348 = CARTESIAN_POINT('',(-60.,2.8,4.019237886467));
#3349 = SURFACE_CURVE('',#3350,(#3354,#3360),.PCURVE_S1.);
#3350 = LINE('',#3351,#3352);
#3351 = CARTESIAN_POINT('',(-60.,-4.048095808991,-2.7977529522));
#3352 = VECTOR('',#3353,1.);
#3353 = DIRECTION('',(-0.,0.708714487507,0.705495411181));
#3354 = PCURVE('',#506,#3355);
#3355 = DEFINITIONAL_REPRESENTATION('',(#3356),#3359);
#3356 = B_SPLINE_CURVE_WITH_KNOTS('',1,(#3357,#3358),.UNSPECIFIED.,.F.,
  .F.,(2,2),(9.662700466411,11.355906999017),.PIECEWISE_BEZIER_KNOTS.);
#3357 = CARTESIAN_POINT('',(11.019237886467,-14.8));
#3358 = CARTESIAN_POINT('',(12.213787325402,-16.));
#3359 = ( GEOMETRIC_REPRESENTATION_CONTEXT(2) 
PARAMETRIC_REPRESENTATION_CONTEXT() REPRESENTATION_CONTEXT('2D SPACE',''
  ) );
#3360 = PCURVE('',#3206,#3361);
#3361 = DEFINITIONAL_REPRESENTATION('',(#3362),#3365);
#3362 = B_SPLINE_CURVE_WITH_KNOTS('',1,(#3363,#3364),.UNSPECIFIED.,.F.,
  .F.,(2,2),(9.662700466411,11.355906999017),.PIECEWISE_BEZIER_KNOTS.);
#3363 = CARTESIAN_POINT('',(1.803468879687,-15.52914270615));
#3364 = CARTESIAN_POINT('',(0.138728375361,-15.83831485126));
#3365 = ( GEOMETRIC_REPRESENTATION_CONTEXT(2) 
PARAMETRIC_REPRESENTATION_CONTEXT() REPRESENTATION_CONTEXT('2D SPACE',''
  ) );
#3366 = ORIENTED_EDGE('',*,*,#3367,.F.);
#3367 = EDGE_CURVE('',#3368,#3347,#3370,.T.);
#3368 = VERTEX_POINT('',#3369);
#3369 = CARTESIAN_POINT('',(-60.,4.,2.824688447532));
#3370 = SURFACE_CURVE('',#3371,(#3375,#3381),.PCURVE_S1.);
#3371 = LINE('',#3372,#3373);
#3372 = CARTESIAN_POINT('',(-60.,2.84273592082,3.976696077936));
#3373 = VECTOR('',#3374,1.);
#3374 = DIRECTION('',(0.,-0.708714487507,0.705495411181));
#3375 = PCURVE('',#506,#3376);
#3376 = DEFINITIONAL_REPRESENTATION('',(#3377),#3380);
#3377 = B_SPLINE_CURVE_WITH_KNOTS('',1,(#3378,#3379),.UNSPECIFIED.,.F.,
  .F.,(2,2),(-1.632905915682,6.030061692383E-02),
  .PIECEWISE_BEZIER_KNOTS.);
#3378 = CARTESIAN_POINT('',(9.824688447532,-16.));
#3379 = CARTESIAN_POINT('',(11.019237886467,-14.8));
#3380 = ( GEOMETRIC_REPRESENTATION_CONTEXT(2) 
PARAMETRIC_REPRESENTATION_CONTEXT() REPRESENTATION_CONTEXT('2D SPACE',''
  ) );
#3381 = PCURVE('',#3382,#3387);
#3382 = PLANE('',#3383);
#3383 = AXIS2_PLACEMENT_3D('',#3384,#3385,#3386);
#3384 = CARTESIAN_POINT('',(-75.,2.8,3.10862446895E-16));
#3385 = DIRECTION('',(-0.186565325536,0.693108716252,0.696271273832));
#3386 = DIRECTION('',(0.179389736093,0.720833064902,-0.669491609454));
#3387 = DEFINITIONAL_REPRESENTATION('',(#3388),#3391);
#3388 = B_SPLINE_CURVE_WITH_KNOTS('',1,(#3389,#3390),.UNSPECIFIED.,.F.,
  .F.,(2,2),(-1.632905915682,6.030061692383E-02),
  .PIECEWISE_BEZIER_KNOTS.);
#3389 = CARTESIAN_POINT('',(1.664740504327,-15.21997056103));
#3390 = CARTESIAN_POINT('',(-4.059252933786E-15,-15.52914270615));
#3391 = ( GEOMETRIC_REPRESENTATION_CONTEXT(2) 
PARAMETRIC_REPRESENTATION_CONTEXT() REPRESENTATION_CONTEXT('2D SPACE',''
  ) );
#3392 = ORIENTED_EDGE('',*,*,#3393,.F.);
#3393 = EDGE_CURVE('',#3394,#3368,#3396,.T.);
#3394 = VERTEX_POINT('',#3395);
#3395 = CARTESIAN_POINT('',(-60.,4.,1.153846153846));
#3396 = SURFACE_CURVE('',#3397,(#3401,#3407),.PCURVE_S1.);
#3397 = LINE('',#3398,#3399);
#3398 = CARTESIAN_POINT('',(-60.,4.,-3.5));
#3399 = VECTOR('',#3400,1.);
#3400 = DIRECTION('',(0.,-1.110223024625E-16,1.));
#3401 = PCURVE('',#506,#3402);
#3402 = DEFINITIONAL_REPRESENTATION('',(#3403),#3406);
#3403 = B_SPLINE_CURVE_WITH_KNOTS('',1,(#3404,#3405),.UNSPECIFIED.,.F.,
  .F.,(2,2),(4.653846153846,7.553229383146),.PIECEWISE_BEZIER_KNOTS.);
#3404 = CARTESIAN_POINT('',(8.153846153846,-16.));
#3405 = CARTESIAN_POINT('',(11.053229383146,-16.));
#3406 = ( GEOMETRIC_REPRESENTATION_CONTEXT(2) 
PARAMETRIC_REPRESENTATION_CONTEXT() REPRESENTATION_CONTEXT('2D SPACE',''
  ) );
#3407 = PCURVE('',#3408,#3413);
#3408 = PLANE('',#3409);
#3409 = AXIS2_PLACEMENT_3D('',#3410,#3411,#3412);
#3410 = CARTESIAN_POINT('',(-75.,4.,4.440892098501E-16));
#3411 = DIRECTION('',(0.,1.,1.110223024625E-16));
#3412 = DIRECTION('',(1.,0.,0.));
#3413 = DEFINITIONAL_REPRESENTATION('',(#3414),#3417);
#3414 = B_SPLINE_CURVE_WITH_KNOTS('',1,(#3415,#3416),.UNSPECIFIED.,.F.,
  .F.,(2,2),(4.653846153846,7.553229383146),.PIECEWISE_BEZIER_KNOTS.);
#3415 = CARTESIAN_POINT('',(15.,-1.153846153846));
#3416 = CARTESIAN_POINT('',(15.,-4.053229383146));
#3417 = ( GEOMETRIC_REPRESENTATION_CONTEXT(2) 
PARAMETRIC_REPRESENTATION_CONTEXT() REPRESENTATION_CONTEXT('2D SPACE',''
  ) );
#3418 = ORIENTED_EDGE('',*,*,#3419,.F.);
#3419 = EDGE_CURVE('',#3420,#3394,#3422,.T.);
#3420 = VERTEX_POINT('',#3421);
#3421 = CARTESIAN_POINT('',(-60.,2.8,3.10862446895E-16));
#3422 = SURFACE_CURVE('',#3423,(#3427,#3433),.PCURVE_S1.);
#3423 = LINE('',#3424,#3425);
#3424 = CARTESIAN_POINT('',(-60.,-2.793697156034,-5.378554957725));
#3425 = VECTOR('',#3426,1.);
#3426 = DIRECTION('',(-0.,0.720833064902,0.693108716252));
#3427 = PCURVE('',#506,#3428);
#3428 = DEFINITIONAL_REPRESENTATION('',(#3429),#3432);
#3429 = B_SPLINE_CURVE_WITH_KNOTS('',1,(#3430,#3431),.UNSPECIFIED.,.F.,
  .F.,(2,2),(7.760045187155,9.424785691482),.PIECEWISE_BEZIER_KNOTS.);
#3430 = CARTESIAN_POINT('',(7.,-14.8));
#3431 = CARTESIAN_POINT('',(8.153846153846,-16.));
#3432 = ( GEOMETRIC_REPRESENTATION_CONTEXT(2) 
PARAMETRIC_REPRESENTATION_CONTEXT() REPRESENTATION_CONTEXT('2D SPACE',''
  ) );
#3433 = PCURVE('',#3434,#3439);
#3434 = PLANE('',#3435);
#3435 = AXIS2_PLACEMENT_3D('',#3436,#3437,#3438);
#3436 = CARTESIAN_POINT('',(-75.,2.8,3.10862446895E-16));
#3437 = DIRECTION('',(8.827659056516E-17,0.693108716252,-0.720833064902)
  );
#3438 = DIRECTION('',(-8.488133708189E-17,0.720833064902,0.693108716252)
  );
#3439 = DEFINITIONAL_REPRESENTATION('',(#3440),#3443);
#3440 = B_SPLINE_CURVE_WITH_KNOTS('',1,(#3441,#3442),.UNSPECIFIED.,.F.,
  .F.,(2,2),(7.760045187155,9.424785691482),.PIECEWISE_BEZIER_KNOTS.);
#3441 = CARTESIAN_POINT('',(-1.7763568394E-15,15.));
#3442 = CARTESIAN_POINT('',(1.664740504327,15.));
#3443 = ( GEOMETRIC_REPRESENTATION_CONTEXT(2) 
PARAMETRIC_REPRESENTATION_CONTEXT() REPRESENTATION_CONTEXT('2D SPACE',''
  ) );
#3444 = ORIENTED_EDGE('',*,*,#3445,.F.);
#3445 = EDGE_CURVE('',#3446,#3420,#3448,.T.);
#3446 = VERTEX_POINT('',#3447);
#3447 = CARTESIAN_POINT('',(-60.,4.,-1.153846153846));
#3448 = SURFACE_CURVE('',#3449,(#3453,#3459),.PCURVE_S1.);
#3449 = LINE('',#3450,#3451);
#3450 = CARTESIAN_POINT('',(-60.,0.703612605688,2.015757109915));
#3451 = VECTOR('',#3452,1.);
#3452 = DIRECTION('',(0.,-0.720833064902,0.693108716252));
#3453 = PCURVE('',#506,#3454);
#3454 = DEFINITIONAL_REPRESENTATION('',(#3455),#3458);
#3455 = B_SPLINE_CURVE_WITH_KNOTS('',1,(#3456,#3457),.UNSPECIFIED.,.F.,
  .F.,(2,2),(-4.573024677719,-2.908284173392),.PIECEWISE_BEZIER_KNOTS.);
#3456 = CARTESIAN_POINT('',(5.846153846154,-16.));
#3457 = CARTESIAN_POINT('',(7.,-14.8));
#3458 = ( GEOMETRIC_REPRESENTATION_CONTEXT(2) 
PARAMETRIC_REPRESENTATION_CONTEXT() REPRESENTATION_CONTEXT('2D SPACE',''
  ) );
#3459 = PCURVE('',#3460,#3465);
#3460 = PLANE('',#3461);
#3461 = AXIS2_PLACEMENT_3D('',#3462,#3463,#3464);
#3462 = CARTESIAN_POINT('',(-75.,2.8,3.10862446895E-16));
#3463 = DIRECTION('',(0.,0.693108716252,0.720833064902));
#3464 = DIRECTION('',(0.,0.720833064902,-0.693108716252));
#3465 = DEFINITIONAL_REPRESENTATION('',(#3466),#3469);
#3466 = B_SPLINE_CURVE_WITH_KNOTS('',1,(#3467,#3468),.UNSPECIFIED.,.F.,
  .F.,(2,2),(-4.573024677719,-2.908284173392),.PIECEWISE_BEZIER_KNOTS.);
#3467 = CARTESIAN_POINT('',(1.664740504327,-15.));
#3468 = CARTESIAN_POINT('',(-5.329070518201E-15,-15.));
#3469 = ( GEOMETRIC_REPRESENTATION_CONTEXT(2) 
PARAMETRIC_REPRESENTATION_CONTEXT() REPRESENTATION_CONTEXT('2D SPACE',''
  ) );
#3470 = ORIENTED_EDGE('',*,*,#3471,.F.);
#3471 = EDGE_CURVE('',#3472,#3446,#3474,.T.);
#3472 = VERTEX_POINT('',#3473);
#3473 = CARTESIAN_POINT('',(-60.,4.,-2.824688447532));
#3474 = SURFACE_CURVE('',#3475,(#3479,#3485),.PCURVE_S1.);
#3475 = LINE('',#3476,#3477);
#3476 = CARTESIAN_POINT('',(-60.,4.,-3.5));
#3477 = VECTOR('',#3478,1.);
#3478 = DIRECTION('',(0.,-1.110223024625E-16,1.));
#3479 = PCURVE('',#506,#3480);
#3480 = DEFINITIONAL_REPRESENTATION('',(#3481),#3484);
#3481 = B_SPLINE_CURVE_WITH_KNOTS('',1,(#3482,#3483),.UNSPECIFIED.,.F.,
  .F.,(2,2),(-0.553229383146,2.346153846154),.PIECEWISE_BEZIER_KNOTS.);
#3482 = CARTESIAN_POINT('',(2.946770616854,-16.));
#3483 = CARTESIAN_POINT('',(5.846153846154,-16.));
#3484 = ( GEOMETRIC_REPRESENTATION_CONTEXT(2) 
PARAMETRIC_REPRESENTATION_CONTEXT() REPRESENTATION_CONTEXT('2D SPACE',''
  ) );
#3485 = PCURVE('',#3486,#3491);
#3486 = PLANE('',#3487);
#3487 = AXIS2_PLACEMENT_3D('',#3488,#3489,#3490);
#3488 = CARTESIAN_POINT('',(-75.,4.,4.440892098501E-16));
#3489 = DIRECTION('',(0.,1.,1.110223024625E-16));
#3490 = DIRECTION('',(1.,0.,0.));
#3491 = DEFINITIONAL_REPRESENTATION('',(#3492),#3495);
#3492 = B_SPLINE_CURVE_WITH_KNOTS('',1,(#3493,#3494),.UNSPECIFIED.,.F.,
  .F.,(2,2),(-0.553229383146,2.346153846154),.PIECEWISE_BEZIER_KNOTS.);
#3493 = CARTESIAN_POINT('',(15.,4.053229383146));
#3494 = CARTESIAN_POINT('',(15.,1.153846153846));
#3495 = ( GEOMETRIC_REPRESENTATION_CONTEXT(2) 
PARAMETRIC_REPRESENTATION_CONTEXT() REPRESENTATION_CONTEXT('2D SPACE',''
  ) );
#3496 = ORIENTED_EDGE('',*,*,#3497,.F.);
#3497 = EDGE_CURVE('',#3498,#3472,#3500,.T.);
#3498 = VERTEX_POINT('',#3499);
#3499 = CARTESIAN_POINT('',(-60.,2.8,-4.019237886467));
#3500 = SURFACE_CURVE('',#3501,(#3505,#3511),.PCURVE_S1.);
#3501 = LINE('',#3502,#3503);
#3502 = CARTESIAN_POINT('',(-60.,-2.889957168495E-02,-6.835288216599));
#3503 = VECTOR('',#3504,1.);
#3504 = DIRECTION('',(-0.,0.708714487507,0.705495411181));
#3505 = PCURVE('',#506,#3506);
#3506 = DEFINITIONAL_REPRESENTATION('',(#3507),#3510);
#3507 = B_SPLINE_CURVE_WITH_KNOTS('',1,(#3508,#3509),.UNSPECIFIED.,.F.,
  .F.,(2,2),(3.991592695719,5.684799228325),.PIECEWISE_BEZIER_KNOTS.);
#3508 = CARTESIAN_POINT('',(2.980762113533,-14.8));
#3509 = CARTESIAN_POINT('',(4.175311552468,-16.));
#3510 = ( GEOMETRIC_REPRESENTATION_CONTEXT(2) 
PARAMETRIC_REPRESENTATION_CONTEXT() REPRESENTATION_CONTEXT('2D SPACE',''
  ) );
#3511 = PCURVE('',#3512,#3517);
#3512 = PLANE('',#3513);
#3513 = AXIS2_PLACEMENT_3D('',#3514,#3515,#3516);
#3514 = CARTESIAN_POINT('',(-74.67647619362,4.1,1.207407282861));
#3515 = DIRECTION('',(-0.186565325536,0.693108716252,-0.696271273832));
#3516 = DIRECTION('',(-0.179389736093,-0.720833064902,-0.669491609454));
#3517 = DEFINITIONAL_REPRESENTATION('',(#3518),#3521);
#3518 = B_SPLINE_CURVE_WITH_KNOTS('',1,(#3519,#3520),.UNSPECIFIED.,.F.,
  .F.,(2,2),(3.991592695719,5.684799228325),.PIECEWISE_BEZIER_KNOTS.);
#3519 = CARTESIAN_POINT('',(1.803468879687,-15.52914270615));
#3520 = CARTESIAN_POINT('',(0.138728375361,-15.21997056103));
#3521 = ( GEOMETRIC_REPRESENTATION_CONTEXT(2) 
PARAMETRIC_REPRESENTATION_CONTEXT() REPRESENTATION_CONTEXT('2D SPACE',''
  ) );
#3522 = ORIENTED_EDGE('',*,*,#3523,.F.);
#3523 = EDGE_CURVE('',#3245,#3498,#3524,.T.);
#3524 = SURFACE_CURVE('',#3525,(#3529,#3535),.PCURVE_S1.);
#3525 = LINE('',#3526,#3527);
#3526 = CARTESIAN_POINT('',(-60.,-1.176460316486,-6.083918646307E-02));
#3527 = VECTOR('',#3528,1.);
#3528 = DIRECTION('',(0.,-0.708714487507,0.705495411181));
#3529 = PCURVE('',#506,#3530);
#3530 = DEFINITIONAL_REPRESENTATION('',(#3531),#3534);
#3531 = B_SPLINE_CURVE_WITH_KNOTS('',1,(#3532,#3533),.UNSPECIFIED.,.F.,
  .F.,(2,2),(-7.304013686374,-5.610807153768),.PIECEWISE_BEZIER_KNOTS.);
#3532 = CARTESIAN_POINT('',(1.786212674598,-16.));
#3533 = CARTESIAN_POINT('',(2.980762113533,-14.8));
#3534 = ( GEOMETRIC_REPRESENTATION_CONTEXT(2) 
PARAMETRIC_REPRESENTATION_CONTEXT() REPRESENTATION_CONTEXT('2D SPACE',''
  ) );
#3535 = PCURVE('',#3536,#3541);
#3536 = PLANE('',#3537);
#3537 = AXIS2_PLACEMENT_3D('',#3538,#3539,#3540);
#3538 = CARTESIAN_POINT('',(-75.,2.8,3.10862446895E-16));
#3539 = DIRECTION('',(0.186565325536,0.693108716252,0.696271273832));
#3540 = DIRECTION('',(-0.179389736093,0.720833064902,-0.669491609454));
#3541 = DEFINITIONAL_REPRESENTATION('',(#3542),#3545);
#3542 = B_SPLINE_CURVE_WITH_KNOTS('',1,(#3543,#3544),.UNSPECIFIED.,.F.,
  .F.,(2,2),(-7.304013686374,-5.610807153768),.PIECEWISE_BEZIER_KNOTS.);
#3543 = CARTESIAN_POINT('',(1.664740504327,-15.83831485126));
#3544 = CARTESIAN_POINT('',(-5.329070518201E-15,-15.52914270615));
#3545 = ( GEOMETRIC_REPRESENTATION_CONTEXT(2) 
PARAMETRIC_REPRESENTATION_CONTEXT() REPRESENTATION_CONTEXT('2D SPACE',''
  ) );
#3546 = ADVANCED_FACE('',(#3547),#478,.T.);
#3547 = FACE_BOUND('',#3548,.T.);
#3548 = EDGE_LOOP('',(#3549,#3550,#3551,#3575));
#3549 = ORIENTED_EDGE('',*,*,#3322,.T.);
#3550 = ORIENTED_EDGE('',*,*,#462,.T.);
#3551 = ORIENTED_EDGE('',*,*,#3552,.F.);
#3552 = EDGE_CURVE('',#3553,#435,#3555,.T.);
#3553 = VERTEX_POINT('',#3554);
#3554 = CARTESIAN_POINT('',(60.,12.,5.));
#3555 = SURFACE_CURVE('',#3556,(#3561,#3568),.PCURVE_S1.);
#3556 = CIRCLE('',#3557,2.);
#3557 = AXIS2_PLACEMENT_3D('',#3558,#3559,#3560);
#3558 = CARTESIAN_POINT('',(60.,10.,5.));
#3559 = DIRECTION('',(1.,0.,0.));
#3560 = DIRECTION('',(-0.,0.,1.));
#3561 = PCURVE('',#478,#3562);
#3562 = DEFINITIONAL_REPRESENTATION('',(#3563),#3567);
#3563 = LINE('',#3564,#3565);
#3564 = CARTESIAN_POINT('',(-4.712388980385,120.));
#3565 = VECTOR('',#3566,1.);
#3566 = DIRECTION('',(1.,0.));
#3567 = ( GEOMETRIC_REPRESENTATION_CONTEXT(2) 
PARAMETRIC_REPRESENTATION_CONTEXT() REPRESENTATION_CONTEXT('2D SPACE',''
  ) );
#3568 = PCURVE('',#450,#3569);
#3569 = DEFINITIONAL_REPRESENTATION('',(#3570),#3574);
#3570 = CIRCLE('',#3571,2.);
#3571 = AXIS2_PLACEMENT_2D('',#3572,#3573);
#3572 = CARTESIAN_POINT('',(12.,-22.));
#3573 = DIRECTION('',(1.,0.));
#3574 = ( GEOMETRIC_REPRESENTATION_CONTEXT(2) 
PARAMETRIC_REPRESENTATION_CONTEXT() REPRESENTATION_CONTEXT('2D SPACE',''
  ) );
#3575 = ORIENTED_EDGE('',*,*,#3576,.F.);
#3576 = EDGE_CURVE('',#3295,#3553,#3577,.T.);
#3577 = SURFACE_CURVE('',#3578,(#3582,#3589),.PCURVE_S1.);
#3578 = LINE('',#3579,#3580);
#3579 = CARTESIAN_POINT('',(-60.,12.,5.));
#3580 = VECTOR('',#3581,1.);
#3581 = DIRECTION('',(1.,0.,0.));
#3582 = PCURVE('',#478,#3583);
#3583 = DEFINITIONAL_REPRESENTATION('',(#3584),#3588);
#3584 = LINE('',#3585,#3586);
#3585 = CARTESIAN_POINT('',(0.,0.));
#3586 = VECTOR('',#3587,1.);
#3587 = DIRECTION('',(0.,1.));
#3588 = ( GEOMETRIC_REPRESENTATION_CONTEXT(2) 
PARAMETRIC_REPRESENTATION_CONTEXT() REPRESENTATION_CONTEXT('2D SPACE',''
  ) );
#3589 = PCURVE('',#3310,#3590);
#3590 = DEFINITIONAL_REPRESENTATION('',(#3591),#3595);
#3591 = LINE('',#3592,#3593);
#3592 = CARTESIAN_POINT('',(12.,0.));
#3593 = VECTOR('',#3594,1.);
#3594 = DIRECTION('',(0.,1.));
#3595 = ( GEOMETRIC_REPRESENTATION_CONTEXT(2) 
PARAMETRIC_REPRESENTATION_CONTEXT() REPRESENTATION_CONTEXT('2D SPACE',''
  ) );
#3596 = ADVANCED_FACE('',(#3597),#450,.T.);
#3597 = FACE_BOUND('',#3598,.T.);
#3598 = EDGE_LOOP('',(#3599,#3618,#3619,#3647,#3668,#3669));
#3599 = ORIENTED_EDGE('',*,*,#3600,.T.);
#3600 = EDGE_CURVE('',#409,#766,#3601,.T.);
#3601 = SURFACE_CURVE('',#3602,(#3606,#3612),.PCURVE_S1.);
#3602 = LINE('',#3603,#3604);
#3603 = CARTESIAN_POINT('',(60.,4.,-3.5));
#3604 = VECTOR('',#3605,1.);
#3605 = DIRECTION('',(0.,-1.110223024625E-16,-1.));
#3606 = PCURVE('',#450,#3607);
#3607 = DEFINITIONAL_REPRESENTATION('',(#3608),#3611);
#3608 = B_SPLINE_CURVE_WITH_KNOTS('',1,(#3609,#3610),.UNSPECIFIED.,.F.,
  .F.,(2,2),(-10.5,3.5),.PIECEWISE_BEZIER_KNOTS.);
#3609 = CARTESIAN_POINT('',(14.,-16.));
#3610 = CARTESIAN_POINT('',(0.,-16.));
#3611 = ( GEOMETRIC_REPRESENTATION_CONTEXT(2) 
PARAMETRIC_REPRESENTATION_CONTEXT() REPRESENTATION_CONTEXT('2D SPACE',''
  ) );
#3612 = PCURVE('',#423,#3613);
#3613 = DEFINITIONAL_REPRESENTATION('',(#3614),#3617);
#3614 = B_SPLINE_CURVE_WITH_KNOTS('',1,(#3615,#3616),.UNSPECIFIED.,.F.,
  .F.,(2,2),(-10.5,3.5),.PIECEWISE_BEZIER_KNOTS.);
#3615 = CARTESIAN_POINT('',(-15.,7.));
#3616 = CARTESIAN_POINT('',(-15.,-7.));
#3617 = ( GEOMETRIC_REPRESENTATION_CONTEXT(2) 
PARAMETRIC_REPRESENTATION_CONTEXT() REPRESENTATION_CONTEXT('2D SPACE',''
  ) );
#3618 = ORIENTED_EDGE('',*,*,#786,.T.);
#3619 = ORIENTED_EDGE('',*,*,#3620,.F.);
#3620 = EDGE_CURVE('',#3621,#787,#3623,.T.);
#3621 = VERTEX_POINT('',#3622);
#3622 = CARTESIAN_POINT('',(60.,12.,-5.));
#3623 = SURFACE_CURVE('',#3624,(#3629,#3640),.PCURVE_S1.);
#3624 = CIRCLE('',#3625,2.);
#3625 = AXIS2_PLACEMENT_3D('',#3626,#3627,#3628);
#3626 = CARTESIAN_POINT('',(60.,10.,-5.));
#3627 = DIRECTION('',(-1.,0.,-0.));
#3628 = DIRECTION('',(-0.,0.,1.));
#3629 = PCURVE('',#450,#3630);
#3630 = DEFINITIONAL_REPRESENTATION('',(#3631),#3639);
#3631 = ( BOUNDED_CURVE() B_SPLINE_CURVE(2,(#3632,#3633,#3634,#3635,
#3636,#3637,#3638),.UNSPECIFIED.,.T.,.F.) B_SPLINE_CURVE_WITH_KNOTS((1,2
    ,2,2,2,1),(-2.094395102393,0.,2.094395102393,4.188790204786,
6.28318530718,8.377580409573),.UNSPECIFIED.) CURVE() 
GEOMETRIC_REPRESENTATION_ITEM() RATIONAL_B_SPLINE_CURVE((1.,0.5,1.,0.5,
1.,0.5,1.)) REPRESENTATION_ITEM('') );
#3632 = CARTESIAN_POINT('',(4.,-22.));
#3633 = CARTESIAN_POINT('',(4.,-25.46410161513));
#3634 = CARTESIAN_POINT('',(1.,-23.73205080756));
#3635 = CARTESIAN_POINT('',(-2.,-22.));
#3636 = CARTESIAN_POINT('',(1.,-20.26794919243));
#3637 = CARTESIAN_POINT('',(4.,-18.53589838486));
#3638 = CARTESIAN_POINT('',(4.,-22.));
#3639 = ( GEOMETRIC_REPRESENTATION_CONTEXT(2) 
PARAMETRIC_REPRESENTATION_CONTEXT() REPRESENTATION_CONTEXT('2D SPACE',''
  ) );
#3640 = PCURVE('',#825,#3641);
#3641 = DEFINITIONAL_REPRESENTATION('',(#3642),#3646);
#3642 = LINE('',#3643,#3644);
#3643 = CARTESIAN_POINT('',(1.570796326795,120.));
#3644 = VECTOR('',#3645,1.);
#3645 = DIRECTION('',(-1.,0.));
#3646 = ( GEOMETRIC_REPRESENTATION_CONTEXT(2) 
PARAMETRIC_REPRESENTATION_CONTEXT() REPRESENTATION_CONTEXT('2D SPACE',''
  ) );
#3647 = ORIENTED_EDGE('',*,*,#3648,.T.);
#3648 = EDGE_CURVE('',#3621,#3553,#3649,.T.);
#3649 = SURFACE_CURVE('',#3650,(#3654,#3661),.PCURVE_S1.);
#3650 = LINE('',#3651,#3652);
#3651 = CARTESIAN_POINT('',(60.,12.,-7.));
#3652 = VECTOR('',#3653,1.);
#3653 = DIRECTION('',(0.,0.,1.));
#3654 = PCURVE('',#450,#3655);
#3655 = DEFINITIONAL_REPRESENTATION('',(#3656),#3660);
#3656 = LINE('',#3657,#3658);
#3657 = CARTESIAN_POINT('',(0.,-24.));
#3658 = VECTOR('',#3659,1.);
#3659 = DIRECTION('',(1.,0.));
#3660 = ( GEOMETRIC_REPRESENTATION_CONTEXT(2) 
PARAMETRIC_REPRESENTATION_CONTEXT() REPRESENTATION_CONTEXT('2D SPACE',''
  ) );
#3661 = PCURVE('',#3310,#3662);
#3662 = DEFINITIONAL_REPRESENTATION('',(#3663),#3667);
#3663 = LINE('',#3664,#3665);
#3664 = CARTESIAN_POINT('',(0.,120.));
#3665 = VECTOR('',#3666,1.);
#3666 = DIRECTION('',(1.,0.));
#3667 = ( GEOMETRIC_REPRESENTATION_CONTEXT(2) 
PARAMETRIC_REPRESENTATION_CONTEXT() REPRESENTATION_CONTEXT('2D SPACE',''
  ) );
#3668 = ORIENTED_EDGE('',*,*,#3552,.T.);
#3669 = ORIENTED_EDGE('',*,*,#434,.F.);
#3670 = ADVANCED_FACE('',(#3671,#3702),#423,.F.);
#3671 = FACE_BOUND('',#3672,.F.);
#3672 = EDGE_LOOP('',(#3673,#3674,#3700,#3701));
#3673 = ORIENTED_EDGE('',*,*,#765,.F.);
#3674 = ORIENTED_EDGE('',*,*,#3675,.F.);
#3675 = EDGE_CURVE('',#383,#745,#3676,.T.);
#3676 = SURFACE_CURVE('',#3677,(#3682,#3693),.PCURVE_S1.);
#3677 = CIRCLE('',#3678,20.);
#3678 = AXIS2_PLACEMENT_3D('',#3679,#3680,#3681);
#3679 = CARTESIAN_POINT('',(75.,4.,-4.440892098501E-16));
#3680 = DIRECTION('',(1.281914760721E-17,1.,-9.257310946507E-17));
#3681 = DIRECTION('',(-0.93674969976,4.440892098501E-17,0.35));
#3682 = PCURVE('',#423,#3683);
#3683 = DEFINITIONAL_REPRESENTATION('',(#3684),#3692);
#3684 = ( BOUNDED_CURVE() B_SPLINE_CURVE(2,(#3685,#3686,#3687,#3688,
#3689,#3690,#3691),.UNSPECIFIED.,.T.,.F.) B_SPLINE_CURVE_WITH_KNOTS((1,2
    ,2,2,2,1),(-2.094395102393,0.,2.094395102393,4.188790204786,
6.28318530718,8.377580409573),.UNSPECIFIED.) CURVE() 
GEOMETRIC_REPRESENTATION_ITEM() RATIONAL_B_SPLINE_CURVE((1.,0.5,1.,0.5,
1.,0.5,1.)) REPRESENTATION_ITEM('') );
#3685 = CARTESIAN_POINT('',(-18.73499399519,7.));
#3686 = CARTESIAN_POINT('',(-6.610638342213,39.449961479176));
#3687 = CARTESIAN_POINT('',(15.429674824089,12.724980739588));
#3688 = CARTESIAN_POINT('',(37.46998799039,-14.));
#3689 = CARTESIAN_POINT('',(3.305319171107,-19.72498073958));
#3690 = CARTESIAN_POINT('',(-30.85934964817,-25.44996147917));
#3691 = CARTESIAN_POINT('',(-18.73499399519,7.));
#3692 = ( GEOMETRIC_REPRESENTATION_CONTEXT(2) 
PARAMETRIC_REPRESENTATION_CONTEXT() REPRESENTATION_CONTEXT('2D SPACE',''
  ) );
#3693 = PCURVE('',#397,#3694);
#3694 = DEFINITIONAL_REPRESENTATION('',(#3695),#3699);
#3695 = LINE('',#3696,#3697);
#3696 = CARTESIAN_POINT('',(9.067206857124,0.));
#3697 = VECTOR('',#3698,1.);
#3698 = DIRECTION('',(-1.,-0.));
#3699 = ( GEOMETRIC_REPRESENTATION_CONTEXT(2) 
PARAMETRIC_REPRESENTATION_CONTEXT() REPRESENTATION_CONTEXT('2D SPACE',''
  ) );
#3700 = ORIENTED_EDGE('',*,*,#408,.T.);
#3701 = ORIENTED_EDGE('',*,*,#3600,.T.);
#3702 = FACE_BOUND('',#3703,.F.);
#3703 = EDGE_LOOP('',(#3704));
#3704 = ORIENTED_EDGE('',*,*,#3705,.F.);
#3705 = EDGE_CURVE('',#3706,#3706,#3708,.T.);
#3706 = VERTEX_POINT('',#3707);
#3707 = CARTESIAN_POINT('',(78.2,4.,-4.440892098501E-16));
#3708 = SURFACE_CURVE('',#3709,(#3714,#3721),.PCURVE_S1.);
#3709 = CIRCLE('',#3710,3.2);
#3710 = AXIS2_PLACEMENT_3D('',#3711,#3712,#3713);
#3711 = CARTESIAN_POINT('',(75.,4.,-5.551115123126E-16));
#3712 = DIRECTION('',(0.,-1.,1.110223024625E-16));
#3713 = DIRECTION('',(1.,3.104448135771E-32,2.79623829349E-16));
#3714 = PCURVE('',#423,#3715);
#3715 = DEFINITIONAL_REPRESENTATION('',(#3716),#3720);
#3716 = CIRCLE('',#3717,3.2);
#3717 = AXIS2_PLACEMENT_2D('',#3718,#3719);
#3718 = CARTESIAN_POINT('',(0.,-1.110223024625E-16));
#3719 = DIRECTION('',(1.,2.79623829349E-16));
#3720 = ( GEOMETRIC_REPRESENTATION_CONTEXT(2) 
PARAMETRIC_REPRESENTATION_CONTEXT() REPRESENTATION_CONTEXT('2D SPACE',''
  ) );
#3721 = PCURVE('',#3722,#3727);
#3722 = CYLINDRICAL_SURFACE('',#3723,3.2);
#3723 = AXIS2_PLACEMENT_3D('',#3724,#3725,#3726);
#3724 = CARTESIAN_POINT('',(75.,36.0000003,-3.996802921957E-15));
#3725 = DIRECTION('',(-0.,1.,-1.110223024625E-16));
#3726 = DIRECTION('',(1.,0.,0.));
#3727 = DEFINITIONAL_REPRESENTATION('',(#3728),#3732);
#3728 = LINE('',#3729,#3730);
#3729 = CARTESIAN_POINT('',(-0.,-32.0000003));
#3730 = VECTOR('',#3731,1.);
#3731 = DIRECTION('',(-1.,-0.));
#3732 = ( GEOMETRIC_REPRESENTATION_CONTEXT(2) 
PARAMETRIC_REPRESENTATION_CONTEXT() REPRESENTATION_CONTEXT('2D SPACE',''
  ) );
#3733 = ADVANCED_FACE('',(#3734),#397,.T.);
#3734 = FACE_BOUND('',#3735,.T.);
#3735 = EDGE_LOOP('',(#3736,#3766,#3798,#3830,#3858,#3890,#3922,#3950,
    #3982,#4014,#4042,#4074,#4106,#4134,#4166,#4198,#4226,#4258,#4290,
    #4318,#4350,#4382,#4410,#4442,#4474,#4502,#4534,#4566,#4594,#4626,
    #4658,#4686,#4718,#4750,#4771,#4772,#4773,#4774,#4797,#4829,#4861,
    #4889,#4921,#4953,#4981,#5013,#5045,#5073,#5105,#5137,#5165,#5197,
    #5229,#5257,#5289,#5321,#5349,#5381,#5413,#5441,#5473,#5505,#5533,
    #5565,#5597,#5625,#5657));
#3736 = ORIENTED_EDGE('',*,*,#3737,.F.);
#3737 = EDGE_CURVE('',#3738,#3740,#3742,.T.);
#3738 = VERTEX_POINT('',#3739);
#3739 = CARTESIAN_POINT('',(94.966688234488,-4.,1.153846153846));
#3740 = VERTEX_POINT('',#3741);
#3741 = CARTESIAN_POINT('',(94.584977190888,-4.,4.053229383146));
#3742 = SURFACE_CURVE('',#3743,(#3748,#3754),.PCURVE_S1.);
#3743 = CIRCLE('',#3744,20.);
#3744 = AXIS2_PLACEMENT_3D('',#3745,#3746,#3747);
#3745 = CARTESIAN_POINT('',(75.,-4.,4.440892098501E-16));
#3746 = DIRECTION('',(0.,-1.,1.110223024625E-16));
#3747 = DIRECTION('',(1.,0.,0.));
#3748 = PCURVE('',#397,#3749);
#3749 = DEFINITIONAL_REPRESENTATION('',(#3750),#3753);
#3750 = B_SPLINE_CURVE_WITH_KNOTS('',1,(#3751,#3752),.UNSPECIFIED.,.F.,
  .F.,(2,2),(5.772435959119E-02,0.204075028208),
  .PIECEWISE_BEZIER_KNOTS.);
#3751 = CARTESIAN_POINT('',(6.340909666771,8.));
#3752 = CARTESIAN_POINT('',(6.487260335388,8.));
#3753 = ( GEOMETRIC_REPRESENTATION_CONTEXT(2) 
PARAMETRIC_REPRESENTATION_CONTEXT() REPRESENTATION_CONTEXT('2D SPACE',''
  ) );
#3754 = PCURVE('',#3755,#3760);
#3755 = PLANE('',#3756);
#3756 = AXIS2_PLACEMENT_3D('',#3757,#3758,#3759);
#3757 = CARTESIAN_POINT('',(75.,-4.,4.440892098501E-16));
#3758 = DIRECTION('',(0.,-1.,1.110223024625E-16));
#3759 = DIRECTION('',(1.,0.,0.));
#3760 = DEFINITIONAL_REPRESENTATION('',(#3761),#3765);
#3761 = CIRCLE('',#3762,20.);
#3762 = AXIS2_PLACEMENT_2D('',#3763,#3764);
#3763 = CARTESIAN_POINT('',(0.,0.));
#3764 = DIRECTION('',(1.,0.));
#3765 = ( GEOMETRIC_REPRESENTATION_CONTEXT(2) 
PARAMETRIC_REPRESENTATION_CONTEXT() REPRESENTATION_CONTEXT('2D SPACE',''
  ) );
#3766 = ORIENTED_EDGE('',*,*,#3767,.F.);
#3767 = EDGE_CURVE('',#3768,#3738,#3770,.T.);
#3768 = VERTEX_POINT('',#3769);
#3769 = CARTESIAN_POINT('',(95.,-2.8,-2.1384311514E-15));
#3770 = SURFACE_CURVE('',#3771,(#3776,#3786),.PCURVE_S1.);
#3771 = ELLIPSE('',#3772,28.855502074994,20.);
#3772 = AXIS2_PLACEMENT_3D('',#3773,#3774,#3775);
#3773 = CARTESIAN_POINT('',(75.,-2.8,3.10862446895E-16));
#3774 = DIRECTION('',(-0.,-0.693108716252,-0.720833064902));
#3775 = DIRECTION('',(0.,-0.720833064902,0.693108716252));
#3776 = PCURVE('',#397,#3777);
#3777 = DEFINITIONAL_REPRESENTATION('',(#3778),#3785);
#3778 = B_SPLINE_CURVE_WITH_KNOTS('',5,(#3779,#3780,#3781,#3782,#3783,
    #3784),.UNSPECIFIED.,.F.,.F.,(6,6),(4.712388980385,4.770113339976),
  .PIECEWISE_BEZIER_KNOTS.);
#3779 = CARTESIAN_POINT('',(6.28318530718,6.8));
#3780 = CARTESIAN_POINT('',(6.294730179098,7.040133335899));
#3781 = CARTESIAN_POINT('',(6.306275051016,7.280266671799));
#3782 = CARTESIAN_POINT('',(6.317819922934,7.520333328638));
#3783 = CARTESIAN_POINT('',(6.329364794853,7.760266627369));
#3784 = CARTESIAN_POINT('',(6.340909666771,8.));
#3785 = ( GEOMETRIC_REPRESENTATION_CONTEXT(2) 
PARAMETRIC_REPRESENTATION_CONTEXT() REPRESENTATION_CONTEXT('2D SPACE',''
  ) );
#3786 = PCURVE('',#3787,#3792);
#3787 = PLANE('',#3788);
#3788 = AXIS2_PLACEMENT_3D('',#3789,#3790,#3791);
#3789 = CARTESIAN_POINT('',(75.,-2.8,3.10862446895E-16));
#3790 = DIRECTION('',(0.,-0.693108716252,-0.720833064902));
#3791 = DIRECTION('',(0.,-0.720833064902,0.693108716252));
#3792 = DEFINITIONAL_REPRESENTATION('',(#3793),#3797);
#3793 = ELLIPSE('',#3794,28.855502074994,20.);
#3794 = AXIS2_PLACEMENT_2D('',#3795,#3796);
#3795 = CARTESIAN_POINT('',(0.,0.));
#3796 = DIRECTION('',(1.,0.));
#3797 = ( GEOMETRIC_REPRESENTATION_CONTEXT(2) 
PARAMETRIC_REPRESENTATION_CONTEXT() REPRESENTATION_CONTEXT('2D SPACE',''
  ) );
#3798 = ORIENTED_EDGE('',*,*,#3799,.F.);
#3799 = EDGE_CURVE('',#3800,#3768,#3802,.T.);
#3800 = VERTEX_POINT('',#3801);
#3801 = CARTESIAN_POINT('',(94.966688234488,-4.,-1.153846153846));
#3802 = SURFACE_CURVE('',#3803,(#3808,#3818),.PCURVE_S1.);
#3803 = ELLIPSE('',#3804,28.855502074994,20.);
#3804 = AXIS2_PLACEMENT_3D('',#3805,#3806,#3807);
#3805 = CARTESIAN_POINT('',(75.,-2.8,3.10862446895E-16));
#3806 = DIRECTION('',(0.,-0.693108716252,0.720833064902));
#3807 = DIRECTION('',(0.,-0.720833064902,-0.693108716252));
#3808 = PCURVE('',#397,#3809);
#3809 = DEFINITIONAL_REPRESENTATION('',(#3810),#3817);
#3810 = B_SPLINE_CURVE_WITH_KNOTS('',5,(#3811,#3812,#3813,#3814,#3815,
    #3816),.UNSPECIFIED.,.F.,.F.,(6,6),(1.513071967204,1.570796326795),
  .PIECEWISE_BEZIER_KNOTS.);
#3811 = CARTESIAN_POINT('',(6.225460947588,8.));
#3812 = CARTESIAN_POINT('',(6.237005819507,7.760266627369));
#3813 = CARTESIAN_POINT('',(6.248550691425,7.520333328638));
#3814 = CARTESIAN_POINT('',(6.260095563343,7.280266671799));
#3815 = CARTESIAN_POINT('',(6.271640435261,7.040133335899));
#3816 = CARTESIAN_POINT('',(6.28318530718,6.8));
#3817 = ( GEOMETRIC_REPRESENTATION_CONTEXT(2) 
PARAMETRIC_REPRESENTATION_CONTEXT() REPRESENTATION_CONTEXT('2D SPACE',''
  ) );
#3818 = PCURVE('',#3819,#3824);
#3819 = PLANE('',#3820);
#3820 = AXIS2_PLACEMENT_3D('',#3821,#3822,#3823);
#3821 = CARTESIAN_POINT('',(75.,-2.8,3.10862446895E-16));
#3822 = DIRECTION('',(8.827659056516E-17,-0.693108716252,0.720833064902)
  );
#3823 = DIRECTION('',(-8.488133708189E-17,-0.720833064902,
    -0.693108716252));
#3824 = DEFINITIONAL_REPRESENTATION('',(#3825),#3829);
#3825 = ELLIPSE('',#3826,28.855502074994,20.);
#3826 = AXIS2_PLACEMENT_2D('',#3827,#3828);
#3827 = CARTESIAN_POINT('',(0.,0.));
#3828 = DIRECTION('',(1.,8.488133708189E-17));
#3829 = ( GEOMETRIC_REPRESENTATION_CONTEXT(2) 
PARAMETRIC_REPRESENTATION_CONTEXT() REPRESENTATION_CONTEXT('2D SPACE',''
  ) );
#3830 = ORIENTED_EDGE('',*,*,#3831,.F.);
#3831 = EDGE_CURVE('',#3832,#3800,#3834,.T.);
#3832 = VERTEX_POINT('',#3833);
#3833 = CARTESIAN_POINT('',(94.584977190888,-4.,-4.053229383146));
#3834 = SURFACE_CURVE('',#3835,(#3840,#3846),.PCURVE_S1.);
#3835 = CIRCLE('',#3836,20.);
#3836 = AXIS2_PLACEMENT_3D('',#3837,#3838,#3839);
#3837 = CARTESIAN_POINT('',(75.,-4.,4.440892098501E-16));
#3838 = DIRECTION('',(0.,-1.,1.110223024625E-16));
#3839 = DIRECTION('',(1.,0.,0.));
#3840 = PCURVE('',#397,#3841);
#3841 = DEFINITIONAL_REPRESENTATION('',(#3842),#3845);
#3842 = B_SPLINE_CURVE_WITH_KNOTS('',1,(#3843,#3844),.UNSPECIFIED.,.F.,
  .F.,(2,2),(6.079110278972,6.225460947588),.PIECEWISE_BEZIER_KNOTS.);
#3843 = CARTESIAN_POINT('',(6.079110278972,8.));
#3844 = CARTESIAN_POINT('',(6.225460947588,8.));
#3845 = ( GEOMETRIC_REPRESENTATION_CONTEXT(2) 
PARAMETRIC_REPRESENTATION_CONTEXT() REPRESENTATION_CONTEXT('2D SPACE',''
  ) );
#3846 = PCURVE('',#3847,#3852);
#3847 = PLANE('',#3848);
#3848 = AXIS2_PLACEMENT_3D('',#3849,#3850,#3851);
#3849 = CARTESIAN_POINT('',(75.,-4.,4.440892098501E-16));
#3850 = DIRECTION('',(0.,-1.,1.110223024625E-16));
#3851 = DIRECTION('',(1.,0.,0.));
#3852 = DEFINITIONAL_REPRESENTATION('',(#3853),#3857);
#3853 = CIRCLE('',#3854,20.);
#3854 = AXIS2_PLACEMENT_2D('',#3855,#3856);
#3855 = CARTESIAN_POINT('',(0.,0.));
#3856 = DIRECTION('',(1.,0.));
#3857 = ( GEOMETRIC_REPRESENTATION_CONTEXT(2) 
PARAMETRIC_REPRESENTATION_CONTEXT() REPRESENTATION_CONTEXT('2D SPACE',''
  ) );
#3858 = ORIENTED_EDGE('',*,*,#3859,.F.);
#3859 = EDGE_CURVE('',#3860,#3832,#3862,.T.);
#3860 = VERTEX_POINT('',#3861);
#3861 = CARTESIAN_POINT('',(94.318516525781,-2.8,-5.17638090205));
#3862 = SURFACE_CURVE('',#3863,(#3868,#3878),.PCURVE_S1.);
#3863 = ELLIPSE('',#3864,28.855502074994,20.);
#3864 = AXIS2_PLACEMENT_3D('',#3865,#3866,#3867);
#3865 = CARTESIAN_POINT('',(75.,-2.8,3.10862446895E-16));
#3866 = DIRECTION('',(-0.186565325536,-0.693108716252,-0.696271273832));
#3867 = DIRECTION('',(0.179389736093,-0.720833064902,0.669491609454));
#3868 = PCURVE('',#397,#3869);
#3869 = DEFINITIONAL_REPRESENTATION('',(#3870),#3877);
#3870 = B_SPLINE_CURVE_WITH_KNOTS('',5,(#3871,#3872,#3873,#3874,#3875,
    #3876),.UNSPECIFIED.,.F.,.F.,(6,6),(4.712388980385,4.770113339976),
  .PIECEWISE_BEZIER_KNOTS.);
#3871 = CARTESIAN_POINT('',(6.02138591938,6.8));
#3872 = CARTESIAN_POINT('',(6.032930791299,7.0401333359));
#3873 = CARTESIAN_POINT('',(6.044475663217,7.280266671799));
#3874 = CARTESIAN_POINT('',(6.056020535135,7.520333328639));
#3875 = CARTESIAN_POINT('',(6.067565407053,7.760266627369));
#3876 = CARTESIAN_POINT('',(6.079110278972,8.));
#3877 = ( GEOMETRIC_REPRESENTATION_CONTEXT(2) 
PARAMETRIC_REPRESENTATION_CONTEXT() REPRESENTATION_CONTEXT('2D SPACE',''
  ) );
#3878 = PCURVE('',#3879,#3884);
#3879 = PLANE('',#3880);
#3880 = AXIS2_PLACEMENT_3D('',#3881,#3882,#3883);
#3881 = CARTESIAN_POINT('',(75.,-2.8,3.10862446895E-16));
#3882 = DIRECTION('',(-0.186565325536,-0.693108716252,-0.696271273832));
#3883 = DIRECTION('',(0.179389736093,-0.720833064902,0.669491609454));
#3884 = DEFINITIONAL_REPRESENTATION('',(#3885),#3889);
#3885 = ELLIPSE('',#3886,28.855502074994,20.);
#3886 = AXIS2_PLACEMENT_2D('',#3887,#3888);
#3887 = CARTESIAN_POINT('',(0.,0.));
#3888 = DIRECTION('',(1.,5.551115123126E-17));
#3889 = ( GEOMETRIC_REPRESENTATION_CONTEXT(2) 
PARAMETRIC_REPRESENTATION_CONTEXT() REPRESENTATION_CONTEXT('2D SPACE',''
  ) );
#3890 = ORIENTED_EDGE('',*,*,#3891,.F.);
#3891 = EDGE_CURVE('',#3892,#3860,#3894,.T.);
#3892 = VERTEX_POINT('',#3893);
#3893 = CARTESIAN_POINT('',(93.987702471421,-4.,-6.282288982274));
#3894 = SURFACE_CURVE('',#3895,(#3900,#3910),.PCURVE_S1.);
#3895 = ELLIPSE('',#3896,28.855502074994,20.);
#3896 = AXIS2_PLACEMENT_3D('',#3897,#3898,#3899);
#3897 = CARTESIAN_POINT('',(75.,-2.8,3.10862446895E-16));
#3898 = DIRECTION('',(0.186565325536,-0.693108716252,0.696271273832));
#3899 = DIRECTION('',(-0.179389736093,-0.720833064902,-0.669491609454));
#3900 = PCURVE('',#397,#3901);
#3901 = DEFINITIONAL_REPRESENTATION('',(#3902),#3909);
#3902 = B_SPLINE_CURVE_WITH_KNOTS('',5,(#3903,#3904,#3905,#3906,#3907,
    #3908),.UNSPECIFIED.,.F.,.F.,(6,6),(1.513071967204,1.570796326795),
  .PIECEWISE_BEZIER_KNOTS.);
#3903 = CARTESIAN_POINT('',(5.963661559789,8.));
#3904 = CARTESIAN_POINT('',(5.975206431707,7.760266627369));
#3905 = CARTESIAN_POINT('',(5.986751303626,7.520333328639));
#3906 = CARTESIAN_POINT('',(5.998296175544,7.280266671799));
#3907 = CARTESIAN_POINT('',(6.009841047462,7.0401333359));
#3908 = CARTESIAN_POINT('',(6.02138591938,6.8));
#3909 = ( GEOMETRIC_REPRESENTATION_CONTEXT(2) 
PARAMETRIC_REPRESENTATION_CONTEXT() REPRESENTATION_CONTEXT('2D SPACE',''
  ) );
#3910 = PCURVE('',#3911,#3916);
#3911 = PLANE('',#3912);
#3912 = AXIS2_PLACEMENT_3D('',#3913,#3914,#3915);
#3913 = CARTESIAN_POINT('',(74.676476193622,-4.1,-1.207407282861));
#3914 = DIRECTION('',(0.186565325536,-0.693108716252,0.696271273832));
#3915 = DIRECTION('',(0.179389736093,0.720833064902,0.669491609454));
#3916 = DEFINITIONAL_REPRESENTATION('',(#3917),#3921);
#3917 = ELLIPSE('',#3918,28.855502074994,20.);
#3918 = AXIS2_PLACEMENT_2D('',#3919,#3920);
#3919 = CARTESIAN_POINT('',(1.803468879687,2.831068712794E-15));
#3920 = DIRECTION('',(-1.,-5.551115123126E-17));
#3921 = ( GEOMETRIC_REPRESENTATION_CONTEXT(2) 
PARAMETRIC_REPRESENTATION_CONTEXT() REPRESENTATION_CONTEXT('2D SPACE',''
  ) );
#3922 = ORIENTED_EDGE('',*,*,#3923,.F.);
#3923 = EDGE_CURVE('',#3924,#3892,#3926,.T.);
#3924 = VERTEX_POINT('',#3925);
#3925 = CARTESIAN_POINT('',(92.868582317434,-4.,-8.984084035954));
#3926 = SURFACE_CURVE('',#3927,(#3932,#3938),.PCURVE_S1.);
#3927 = CIRCLE('',#3928,20.);
#3928 = AXIS2_PLACEMENT_3D('',#3929,#3930,#3931);
#3929 = CARTESIAN_POINT('',(75.,-4.,4.440892098501E-16));
#3930 = DIRECTION('',(0.,-1.,1.110223024625E-16));
#3931 = DIRECTION('',(1.,0.,0.));
#3932 = PCURVE('',#397,#3933);
#3933 = DEFINITIONAL_REPRESENTATION('',(#3934),#3937);
#3934 = B_SPLINE_CURVE_WITH_KNOTS('',1,(#3935,#3936),.UNSPECIFIED.,.F.,
  .F.,(2,2),(5.817310891172,5.963661559789),.PIECEWISE_BEZIER_KNOTS.);
#3935 = CARTESIAN_POINT('',(5.817310891172,8.));
#3936 = CARTESIAN_POINT('',(5.963661559789,8.));
#3937 = ( GEOMETRIC_REPRESENTATION_CONTEXT(2) 
PARAMETRIC_REPRESENTATION_CONTEXT() REPRESENTATION_CONTEXT('2D SPACE',''
  ) );
#3938 = PCURVE('',#3939,#3944);
#3939 = PLANE('',#3940);
#3940 = AXIS2_PLACEMENT_3D('',#3941,#3942,#3943);
#3941 = CARTESIAN_POINT('',(75.,-4.,4.440892098501E-16));
#3942 = DIRECTION('',(0.,-1.,1.110223024625E-16));
#3943 = DIRECTION('',(1.,0.,0.));
#3944 = DEFINITIONAL_REPRESENTATION('',(#3945),#3949);
#3945 = CIRCLE('',#3946,20.);
#3946 = AXIS2_PLACEMENT_2D('',#3947,#3948);
#3947 = CARTESIAN_POINT('',(0.,0.));
#3948 = DIRECTION('',(1.,0.));
#3949 = ( GEOMETRIC_REPRESENTATION_CONTEXT(2) 
PARAMETRIC_REPRESENTATION_CONTEXT() REPRESENTATION_CONTEXT('2D SPACE',''
  ) );
#3950 = ORIENTED_EDGE('',*,*,#3951,.F.);
#3951 = EDGE_CURVE('',#3952,#3924,#3954,.T.);
#3952 = VERTEX_POINT('',#3953);
#3953 = CARTESIAN_POINT('',(92.320508075689,-2.8,-10.));
#3954 = SURFACE_CURVE('',#3955,(#3960,#3970),.PCURVE_S1.);
#3955 = ELLIPSE('',#3956,28.855502074994,20.);
#3956 = AXIS2_PLACEMENT_3D('',#3957,#3958,#3959);
#3957 = CARTESIAN_POINT('',(75.,-2.8,3.10862446895E-16));
#3958 = DIRECTION('',(-0.360416532451,-0.693108716252,-0.624259746093));
#3959 = DIRECTION('',(0.346554358126,-0.720833064902,0.600249755858));
#3960 = PCURVE('',#397,#3961);
#3961 = DEFINITIONAL_REPRESENTATION('',(#3962),#3969);
#3962 = B_SPLINE_CURVE_WITH_KNOTS('',5,(#3963,#3964,#3965,#3966,#3967,
    #3968),.UNSPECIFIED.,.F.,.F.,(6,6),(4.712388980385,4.770113339976),
  .PIECEWISE_BEZIER_KNOTS.);
#3963 = CARTESIAN_POINT('',(5.759586531581,6.8));
#3964 = CARTESIAN_POINT('',(5.7711314035,7.0401333359));
#3965 = CARTESIAN_POINT('',(5.782676275418,7.280266671799));
#3966 = CARTESIAN_POINT('',(5.794221147336,7.520333328639));
#3967 = CARTESIAN_POINT('',(5.805766019254,7.760266627369));
#3968 = CARTESIAN_POINT('',(5.817310891172,8.));
#3969 = ( GEOMETRIC_REPRESENTATION_CONTEXT(2) 
PARAMETRIC_REPRESENTATION_CONTEXT() REPRESENTATION_CONTEXT('2D SPACE',''
  ) );
#3970 = PCURVE('',#3971,#3976);
#3971 = PLANE('',#3972);
#3972 = AXIS2_PLACEMENT_3D('',#3973,#3974,#3975);
#3973 = CARTESIAN_POINT('',(75.,-2.8,3.10862446895E-16));
#3974 = DIRECTION('',(-0.360416532451,-0.693108716252,-0.624259746093));
#3975 = DIRECTION('',(0.346554358126,-0.720833064902,0.600249755858));
#3976 = DEFINITIONAL_REPRESENTATION('',(#3977),#3981);
#3977 = ELLIPSE('',#3978,28.855502074994,20.);
#3978 = AXIS2_PLACEMENT_2D('',#3979,#3980);
#3979 = CARTESIAN_POINT('',(0.,0.));
#3980 = DIRECTION('',(1.,0.));
#3981 = ( GEOMETRIC_REPRESENTATION_CONTEXT(2) 
PARAMETRIC_REPRESENTATION_CONTEXT() REPRESENTATION_CONTEXT('2D SPACE',''
  ) );
#3982 = ORIENTED_EDGE('',*,*,#3983,.F.);
#3983 = EDGE_CURVE('',#3984,#3952,#3986,.T.);
#3984 = VERTEX_POINT('',#3985);
#3985 = CARTESIAN_POINT('',(91.714736163588,-4.,-10.98260419853));
#3986 = SURFACE_CURVE('',#3987,(#3992,#4002),.PCURVE_S1.);
#3987 = ELLIPSE('',#3988,28.855502074994,20.);
#3988 = AXIS2_PLACEMENT_3D('',#3989,#3990,#3991);
#3989 = CARTESIAN_POINT('',(75.,-2.8,3.10862446895E-16));
#3990 = DIRECTION('',(0.360416532451,-0.693108716252,0.624259746093));
#3991 = DIRECTION('',(-0.346554358126,-0.720833064902,-0.600249755858));
#3992 = PCURVE('',#397,#3993);
#3993 = DEFINITIONAL_REPRESENTATION('',(#3994),#4001);
#3994 = B_SPLINE_CURVE_WITH_KNOTS('',5,(#3995,#3996,#3997,#3998,#3999,
    #4000),.UNSPECIFIED.,.F.,.F.,(6,6),(1.513071967204,1.570796326795),
  .PIECEWISE_BEZIER_KNOTS.);
#3995 = CARTESIAN_POINT('',(5.70186217199,8.));
#3996 = CARTESIAN_POINT('',(5.713407043908,7.760266627369));
#3997 = CARTESIAN_POINT('',(5.724951915827,7.520333328639));
#3998 = CARTESIAN_POINT('',(5.736496787745,7.280266671799));
#3999 = CARTESIAN_POINT('',(5.748041659663,7.0401333359));
#4000 = CARTESIAN_POINT('',(5.759586531581,6.8));
#4001 = ( GEOMETRIC_REPRESENTATION_CONTEXT(2) 
PARAMETRIC_REPRESENTATION_CONTEXT() REPRESENTATION_CONTEXT('2D SPACE',''
  ) );
#4002 = PCURVE('',#4003,#4008);
#4003 = PLANE('',#4004);
#4004 = AXIS2_PLACEMENT_3D('',#4005,#4006,#4007);
#4005 = CARTESIAN_POINT('',(74.375,-4.1,-1.082531754731));
#4006 = DIRECTION('',(0.360416532451,-0.693108716252,0.624259746093));
#4007 = DIRECTION('',(0.346554358126,0.720833064902,0.600249755858));
#4008 = DEFINITIONAL_REPRESENTATION('',(#4009),#4013);
#4009 = ELLIPSE('',#4010,28.855502074994,20.);
#4010 = AXIS2_PLACEMENT_2D('',#4011,#4012);
#4011 = CARTESIAN_POINT('',(1.803468879687,5.551115123126E-16));
#4012 = DIRECTION('',(-1.,0.));
#4013 = ( GEOMETRIC_REPRESENTATION_CONTEXT(2) 
PARAMETRIC_REPRESENTATION_CONTEXT() REPRESENTATION_CONTEXT('2D SPACE',''
  ) );
#4014 = ORIENTED_EDGE('',*,*,#4015,.F.);
#4015 = EDGE_CURVE('',#4016,#3984,#4018,.T.);
#4016 = VERTEX_POINT('',#4017);
#4017 = CARTESIAN_POINT('',(89.934473088275,-4.,-13.30268820861));
#4018 = SURFACE_CURVE('',#4019,(#4024,#4030),.PCURVE_S1.);
#4019 = CIRCLE('',#4020,20.);
#4020 = AXIS2_PLACEMENT_3D('',#4021,#4022,#4023);
#4021 = CARTESIAN_POINT('',(75.,-4.,4.440892098501E-16));
#4022 = DIRECTION('',(0.,-1.,1.110223024625E-16));
#4023 = DIRECTION('',(1.,0.,0.));
#4024 = PCURVE('',#397,#4025);
#4025 = DEFINITIONAL_REPRESENTATION('',(#4026),#4029);
#4026 = B_SPLINE_CURVE_WITH_KNOTS('',1,(#4027,#4028),.UNSPECIFIED.,.F.,
  .F.,(2,2),(5.555511503373,5.70186217199),.PIECEWISE_BEZIER_KNOTS.);
#4027 = CARTESIAN_POINT('',(5.555511503373,8.));
#4028 = CARTESIAN_POINT('',(5.70186217199,8.));
#4029 = ( GEOMETRIC_REPRESENTATION_CONTEXT(2) 
PARAMETRIC_REPRESENTATION_CONTEXT() REPRESENTATION_CONTEXT('2D SPACE',''
  ) );
#4030 = PCURVE('',#4031,#4036);
#4031 = PLANE('',#4032);
#4032 = AXIS2_PLACEMENT_3D('',#4033,#4034,#4035);
#4033 = CARTESIAN_POINT('',(75.,-4.,4.440892098501E-16));
#4034 = DIRECTION('',(0.,-1.,1.110223024625E-16));
#4035 = DIRECTION('',(1.,0.,0.));
#4036 = DEFINITIONAL_REPRESENTATION('',(#4037),#4041);
#4037 = CIRCLE('',#4038,20.);
#4038 = AXIS2_PLACEMENT_2D('',#4039,#4040);
#4039 = CARTESIAN_POINT('',(0.,0.));
#4040 = DIRECTION('',(1.,0.));
#4041 = ( GEOMETRIC_REPRESENTATION_CONTEXT(2) 
PARAMETRIC_REPRESENTATION_CONTEXT() REPRESENTATION_CONTEXT('2D SPACE',''
  ) );
#4042 = ORIENTED_EDGE('',*,*,#4043,.F.);
#4043 = EDGE_CURVE('',#4044,#4016,#4046,.T.);
#4044 = VERTEX_POINT('',#4045);
#4045 = CARTESIAN_POINT('',(89.142135623731,-2.8,-14.14213562373));
#4046 = SURFACE_CURVE('',#4047,(#4052,#4062),.PCURVE_S1.);
#4047 = ELLIPSE('',#4048,28.855502074994,20.);
#4048 = AXIS2_PLACEMENT_3D('',#4049,#4050,#4051);
#4049 = CARTESIAN_POINT('',(75.,-2.8,3.10862446895E-16));
#4050 = DIRECTION('',(-0.509705948296,-0.693108716252,-0.509705948296));
#4051 = DIRECTION('',(0.490101873361,-0.720833064902,0.490101873361));
#4052 = PCURVE('',#397,#4053);
#4053 = DEFINITIONAL_REPRESENTATION('',(#4054),#4061);
#4054 = B_SPLINE_CURVE_WITH_KNOTS('',5,(#4055,#4056,#4057,#4058,#4059,
    #4060),.UNSPECIFIED.,.F.,.F.,(6,6),(4.712388980385,4.770113339976),
  .PIECEWISE_BEZIER_KNOTS.);
#4055 = CARTESIAN_POINT('',(5.497787143782,6.8));
#4056 = CARTESIAN_POINT('',(5.5093320157,7.0401333359));
#4057 = CARTESIAN_POINT('',(5.520876887619,7.280266671799));
#4058 = CARTESIAN_POINT('',(5.532421759537,7.520333328639));
#4059 = CARTESIAN_POINT('',(5.543966631455,7.760266627369));
#4060 = CARTESIAN_POINT('',(5.555511503373,8.));
#4061 = ( GEOMETRIC_REPRESENTATION_CONTEXT(2) 
PARAMETRIC_REPRESENTATION_CONTEXT() REPRESENTATION_CONTEXT('2D SPACE',''
  ) );
#4062 = PCURVE('',#4063,#4068);
#4063 = PLANE('',#4064);
#4064 = AXIS2_PLACEMENT_3D('',#4065,#4066,#4067);
#4065 = CARTESIAN_POINT('',(75.,-2.8,3.10862446895E-16));
#4066 = DIRECTION('',(-0.509705948296,-0.693108716252,-0.509705948296));
#4067 = DIRECTION('',(0.490101873361,-0.720833064902,0.490101873361));
#4068 = DEFINITIONAL_REPRESENTATION('',(#4069),#4073);
#4069 = ELLIPSE('',#4070,28.855502074994,20.);
#4070 = AXIS2_PLACEMENT_2D('',#4071,#4072);
#4071 = CARTESIAN_POINT('',(0.,0.));
#4072 = DIRECTION('',(1.,-5.551115123126E-17));
#4073 = ( GEOMETRIC_REPRESENTATION_CONTEXT(2) 
PARAMETRIC_REPRESENTATION_CONTEXT() REPRESENTATION_CONTEXT('2D SPACE',''
  ) );
#4074 = ORIENTED_EDGE('',*,*,#4075,.F.);
#4075 = EDGE_CURVE('',#4076,#4044,#4078,.T.);
#4076 = VERTEX_POINT('',#4077);
#4077 = CARTESIAN_POINT('',(88.302688208614,-4.,-14.93447308827));
#4078 = SURFACE_CURVE('',#4079,(#4084,#4094),.PCURVE_S1.);
#4079 = ELLIPSE('',#4080,28.855502074994,20.);
#4080 = AXIS2_PLACEMENT_3D('',#4081,#4082,#4083);
#4081 = CARTESIAN_POINT('',(75.,-2.8,3.10862446895E-16));
#4082 = DIRECTION('',(0.509705948296,-0.693108716252,0.509705948296));
#4083 = DIRECTION('',(-0.490101873361,-0.720833064902,-0.490101873361));
#4084 = PCURVE('',#397,#4085);
#4085 = DEFINITIONAL_REPRESENTATION('',(#4086),#4093);
#4086 = B_SPLINE_CURVE_WITH_KNOTS('',5,(#4087,#4088,#4089,#4090,#4091,
    #4092),.UNSPECIFIED.,.F.,.F.,(6,6),(1.513071967204,1.570796326795),
  .PIECEWISE_BEZIER_KNOTS.);
#4087 = CARTESIAN_POINT('',(5.440062784191,8.));
#4088 = CARTESIAN_POINT('',(5.451607656109,7.760266627369));
#4089 = CARTESIAN_POINT('',(5.463152528027,7.520333328639));
#4090 = CARTESIAN_POINT('',(5.474697399946,7.280266671799));
#4091 = CARTESIAN_POINT('',(5.486242271864,7.0401333359));
#4092 = CARTESIAN_POINT('',(5.497787143782,6.8));
#4093 = ( GEOMETRIC_REPRESENTATION_CONTEXT(2) 
PARAMETRIC_REPRESENTATION_CONTEXT() REPRESENTATION_CONTEXT('2D SPACE',''
  ) );
#4094 = PCURVE('',#4095,#4100);
#4095 = PLANE('',#4096);
#4096 = AXIS2_PLACEMENT_3D('',#4097,#4098,#4099);
#4097 = CARTESIAN_POINT('',(74.116116523517,-4.1,-0.883883476483));
#4098 = DIRECTION('',(0.509705948296,-0.693108716252,0.509705948296));
#4099 = DIRECTION('',(0.490101873361,0.720833064902,0.490101873361));
#4100 = DEFINITIONAL_REPRESENTATION('',(#4101),#4105);
#4101 = ELLIPSE('',#4102,28.855502074994,20.);
#4102 = AXIS2_PLACEMENT_2D('',#4103,#4104);
#4103 = CARTESIAN_POINT('',(1.803468879687,-6.217248937901E-15));
#4104 = DIRECTION('',(-1.,-5.551115123126E-17));
#4105 = ( GEOMETRIC_REPRESENTATION_CONTEXT(2) 
PARAMETRIC_REPRESENTATION_CONTEXT() REPRESENTATION_CONTEXT('2D SPACE',''
  ) );
#4106 = ORIENTED_EDGE('',*,*,#4107,.F.);
#4107 = EDGE_CURVE('',#4108,#4076,#4110,.T.);
#4108 = VERTEX_POINT('',#4109);
#4109 = CARTESIAN_POINT('',(85.982604198534,-4.,-16.71473616358));
#4110 = SURFACE_CURVE('',#4111,(#4116,#4122),.PCURVE_S1.);
#4111 = CIRCLE('',#4112,20.);
#4112 = AXIS2_PLACEMENT_3D('',#4113,#4114,#4115);
#4113 = CARTESIAN_POINT('',(75.,-4.,4.440892098501E-16));
#4114 = DIRECTION('',(0.,-1.,1.110223024625E-16));
#4115 = DIRECTION('',(1.,0.,0.));
#4116 = PCURVE('',#397,#4117);
#4117 = DEFINITIONAL_REPRESENTATION('',(#4118),#4121);
#4118 = B_SPLINE_CURVE_WITH_KNOTS('',1,(#4119,#4120),.UNSPECIFIED.,.F.,
  .F.,(2,2),(5.293712115574,5.440062784191),.PIECEWISE_BEZIER_KNOTS.);
#4119 = CARTESIAN_POINT('',(5.293712115574,8.));
#4120 = CARTESIAN_POINT('',(5.440062784191,8.));
#4121 = ( GEOMETRIC_REPRESENTATION_CONTEXT(2) 
PARAMETRIC_REPRESENTATION_CONTEXT() REPRESENTATION_CONTEXT('2D SPACE',''
  ) );
#4122 = PCURVE('',#4123,#4128);
#4123 = PLANE('',#4124);
#4124 = AXIS2_PLACEMENT_3D('',#4125,#4126,#4127);
#4125 = CARTESIAN_POINT('',(75.,-4.,4.440892098501E-16));
#4126 = DIRECTION('',(0.,-1.,1.110223024625E-16));
#4127 = DIRECTION('',(1.,0.,0.));
#4128 = DEFINITIONAL_REPRESENTATION('',(#4129),#4133);
#4129 = CIRCLE('',#4130,20.);
#4130 = AXIS2_PLACEMENT_2D('',#4131,#4132);
#4131 = CARTESIAN_POINT('',(0.,0.));
#4132 = DIRECTION('',(1.,0.));
#4133 = ( GEOMETRIC_REPRESENTATION_CONTEXT(2) 
PARAMETRIC_REPRESENTATION_CONTEXT() REPRESENTATION_CONTEXT('2D SPACE',''
  ) );
#4134 = ORIENTED_EDGE('',*,*,#4135,.F.);
#4135 = EDGE_CURVE('',#4136,#4108,#4138,.T.);
#4136 = VERTEX_POINT('',#4137);
#4137 = CARTESIAN_POINT('',(85.,-2.8,-17.32050807568));
#4138 = SURFACE_CURVE('',#4139,(#4144,#4154),.PCURVE_S1.);
#4139 = ELLIPSE('',#4140,28.855502074994,20.);
#4140 = AXIS2_PLACEMENT_3D('',#4141,#4142,#4143);
#4141 = CARTESIAN_POINT('',(75.,-2.8,3.10862446895E-16));
#4142 = DIRECTION('',(-0.624259746093,-0.693108716252,-0.360416532451));
#4143 = DIRECTION('',(0.600249755858,-0.720833064902,0.346554358126));
#4144 = PCURVE('',#397,#4145);
#4145 = DEFINITIONAL_REPRESENTATION('',(#4146),#4153);
#4146 = B_SPLINE_CURVE_WITH_KNOTS('',5,(#4147,#4148,#4149,#4150,#4151,
    #4152),.UNSPECIFIED.,.F.,.F.,(6,6),(4.712388980385,4.770113339976),
  .PIECEWISE_BEZIER_KNOTS.);
#4147 = CARTESIAN_POINT('',(5.235987755983,6.8));
#4148 = CARTESIAN_POINT('',(5.247532627901,7.0401333359));
#4149 = CARTESIAN_POINT('',(5.259077499819,7.280266671799));
#4150 = CARTESIAN_POINT('',(5.270622371738,7.520333328639));
#4151 = CARTESIAN_POINT('',(5.282167243656,7.760266627369));
#4152 = CARTESIAN_POINT('',(5.293712115574,8.));
#4153 = ( GEOMETRIC_REPRESENTATION_CONTEXT(2) 
PARAMETRIC_REPRESENTATION_CONTEXT() REPRESENTATION_CONTEXT('2D SPACE',''
  ) );
#4154 = PCURVE('',#4155,#4160);
#4155 = PLANE('',#4156);
#4156 = AXIS2_PLACEMENT_3D('',#4157,#4158,#4159);
#4157 = CARTESIAN_POINT('',(75.,-2.8,3.10862446895E-16));
#4158 = DIRECTION('',(-0.624259746093,-0.693108716252,-0.360416532451));
#4159 = DIRECTION('',(0.600249755858,-0.720833064902,0.346554358126));
#4160 = DEFINITIONAL_REPRESENTATION('',(#4161),#4165);
#4161 = ELLIPSE('',#4162,28.855502074994,20.);
#4162 = AXIS2_PLACEMENT_2D('',#4163,#4164);
#4163 = CARTESIAN_POINT('',(0.,0.));
#4164 = DIRECTION('',(1.,5.551115123126E-17));
#4165 = ( GEOMETRIC_REPRESENTATION_CONTEXT(2) 
PARAMETRIC_REPRESENTATION_CONTEXT() REPRESENTATION_CONTEXT('2D SPACE',''
  ) );
#4166 = ORIENTED_EDGE('',*,*,#4167,.F.);
#4167 = EDGE_CURVE('',#4168,#4136,#4170,.T.);
#4168 = VERTEX_POINT('',#4169);
#4169 = CARTESIAN_POINT('',(83.984084035954,-4.,-17.86858231743));
#4170 = SURFACE_CURVE('',#4171,(#4176,#4186),.PCURVE_S1.);
#4171 = ELLIPSE('',#4172,28.855502074994,20.);
#4172 = AXIS2_PLACEMENT_3D('',#4173,#4174,#4175);
#4173 = CARTESIAN_POINT('',(75.,-2.8,3.10862446895E-16));
#4174 = DIRECTION('',(0.624259746093,-0.693108716252,0.360416532451));
#4175 = DIRECTION('',(-0.600249755858,-0.720833064902,-0.346554358126));
#4176 = PCURVE('',#397,#4177);
#4177 = DEFINITIONAL_REPRESENTATION('',(#4178),#4185);
#4178 = B_SPLINE_CURVE_WITH_KNOTS('',5,(#4179,#4180,#4181,#4182,#4183,
    #4184),.UNSPECIFIED.,.F.,.F.,(6,6),(1.513071967204,1.570796326795),
  .PIECEWISE_BEZIER_KNOTS.);
#4179 = CARTESIAN_POINT('',(5.178263396392,8.));
#4180 = CARTESIAN_POINT('',(5.18980826831,7.760266627369));
#4181 = CARTESIAN_POINT('',(5.201353140228,7.520333328639));
#4182 = CARTESIAN_POINT('',(5.212898012147,7.280266671799));
#4183 = CARTESIAN_POINT('',(5.224442884065,7.0401333359));
#4184 = CARTESIAN_POINT('',(5.235987755983,6.8));
#4185 = ( GEOMETRIC_REPRESENTATION_CONTEXT(2) 
PARAMETRIC_REPRESENTATION_CONTEXT() REPRESENTATION_CONTEXT('2D SPACE',''
  ) );
#4186 = PCURVE('',#4187,#4192);
#4187 = PLANE('',#4188);
#4188 = AXIS2_PLACEMENT_3D('',#4189,#4190,#4191);
#4189 = CARTESIAN_POINT('',(73.917468245269,-4.1,-0.625));
#4190 = DIRECTION('',(0.624259746093,-0.693108716252,0.360416532451));
#4191 = DIRECTION('',(0.600249755858,0.720833064902,0.346554358126));
#4192 = DEFINITIONAL_REPRESENTATION('',(#4193),#4197);
#4193 = ELLIPSE('',#4194,28.855502074994,20.);
#4194 = AXIS2_PLACEMENT_2D('',#4195,#4196);
#4195 = CARTESIAN_POINT('',(1.803468879687,-3.330669073875E-15));
#4196 = DIRECTION('',(-1.,0.));
#4197 = ( GEOMETRIC_REPRESENTATION_CONTEXT(2) 
PARAMETRIC_REPRESENTATION_CONTEXT() REPRESENTATION_CONTEXT('2D SPACE',''
  ) );
#4198 = ORIENTED_EDGE('',*,*,#4199,.F.);
#4199 = EDGE_CURVE('',#4200,#4168,#4202,.T.);
#4200 = VERTEX_POINT('',#4201);
#4201 = CARTESIAN_POINT('',(81.282288982274,-4.,-18.98770247142));
#4202 = SURFACE_CURVE('',#4203,(#4208,#4214),.PCURVE_S1.);
#4203 = CIRCLE('',#4204,20.);
#4204 = AXIS2_PLACEMENT_3D('',#4205,#4206,#4207);
#4205 = CARTESIAN_POINT('',(75.,-4.,4.440892098501E-16));
#4206 = DIRECTION('',(0.,-1.,1.110223024625E-16));
#4207 = DIRECTION('',(1.,0.,0.));
#4208 = PCURVE('',#397,#4209);
#4209 = DEFINITIONAL_REPRESENTATION('',(#4210),#4213);
#4210 = B_SPLINE_CURVE_WITH_KNOTS('',1,(#4211,#4212),.UNSPECIFIED.,.F.,
  .F.,(2,2),(5.031912727775,5.178263396392),.PIECEWISE_BEZIER_KNOTS.);
#4211 = CARTESIAN_POINT('',(5.031912727775,8.));
#4212 = CARTESIAN_POINT('',(5.178263396392,8.));
#4213 = ( GEOMETRIC_REPRESENTATION_CONTEXT(2) 
PARAMETRIC_REPRESENTATION_CONTEXT() REPRESENTATION_CONTEXT('2D SPACE',''
  ) );
#4214 = PCURVE('',#4215,#4220);
#4215 = PLANE('',#4216);
#4216 = AXIS2_PLACEMENT_3D('',#4217,#4218,#4219);
#4217 = CARTESIAN_POINT('',(75.,-4.,4.440892098501E-16));
#4218 = DIRECTION('',(0.,-1.,1.110223024625E-16));
#4219 = DIRECTION('',(1.,0.,0.));
#4220 = DEFINITIONAL_REPRESENTATION('',(#4221),#4225);
#4221 = CIRCLE('',#4222,20.);
#4222 = AXIS2_PLACEMENT_2D('',#4223,#4224);
#4223 = CARTESIAN_POINT('',(0.,0.));
#4224 = DIRECTION('',(1.,0.));
#4225 = ( GEOMETRIC_REPRESENTATION_CONTEXT(2) 
PARAMETRIC_REPRESENTATION_CONTEXT() REPRESENTATION_CONTEXT('2D SPACE',''
  ) );
#4226 = ORIENTED_EDGE('',*,*,#4227,.F.);
#4227 = EDGE_CURVE('',#4228,#4200,#4230,.T.);
#4228 = VERTEX_POINT('',#4229);
#4229 = CARTESIAN_POINT('',(80.17638090205,-2.8,-19.31851652578));
#4230 = SURFACE_CURVE('',#4231,(#4236,#4246),.PCURVE_S1.);
#4231 = ELLIPSE('',#4232,28.855502074994,20.);
#4232 = AXIS2_PLACEMENT_3D('',#4233,#4234,#4235);
#4233 = CARTESIAN_POINT('',(75.,-2.8,3.10862446895E-16));
#4234 = DIRECTION('',(-0.696271273832,-0.693108716252,-0.186565325536));
#4235 = DIRECTION('',(0.669491609454,-0.720833064902,0.179389736093));
#4236 = PCURVE('',#397,#4237);
#4237 = DEFINITIONAL_REPRESENTATION('',(#4238),#4245);
#4238 = B_SPLINE_CURVE_WITH_KNOTS('',5,(#4239,#4240,#4241,#4242,#4243,
    #4244),.UNSPECIFIED.,.F.,.F.,(6,6),(4.712388980385,4.770113339976),
  .PIECEWISE_BEZIER_KNOTS.);
#4239 = CARTESIAN_POINT('',(4.974188368184,6.8));
#4240 = CARTESIAN_POINT('',(4.985733240102,7.0401333359));
#4241 = CARTESIAN_POINT('',(4.99727811202,7.280266671799));
#4242 = CARTESIAN_POINT('',(5.008822983939,7.520333328639));
#4243 = CARTESIAN_POINT('',(5.020367855857,7.760266627369));
#4244 = CARTESIAN_POINT('',(5.031912727775,8.));
#4245 = ( GEOMETRIC_REPRESENTATION_CONTEXT(2) 
PARAMETRIC_REPRESENTATION_CONTEXT() REPRESENTATION_CONTEXT('2D SPACE',''
  ) );
#4246 = PCURVE('',#4247,#4252);
#4247 = PLANE('',#4248);
#4248 = AXIS2_PLACEMENT_3D('',#4249,#4250,#4251);
#4249 = CARTESIAN_POINT('',(75.,-2.8,3.10862446895E-16));
#4250 = DIRECTION('',(-0.696271273832,-0.693108716252,-0.186565325536));
#4251 = DIRECTION('',(0.669491609454,-0.720833064902,0.179389736093));
#4252 = DEFINITIONAL_REPRESENTATION('',(#4253),#4257);
#4253 = ELLIPSE('',#4254,28.855502074994,20.);
#4254 = AXIS2_PLACEMENT_2D('',#4255,#4256);
#4255 = CARTESIAN_POINT('',(0.,0.));
#4256 = DIRECTION('',(1.,0.));
#4257 = ( GEOMETRIC_REPRESENTATION_CONTEXT(2) 
PARAMETRIC_REPRESENTATION_CONTEXT() REPRESENTATION_CONTEXT('2D SPACE',''
  ) );
#4258 = ORIENTED_EDGE('',*,*,#4259,.F.);
#4259 = EDGE_CURVE('',#4260,#4228,#4262,.T.);
#4260 = VERTEX_POINT('',#4261);
#4261 = CARTESIAN_POINT('',(79.053229383146,-4.,-19.58497719088));
#4262 = SURFACE_CURVE('',#4263,(#4268,#4278),.PCURVE_S1.);
#4263 = ELLIPSE('',#4264,28.855502074994,20.);
#4264 = AXIS2_PLACEMENT_3D('',#4265,#4266,#4267);
#4265 = CARTESIAN_POINT('',(75.,-2.8,3.10862446895E-16));
#4266 = DIRECTION('',(0.696271273832,-0.693108716252,0.186565325536));
#4267 = DIRECTION('',(-0.669491609454,-0.720833064902,-0.179389736093));
#4268 = PCURVE('',#397,#4269);
#4269 = DEFINITIONAL_REPRESENTATION('',(#4270),#4277);
#4270 = B_SPLINE_CURVE_WITH_KNOTS('',5,(#4271,#4272,#4273,#4274,#4275,
    #4276),.UNSPECIFIED.,.F.,.F.,(6,6),(1.513071967204,1.570796326795),
  .PIECEWISE_BEZIER_KNOTS.);
#4271 = CARTESIAN_POINT('',(4.916464008593,8.));
#4272 = CARTESIAN_POINT('',(4.928008880511,7.760266627369));
#4273 = CARTESIAN_POINT('',(4.939553752429,7.520333328639));
#4274 = CARTESIAN_POINT('',(4.951098624347,7.280266671799));
#4275 = CARTESIAN_POINT('',(4.962643496266,7.0401333359));
#4276 = CARTESIAN_POINT('',(4.974188368184,6.8));
#4277 = ( GEOMETRIC_REPRESENTATION_CONTEXT(2) 
PARAMETRIC_REPRESENTATION_CONTEXT() REPRESENTATION_CONTEXT('2D SPACE',''
  ) );
#4278 = PCURVE('',#4279,#4284);
#4279 = PLANE('',#4280);
#4280 = AXIS2_PLACEMENT_3D('',#4281,#4282,#4283);
#4281 = CARTESIAN_POINT('',(73.792592717139,-4.1,-0.323523806378));
#4282 = DIRECTION('',(0.696271273832,-0.693108716252,0.186565325536));
#4283 = DIRECTION('',(0.669491609454,0.720833064902,0.179389736093));
#4284 = DEFINITIONAL_REPRESENTATION('',(#4285),#4289);
#4285 = ELLIPSE('',#4286,28.855502074994,20.);
#4286 = AXIS2_PLACEMENT_2D('',#4287,#4288);
#4287 = CARTESIAN_POINT('',(1.803468879687,-1.554312234475E-15));
#4288 = DIRECTION('',(-1.,0.));
#4289 = ( GEOMETRIC_REPRESENTATION_CONTEXT(2) 
PARAMETRIC_REPRESENTATION_CONTEXT() REPRESENTATION_CONTEXT('2D SPACE',''
  ) );
#4290 = ORIENTED_EDGE('',*,*,#4291,.F.);
#4291 = EDGE_CURVE('',#4292,#4260,#4294,.T.);
#4292 = VERTEX_POINT('',#4293);
#4293 = CARTESIAN_POINT('',(76.153846153846,-4.,-19.96668823448));
#4294 = SURFACE_CURVE('',#4295,(#4300,#4306),.PCURVE_S1.);
#4295 = CIRCLE('',#4296,20.);
#4296 = AXIS2_PLACEMENT_3D('',#4297,#4298,#4299);
#4297 = CARTESIAN_POINT('',(75.,-4.,4.440892098501E-16));
#4298 = DIRECTION('',(0.,-1.,1.110223024625E-16));
#4299 = DIRECTION('',(1.,0.,0.));
#4300 = PCURVE('',#397,#4301);
#4301 = DEFINITIONAL_REPRESENTATION('',(#4302),#4305);
#4302 = B_SPLINE_CURVE_WITH_KNOTS('',1,(#4303,#4304),.UNSPECIFIED.,.F.,
  .F.,(2,2),(4.770113339976,4.916464008593),.PIECEWISE_BEZIER_KNOTS.);
#4303 = CARTESIAN_POINT('',(4.770113339976,8.));
#4304 = CARTESIAN_POINT('',(4.916464008593,8.));
#4305 = ( GEOMETRIC_REPRESENTATION_CONTEXT(2) 
PARAMETRIC_REPRESENTATION_CONTEXT() REPRESENTATION_CONTEXT('2D SPACE',''
  ) );
#4306 = PCURVE('',#4307,#4312);
#4307 = PLANE('',#4308);
#4308 = AXIS2_PLACEMENT_3D('',#4309,#4310,#4311);
#4309 = CARTESIAN_POINT('',(75.,-4.,4.440892098501E-16));
#4310 = DIRECTION('',(0.,-1.,1.110223024625E-16));
#4311 = DIRECTION('',(1.,0.,0.));
#4312 = DEFINITIONAL_REPRESENTATION('',(#4313),#4317);
#4313 = CIRCLE('',#4314,20.);
#4314 = AXIS2_PLACEMENT_2D('',#4315,#4316);
#4315 = CARTESIAN_POINT('',(0.,0.));
#4316 = DIRECTION('',(1.,0.));
#4317 = ( GEOMETRIC_REPRESENTATION_CONTEXT(2) 
PARAMETRIC_REPRESENTATION_CONTEXT() REPRESENTATION_CONTEXT('2D SPACE',''
  ) );
#4318 = ORIENTED_EDGE('',*,*,#4319,.F.);
#4319 = EDGE_CURVE('',#4320,#4292,#4322,.T.);
#4320 = VERTEX_POINT('',#4321);
#4321 = CARTESIAN_POINT('',(75.,-2.8,-20.));
#4322 = SURFACE_CURVE('',#4323,(#4328,#4338),.PCURVE_S1.);
#4323 = ELLIPSE('',#4324,28.855502074994,20.);
#4324 = AXIS2_PLACEMENT_3D('',#4325,#4326,#4327);
#4325 = CARTESIAN_POINT('',(75.,-2.8,3.10862446895E-16));
#4326 = DIRECTION('',(-0.720833064902,-0.693108716252,2.370076186481E-16
    ));
#4327 = DIRECTION('',(0.693108716252,-0.720833064902,-7.387250451371E-17
    ));
#4328 = PCURVE('',#397,#4329);
#4329 = DEFINITIONAL_REPRESENTATION('',(#4330),#4337);
#4330 = B_SPLINE_CURVE_WITH_KNOTS('',5,(#4331,#4332,#4333,#4334,#4335,
    #4336),.UNSPECIFIED.,.F.,.F.,(6,6),(4.712388980385,4.770113339976),
  .PIECEWISE_BEZIER_KNOTS.);
#4331 = CARTESIAN_POINT('',(4.712388980385,6.8));
#4332 = CARTESIAN_POINT('',(4.723933852303,7.0401333359));
#4333 = CARTESIAN_POINT('',(4.735478724221,7.280266671799));
#4334 = CARTESIAN_POINT('',(4.747023596139,7.520333328639));
#4335 = CARTESIAN_POINT('',(4.758568468058,7.760266627369));
#4336 = CARTESIAN_POINT('',(4.770113339976,8.));
#4337 = ( GEOMETRIC_REPRESENTATION_CONTEXT(2) 
PARAMETRIC_REPRESENTATION_CONTEXT() REPRESENTATION_CONTEXT('2D SPACE',''
  ) );
#4338 = PCURVE('',#4339,#4344);
#4339 = PLANE('',#4340);
#4340 = AXIS2_PLACEMENT_3D('',#4341,#4342,#4343);
#4341 = CARTESIAN_POINT('',(75.,-2.8,3.10862446895E-16));
#4342 = DIRECTION('',(-0.720833064902,-0.693108716252,2.370076186481E-16
    ));
#4343 = DIRECTION('',(0.693108716252,-0.720833064902,-7.387250451371E-17
    ));
#4344 = DEFINITIONAL_REPRESENTATION('',(#4345),#4349);
#4345 = ELLIPSE('',#4346,28.855502074994,20.);
#4346 = AXIS2_PLACEMENT_2D('',#4347,#4348);
#4347 = CARTESIAN_POINT('',(0.,0.));
#4348 = DIRECTION('',(1.,-1.232595164408E-32));
#4349 = ( GEOMETRIC_REPRESENTATION_CONTEXT(2) 
PARAMETRIC_REPRESENTATION_CONTEXT() REPRESENTATION_CONTEXT('2D SPACE',''
  ) );
#4350 = ORIENTED_EDGE('',*,*,#4351,.F.);
#4351 = EDGE_CURVE('',#4352,#4320,#4354,.T.);
#4352 = VERTEX_POINT('',#4353);
#4353 = CARTESIAN_POINT('',(73.846153846154,-4.,-19.96668823448));
#4354 = SURFACE_CURVE('',#4355,(#4360,#4370),.PCURVE_S1.);
#4355 = ELLIPSE('',#4356,28.855502074994,20.);
#4356 = AXIS2_PLACEMENT_3D('',#4357,#4358,#4359);
#4357 = CARTESIAN_POINT('',(75.,-2.8,3.10862446895E-16));
#4358 = DIRECTION('',(0.720833064902,-0.693108716252,-8.310656757792E-17
    ));
#4359 = DIRECTION('',(-0.693108716252,-0.720833064902,2.339295976267E-16
    ));
#4360 = PCURVE('',#397,#4361);
#4361 = DEFINITIONAL_REPRESENTATION('',(#4362),#4369);
#4362 = B_SPLINE_CURVE_WITH_KNOTS('',5,(#4363,#4364,#4365,#4366,#4367,
    #4368),.UNSPECIFIED.,.F.,.F.,(6,6),(1.513071967204,1.570796326795),
  .PIECEWISE_BEZIER_KNOTS.);
#4363 = CARTESIAN_POINT('',(4.654664620793,8.));
#4364 = CARTESIAN_POINT('',(4.666209492712,7.760266627369));
#4365 = CARTESIAN_POINT('',(4.67775436463,7.520333328639));
#4366 = CARTESIAN_POINT('',(4.689299236548,7.280266671799));
#4367 = CARTESIAN_POINT('',(4.700844108466,7.0401333359));
#4368 = CARTESIAN_POINT('',(4.712388980385,6.8));
#4369 = ( GEOMETRIC_REPRESENTATION_CONTEXT(2) 
PARAMETRIC_REPRESENTATION_CONTEXT() REPRESENTATION_CONTEXT('2D SPACE',''
  ) );
#4370 = PCURVE('',#4371,#4376);
#4371 = PLANE('',#4372);
#4372 = AXIS2_PLACEMENT_3D('',#4373,#4374,#4375);
#4373 = CARTESIAN_POINT('',(73.75,-4.1,7.327471962526E-16));
#4374 = DIRECTION('',(0.720833064902,-0.693108716252,-8.310656757792E-17
    ));
#4375 = DIRECTION('',(0.693108716252,0.720833064902,-2.339295976267E-16)
  );
#4376 = DEFINITIONAL_REPRESENTATION('',(#4377),#4381);
#4377 = ELLIPSE('',#4378,28.855502074994,20.);
#4378 = AXIS2_PLACEMENT_2D('',#4379,#4380);
#4379 = CARTESIAN_POINT('',(1.803468879687,0.));
#4380 = DIRECTION('',(-1.,0.));
#4381 = ( GEOMETRIC_REPRESENTATION_CONTEXT(2) 
PARAMETRIC_REPRESENTATION_CONTEXT() REPRESENTATION_CONTEXT('2D SPACE',''
  ) );
#4382 = ORIENTED_EDGE('',*,*,#4383,.F.);
#4383 = EDGE_CURVE('',#4384,#4352,#4386,.T.);
#4384 = VERTEX_POINT('',#4385);
#4385 = CARTESIAN_POINT('',(70.946770616854,-4.,-19.58497719088));
#4386 = SURFACE_CURVE('',#4387,(#4392,#4398),.PCURVE_S1.);
#4387 = CIRCLE('',#4388,20.);
#4388 = AXIS2_PLACEMENT_3D('',#4389,#4390,#4391);
#4389 = CARTESIAN_POINT('',(75.,-4.,4.440892098501E-16));
#4390 = DIRECTION('',(0.,-1.,1.110223024625E-16));
#4391 = DIRECTION('',(1.,0.,0.));
#4392 = PCURVE('',#397,#4393);
#4393 = DEFINITIONAL_REPRESENTATION('',(#4394),#4397);
#4394 = B_SPLINE_CURVE_WITH_KNOTS('',1,(#4395,#4396),.UNSPECIFIED.,.F.,
  .F.,(2,2),(4.508313952177,4.654664620793),.PIECEWISE_BEZIER_KNOTS.);
#4395 = CARTESIAN_POINT('',(4.508313952177,8.));
#4396 = CARTESIAN_POINT('',(4.654664620793,8.));
#4397 = ( GEOMETRIC_REPRESENTATION_CONTEXT(2) 
PARAMETRIC_REPRESENTATION_CONTEXT() REPRESENTATION_CONTEXT('2D SPACE',''
  ) );
#4398 = PCURVE('',#4399,#4404);
#4399 = PLANE('',#4400);
#4400 = AXIS2_PLACEMENT_3D('',#4401,#4402,#4403);
#4401 = CARTESIAN_POINT('',(75.,-4.,4.440892098501E-16));
#4402 = DIRECTION('',(0.,-1.,1.110223024625E-16));
#4403 = DIRECTION('',(1.,0.,0.));
#4404 = DEFINITIONAL_REPRESENTATION('',(#4405),#4409);
#4405 = CIRCLE('',#4406,20.);
#4406 = AXIS2_PLACEMENT_2D('',#4407,#4408);
#4407 = CARTESIAN_POINT('',(0.,0.));
#4408 = DIRECTION('',(1.,0.));
#4409 = ( GEOMETRIC_REPRESENTATION_CONTEXT(2) 
PARAMETRIC_REPRESENTATION_CONTEXT() REPRESENTATION_CONTEXT('2D SPACE',''
  ) );
#4410 = ORIENTED_EDGE('',*,*,#4411,.F.);
#4411 = EDGE_CURVE('',#4412,#4384,#4414,.T.);
#4412 = VERTEX_POINT('',#4413);
#4413 = CARTESIAN_POINT('',(69.82361909795,-2.8,-19.31851652578));
#4414 = SURFACE_CURVE('',#4415,(#4420,#4430),.PCURVE_S1.);
#4415 = ELLIPSE('',#4416,28.855502074994,20.);
#4416 = AXIS2_PLACEMENT_3D('',#4417,#4418,#4419);
#4417 = CARTESIAN_POINT('',(75.,-2.8,3.10862446895E-16));
#4418 = DIRECTION('',(-0.696271273832,-0.693108716252,0.186565325536));
#4419 = DIRECTION('',(0.669491609454,-0.720833064902,-0.179389736093));
#4420 = PCURVE('',#397,#4421);
#4421 = DEFINITIONAL_REPRESENTATION('',(#4422),#4429);
#4422 = B_SPLINE_CURVE_WITH_KNOTS('',5,(#4423,#4424,#4425,#4426,#4427,
    #4428),.UNSPECIFIED.,.F.,.F.,(6,6),(4.712388980385,4.770113339976),
  .PIECEWISE_BEZIER_KNOTS.);
#4423 = CARTESIAN_POINT('',(4.450589592586,6.8));
#4424 = CARTESIAN_POINT('',(4.462134464504,7.0401333359));
#4425 = CARTESIAN_POINT('',(4.473679336422,7.280266671799));
#4426 = CARTESIAN_POINT('',(4.48522420834,7.520333328639));
#4427 = CARTESIAN_POINT('',(4.496769080258,7.760266627369));
#4428 = CARTESIAN_POINT('',(4.508313952177,8.));
#4429 = ( GEOMETRIC_REPRESENTATION_CONTEXT(2) 
PARAMETRIC_REPRESENTATION_CONTEXT() REPRESENTATION_CONTEXT('2D SPACE',''
  ) );
#4430 = PCURVE('',#4431,#4436);
#4431 = PLANE('',#4432);
#4432 = AXIS2_PLACEMENT_3D('',#4433,#4434,#4435);
#4433 = CARTESIAN_POINT('',(75.,-2.8,3.10862446895E-16));
#4434 = DIRECTION('',(-0.696271273832,-0.693108716252,0.186565325536));
#4435 = DIRECTION('',(0.669491609454,-0.720833064902,-0.179389736093));
#4436 = DEFINITIONAL_REPRESENTATION('',(#4437),#4441);
#4437 = ELLIPSE('',#4438,28.855502074994,20.);
#4438 = AXIS2_PLACEMENT_2D('',#4439,#4440);
#4439 = CARTESIAN_POINT('',(0.,0.));
#4440 = DIRECTION('',(1.,0.));
#4441 = ( GEOMETRIC_REPRESENTATION_CONTEXT(2) 
PARAMETRIC_REPRESENTATION_CONTEXT() REPRESENTATION_CONTEXT('2D SPACE',''
  ) );
#4442 = ORIENTED_EDGE('',*,*,#4443,.F.);
#4443 = EDGE_CURVE('',#4444,#4412,#4446,.T.);
#4444 = VERTEX_POINT('',#4445);
#4445 = CARTESIAN_POINT('',(68.717711017726,-4.,-18.98770247142));
#4446 = SURFACE_CURVE('',#4447,(#4452,#4462),.PCURVE_S1.);
#4447 = ELLIPSE('',#4448,28.855502074994,20.);
#4448 = AXIS2_PLACEMENT_3D('',#4449,#4450,#4451);
#4449 = CARTESIAN_POINT('',(75.,-2.8,3.10862446895E-16));
#4450 = DIRECTION('',(0.696271273832,-0.693108716252,-0.186565325536));
#4451 = DIRECTION('',(-0.669491609454,-0.720833064902,0.179389736093));
#4452 = PCURVE('',#397,#4453);
#4453 = DEFINITIONAL_REPRESENTATION('',(#4454),#4461);
#4454 = B_SPLINE_CURVE_WITH_KNOTS('',5,(#4455,#4456,#4457,#4458,#4459,
    #4460),.UNSPECIFIED.,.F.,.F.,(6,6),(1.513071967204,1.570796326795),
  .PIECEWISE_BEZIER_KNOTS.);
#4455 = CARTESIAN_POINT('',(4.392865232994,8.));
#4456 = CARTESIAN_POINT('',(4.404410104913,7.760266627369));
#4457 = CARTESIAN_POINT('',(4.415954976831,7.520333328639));
#4458 = CARTESIAN_POINT('',(4.427499848749,7.280266671799));
#4459 = CARTESIAN_POINT('',(4.439044720667,7.0401333359));
#4460 = CARTESIAN_POINT('',(4.450589592586,6.8));
#4461 = ( GEOMETRIC_REPRESENTATION_CONTEXT(2) 
PARAMETRIC_REPRESENTATION_CONTEXT() REPRESENTATION_CONTEXT('2D SPACE',''
  ) );
#4462 = PCURVE('',#4463,#4468);
#4463 = PLANE('',#4464);
#4464 = AXIS2_PLACEMENT_3D('',#4465,#4466,#4467);
#4465 = CARTESIAN_POINT('',(73.792592717139,-4.1,0.323523806378));
#4466 = DIRECTION('',(0.696271273832,-0.693108716252,-0.186565325536));
#4467 = DIRECTION('',(0.669491609454,0.720833064902,-0.179389736093));
#4468 = DEFINITIONAL_REPRESENTATION('',(#4469),#4473);
#4469 = ELLIPSE('',#4470,28.855502074994,20.);
#4470 = AXIS2_PLACEMENT_2D('',#4471,#4472);
#4471 = CARTESIAN_POINT('',(1.803468879687,1.609823385706E-15));
#4472 = DIRECTION('',(-1.,-2.775557561563E-17));
#4473 = ( GEOMETRIC_REPRESENTATION_CONTEXT(2) 
PARAMETRIC_REPRESENTATION_CONTEXT() REPRESENTATION_CONTEXT('2D SPACE',''
  ) );
#4474 = ORIENTED_EDGE('',*,*,#4475,.F.);
#4475 = EDGE_CURVE('',#4476,#4444,#4478,.T.);
#4476 = VERTEX_POINT('',#4477);
#4477 = CARTESIAN_POINT('',(66.015915964046,-4.,-17.86858231743));
#4478 = SURFACE_CURVE('',#4479,(#4484,#4490),.PCURVE_S1.);
#4479 = CIRCLE('',#4480,20.);
#4480 = AXIS2_PLACEMENT_3D('',#4481,#4482,#4483);
#4481 = CARTESIAN_POINT('',(75.,-4.,4.440892098501E-16));
#4482 = DIRECTION('',(0.,-1.,1.110223024625E-16));
#4483 = DIRECTION('',(1.,0.,0.));
#4484 = PCURVE('',#397,#4485);
#4485 = DEFINITIONAL_REPRESENTATION('',(#4486),#4489);
#4486 = B_SPLINE_CURVE_WITH_KNOTS('',1,(#4487,#4488),.UNSPECIFIED.,.F.,
  .F.,(2,2),(4.246514564378,4.392865232994),.PIECEWISE_BEZIER_KNOTS.);
#4487 = CARTESIAN_POINT('',(4.246514564378,8.));
#4488 = CARTESIAN_POINT('',(4.392865232994,8.));
#4489 = ( GEOMETRIC_REPRESENTATION_CONTEXT(2) 
PARAMETRIC_REPRESENTATION_CONTEXT() REPRESENTATION_CONTEXT('2D SPACE',''
  ) );
#4490 = PCURVE('',#4491,#4496);
#4491 = PLANE('',#4492);
#4492 = AXIS2_PLACEMENT_3D('',#4493,#4494,#4495);
#4493 = CARTESIAN_POINT('',(75.,-4.,4.440892098501E-16));
#4494 = DIRECTION('',(0.,-1.,1.110223024625E-16));
#4495 = DIRECTION('',(1.,0.,0.));
#4496 = DEFINITIONAL_REPRESENTATION('',(#4497),#4501);
#4497 = CIRCLE('',#4498,20.);
#4498 = AXIS2_PLACEMENT_2D('',#4499,#4500);
#4499 = CARTESIAN_POINT('',(0.,0.));
#4500 = DIRECTION('',(1.,0.));
#4501 = ( GEOMETRIC_REPRESENTATION_CONTEXT(2) 
PARAMETRIC_REPRESENTATION_CONTEXT() REPRESENTATION_CONTEXT('2D SPACE',''
  ) );
#4502 = ORIENTED_EDGE('',*,*,#4503,.F.);
#4503 = EDGE_CURVE('',#4504,#4476,#4506,.T.);
#4504 = VERTEX_POINT('',#4505);
#4505 = CARTESIAN_POINT('',(65.,-2.8,-17.32050807568));
#4506 = SURFACE_CURVE('',#4507,(#4512,#4522),.PCURVE_S1.);
#4507 = ELLIPSE('',#4508,28.855502074994,20.);
#4508 = AXIS2_PLACEMENT_3D('',#4509,#4510,#4511);
#4509 = CARTESIAN_POINT('',(75.,-2.8,3.10862446895E-16));
#4510 = DIRECTION('',(-0.624259746093,-0.693108716252,0.360416532451));
#4511 = DIRECTION('',(0.600249755858,-0.720833064902,-0.346554358126));
#4512 = PCURVE('',#397,#4513);
#4513 = DEFINITIONAL_REPRESENTATION('',(#4514),#4521);
#4514 = B_SPLINE_CURVE_WITH_KNOTS('',5,(#4515,#4516,#4517,#4518,#4519,
    #4520),.UNSPECIFIED.,.F.,.F.,(6,6),(4.712388980385,4.770113339976),
  .PIECEWISE_BEZIER_KNOTS.);
#4515 = CARTESIAN_POINT('',(4.188790204786,6.8));
#4516 = CARTESIAN_POINT('',(4.200335076705,7.0401333359));
#4517 = CARTESIAN_POINT('',(4.211879948623,7.280266671799));
#4518 = CARTESIAN_POINT('',(4.223424820541,7.520333328639));
#4519 = CARTESIAN_POINT('',(4.234969692459,7.760266627369));
#4520 = CARTESIAN_POINT('',(4.246514564378,8.));
#4521 = ( GEOMETRIC_REPRESENTATION_CONTEXT(2) 
PARAMETRIC_REPRESENTATION_CONTEXT() REPRESENTATION_CONTEXT('2D SPACE',''
  ) );
#4522 = PCURVE('',#4523,#4528);
#4523 = PLANE('',#4524);
#4524 = AXIS2_PLACEMENT_3D('',#4525,#4526,#4527);
#4525 = CARTESIAN_POINT('',(75.,-2.8,3.10862446895E-16));
#4526 = DIRECTION('',(-0.624259746093,-0.693108716252,0.360416532451));
#4527 = DIRECTION('',(0.600249755858,-0.720833064902,-0.346554358126));
#4528 = DEFINITIONAL_REPRESENTATION('',(#4529),#4533);
#4529 = ELLIPSE('',#4530,28.855502074994,20.);
#4530 = AXIS2_PLACEMENT_2D('',#4531,#4532);
#4531 = CARTESIAN_POINT('',(0.,0.));
#4532 = DIRECTION('',(1.,0.));
#4533 = ( GEOMETRIC_REPRESENTATION_CONTEXT(2) 
PARAMETRIC_REPRESENTATION_CONTEXT() REPRESENTATION_CONTEXT('2D SPACE',''
  ) );
#4534 = ORIENTED_EDGE('',*,*,#4535,.F.);
#4535 = EDGE_CURVE('',#4536,#4504,#4538,.T.);
#4536 = VERTEX_POINT('',#4537);
#4537 = CARTESIAN_POINT('',(64.017395801466,-4.,-16.71473616358));
#4538 = SURFACE_CURVE('',#4539,(#4544,#4554),.PCURVE_S1.);
#4539 = ELLIPSE('',#4540,28.855502074994,20.);
#4540 = AXIS2_PLACEMENT_3D('',#4541,#4542,#4543);
#4541 = CARTESIAN_POINT('',(75.,-2.8,3.10862446895E-16));
#4542 = DIRECTION('',(0.624259746093,-0.693108716252,-0.360416532451));
#4543 = DIRECTION('',(-0.600249755858,-0.720833064902,0.346554358126));
#4544 = PCURVE('',#397,#4545);
#4545 = DEFINITIONAL_REPRESENTATION('',(#4546),#4553);
#4546 = B_SPLINE_CURVE_WITH_KNOTS('',5,(#4547,#4548,#4549,#4550,#4551,
    #4552),.UNSPECIFIED.,.F.,.F.,(6,6),(1.513071967204,1.570796326795),
  .PIECEWISE_BEZIER_KNOTS.);
#4547 = CARTESIAN_POINT('',(4.131065845195,8.));
#4548 = CARTESIAN_POINT('',(4.142610717113,7.760266627369));
#4549 = CARTESIAN_POINT('',(4.154155589032,7.520333328639));
#4550 = CARTESIAN_POINT('',(4.16570046095,7.280266671799));
#4551 = CARTESIAN_POINT('',(4.177245332868,7.0401333359));
#4552 = CARTESIAN_POINT('',(4.188790204786,6.8));
#4553 = ( GEOMETRIC_REPRESENTATION_CONTEXT(2) 
PARAMETRIC_REPRESENTATION_CONTEXT() REPRESENTATION_CONTEXT('2D SPACE',''
  ) );
#4554 = PCURVE('',#4555,#4560);
#4555 = PLANE('',#4556);
#4556 = AXIS2_PLACEMENT_3D('',#4557,#4558,#4559);
#4557 = CARTESIAN_POINT('',(73.917468245269,-4.1,0.625));
#4558 = DIRECTION('',(0.624259746093,-0.693108716252,-0.360416532451));
#4559 = DIRECTION('',(0.600249755858,0.720833064902,-0.346554358126));
#4560 = DEFINITIONAL_REPRESENTATION('',(#4561),#4565);
#4561 = ELLIPSE('',#4562,28.855502074994,20.);
#4562 = AXIS2_PLACEMENT_2D('',#4563,#4564);
#4563 = CARTESIAN_POINT('',(1.803468879687,3.441691376338E-15));
#4564 = DIRECTION('',(-1.,-5.551115123126E-17));
#4565 = ( GEOMETRIC_REPRESENTATION_CONTEXT(2) 
PARAMETRIC_REPRESENTATION_CONTEXT() REPRESENTATION_CONTEXT('2D SPACE',''
  ) );
#4566 = ORIENTED_EDGE('',*,*,#4567,.F.);
#4567 = EDGE_CURVE('',#4568,#4536,#4570,.T.);
#4568 = VERTEX_POINT('',#4569);
#4569 = CARTESIAN_POINT('',(61.697311791386,-4.,-14.93447308827));
#4570 = SURFACE_CURVE('',#4571,(#4576,#4582),.PCURVE_S1.);
#4571 = CIRCLE('',#4572,20.);
#4572 = AXIS2_PLACEMENT_3D('',#4573,#4574,#4575);
#4573 = CARTESIAN_POINT('',(75.,-4.,4.440892098501E-16));
#4574 = DIRECTION('',(0.,-1.,1.110223024625E-16));
#4575 = DIRECTION('',(1.,0.,0.));
#4576 = PCURVE('',#397,#4577);
#4577 = DEFINITIONAL_REPRESENTATION('',(#4578),#4581);
#4578 = B_SPLINE_CURVE_WITH_KNOTS('',1,(#4579,#4580),.UNSPECIFIED.,.F.,
  .F.,(2,2),(3.984715176578,4.131065845195),.PIECEWISE_BEZIER_KNOTS.);
#4579 = CARTESIAN_POINT('',(3.984715176578,8.));
#4580 = CARTESIAN_POINT('',(4.131065845195,8.));
#4581 = ( GEOMETRIC_REPRESENTATION_CONTEXT(2) 
PARAMETRIC_REPRESENTATION_CONTEXT() REPRESENTATION_CONTEXT('2D SPACE',''
  ) );
#4582 = PCURVE('',#4583,#4588);
#4583 = PLANE('',#4584);
#4584 = AXIS2_PLACEMENT_3D('',#4585,#4586,#4587);
#4585 = CARTESIAN_POINT('',(75.,-4.,4.440892098501E-16));
#4586 = DIRECTION('',(0.,-1.,1.110223024625E-16));
#4587 = DIRECTION('',(1.,0.,0.));
#4588 = DEFINITIONAL_REPRESENTATION('',(#4589),#4593);
#4589 = CIRCLE('',#4590,20.);
#4590 = AXIS2_PLACEMENT_2D('',#4591,#4592);
#4591 = CARTESIAN_POINT('',(0.,0.));
#4592 = DIRECTION('',(1.,0.));
#4593 = ( GEOMETRIC_REPRESENTATION_CONTEXT(2) 
PARAMETRIC_REPRESENTATION_CONTEXT() REPRESENTATION_CONTEXT('2D SPACE',''
  ) );
#4594 = ORIENTED_EDGE('',*,*,#4595,.F.);
#4595 = EDGE_CURVE('',#4596,#4568,#4598,.T.);
#4596 = VERTEX_POINT('',#4597);
#4597 = CARTESIAN_POINT('',(60.857864376269,-2.8,-14.14213562373));
#4598 = SURFACE_CURVE('',#4599,(#4604,#4614),.PCURVE_S1.);
#4599 = ELLIPSE('',#4600,28.855502074994,20.);
#4600 = AXIS2_PLACEMENT_3D('',#4601,#4602,#4603);
#4601 = CARTESIAN_POINT('',(75.,-2.8,3.10862446895E-16));
#4602 = DIRECTION('',(-0.509705948296,-0.693108716252,0.509705948296));
#4603 = DIRECTION('',(0.490101873361,-0.720833064902,-0.490101873361));
#4604 = PCURVE('',#397,#4605);
#4605 = DEFINITIONAL_REPRESENTATION('',(#4606),#4613);
#4606 = B_SPLINE_CURVE_WITH_KNOTS('',5,(#4607,#4608,#4609,#4610,#4611,
    #4612),.UNSPECIFIED.,.F.,.F.,(6,6),(4.712388980385,4.770113339976),
  .PIECEWISE_BEZIER_KNOTS.);
#4607 = CARTESIAN_POINT('',(3.926990816987,6.8));
#4608 = CARTESIAN_POINT('',(3.938535688905,7.0401333359));
#4609 = CARTESIAN_POINT('',(3.950080560824,7.280266671799));
#4610 = CARTESIAN_POINT('',(3.961625432742,7.520333328639));
#4611 = CARTESIAN_POINT('',(3.97317030466,7.760266627369));
#4612 = CARTESIAN_POINT('',(3.984715176578,8.));
#4613 = ( GEOMETRIC_REPRESENTATION_CONTEXT(2) 
PARAMETRIC_REPRESENTATION_CONTEXT() REPRESENTATION_CONTEXT('2D SPACE',''
  ) );
#4614 = PCURVE('',#4615,#4620);
#4615 = PLANE('',#4616);
#4616 = AXIS2_PLACEMENT_3D('',#4617,#4618,#4619);
#4617 = CARTESIAN_POINT('',(75.,-2.8,3.10862446895E-16));
#4618 = DIRECTION('',(-0.509705948296,-0.693108716252,0.509705948296));
#4619 = DIRECTION('',(0.490101873361,-0.720833064902,-0.490101873361));
#4620 = DEFINITIONAL_REPRESENTATION('',(#4621),#4625);
#4621 = ELLIPSE('',#4622,28.855502074994,20.);
#4622 = AXIS2_PLACEMENT_2D('',#4623,#4624);
#4623 = CARTESIAN_POINT('',(0.,0.));
#4624 = DIRECTION('',(1.,5.551115123126E-17));
#4625 = ( GEOMETRIC_REPRESENTATION_CONTEXT(2) 
PARAMETRIC_REPRESENTATION_CONTEXT() REPRESENTATION_CONTEXT('2D SPACE',''
  ) );
#4626 = ORIENTED_EDGE('',*,*,#4627,.F.);
#4627 = EDGE_CURVE('',#4628,#4596,#4630,.T.);
#4628 = VERTEX_POINT('',#4629);
#4629 = CARTESIAN_POINT('',(60.065526911725,-4.,-13.30268820861));
#4630 = SURFACE_CURVE('',#4631,(#4636,#4646),.PCURVE_S1.);
#4631 = ELLIPSE('',#4632,28.855502074994,20.);
#4632 = AXIS2_PLACEMENT_3D('',#4633,#4634,#4635);
#4633 = CARTESIAN_POINT('',(75.,-2.8,3.10862446895E-16));
#4634 = DIRECTION('',(0.509705948296,-0.693108716252,-0.509705948296));
#4635 = DIRECTION('',(-0.490101873361,-0.720833064902,0.490101873361));
#4636 = PCURVE('',#397,#4637);
#4637 = DEFINITIONAL_REPRESENTATION('',(#4638),#4645);
#4638 = B_SPLINE_CURVE_WITH_KNOTS('',5,(#4639,#4640,#4641,#4642,#4643,
    #4644),.UNSPECIFIED.,.F.,.F.,(6,6),(1.513071967204,1.570796326795),
  .PIECEWISE_BEZIER_KNOTS.);
#4639 = CARTESIAN_POINT('',(3.869266457396,8.));
#4640 = CARTESIAN_POINT('',(3.880811329314,7.760266627369));
#4641 = CARTESIAN_POINT('',(3.892356201233,7.520333328639));
#4642 = CARTESIAN_POINT('',(3.903901073151,7.280266671799));
#4643 = CARTESIAN_POINT('',(3.915445945069,7.0401333359));
#4644 = CARTESIAN_POINT('',(3.926990816987,6.8));
#4645 = ( GEOMETRIC_REPRESENTATION_CONTEXT(2) 
PARAMETRIC_REPRESENTATION_CONTEXT() REPRESENTATION_CONTEXT('2D SPACE',''
  ) );
#4646 = PCURVE('',#4647,#4652);
#4647 = PLANE('',#4648);
#4648 = AXIS2_PLACEMENT_3D('',#4649,#4650,#4651);
#4649 = CARTESIAN_POINT('',(74.116116523517,-4.1,0.883883476483));
#4650 = DIRECTION('',(0.509705948296,-0.693108716252,-0.509705948296));
#4651 = DIRECTION('',(0.490101873361,0.720833064902,-0.490101873361));
#4652 = DEFINITIONAL_REPRESENTATION('',(#4653),#4657);
#4653 = ELLIPSE('',#4654,28.855502074994,20.);
#4654 = AXIS2_PLACEMENT_2D('',#4655,#4656);
#4655 = CARTESIAN_POINT('',(1.803468879687,-6.328271240363E-15));
#4656 = DIRECTION('',(-1.,5.551115123126E-17));
#4657 = ( GEOMETRIC_REPRESENTATION_CONTEXT(2) 
PARAMETRIC_REPRESENTATION_CONTEXT() REPRESENTATION_CONTEXT('2D SPACE',''
  ) );
#4658 = ORIENTED_EDGE('',*,*,#4659,.F.);
#4659 = EDGE_CURVE('',#4660,#4628,#4662,.T.);
#4660 = VERTEX_POINT('',#4661);
#4661 = CARTESIAN_POINT('',(58.285263836412,-4.,-10.98260419853));
#4662 = SURFACE_CURVE('',#4663,(#4668,#4674),.PCURVE_S1.);
#4663 = CIRCLE('',#4664,20.);
#4664 = AXIS2_PLACEMENT_3D('',#4665,#4666,#4667);
#4665 = CARTESIAN_POINT('',(75.,-4.,4.440892098501E-16));
#4666 = DIRECTION('',(0.,-1.,1.110223024625E-16));
#4667 = DIRECTION('',(1.,0.,0.));
#4668 = PCURVE('',#397,#4669);
#4669 = DEFINITIONAL_REPRESENTATION('',(#4670),#4673);
#4670 = B_SPLINE_CURVE_WITH_KNOTS('',1,(#4671,#4672),.UNSPECIFIED.,.F.,
  .F.,(2,2),(3.722915788779,3.869266457396),.PIECEWISE_BEZIER_KNOTS.);
#4671 = CARTESIAN_POINT('',(3.722915788779,8.));
#4672 = CARTESIAN_POINT('',(3.869266457396,8.));
#4673 = ( GEOMETRIC_REPRESENTATION_CONTEXT(2) 
PARAMETRIC_REPRESENTATION_CONTEXT() REPRESENTATION_CONTEXT('2D SPACE',''
  ) );
#4674 = PCURVE('',#4675,#4680);
#4675 = PLANE('',#4676);
#4676 = AXIS2_PLACEMENT_3D('',#4677,#4678,#4679);
#4677 = CARTESIAN_POINT('',(75.,-4.,4.440892098501E-16));
#4678 = DIRECTION('',(0.,-1.,1.110223024625E-16));
#4679 = DIRECTION('',(1.,0.,0.));
#4680 = DEFINITIONAL_REPRESENTATION('',(#4681),#4685);
#4681 = CIRCLE('',#4682,20.);
#4682 = AXIS2_PLACEMENT_2D('',#4683,#4684);
#4683 = CARTESIAN_POINT('',(0.,0.));
#4684 = DIRECTION('',(1.,0.));
#4685 = ( GEOMETRIC_REPRESENTATION_CONTEXT(2) 
PARAMETRIC_REPRESENTATION_CONTEXT() REPRESENTATION_CONTEXT('2D SPACE',''
  ) );
#4686 = ORIENTED_EDGE('',*,*,#4687,.F.);
#4687 = EDGE_CURVE('',#4688,#4660,#4690,.T.);
#4688 = VERTEX_POINT('',#4689);
#4689 = CARTESIAN_POINT('',(57.679491924311,-2.8,-10.));
#4690 = SURFACE_CURVE('',#4691,(#4696,#4706),.PCURVE_S1.);
#4691 = ELLIPSE('',#4692,28.855502074994,20.);
#4692 = AXIS2_PLACEMENT_3D('',#4693,#4694,#4695);
#4693 = CARTESIAN_POINT('',(75.,-2.8,3.10862446895E-16));
#4694 = DIRECTION('',(-0.360416532451,-0.693108716252,0.624259746093));
#4695 = DIRECTION('',(0.346554358126,-0.720833064902,-0.600249755858));
#4696 = PCURVE('',#397,#4697);
#4697 = DEFINITIONAL_REPRESENTATION('',(#4698),#4705);
#4698 = B_SPLINE_CURVE_WITH_KNOTS('',5,(#4699,#4700,#4701,#4702,#4703,
    #4704),.UNSPECIFIED.,.F.,.F.,(6,6),(4.712388980385,4.770113339976),
  .PIECEWISE_BEZIER_KNOTS.);
#4699 = CARTESIAN_POINT('',(3.665191429188,6.8));
#4700 = CARTESIAN_POINT('',(3.676736301106,7.0401333359));
#4701 = CARTESIAN_POINT('',(3.688281173025,7.280266671799));
#4702 = CARTESIAN_POINT('',(3.699826044943,7.520333328639));
#4703 = CARTESIAN_POINT('',(3.711370916861,7.760266627369));
#4704 = CARTESIAN_POINT('',(3.722915788779,8.));
#4705 = ( GEOMETRIC_REPRESENTATION_CONTEXT(2) 
PARAMETRIC_REPRESENTATION_CONTEXT() REPRESENTATION_CONTEXT('2D SPACE',''
  ) );
#4706 = PCURVE('',#4707,#4712);
#4707 = PLANE('',#4708);
#4708 = AXIS2_PLACEMENT_3D('',#4709,#4710,#4711);
#4709 = CARTESIAN_POINT('',(75.,-2.8,3.10862446895E-16));
#4710 = DIRECTION('',(-0.360416532451,-0.693108716252,0.624259746093));
#4711 = DIRECTION('',(0.346554358126,-0.720833064902,-0.600249755858));
#4712 = DEFINITIONAL_REPRESENTATION('',(#4713),#4717);
#4713 = ELLIPSE('',#4714,28.855502074994,20.);
#4714 = AXIS2_PLACEMENT_2D('',#4715,#4716);
#4715 = CARTESIAN_POINT('',(0.,0.));
#4716 = DIRECTION('',(1.,0.));
#4717 = ( GEOMETRIC_REPRESENTATION_CONTEXT(2) 
PARAMETRIC_REPRESENTATION_CONTEXT() REPRESENTATION_CONTEXT('2D SPACE',''
  ) );
#4718 = ORIENTED_EDGE('',*,*,#4719,.F.);
#4719 = EDGE_CURVE('',#4720,#4688,#4722,.T.);
#4720 = VERTEX_POINT('',#4721);
#4721 = CARTESIAN_POINT('',(57.131417682566,-4.,-8.984084035954));
#4722 = SURFACE_CURVE('',#4723,(#4728,#4738),.PCURVE_S1.);
#4723 = ELLIPSE('',#4724,28.855502074994,20.);
#4724 = AXIS2_PLACEMENT_3D('',#4725,#4726,#4727);
#4725 = CARTESIAN_POINT('',(75.,-2.8,3.10862446895E-16));
#4726 = DIRECTION('',(0.360416532451,-0.693108716252,-0.624259746093));
#4727 = DIRECTION('',(-0.346554358126,-0.720833064902,0.600249755858));
#4728 = PCURVE('',#397,#4729);
#4729 = DEFINITIONAL_REPRESENTATION('',(#4730),#4737);
#4730 = B_SPLINE_CURVE_WITH_KNOTS('',5,(#4731,#4732,#4733,#4734,#4735,
    #4736),.UNSPECIFIED.,.F.,.F.,(6,6),(1.513071967204,1.570796326795),
  .PIECEWISE_BEZIER_KNOTS.);
#4731 = CARTESIAN_POINT('',(3.607467069597,8.));
#4732 = CARTESIAN_POINT('',(3.619011941515,7.760266627369));
#4733 = CARTESIAN_POINT('',(3.630556813433,7.520333328639));
#4734 = CARTESIAN_POINT('',(3.642101685352,7.280266671799));
#4735 = CARTESIAN_POINT('',(3.65364655727,7.0401333359));
#4736 = CARTESIAN_POINT('',(3.665191429188,6.8));
#4737 = ( GEOMETRIC_REPRESENTATION_CONTEXT(2) 
PARAMETRIC_REPRESENTATION_CONTEXT() REPRESENTATION_CONTEXT('2D SPACE',''
  ) );
#4738 = PCURVE('',#4739,#4744);
#4739 = PLANE('',#4740);
#4740 = AXIS2_PLACEMENT_3D('',#4741,#4742,#4743);
#4741 = CARTESIAN_POINT('',(74.375,-4.1,1.082531754731));
#4742 = DIRECTION('',(0.360416532451,-0.693108716252,-0.624259746093));
#4743 = DIRECTION('',(0.346554358126,0.720833064902,-0.600249755858));
#4744 = DEFINITIONAL_REPRESENTATION('',(#4745),#4749);
#4745 = ELLIPSE('',#4746,28.855502074994,20.);
#4746 = AXIS2_PLACEMENT_2D('',#4747,#4748);
#4747 = CARTESIAN_POINT('',(1.803468879687,-1.110223024625E-16));
#4748 = DIRECTION('',(-1.,0.));
#4749 = ( GEOMETRIC_REPRESENTATION_CONTEXT(2) 
PARAMETRIC_REPRESENTATION_CONTEXT() REPRESENTATION_CONTEXT('2D SPACE',''
  ) );
#4750 = ORIENTED_EDGE('',*,*,#4751,.F.);
#4751 = EDGE_CURVE('',#719,#4720,#4752,.T.);
#4752 = SURFACE_CURVE('',#4753,(#4758,#4764),.PCURVE_S1.);
#4753 = CIRCLE('',#4754,20.);
#4754 = AXIS2_PLACEMENT_3D('',#4755,#4756,#4757);
#4755 = CARTESIAN_POINT('',(75.,-4.,4.440892098501E-16));
#4756 = DIRECTION('',(0.,-1.,1.110223024625E-16));
#4757 = DIRECTION('',(1.,0.,0.));
#4758 = PCURVE('',#397,#4759);
#4759 = DEFINITIONAL_REPRESENTATION('',(#4760),#4763);
#4760 = B_SPLINE_CURVE_WITH_KNOTS('',1,(#4761,#4762),.UNSPECIFIED.,.F.,
  .F.,(2,2),(3.499163757235,3.607467069597),.PIECEWISE_BEZIER_KNOTS.);
#4761 = CARTESIAN_POINT('',(3.499163757235,8.));
#4762 = CARTESIAN_POINT('',(3.607467069597,8.));
#4763 = ( GEOMETRIC_REPRESENTATION_CONTEXT(2) 
PARAMETRIC_REPRESENTATION_CONTEXT() REPRESENTATION_CONTEXT('2D SPACE',''
  ) );
#4764 = PCURVE('',#733,#4765);
#4765 = DEFINITIONAL_REPRESENTATION('',(#4766),#4770);
#4766 = CIRCLE('',#4767,20.);
#4767 = AXIS2_PLACEMENT_2D('',#4768,#4769);
#4768 = CARTESIAN_POINT('',(0.,0.));
#4769 = DIRECTION('',(1.,0.));
#4770 = ( GEOMETRIC_REPRESENTATION_CONTEXT(2) 
PARAMETRIC_REPRESENTATION_CONTEXT() REPRESENTATION_CONTEXT('2D SPACE',''
  ) );
#4771 = ORIENTED_EDGE('',*,*,#744,.F.);
#4772 = ORIENTED_EDGE('',*,*,#3675,.F.);
#4773 = ORIENTED_EDGE('',*,*,#382,.T.);
#4774 = ORIENTED_EDGE('',*,*,#4775,.F.);
#4775 = EDGE_CURVE('',#4776,#357,#4778,.T.);
#4776 = VERTEX_POINT('',#4777);
#4777 = CARTESIAN_POINT('',(57.131417682566,-4.,8.984084035954));
#4778 = SURFACE_CURVE('',#4779,(#4784,#4790),.PCURVE_S1.);
#4779 = CIRCLE('',#4780,20.);
#4780 = AXIS2_PLACEMENT_3D('',#4781,#4782,#4783);
#4781 = CARTESIAN_POINT('',(75.,-4.,4.440892098501E-16));
#4782 = DIRECTION('',(0.,-1.,1.110223024625E-16));
#4783 = DIRECTION('',(1.,0.,0.));
#4784 = PCURVE('',#397,#4785);
#4785 = DEFINITIONAL_REPRESENTATION('',(#4786),#4789);
#4786 = B_SPLINE_CURVE_WITH_KNOTS('',1,(#4787,#4788),.UNSPECIFIED.,.F.,
  .F.,(2,2),(2.675718237583,2.784021549944),.PIECEWISE_BEZIER_KNOTS.);
#4787 = CARTESIAN_POINT('',(8.958903544762,8.));
#4788 = CARTESIAN_POINT('',(9.067206857124,8.));
#4789 = ( GEOMETRIC_REPRESENTATION_CONTEXT(2) 
PARAMETRIC_REPRESENTATION_CONTEXT() REPRESENTATION_CONTEXT('2D SPACE',''
  ) );
#4790 = PCURVE('',#371,#4791);
#4791 = DEFINITIONAL_REPRESENTATION('',(#4792),#4796);
#4792 = CIRCLE('',#4793,20.);
#4793 = AXIS2_PLACEMENT_2D('',#4794,#4795);
#4794 = CARTESIAN_POINT('',(0.,0.));
#4795 = DIRECTION('',(1.,0.));
#4796 = ( GEOMETRIC_REPRESENTATION_CONTEXT(2) 
PARAMETRIC_REPRESENTATION_CONTEXT() REPRESENTATION_CONTEXT('2D SPACE',''
  ) );
#4797 = ORIENTED_EDGE('',*,*,#4798,.F.);
#4798 = EDGE_CURVE('',#4799,#4776,#4801,.T.);
#4799 = VERTEX_POINT('',#4800);
#4800 = CARTESIAN_POINT('',(57.679491924311,-2.8,10.));
#4801 = SURFACE_CURVE('',#4802,(#4807,#4817),.PCURVE_S1.);
#4802 = ELLIPSE('',#4803,28.855502074994,20.);
#4803 = AXIS2_PLACEMENT_3D('',#4804,#4805,#4806);
#4804 = CARTESIAN_POINT('',(75.,-2.8,3.10862446895E-16));
#4805 = DIRECTION('',(0.360416532451,-0.693108716252,0.624259746093));
#4806 = DIRECTION('',(-0.346554358126,-0.720833064902,-0.600249755858));
#4807 = PCURVE('',#397,#4808);
#4808 = DEFINITIONAL_REPRESENTATION('',(#4809),#4816);
#4809 = B_SPLINE_CURVE_WITH_KNOTS('',5,(#4810,#4811,#4812,#4813,#4814,
    #4815),.UNSPECIFIED.,.F.,.F.,(6,6),(4.712388980385,4.770113339976),
  .PIECEWISE_BEZIER_KNOTS.);
#4810 = CARTESIAN_POINT('',(8.901179185171,6.8));
#4811 = CARTESIAN_POINT('',(8.912724057089,7.0401333359));
#4812 = CARTESIAN_POINT('',(8.924268929008,7.280266671799));
#4813 = CARTESIAN_POINT('',(8.935813800926,7.520333328639));
#4814 = CARTESIAN_POINT('',(8.947358672844,7.760266627369));
#4815 = CARTESIAN_POINT('',(8.958903544762,8.));
#4816 = ( GEOMETRIC_REPRESENTATION_CONTEXT(2) 
PARAMETRIC_REPRESENTATION_CONTEXT() REPRESENTATION_CONTEXT('2D SPACE',''
  ) );
#4817 = PCURVE('',#4818,#4823);
#4818 = PLANE('',#4819);
#4819 = AXIS2_PLACEMENT_3D('',#4820,#4821,#4822);
#4820 = CARTESIAN_POINT('',(75.,-2.8,3.10862446895E-16));
#4821 = DIRECTION('',(0.360416532451,-0.693108716252,0.624259746093));
#4822 = DIRECTION('',(-0.346554358126,-0.720833064902,-0.600249755858));
#4823 = DEFINITIONAL_REPRESENTATION('',(#4824),#4828);
#4824 = ELLIPSE('',#4825,28.855502074994,20.);
#4825 = AXIS2_PLACEMENT_2D('',#4826,#4827);
#4826 = CARTESIAN_POINT('',(0.,0.));
#4827 = DIRECTION('',(1.,-5.551115123126E-17));
#4828 = ( GEOMETRIC_REPRESENTATION_CONTEXT(2) 
PARAMETRIC_REPRESENTATION_CONTEXT() REPRESENTATION_CONTEXT('2D SPACE',''
  ) );
#4829 = ORIENTED_EDGE('',*,*,#4830,.F.);
#4830 = EDGE_CURVE('',#4831,#4799,#4833,.T.);
#4831 = VERTEX_POINT('',#4832);
#4832 = CARTESIAN_POINT('',(58.285263836412,-4.,10.982604198534));
#4833 = SURFACE_CURVE('',#4834,(#4839,#4849),.PCURVE_S1.);
#4834 = ELLIPSE('',#4835,28.855502074994,20.);
#4835 = AXIS2_PLACEMENT_3D('',#4836,#4837,#4838);
#4836 = CARTESIAN_POINT('',(75.,-2.8,3.10862446895E-16));
#4837 = DIRECTION('',(-0.360416532451,-0.693108716252,-0.624259746093));
#4838 = DIRECTION('',(0.346554358126,-0.720833064902,0.600249755858));
#4839 = PCURVE('',#397,#4840);
#4840 = DEFINITIONAL_REPRESENTATION('',(#4841),#4848);
#4841 = B_SPLINE_CURVE_WITH_KNOTS('',5,(#4842,#4843,#4844,#4845,#4846,
    #4847),.UNSPECIFIED.,.F.,.F.,(6,6),(1.513071967204,1.570796326795),
  .PIECEWISE_BEZIER_KNOTS.);
#4842 = CARTESIAN_POINT('',(8.84345482558,8.));
#4843 = CARTESIAN_POINT('',(8.854999697498,7.760266627369));
#4844 = CARTESIAN_POINT('',(8.866544569416,7.520333328639));
#4845 = CARTESIAN_POINT('',(8.878089441335,7.280266671799));
#4846 = CARTESIAN_POINT('',(8.889634313253,7.0401333359));
#4847 = CARTESIAN_POINT('',(8.901179185171,6.8));
#4848 = ( GEOMETRIC_REPRESENTATION_CONTEXT(2) 
PARAMETRIC_REPRESENTATION_CONTEXT() REPRESENTATION_CONTEXT('2D SPACE',''
  ) );
#4849 = PCURVE('',#4850,#4855);
#4850 = PLANE('',#4851);
#4851 = AXIS2_PLACEMENT_3D('',#4852,#4853,#4854);
#4852 = CARTESIAN_POINT('',(75.625,-4.1,1.082531754731));
#4853 = DIRECTION('',(-0.360416532451,-0.693108716252,-0.624259746093));
#4854 = DIRECTION('',(-0.346554358126,0.720833064902,-0.600249755858));
#4855 = DEFINITIONAL_REPRESENTATION('',(#4856),#4860);
#4856 = ELLIPSE('',#4857,28.855502074994,20.);
#4857 = AXIS2_PLACEMENT_2D('',#4858,#4859);
#4858 = CARTESIAN_POINT('',(1.803468879687,-2.22044604925E-16));
#4859 = DIRECTION('',(-1.,1.110223024625E-16));
#4860 = ( GEOMETRIC_REPRESENTATION_CONTEXT(2) 
PARAMETRIC_REPRESENTATION_CONTEXT() REPRESENTATION_CONTEXT('2D SPACE',''
  ) );
#4861 = ORIENTED_EDGE('',*,*,#4862,.F.);
#4862 = EDGE_CURVE('',#4863,#4831,#4865,.T.);
#4863 = VERTEX_POINT('',#4864);
#4864 = CARTESIAN_POINT('',(60.065526911725,-4.,13.302688208614));
#4865 = SURFACE_CURVE('',#4866,(#4871,#4877),.PCURVE_S1.);
#4866 = CIRCLE('',#4867,20.);
#4867 = AXIS2_PLACEMENT_3D('',#4868,#4869,#4870);
#4868 = CARTESIAN_POINT('',(75.,-4.,4.440892098501E-16));
#4869 = DIRECTION('',(0.,-1.,1.110223024625E-16));
#4870 = DIRECTION('',(1.,0.,0.));
#4871 = PCURVE('',#397,#4872);
#4872 = DEFINITIONAL_REPRESENTATION('',(#4873),#4876);
#4873 = B_SPLINE_CURVE_WITH_KNOTS('',1,(#4874,#4875),.UNSPECIFIED.,.F.,
  .F.,(2,2),(2.413918849784,2.5602695184),.PIECEWISE_BEZIER_KNOTS.);
#4874 = CARTESIAN_POINT('',(8.697104156963,8.));
#4875 = CARTESIAN_POINT('',(8.84345482558,8.));
#4876 = ( GEOMETRIC_REPRESENTATION_CONTEXT(2) 
PARAMETRIC_REPRESENTATION_CONTEXT() REPRESENTATION_CONTEXT('2D SPACE',''
  ) );
#4877 = PCURVE('',#4878,#4883);
#4878 = PLANE('',#4879);
#4879 = AXIS2_PLACEMENT_3D('',#4880,#4881,#4882);
#4880 = CARTESIAN_POINT('',(75.,-4.,4.440892098501E-16));
#4881 = DIRECTION('',(0.,-1.,1.110223024625E-16));
#4882 = DIRECTION('',(1.,0.,0.));
#4883 = DEFINITIONAL_REPRESENTATION('',(#4884),#4888);
#4884 = CIRCLE('',#4885,20.);
#4885 = AXIS2_PLACEMENT_2D('',#4886,#4887);
#4886 = CARTESIAN_POINT('',(0.,0.));
#4887 = DIRECTION('',(1.,0.));
#4888 = ( GEOMETRIC_REPRESENTATION_CONTEXT(2) 
PARAMETRIC_REPRESENTATION_CONTEXT() REPRESENTATION_CONTEXT('2D SPACE',''
  ) );
#4889 = ORIENTED_EDGE('',*,*,#4890,.F.);
#4890 = EDGE_CURVE('',#4891,#4863,#4893,.T.);
#4891 = VERTEX_POINT('',#4892);
#4892 = CARTESIAN_POINT('',(60.857864376269,-2.8,14.142135623731));
#4893 = SURFACE_CURVE('',#4894,(#4899,#4909),.PCURVE_S1.);
#4894 = ELLIPSE('',#4895,28.855502074994,20.);
#4895 = AXIS2_PLACEMENT_3D('',#4896,#4897,#4898);
#4896 = CARTESIAN_POINT('',(75.,-2.8,3.10862446895E-16));
#4897 = DIRECTION('',(0.509705948296,-0.693108716252,0.509705948296));
#4898 = DIRECTION('',(-0.490101873361,-0.720833064902,-0.490101873361));
#4899 = PCURVE('',#397,#4900);
#4900 = DEFINITIONAL_REPRESENTATION('',(#4901),#4908);
#4901 = B_SPLINE_CURVE_WITH_KNOTS('',5,(#4902,#4903,#4904,#4905,#4906,
    #4907),.UNSPECIFIED.,.F.,.F.,(6,6),(4.712388980385,4.770113339976),
  .PIECEWISE_BEZIER_KNOTS.);
#4902 = CARTESIAN_POINT('',(8.639379797372,6.8));
#4903 = CARTESIAN_POINT('',(8.65092466929,7.0401333359));
#4904 = CARTESIAN_POINT('',(8.662469541208,7.280266671799));
#4905 = CARTESIAN_POINT('',(8.674014413127,7.520333328639));
#4906 = CARTESIAN_POINT('',(8.685559285045,7.760266627369));
#4907 = CARTESIAN_POINT('',(8.697104156963,8.));
#4908 = ( GEOMETRIC_REPRESENTATION_CONTEXT(2) 
PARAMETRIC_REPRESENTATION_CONTEXT() REPRESENTATION_CONTEXT('2D SPACE',''
  ) );
#4909 = PCURVE('',#4910,#4915);
#4910 = PLANE('',#4911);
#4911 = AXIS2_PLACEMENT_3D('',#4912,#4913,#4914);
#4912 = CARTESIAN_POINT('',(75.,-2.8,3.10862446895E-16));
#4913 = DIRECTION('',(0.509705948296,-0.693108716252,0.509705948296));
#4914 = DIRECTION('',(-0.490101873361,-0.720833064902,-0.490101873361));
#4915 = DEFINITIONAL_REPRESENTATION('',(#4916),#4920);
#4916 = ELLIPSE('',#4917,28.855502074994,20.);
#4917 = AXIS2_PLACEMENT_2D('',#4918,#4919);
#4918 = CARTESIAN_POINT('',(0.,0.));
#4919 = DIRECTION('',(1.,5.551115123126E-17));
#4920 = ( GEOMETRIC_REPRESENTATION_CONTEXT(2) 
PARAMETRIC_REPRESENTATION_CONTEXT() REPRESENTATION_CONTEXT('2D SPACE',''
  ) );
#4921 = ORIENTED_EDGE('',*,*,#4922,.F.);
#4922 = EDGE_CURVE('',#4923,#4891,#4925,.T.);
#4923 = VERTEX_POINT('',#4924);
#4924 = CARTESIAN_POINT('',(61.697311791386,-4.,14.934473088275));
#4925 = SURFACE_CURVE('',#4926,(#4931,#4941),.PCURVE_S1.);
#4926 = ELLIPSE('',#4927,28.855502074994,20.);
#4927 = AXIS2_PLACEMENT_3D('',#4928,#4929,#4930);
#4928 = CARTESIAN_POINT('',(75.,-2.8,3.10862446895E-16));
#4929 = DIRECTION('',(-0.509705948296,-0.693108716252,-0.509705948296));
#4930 = DIRECTION('',(0.490101873361,-0.720833064902,0.490101873361));
#4931 = PCURVE('',#397,#4932);
#4932 = DEFINITIONAL_REPRESENTATION('',(#4933),#4940);
#4933 = B_SPLINE_CURVE_WITH_KNOTS('',5,(#4934,#4935,#4936,#4937,#4938,
    #4939),.UNSPECIFIED.,.F.,.F.,(6,6),(1.513071967204,1.570796326795),
  .PIECEWISE_BEZIER_KNOTS.);
#4934 = CARTESIAN_POINT('',(8.581655437781,8.));
#4935 = CARTESIAN_POINT('',(8.593200309699,7.760266627369));
#4936 = CARTESIAN_POINT('',(8.604745181617,7.520333328639));
#4937 = CARTESIAN_POINT('',(8.616290053535,7.280266671799));
#4938 = CARTESIAN_POINT('',(8.627834925454,7.0401333359));
#4939 = CARTESIAN_POINT('',(8.639379797372,6.8));
#4940 = ( GEOMETRIC_REPRESENTATION_CONTEXT(2) 
PARAMETRIC_REPRESENTATION_CONTEXT() REPRESENTATION_CONTEXT('2D SPACE',''
  ) );
#4941 = PCURVE('',#4942,#4947);
#4942 = PLANE('',#4943);
#4943 = AXIS2_PLACEMENT_3D('',#4944,#4945,#4946);
#4944 = CARTESIAN_POINT('',(75.883883476483,-4.1,0.883883476483));
#4945 = DIRECTION('',(-0.509705948296,-0.693108716252,-0.509705948296));
#4946 = DIRECTION('',(-0.490101873361,0.720833064902,-0.490101873361));
#4947 = DEFINITIONAL_REPRESENTATION('',(#4948),#4952);
#4948 = ELLIPSE('',#4949,28.855502074994,20.);
#4949 = AXIS2_PLACEMENT_2D('',#4950,#4951);
#4950 = CARTESIAN_POINT('',(1.803468879687,-6.217248937901E-15));
#4951 = DIRECTION('',(-1.,0.));
#4952 = ( GEOMETRIC_REPRESENTATION_CONTEXT(2) 
PARAMETRIC_REPRESENTATION_CONTEXT() REPRESENTATION_CONTEXT('2D SPACE',''
  ) );
#4953 = ORIENTED_EDGE('',*,*,#4954,.F.);
#4954 = EDGE_CURVE('',#4955,#4923,#4957,.T.);
#4955 = VERTEX_POINT('',#4956);
#4956 = CARTESIAN_POINT('',(64.017395801466,-4.,16.714736163588));
#4957 = SURFACE_CURVE('',#4958,(#4963,#4969),.PCURVE_S1.);
#4958 = CIRCLE('',#4959,20.);
#4959 = AXIS2_PLACEMENT_3D('',#4960,#4961,#4962);
#4960 = CARTESIAN_POINT('',(75.,-4.,4.440892098501E-16));
#4961 = DIRECTION('',(0.,-1.,1.110223024625E-16));
#4962 = DIRECTION('',(1.,0.,0.));
#4963 = PCURVE('',#397,#4964);
#4964 = DEFINITIONAL_REPRESENTATION('',(#4965),#4968);
#4965 = B_SPLINE_CURVE_WITH_KNOTS('',1,(#4966,#4967),.UNSPECIFIED.,.F.,
  .F.,(2,2),(2.152119461984,2.298470130601),.PIECEWISE_BEZIER_KNOTS.);
#4966 = CARTESIAN_POINT('',(8.435304769164,8.));
#4967 = CARTESIAN_POINT('',(8.581655437781,8.));
#4968 = ( GEOMETRIC_REPRESENTATION_CONTEXT(2) 
PARAMETRIC_REPRESENTATION_CONTEXT() REPRESENTATION_CONTEXT('2D SPACE',''
  ) );
#4969 = PCURVE('',#4970,#4975);
#4970 = PLANE('',#4971);
#4971 = AXIS2_PLACEMENT_3D('',#4972,#4973,#4974);
#4972 = CARTESIAN_POINT('',(75.,-4.,4.440892098501E-16));
#4973 = DIRECTION('',(0.,-1.,1.110223024625E-16));
#4974 = DIRECTION('',(1.,0.,0.));
#4975 = DEFINITIONAL_REPRESENTATION('',(#4976),#4980);
#4976 = CIRCLE('',#4977,20.);
#4977 = AXIS2_PLACEMENT_2D('',#4978,#4979);
#4978 = CARTESIAN_POINT('',(0.,0.));
#4979 = DIRECTION('',(1.,0.));
#4980 = ( GEOMETRIC_REPRESENTATION_CONTEXT(2) 
PARAMETRIC_REPRESENTATION_CONTEXT() REPRESENTATION_CONTEXT('2D SPACE',''
  ) );
#4981 = ORIENTED_EDGE('',*,*,#4982,.F.);
#4982 = EDGE_CURVE('',#4983,#4955,#4985,.T.);
#4983 = VERTEX_POINT('',#4984);
#4984 = CARTESIAN_POINT('',(65.,-2.8,17.320508075689));
#4985 = SURFACE_CURVE('',#4986,(#4991,#5001),.PCURVE_S1.);
#4986 = ELLIPSE('',#4987,28.855502074994,20.);
#4987 = AXIS2_PLACEMENT_3D('',#4988,#4989,#4990);
#4988 = CARTESIAN_POINT('',(75.,-2.8,3.10862446895E-16));
#4989 = DIRECTION('',(0.624259746093,-0.693108716252,0.360416532451));
#4990 = DIRECTION('',(-0.600249755858,-0.720833064902,-0.346554358126));
#4991 = PCURVE('',#397,#4992);
#4992 = DEFINITIONAL_REPRESENTATION('',(#4993),#5000);
#4993 = B_SPLINE_CURVE_WITH_KNOTS('',5,(#4994,#4995,#4996,#4997,#4998,
    #4999),.UNSPECIFIED.,.F.,.F.,(6,6),(4.712388980385,4.770113339976),
  .PIECEWISE_BEZIER_KNOTS.);
#4994 = CARTESIAN_POINT('',(8.377580409573,6.8));
#4995 = CARTESIAN_POINT('',(8.389125281491,7.0401333359));
#4996 = CARTESIAN_POINT('',(8.400670153409,7.280266671799));
#4997 = CARTESIAN_POINT('',(8.412215025328,7.520333328639));
#4998 = CARTESIAN_POINT('',(8.423759897246,7.760266627369));
#4999 = CARTESIAN_POINT('',(8.435304769164,8.));
#5000 = ( GEOMETRIC_REPRESENTATION_CONTEXT(2) 
PARAMETRIC_REPRESENTATION_CONTEXT() REPRESENTATION_CONTEXT('2D SPACE',''
  ) );
#5001 = PCURVE('',#5002,#5007);
#5002 = PLANE('',#5003);
#5003 = AXIS2_PLACEMENT_3D('',#5004,#5005,#5006);
#5004 = CARTESIAN_POINT('',(75.,-2.8,3.10862446895E-16));
#5005 = DIRECTION('',(0.624259746093,-0.693108716252,0.360416532451));
#5006 = DIRECTION('',(-0.600249755858,-0.720833064902,-0.346554358126));
#5007 = DEFINITIONAL_REPRESENTATION('',(#5008),#5012);
#5008 = ELLIPSE('',#5009,28.855502074994,20.);
#5009 = AXIS2_PLACEMENT_2D('',#5010,#5011);
#5010 = CARTESIAN_POINT('',(0.,0.));
#5011 = DIRECTION('',(1.,0.));
#5012 = ( GEOMETRIC_REPRESENTATION_CONTEXT(2) 
PARAMETRIC_REPRESENTATION_CONTEXT() REPRESENTATION_CONTEXT('2D SPACE',''
  ) );
#5013 = ORIENTED_EDGE('',*,*,#5014,.F.);
#5014 = EDGE_CURVE('',#5015,#4983,#5017,.T.);
#5015 = VERTEX_POINT('',#5016);
#5016 = CARTESIAN_POINT('',(66.015915964046,-4.,17.868582317434));
#5017 = SURFACE_CURVE('',#5018,(#5023,#5033),.PCURVE_S1.);
#5018 = ELLIPSE('',#5019,28.855502074994,20.);
#5019 = AXIS2_PLACEMENT_3D('',#5020,#5021,#5022);
#5020 = CARTESIAN_POINT('',(75.,-2.8,3.10862446895E-16));
#5021 = DIRECTION('',(-0.624259746093,-0.693108716252,-0.360416532451));
#5022 = DIRECTION('',(0.600249755858,-0.720833064902,0.346554358126));
#5023 = PCURVE('',#397,#5024);
#5024 = DEFINITIONAL_REPRESENTATION('',(#5025),#5032);
#5025 = B_SPLINE_CURVE_WITH_KNOTS('',5,(#5026,#5027,#5028,#5029,#5030,
    #5031),.UNSPECIFIED.,.F.,.F.,(6,6),(1.513071967204,1.570796326795),
  .PIECEWISE_BEZIER_KNOTS.);
#5026 = CARTESIAN_POINT('',(8.319856049982,8.));
#5027 = CARTESIAN_POINT('',(8.3314009219,7.760266627369));
#5028 = CARTESIAN_POINT('',(8.342945793818,7.520333328639));
#5029 = CARTESIAN_POINT('',(8.354490665736,7.280266671799));
#5030 = CARTESIAN_POINT('',(8.366035537655,7.0401333359));
#5031 = CARTESIAN_POINT('',(8.377580409573,6.8));
#5032 = ( GEOMETRIC_REPRESENTATION_CONTEXT(2) 
PARAMETRIC_REPRESENTATION_CONTEXT() REPRESENTATION_CONTEXT('2D SPACE',''
  ) );
#5033 = PCURVE('',#5034,#5039);
#5034 = PLANE('',#5035);
#5035 = AXIS2_PLACEMENT_3D('',#5036,#5037,#5038);
#5036 = CARTESIAN_POINT('',(76.082531754731,-4.1,0.625));
#5037 = DIRECTION('',(-0.624259746093,-0.693108716252,-0.360416532451));
#5038 = DIRECTION('',(-0.600249755858,0.720833064902,-0.346554358126));
#5039 = DEFINITIONAL_REPRESENTATION('',(#5040),#5044);
#5040 = ELLIPSE('',#5041,28.855502074994,20.);
#5041 = AXIS2_PLACEMENT_2D('',#5042,#5043);
#5042 = CARTESIAN_POINT('',(1.803468879687,-3.10862446895E-15));
#5043 = DIRECTION('',(-1.,0.));
#5044 = ( GEOMETRIC_REPRESENTATION_CONTEXT(2) 
PARAMETRIC_REPRESENTATION_CONTEXT() REPRESENTATION_CONTEXT('2D SPACE',''
  ) );
#5045 = ORIENTED_EDGE('',*,*,#5046,.F.);
#5046 = EDGE_CURVE('',#5047,#5015,#5049,.T.);
#5047 = VERTEX_POINT('',#5048);
#5048 = CARTESIAN_POINT('',(68.717711017726,-4.,18.987702471421));
#5049 = SURFACE_CURVE('',#5050,(#5055,#5061),.PCURVE_S1.);
#5050 = CIRCLE('',#5051,20.);
#5051 = AXIS2_PLACEMENT_3D('',#5052,#5053,#5054);
#5052 = CARTESIAN_POINT('',(75.,-4.,4.440892098501E-16));
#5053 = DIRECTION('',(0.,-1.,1.110223024625E-16));
#5054 = DIRECTION('',(1.,0.,0.));
#5055 = PCURVE('',#397,#5056);
#5056 = DEFINITIONAL_REPRESENTATION('',(#5057),#5060);
#5057 = B_SPLINE_CURVE_WITH_KNOTS('',1,(#5058,#5059),.UNSPECIFIED.,.F.,
  .F.,(2,2),(1.890320074185,2.036670742802),.PIECEWISE_BEZIER_KNOTS.);
#5058 = CARTESIAN_POINT('',(8.173505381365,8.));
#5059 = CARTESIAN_POINT('',(8.319856049982,8.));
#5060 = ( GEOMETRIC_REPRESENTATION_CONTEXT(2) 
PARAMETRIC_REPRESENTATION_CONTEXT() REPRESENTATION_CONTEXT('2D SPACE',''
  ) );
#5061 = PCURVE('',#5062,#5067);
#5062 = PLANE('',#5063);
#5063 = AXIS2_PLACEMENT_3D('',#5064,#5065,#5066);
#5064 = CARTESIAN_POINT('',(75.,-4.,4.440892098501E-16));
#5065 = DIRECTION('',(0.,-1.,1.110223024625E-16));
#5066 = DIRECTION('',(1.,0.,0.));
#5067 = DEFINITIONAL_REPRESENTATION('',(#5068),#5072);
#5068 = CIRCLE('',#5069,20.);
#5069 = AXIS2_PLACEMENT_2D('',#5070,#5071);
#5070 = CARTESIAN_POINT('',(0.,0.));
#5071 = DIRECTION('',(1.,0.));
#5072 = ( GEOMETRIC_REPRESENTATION_CONTEXT(2) 
PARAMETRIC_REPRESENTATION_CONTEXT() REPRESENTATION_CONTEXT('2D SPACE',''
  ) );
#5073 = ORIENTED_EDGE('',*,*,#5074,.F.);
#5074 = EDGE_CURVE('',#5075,#5047,#5077,.T.);
#5075 = VERTEX_POINT('',#5076);
#5076 = CARTESIAN_POINT('',(69.82361909795,-2.8,19.318516525781));
#5077 = SURFACE_CURVE('',#5078,(#5083,#5093),.PCURVE_S1.);
#5078 = ELLIPSE('',#5079,28.855502074994,20.);
#5079 = AXIS2_PLACEMENT_3D('',#5080,#5081,#5082);
#5080 = CARTESIAN_POINT('',(75.,-2.8,3.10862446895E-16));
#5081 = DIRECTION('',(0.696271273832,-0.693108716252,0.186565325536));
#5082 = DIRECTION('',(-0.669491609454,-0.720833064902,-0.179389736093));
#5083 = PCURVE('',#397,#5084);
#5084 = DEFINITIONAL_REPRESENTATION('',(#5085),#5092);
#5085 = B_SPLINE_CURVE_WITH_KNOTS('',5,(#5086,#5087,#5088,#5089,#5090,
    #5091),.UNSPECIFIED.,.F.,.F.,(6,6),(4.712388980385,4.770113339976),
  .PIECEWISE_BEZIER_KNOTS.);
#5086 = CARTESIAN_POINT('',(8.115781021774,6.8));
#5087 = CARTESIAN_POINT('',(8.127325893692,7.0401333359));
#5088 = CARTESIAN_POINT('',(8.13887076561,7.280266671799));
#5089 = CARTESIAN_POINT('',(8.150415637528,7.520333328639));
#5090 = CARTESIAN_POINT('',(8.161960509447,7.760266627369));
#5091 = CARTESIAN_POINT('',(8.173505381365,8.));
#5092 = ( GEOMETRIC_REPRESENTATION_CONTEXT(2) 
PARAMETRIC_REPRESENTATION_CONTEXT() REPRESENTATION_CONTEXT('2D SPACE',''
  ) );
#5093 = PCURVE('',#5094,#5099);
#5094 = PLANE('',#5095);
#5095 = AXIS2_PLACEMENT_3D('',#5096,#5097,#5098);
#5096 = CARTESIAN_POINT('',(75.,-2.8,3.10862446895E-16));
#5097 = DIRECTION('',(0.696271273832,-0.693108716252,0.186565325536));
#5098 = DIRECTION('',(-0.669491609454,-0.720833064902,-0.179389736093));
#5099 = DEFINITIONAL_REPRESENTATION('',(#5100),#5104);
#5100 = ELLIPSE('',#5101,28.855502074994,20.);
#5101 = AXIS2_PLACEMENT_2D('',#5102,#5103);
#5102 = CARTESIAN_POINT('',(0.,0.));
#5103 = DIRECTION('',(1.,0.));
#5104 = ( GEOMETRIC_REPRESENTATION_CONTEXT(2) 
PARAMETRIC_REPRESENTATION_CONTEXT() REPRESENTATION_CONTEXT('2D SPACE',''
  ) );
#5105 = ORIENTED_EDGE('',*,*,#5106,.F.);
#5106 = EDGE_CURVE('',#5107,#5075,#5109,.T.);
#5107 = VERTEX_POINT('',#5108);
#5108 = CARTESIAN_POINT('',(70.946770616854,-4.,19.584977190888));
#5109 = SURFACE_CURVE('',#5110,(#5115,#5125),.PCURVE_S1.);
#5110 = ELLIPSE('',#5111,28.855502074994,20.);
#5111 = AXIS2_PLACEMENT_3D('',#5112,#5113,#5114);
#5112 = CARTESIAN_POINT('',(75.,-2.8,3.10862446895E-16));
#5113 = DIRECTION('',(-0.696271273832,-0.693108716252,-0.186565325536));
#5114 = DIRECTION('',(0.669491609454,-0.720833064902,0.179389736093));
#5115 = PCURVE('',#397,#5116);
#5116 = DEFINITIONAL_REPRESENTATION('',(#5117),#5124);
#5117 = B_SPLINE_CURVE_WITH_KNOTS('',5,(#5118,#5119,#5120,#5121,#5122,
    #5123),.UNSPECIFIED.,.F.,.F.,(6,6),(1.513071967204,1.570796326795),
  .PIECEWISE_BEZIER_KNOTS.);
#5118 = CARTESIAN_POINT('',(8.058056662182,8.));
#5119 = CARTESIAN_POINT('',(8.069601534101,7.760266627369));
#5120 = CARTESIAN_POINT('',(8.081146406019,7.520333328639));
#5121 = CARTESIAN_POINT('',(8.092691277937,7.280266671799));
#5122 = CARTESIAN_POINT('',(8.104236149855,7.0401333359));
#5123 = CARTESIAN_POINT('',(8.115781021774,6.8));
#5124 = ( GEOMETRIC_REPRESENTATION_CONTEXT(2) 
PARAMETRIC_REPRESENTATION_CONTEXT() REPRESENTATION_CONTEXT('2D SPACE',''
  ) );
#5125 = PCURVE('',#5126,#5131);
#5126 = PLANE('',#5127);
#5127 = AXIS2_PLACEMENT_3D('',#5128,#5129,#5130);
#5128 = CARTESIAN_POINT('',(76.207407282861,-4.1,0.323523806378));
#5129 = DIRECTION('',(-0.696271273832,-0.693108716252,-0.186565325536));
#5130 = DIRECTION('',(-0.669491609454,0.720833064902,-0.179389736093));
#5131 = DEFINITIONAL_REPRESENTATION('',(#5132),#5136);
#5132 = ELLIPSE('',#5133,28.855502074994,20.);
#5133 = AXIS2_PLACEMENT_2D('',#5134,#5135);
#5134 = CARTESIAN_POINT('',(1.803468879687,-1.609823385706E-15));
#5135 = DIRECTION('',(-1.,2.775557561563E-17));
#5136 = ( GEOMETRIC_REPRESENTATION_CONTEXT(2) 
PARAMETRIC_REPRESENTATION_CONTEXT() REPRESENTATION_CONTEXT('2D SPACE',''
  ) );
#5137 = ORIENTED_EDGE('',*,*,#5138,.F.);
#5138 = EDGE_CURVE('',#5139,#5107,#5141,.T.);
#5139 = VERTEX_POINT('',#5140);
#5140 = CARTESIAN_POINT('',(73.846153846154,-4.,19.966688234488));
#5141 = SURFACE_CURVE('',#5142,(#5147,#5153),.PCURVE_S1.);
#5142 = CIRCLE('',#5143,20.);
#5143 = AXIS2_PLACEMENT_3D('',#5144,#5145,#5146);
#5144 = CARTESIAN_POINT('',(75.,-4.,4.440892098501E-16));
#5145 = DIRECTION('',(0.,-1.,1.110223024625E-16));
#5146 = DIRECTION('',(1.,0.,0.));
#5147 = PCURVE('',#397,#5148);
#5148 = DEFINITIONAL_REPRESENTATION('',(#5149),#5152);
#5149 = B_SPLINE_CURVE_WITH_KNOTS('',1,(#5150,#5151),.UNSPECIFIED.,.F.,
  .F.,(2,2),(1.628520686386,1.774871355003),.PIECEWISE_BEZIER_KNOTS.);
#5150 = CARTESIAN_POINT('',(7.911705993566,8.));
#5151 = CARTESIAN_POINT('',(8.058056662182,8.));
#5152 = ( GEOMETRIC_REPRESENTATION_CONTEXT(2) 
PARAMETRIC_REPRESENTATION_CONTEXT() REPRESENTATION_CONTEXT('2D SPACE',''
  ) );
#5153 = PCURVE('',#5154,#5159);
#5154 = PLANE('',#5155);
#5155 = AXIS2_PLACEMENT_3D('',#5156,#5157,#5158);
#5156 = CARTESIAN_POINT('',(75.,-4.,4.440892098501E-16));
#5157 = DIRECTION('',(0.,-1.,1.110223024625E-16));
#5158 = DIRECTION('',(1.,0.,0.));
#5159 = DEFINITIONAL_REPRESENTATION('',(#5160),#5164);
#5160 = CIRCLE('',#5161,20.);
#5161 = AXIS2_PLACEMENT_2D('',#5162,#5163);
#5162 = CARTESIAN_POINT('',(0.,0.));
#5163 = DIRECTION('',(1.,0.));
#5164 = ( GEOMETRIC_REPRESENTATION_CONTEXT(2) 
PARAMETRIC_REPRESENTATION_CONTEXT() REPRESENTATION_CONTEXT('2D SPACE',''
  ) );
#5165 = ORIENTED_EDGE('',*,*,#5166,.F.);
#5166 = EDGE_CURVE('',#5167,#5139,#5169,.T.);
#5167 = VERTEX_POINT('',#5168);
#5168 = CARTESIAN_POINT('',(75.,-2.8,20.));
#5169 = SURFACE_CURVE('',#5170,(#5175,#5185),.PCURVE_S1.);
#5170 = ELLIPSE('',#5171,28.855502074994,20.);
#5171 = AXIS2_PLACEMENT_3D('',#5172,#5173,#5174);
#5172 = CARTESIAN_POINT('',(75.,-2.8,3.10862446895E-16));
#5173 = DIRECTION('',(0.720833064902,-0.693108716252,-3.078021021404E-18
    ));
#5174 = DIRECTION('',(-0.693108716252,-0.720833064902,1.569790720916E-16
    ));
#5175 = PCURVE('',#397,#5176);
#5176 = DEFINITIONAL_REPRESENTATION('',(#5177),#5184);
#5177 = B_SPLINE_CURVE_WITH_KNOTS('',5,(#5178,#5179,#5180,#5181,#5182,
    #5183),.UNSPECIFIED.,.F.,.F.,(6,6),(4.712388980385,4.770113339976),
  .PIECEWISE_BEZIER_KNOTS.);
#5178 = CARTESIAN_POINT('',(7.853981633974,6.8));
#5179 = CARTESIAN_POINT('',(7.865526505893,7.0401333359));
#5180 = CARTESIAN_POINT('',(7.877071377811,7.280266671799));
#5181 = CARTESIAN_POINT('',(7.888616249729,7.520333328639));
#5182 = CARTESIAN_POINT('',(7.900161121647,7.760266627369));
#5183 = CARTESIAN_POINT('',(7.911705993566,8.));
#5184 = ( GEOMETRIC_REPRESENTATION_CONTEXT(2) 
PARAMETRIC_REPRESENTATION_CONTEXT() REPRESENTATION_CONTEXT('2D SPACE',''
  ) );
#5185 = PCURVE('',#5186,#5191);
#5186 = PLANE('',#5187);
#5187 = AXIS2_PLACEMENT_3D('',#5188,#5189,#5190);
#5188 = CARTESIAN_POINT('',(75.,-2.8,3.10862446895E-16));
#5189 = DIRECTION('',(0.720833064902,-0.693108716252,-3.078021021404E-18
    ));
#5190 = DIRECTION('',(-0.693108716252,-0.720833064902,1.569790720916E-16
    ));
#5191 = DEFINITIONAL_REPRESENTATION('',(#5192),#5196);
#5192 = ELLIPSE('',#5193,28.855502074994,20.);
#5193 = AXIS2_PLACEMENT_2D('',#5194,#5195);
#5194 = CARTESIAN_POINT('',(0.,0.));
#5195 = DIRECTION('',(1.,0.));
#5196 = ( GEOMETRIC_REPRESENTATION_CONTEXT(2) 
PARAMETRIC_REPRESENTATION_CONTEXT() REPRESENTATION_CONTEXT('2D SPACE',''
  ) );
#5197 = ORIENTED_EDGE('',*,*,#5198,.F.);
#5198 = EDGE_CURVE('',#5199,#5167,#5201,.T.);
#5199 = VERTEX_POINT('',#5200);
#5200 = CARTESIAN_POINT('',(76.153846153846,-4.,19.966688234488));
#5201 = SURFACE_CURVE('',#5202,(#5207,#5217),.PCURVE_S1.);
#5202 = ELLIPSE('',#5203,28.855502074994,20.);
#5203 = AXIS2_PLACEMENT_3D('',#5204,#5205,#5206);
#5204 = CARTESIAN_POINT('',(75.,-2.8,3.10862446895E-16));
#5205 = DIRECTION('',(-0.720833064902,-0.693108716252,1.569790720916E-16
    ));
#5206 = DIRECTION('',(0.693108716252,-0.720833064902,3.078021021404E-18)
  );
#5207 = PCURVE('',#397,#5208);
#5208 = DEFINITIONAL_REPRESENTATION('',(#5209),#5216);
#5209 = B_SPLINE_CURVE_WITH_KNOTS('',5,(#5210,#5211,#5212,#5213,#5214,
    #5215),.UNSPECIFIED.,.F.,.F.,(6,6),(1.513071967204,1.570796326795),
  .PIECEWISE_BEZIER_KNOTS.);
#5210 = CARTESIAN_POINT('',(7.796257274383,8.));
#5211 = CARTESIAN_POINT('',(7.807802146302,7.760266627369));
#5212 = CARTESIAN_POINT('',(7.81934701822,7.520333328639));
#5213 = CARTESIAN_POINT('',(7.830891890138,7.280266671799));
#5214 = CARTESIAN_POINT('',(7.842436762056,7.0401333359));
#5215 = CARTESIAN_POINT('',(7.853981633974,6.8));
#5216 = ( GEOMETRIC_REPRESENTATION_CONTEXT(2) 
PARAMETRIC_REPRESENTATION_CONTEXT() REPRESENTATION_CONTEXT('2D SPACE',''
  ) );
#5217 = PCURVE('',#5218,#5223);
#5218 = PLANE('',#5219);
#5219 = AXIS2_PLACEMENT_3D('',#5220,#5221,#5222);
#5220 = CARTESIAN_POINT('',(76.25,-4.1,3.164135620182E-16));
#5221 = DIRECTION('',(-0.720833064902,-0.693108716252,1.569790720916E-16
    ));
#5222 = DIRECTION('',(-0.693108716252,0.720833064902,-3.078021021404E-18
    ));
#5223 = DEFINITIONAL_REPRESENTATION('',(#5224),#5228);
#5224 = ELLIPSE('',#5225,28.855502074994,20.);
#5225 = AXIS2_PLACEMENT_2D('',#5226,#5227);
#5226 = CARTESIAN_POINT('',(1.803468879687,0.));
#5227 = DIRECTION('',(-1.,0.));
#5228 = ( GEOMETRIC_REPRESENTATION_CONTEXT(2) 
PARAMETRIC_REPRESENTATION_CONTEXT() REPRESENTATION_CONTEXT('2D SPACE',''
  ) );
#5229 = ORIENTED_EDGE('',*,*,#5230,.F.);
#5230 = EDGE_CURVE('',#5231,#5199,#5233,.T.);
#5231 = VERTEX_POINT('',#5232);
#5232 = CARTESIAN_POINT('',(79.053229383146,-4.,19.584977190888));
#5233 = SURFACE_CURVE('',#5234,(#5239,#5245),.PCURVE_S1.);
#5234 = CIRCLE('',#5235,20.);
#5235 = AXIS2_PLACEMENT_3D('',#5236,#5237,#5238);
#5236 = CARTESIAN_POINT('',(75.,-4.,4.440892098501E-16));
#5237 = DIRECTION('',(0.,-1.,1.110223024625E-16));
#5238 = DIRECTION('',(1.,0.,0.));
#5239 = PCURVE('',#397,#5240);
#5240 = DEFINITIONAL_REPRESENTATION('',(#5241),#5244);
#5241 = B_SPLINE_CURVE_WITH_KNOTS('',1,(#5242,#5243),.UNSPECIFIED.,.F.,
  .F.,(2,2),(1.366721298587,1.513071967204),.PIECEWISE_BEZIER_KNOTS.);
#5242 = CARTESIAN_POINT('',(7.649906605767,8.));
#5243 = CARTESIAN_POINT('',(7.796257274383,8.));
#5244 = ( GEOMETRIC_REPRESENTATION_CONTEXT(2) 
PARAMETRIC_REPRESENTATION_CONTEXT() REPRESENTATION_CONTEXT('2D SPACE',''
  ) );
#5245 = PCURVE('',#5246,#5251);
#5246 = PLANE('',#5247);
#5247 = AXIS2_PLACEMENT_3D('',#5248,#5249,#5250);
#5248 = CARTESIAN_POINT('',(75.,-4.,4.440892098501E-16));
#5249 = DIRECTION('',(0.,-1.,1.110223024625E-16));
#5250 = DIRECTION('',(1.,0.,0.));
#5251 = DEFINITIONAL_REPRESENTATION('',(#5252),#5256);
#5252 = CIRCLE('',#5253,20.);
#5253 = AXIS2_PLACEMENT_2D('',#5254,#5255);
#5254 = CARTESIAN_POINT('',(0.,0.));
#5255 = DIRECTION('',(1.,0.));
#5256 = ( GEOMETRIC_REPRESENTATION_CONTEXT(2) 
PARAMETRIC_REPRESENTATION_CONTEXT() REPRESENTATION_CONTEXT('2D SPACE',''
  ) );
#5257 = ORIENTED_EDGE('',*,*,#5258,.F.);
#5258 = EDGE_CURVE('',#5259,#5231,#5261,.T.);
#5259 = VERTEX_POINT('',#5260);
#5260 = CARTESIAN_POINT('',(80.17638090205,-2.8,19.318516525781));
#5261 = SURFACE_CURVE('',#5262,(#5267,#5277),.PCURVE_S1.);
#5262 = ELLIPSE('',#5263,28.855502074994,20.);
#5263 = AXIS2_PLACEMENT_3D('',#5264,#5265,#5266);
#5264 = CARTESIAN_POINT('',(75.,-2.8,3.10862446895E-16));
#5265 = DIRECTION('',(0.696271273832,-0.693108716252,-0.186565325536));
#5266 = DIRECTION('',(-0.669491609454,-0.720833064902,0.179389736093));
#5267 = PCURVE('',#397,#5268);
#5268 = DEFINITIONAL_REPRESENTATION('',(#5269),#5276);
#5269 = B_SPLINE_CURVE_WITH_KNOTS('',5,(#5270,#5271,#5272,#5273,#5274,
    #5275),.UNSPECIFIED.,.F.,.F.,(6,6),(4.712388980385,4.770113339976),
  .PIECEWISE_BEZIER_KNOTS.);
#5270 = CARTESIAN_POINT('',(7.592182246175,6.8));
#5271 = CARTESIAN_POINT('',(7.603727118094,7.0401333359));
#5272 = CARTESIAN_POINT('',(7.615271990012,7.280266671799));
#5273 = CARTESIAN_POINT('',(7.62681686193,7.520333328639));
#5274 = CARTESIAN_POINT('',(7.638361733848,7.760266627369));
#5275 = CARTESIAN_POINT('',(7.649906605767,8.));
#5276 = ( GEOMETRIC_REPRESENTATION_CONTEXT(2) 
PARAMETRIC_REPRESENTATION_CONTEXT() REPRESENTATION_CONTEXT('2D SPACE',''
  ) );
#5277 = PCURVE('',#5278,#5283);
#5278 = PLANE('',#5279);
#5279 = AXIS2_PLACEMENT_3D('',#5280,#5281,#5282);
#5280 = CARTESIAN_POINT('',(75.,-2.8,3.10862446895E-16));
#5281 = DIRECTION('',(0.696271273832,-0.693108716252,-0.186565325536));
#5282 = DIRECTION('',(-0.669491609454,-0.720833064902,0.179389736093));
#5283 = DEFINITIONAL_REPRESENTATION('',(#5284),#5288);
#5284 = ELLIPSE('',#5285,28.855502074994,20.);
#5285 = AXIS2_PLACEMENT_2D('',#5286,#5287);
#5286 = CARTESIAN_POINT('',(0.,0.));
#5287 = DIRECTION('',(1.,2.775557561563E-17));
#5288 = ( GEOMETRIC_REPRESENTATION_CONTEXT(2) 
PARAMETRIC_REPRESENTATION_CONTEXT() REPRESENTATION_CONTEXT('2D SPACE',''
  ) );
#5289 = ORIENTED_EDGE('',*,*,#5290,.F.);
#5290 = EDGE_CURVE('',#5291,#5259,#5293,.T.);
#5291 = VERTEX_POINT('',#5292);
#5292 = CARTESIAN_POINT('',(81.282288982274,-4.,18.987702471421));
#5293 = SURFACE_CURVE('',#5294,(#5299,#5309),.PCURVE_S1.);
#5294 = ELLIPSE('',#5295,28.855502074994,20.);
#5295 = AXIS2_PLACEMENT_3D('',#5296,#5297,#5298);
#5296 = CARTESIAN_POINT('',(75.,-2.8,3.10862446895E-16));
#5297 = DIRECTION('',(-0.696271273832,-0.693108716252,0.186565325536));
#5298 = DIRECTION('',(0.669491609454,-0.720833064902,-0.179389736093));
#5299 = PCURVE('',#397,#5300);
#5300 = DEFINITIONAL_REPRESENTATION('',(#5301),#5308);
#5301 = B_SPLINE_CURVE_WITH_KNOTS('',5,(#5302,#5303,#5304,#5305,#5306,
    #5307),.UNSPECIFIED.,.F.,.F.,(6,6),(1.513071967204,1.570796326795),
  .PIECEWISE_BEZIER_KNOTS.);
#5302 = CARTESIAN_POINT('',(7.534457886584,8.));
#5303 = CARTESIAN_POINT('',(7.546002758502,7.760266627369));
#5304 = CARTESIAN_POINT('',(7.557547630421,7.520333328639));
#5305 = CARTESIAN_POINT('',(7.569092502339,7.280266671799));
#5306 = CARTESIAN_POINT('',(7.580637374257,7.0401333359));
#5307 = CARTESIAN_POINT('',(7.592182246175,6.8));
#5308 = ( GEOMETRIC_REPRESENTATION_CONTEXT(2) 
PARAMETRIC_REPRESENTATION_CONTEXT() REPRESENTATION_CONTEXT('2D SPACE',''
  ) );
#5309 = PCURVE('',#5310,#5315);
#5310 = PLANE('',#5311);
#5311 = AXIS2_PLACEMENT_3D('',#5312,#5313,#5314);
#5312 = CARTESIAN_POINT('',(76.207407282861,-4.1,-0.323523806378));
#5313 = DIRECTION('',(-0.696271273832,-0.693108716252,0.186565325536));
#5314 = DIRECTION('',(-0.669491609454,0.720833064902,0.179389736093));
#5315 = DEFINITIONAL_REPRESENTATION('',(#5316),#5320);
#5316 = ELLIPSE('',#5317,28.855502074994,20.);
#5317 = AXIS2_PLACEMENT_2D('',#5318,#5319);
#5318 = CARTESIAN_POINT('',(1.803468879687,1.554312234475E-15));
#5319 = DIRECTION('',(-1.,0.));
#5320 = ( GEOMETRIC_REPRESENTATION_CONTEXT(2) 
PARAMETRIC_REPRESENTATION_CONTEXT() REPRESENTATION_CONTEXT('2D SPACE',''
  ) );
#5321 = ORIENTED_EDGE('',*,*,#5322,.F.);
#5322 = EDGE_CURVE('',#5323,#5291,#5325,.T.);
#5323 = VERTEX_POINT('',#5324);
#5324 = CARTESIAN_POINT('',(83.984084035954,-4.,17.868582317434));
#5325 = SURFACE_CURVE('',#5326,(#5331,#5337),.PCURVE_S1.);
#5326 = CIRCLE('',#5327,20.);
#5327 = AXIS2_PLACEMENT_3D('',#5328,#5329,#5330);
#5328 = CARTESIAN_POINT('',(75.,-4.,4.440892098501E-16));
#5329 = DIRECTION('',(0.,-1.,1.110223024625E-16));
#5330 = DIRECTION('',(1.,0.,0.));
#5331 = PCURVE('',#397,#5332);
#5332 = DEFINITIONAL_REPRESENTATION('',(#5333),#5336);
#5333 = B_SPLINE_CURVE_WITH_KNOTS('',1,(#5334,#5335),.UNSPECIFIED.,.F.,
  .F.,(2,2),(1.104921910788,1.251272579405),.PIECEWISE_BEZIER_KNOTS.);
#5334 = CARTESIAN_POINT('',(7.388107217967,8.));
#5335 = CARTESIAN_POINT('',(7.534457886584,8.));
#5336 = ( GEOMETRIC_REPRESENTATION_CONTEXT(2) 
PARAMETRIC_REPRESENTATION_CONTEXT() REPRESENTATION_CONTEXT('2D SPACE',''
  ) );
#5337 = PCURVE('',#5338,#5343);
#5338 = PLANE('',#5339);
#5339 = AXIS2_PLACEMENT_3D('',#5340,#5341,#5342);
#5340 = CARTESIAN_POINT('',(75.,-4.,4.440892098501E-16));
#5341 = DIRECTION('',(0.,-1.,1.110223024625E-16));
#5342 = DIRECTION('',(1.,0.,0.));
#5343 = DEFINITIONAL_REPRESENTATION('',(#5344),#5348);
#5344 = CIRCLE('',#5345,20.);
#5345 = AXIS2_PLACEMENT_2D('',#5346,#5347);
#5346 = CARTESIAN_POINT('',(0.,0.));
#5347 = DIRECTION('',(1.,0.));
#5348 = ( GEOMETRIC_REPRESENTATION_CONTEXT(2) 
PARAMETRIC_REPRESENTATION_CONTEXT() REPRESENTATION_CONTEXT('2D SPACE',''
  ) );
#5349 = ORIENTED_EDGE('',*,*,#5350,.F.);
#5350 = EDGE_CURVE('',#5351,#5323,#5353,.T.);
#5351 = VERTEX_POINT('',#5352);
#5352 = CARTESIAN_POINT('',(85.,-2.8,17.320508075689));
#5353 = SURFACE_CURVE('',#5354,(#5359,#5369),.PCURVE_S1.);
#5354 = ELLIPSE('',#5355,28.855502074994,20.);
#5355 = AXIS2_PLACEMENT_3D('',#5356,#5357,#5358);
#5356 = CARTESIAN_POINT('',(75.,-2.8,3.10862446895E-16));
#5357 = DIRECTION('',(0.624259746093,-0.693108716252,-0.360416532451));
#5358 = DIRECTION('',(-0.600249755858,-0.720833064902,0.346554358126));
#5359 = PCURVE('',#397,#5360);
#5360 = DEFINITIONAL_REPRESENTATION('',(#5361),#5368);
#5361 = B_SPLINE_CURVE_WITH_KNOTS('',5,(#5362,#5363,#5364,#5365,#5366,
    #5367),.UNSPECIFIED.,.F.,.F.,(6,6),(4.712388980385,4.770113339976),
  .PIECEWISE_BEZIER_KNOTS.);
#5362 = CARTESIAN_POINT('',(7.330382858376,6.8));
#5363 = CARTESIAN_POINT('',(7.341927730294,7.0401333359));
#5364 = CARTESIAN_POINT('',(7.353472602213,7.280266671799));
#5365 = CARTESIAN_POINT('',(7.365017474131,7.520333328639));
#5366 = CARTESIAN_POINT('',(7.376562346049,7.760266627369));
#5367 = CARTESIAN_POINT('',(7.388107217967,8.));
#5368 = ( GEOMETRIC_REPRESENTATION_CONTEXT(2) 
PARAMETRIC_REPRESENTATION_CONTEXT() REPRESENTATION_CONTEXT('2D SPACE',''
  ) );
#5369 = PCURVE('',#5370,#5375);
#5370 = PLANE('',#5371);
#5371 = AXIS2_PLACEMENT_3D('',#5372,#5373,#5374);
#5372 = CARTESIAN_POINT('',(75.,-2.8,3.10862446895E-16));
#5373 = DIRECTION('',(0.624259746093,-0.693108716252,-0.360416532451));
#5374 = DIRECTION('',(-0.600249755858,-0.720833064902,0.346554358126));
#5375 = DEFINITIONAL_REPRESENTATION('',(#5376),#5380);
#5376 = ELLIPSE('',#5377,28.855502074994,20.);
#5377 = AXIS2_PLACEMENT_2D('',#5378,#5379);
#5378 = CARTESIAN_POINT('',(0.,0.));
#5379 = DIRECTION('',(1.,-5.551115123126E-17));
#5380 = ( GEOMETRIC_REPRESENTATION_CONTEXT(2) 
PARAMETRIC_REPRESENTATION_CONTEXT() REPRESENTATION_CONTEXT('2D SPACE',''
  ) );
#5381 = ORIENTED_EDGE('',*,*,#5382,.F.);
#5382 = EDGE_CURVE('',#5383,#5351,#5385,.T.);
#5383 = VERTEX_POINT('',#5384);
#5384 = CARTESIAN_POINT('',(85.982604198534,-4.,16.714736163588));
#5385 = SURFACE_CURVE('',#5386,(#5391,#5401),.PCURVE_S1.);
#5386 = ELLIPSE('',#5387,28.855502074994,20.);
#5387 = AXIS2_PLACEMENT_3D('',#5388,#5389,#5390);
#5388 = CARTESIAN_POINT('',(75.,-2.8,3.10862446895E-16));
#5389 = DIRECTION('',(-0.624259746093,-0.693108716252,0.360416532451));
#5390 = DIRECTION('',(0.600249755858,-0.720833064902,-0.346554358126));
#5391 = PCURVE('',#397,#5392);
#5392 = DEFINITIONAL_REPRESENTATION('',(#5393),#5400);
#5393 = B_SPLINE_CURVE_WITH_KNOTS('',5,(#5394,#5395,#5396,#5397,#5398,
    #5399),.UNSPECIFIED.,.F.,.F.,(6,6),(1.513071967204,1.570796326795),
  .PIECEWISE_BEZIER_KNOTS.);
#5394 = CARTESIAN_POINT('',(7.272658498785,8.));
#5395 = CARTESIAN_POINT('',(7.284203370703,7.760266627369));
#5396 = CARTESIAN_POINT('',(7.295748242621,7.520333328639));
#5397 = CARTESIAN_POINT('',(7.30729311454,7.280266671799));
#5398 = CARTESIAN_POINT('',(7.318837986458,7.0401333359));
#5399 = CARTESIAN_POINT('',(7.330382858376,6.8));
#5400 = ( GEOMETRIC_REPRESENTATION_CONTEXT(2) 
PARAMETRIC_REPRESENTATION_CONTEXT() REPRESENTATION_CONTEXT('2D SPACE',''
  ) );
#5401 = PCURVE('',#5402,#5407);
#5402 = PLANE('',#5403);
#5403 = AXIS2_PLACEMENT_3D('',#5404,#5405,#5406);
#5404 = CARTESIAN_POINT('',(76.082531754731,-4.1,-0.625));
#5405 = DIRECTION('',(-0.624259746093,-0.693108716252,0.360416532451));
#5406 = DIRECTION('',(-0.600249755858,0.720833064902,0.346554358126));
#5407 = DEFINITIONAL_REPRESENTATION('',(#5408),#5412);
#5408 = ELLIPSE('',#5409,28.855502074994,20.);
#5409 = AXIS2_PLACEMENT_2D('',#5410,#5411);
#5410 = CARTESIAN_POINT('',(1.803468879687,3.330669073875E-15));
#5411 = DIRECTION('',(-1.,0.));
#5412 = ( GEOMETRIC_REPRESENTATION_CONTEXT(2) 
PARAMETRIC_REPRESENTATION_CONTEXT() REPRESENTATION_CONTEXT('2D SPACE',''
  ) );
#5413 = ORIENTED_EDGE('',*,*,#5414,.F.);
#5414 = EDGE_CURVE('',#5415,#5383,#5417,.T.);
#5415 = VERTEX_POINT('',#5416);
#5416 = CARTESIAN_POINT('',(88.302688208614,-4.,14.934473088275));
#5417 = SURFACE_CURVE('',#5418,(#5423,#5429),.PCURVE_S1.);
#5418 = CIRCLE('',#5419,20.);
#5419 = AXIS2_PLACEMENT_3D('',#5420,#5421,#5422);
#5420 = CARTESIAN_POINT('',(75.,-4.,4.440892098501E-16));
#5421 = DIRECTION('',(0.,-1.,1.110223024625E-16));
#5422 = DIRECTION('',(1.,0.,0.));
#5423 = PCURVE('',#397,#5424);
#5424 = DEFINITIONAL_REPRESENTATION('',(#5425),#5428);
#5425 = B_SPLINE_CURVE_WITH_KNOTS('',1,(#5426,#5427),.UNSPECIFIED.,.F.,
  .F.,(2,2),(0.843122522989,0.989473191605),.PIECEWISE_BEZIER_KNOTS.);
#5426 = CARTESIAN_POINT('',(7.126307830168,8.));
#5427 = CARTESIAN_POINT('',(7.272658498785,8.));
#5428 = ( GEOMETRIC_REPRESENTATION_CONTEXT(2) 
PARAMETRIC_REPRESENTATION_CONTEXT() REPRESENTATION_CONTEXT('2D SPACE',''
  ) );
#5429 = PCURVE('',#5430,#5435);
#5430 = PLANE('',#5431);
#5431 = AXIS2_PLACEMENT_3D('',#5432,#5433,#5434);
#5432 = CARTESIAN_POINT('',(75.,-4.,4.440892098501E-16));
#5433 = DIRECTION('',(0.,-1.,1.110223024625E-16));
#5434 = DIRECTION('',(1.,0.,0.));
#5435 = DEFINITIONAL_REPRESENTATION('',(#5436),#5440);
#5436 = CIRCLE('',#5437,20.);
#5437 = AXIS2_PLACEMENT_2D('',#5438,#5439);
#5438 = CARTESIAN_POINT('',(0.,0.));
#5439 = DIRECTION('',(1.,0.));
#5440 = ( GEOMETRIC_REPRESENTATION_CONTEXT(2) 
PARAMETRIC_REPRESENTATION_CONTEXT() REPRESENTATION_CONTEXT('2D SPACE',''
  ) );
#5441 = ORIENTED_EDGE('',*,*,#5442,.F.);
#5442 = EDGE_CURVE('',#5443,#5415,#5445,.T.);
#5443 = VERTEX_POINT('',#5444);
#5444 = CARTESIAN_POINT('',(89.142135623731,-2.8,14.142135623731));
#5445 = SURFACE_CURVE('',#5446,(#5451,#5461),.PCURVE_S1.);
#5446 = ELLIPSE('',#5447,28.855502074994,20.);
#5447 = AXIS2_PLACEMENT_3D('',#5448,#5449,#5450);
#5448 = CARTESIAN_POINT('',(75.,-2.8,3.10862446895E-16));
#5449 = DIRECTION('',(0.509705948296,-0.693108716252,-0.509705948296));
#5450 = DIRECTION('',(-0.490101873361,-0.720833064902,0.490101873361));
#5451 = PCURVE('',#397,#5452);
#5452 = DEFINITIONAL_REPRESENTATION('',(#5453),#5460);
#5453 = B_SPLINE_CURVE_WITH_KNOTS('',5,(#5454,#5455,#5456,#5457,#5458,
    #5459),.UNSPECIFIED.,.F.,.F.,(6,6),(4.712388980385,4.770113339976),
  .PIECEWISE_BEZIER_KNOTS.);
#5454 = CARTESIAN_POINT('',(7.068583470577,6.8));
#5455 = CARTESIAN_POINT('',(7.080128342495,7.0401333359));
#5456 = CARTESIAN_POINT('',(7.091673214414,7.280266671799));
#5457 = CARTESIAN_POINT('',(7.103218086332,7.520333328639));
#5458 = CARTESIAN_POINT('',(7.11476295825,7.760266627369));
#5459 = CARTESIAN_POINT('',(7.126307830168,8.));
#5460 = ( GEOMETRIC_REPRESENTATION_CONTEXT(2) 
PARAMETRIC_REPRESENTATION_CONTEXT() REPRESENTATION_CONTEXT('2D SPACE',''
  ) );
#5461 = PCURVE('',#5462,#5467);
#5462 = PLANE('',#5463);
#5463 = AXIS2_PLACEMENT_3D('',#5464,#5465,#5466);
#5464 = CARTESIAN_POINT('',(75.,-2.8,3.10862446895E-16));
#5465 = DIRECTION('',(0.509705948296,-0.693108716252,-0.509705948296));
#5466 = DIRECTION('',(-0.490101873361,-0.720833064902,0.490101873361));
#5467 = DEFINITIONAL_REPRESENTATION('',(#5468),#5472);
#5468 = ELLIPSE('',#5469,28.855502074994,20.);
#5469 = AXIS2_PLACEMENT_2D('',#5470,#5471);
#5470 = CARTESIAN_POINT('',(0.,0.));
#5471 = DIRECTION('',(1.,1.110223024625E-16));
#5472 = ( GEOMETRIC_REPRESENTATION_CONTEXT(2) 
PARAMETRIC_REPRESENTATION_CONTEXT() REPRESENTATION_CONTEXT('2D SPACE',''
  ) );
#5473 = ORIENTED_EDGE('',*,*,#5474,.F.);
#5474 = EDGE_CURVE('',#5475,#5443,#5477,.T.);
#5475 = VERTEX_POINT('',#5476);
#5476 = CARTESIAN_POINT('',(89.934473088275,-4.,13.302688208614));
#5477 = SURFACE_CURVE('',#5478,(#5483,#5493),.PCURVE_S1.);
#5478 = ELLIPSE('',#5479,28.855502074994,20.);
#5479 = AXIS2_PLACEMENT_3D('',#5480,#5481,#5482);
#5480 = CARTESIAN_POINT('',(75.,-2.8,3.10862446895E-16));
#5481 = DIRECTION('',(-0.509705948296,-0.693108716252,0.509705948296));
#5482 = DIRECTION('',(0.490101873361,-0.720833064902,-0.490101873361));
#5483 = PCURVE('',#397,#5484);
#5484 = DEFINITIONAL_REPRESENTATION('',(#5485),#5492);
#5485 = B_SPLINE_CURVE_WITH_KNOTS('',5,(#5486,#5487,#5488,#5489,#5490,
    #5491),.UNSPECIFIED.,.F.,.F.,(6,6),(1.513071967204,1.570796326795),
  .PIECEWISE_BEZIER_KNOTS.);
#5486 = CARTESIAN_POINT('',(7.010859110986,8.));
#5487 = CARTESIAN_POINT('',(7.022403982904,7.760266627369));
#5488 = CARTESIAN_POINT('',(7.033948854822,7.520333328639));
#5489 = CARTESIAN_POINT('',(7.045493726741,7.280266671799));
#5490 = CARTESIAN_POINT('',(7.057038598659,7.0401333359));
#5491 = CARTESIAN_POINT('',(7.068583470577,6.8));
#5492 = ( GEOMETRIC_REPRESENTATION_CONTEXT(2) 
PARAMETRIC_REPRESENTATION_CONTEXT() REPRESENTATION_CONTEXT('2D SPACE',''
  ) );
#5493 = PCURVE('',#5494,#5499);
#5494 = PLANE('',#5495);
#5495 = AXIS2_PLACEMENT_3D('',#5496,#5497,#5498);
#5496 = CARTESIAN_POINT('',(75.883883476483,-4.1,-0.883883476483));
#5497 = DIRECTION('',(-0.509705948296,-0.693108716252,0.509705948296));
#5498 = DIRECTION('',(-0.490101873361,0.720833064902,0.490101873361));
#5499 = DEFINITIONAL_REPRESENTATION('',(#5500),#5504);
#5500 = ELLIPSE('',#5501,28.855502074994,20.);
#5501 = AXIS2_PLACEMENT_2D('',#5502,#5503);
#5502 = CARTESIAN_POINT('',(1.803468879687,-6.217248937901E-15));
#5503 = DIRECTION('',(-1.,0.));
#5504 = ( GEOMETRIC_REPRESENTATION_CONTEXT(2) 
PARAMETRIC_REPRESENTATION_CONTEXT() REPRESENTATION_CONTEXT('2D SPACE',''
  ) );
#5505 = ORIENTED_EDGE('',*,*,#5506,.F.);
#5506 = EDGE_CURVE('',#5507,#5475,#5509,.T.);
#5507 = VERTEX_POINT('',#5508);
#5508 = CARTESIAN_POINT('',(91.714736163588,-4.,10.982604198534));
#5509 = SURFACE_CURVE('',#5510,(#5515,#5521),.PCURVE_S1.);
#5510 = CIRCLE('',#5511,20.);
#5511 = AXIS2_PLACEMENT_3D('',#5512,#5513,#5514);
#5512 = CARTESIAN_POINT('',(75.,-4.,4.440892098501E-16));
#5513 = DIRECTION('',(0.,-1.,1.110223024625E-16));
#5514 = DIRECTION('',(1.,0.,0.));
#5515 = PCURVE('',#397,#5516);
#5516 = DEFINITIONAL_REPRESENTATION('',(#5517),#5520);
#5517 = B_SPLINE_CURVE_WITH_KNOTS('',1,(#5518,#5519),.UNSPECIFIED.,.F.,
  .F.,(2,2),(0.581323135189,0.727673803806),.PIECEWISE_BEZIER_KNOTS.);
#5518 = CARTESIAN_POINT('',(6.864508442369,8.));
#5519 = CARTESIAN_POINT('',(7.010859110986,8.));
#5520 = ( GEOMETRIC_REPRESENTATION_CONTEXT(2) 
PARAMETRIC_REPRESENTATION_CONTEXT() REPRESENTATION_CONTEXT('2D SPACE',''
  ) );
#5521 = PCURVE('',#5522,#5527);
#5522 = PLANE('',#5523);
#5523 = AXIS2_PLACEMENT_3D('',#5524,#5525,#5526);
#5524 = CARTESIAN_POINT('',(75.,-4.,4.440892098501E-16));
#5525 = DIRECTION('',(0.,-1.,1.110223024625E-16));
#5526 = DIRECTION('',(1.,0.,0.));
#5527 = DEFINITIONAL_REPRESENTATION('',(#5528),#5532);
#5528 = CIRCLE('',#5529,20.);
#5529 = AXIS2_PLACEMENT_2D('',#5530,#5531);
#5530 = CARTESIAN_POINT('',(0.,0.));
#5531 = DIRECTION('',(1.,0.));
#5532 = ( GEOMETRIC_REPRESENTATION_CONTEXT(2) 
PARAMETRIC_REPRESENTATION_CONTEXT() REPRESENTATION_CONTEXT('2D SPACE',''
  ) );
#5533 = ORIENTED_EDGE('',*,*,#5534,.F.);
#5534 = EDGE_CURVE('',#5535,#5507,#5537,.T.);
#5535 = VERTEX_POINT('',#5536);
#5536 = CARTESIAN_POINT('',(92.320508075689,-2.8,10.));
#5537 = SURFACE_CURVE('',#5538,(#5543,#5553),.PCURVE_S1.);
#5538 = ELLIPSE('',#5539,28.855502074994,20.);
#5539 = AXIS2_PLACEMENT_3D('',#5540,#5541,#5542);
#5540 = CARTESIAN_POINT('',(75.,-2.8,3.10862446895E-16));
#5541 = DIRECTION('',(0.360416532451,-0.693108716252,-0.624259746093));
#5542 = DIRECTION('',(-0.346554358126,-0.720833064902,0.600249755858));
#5543 = PCURVE('',#397,#5544);
#5544 = DEFINITIONAL_REPRESENTATION('',(#5545),#5552);
#5545 = B_SPLINE_CURVE_WITH_KNOTS('',5,(#5546,#5547,#5548,#5549,#5550,
    #5551),.UNSPECIFIED.,.F.,.F.,(6,6),(4.712388980385,4.770113339976),
  .PIECEWISE_BEZIER_KNOTS.);
#5546 = CARTESIAN_POINT('',(6.806784082778,6.8));
#5547 = CARTESIAN_POINT('',(6.818328954696,7.0401333359));
#5548 = CARTESIAN_POINT('',(6.829873826614,7.280266671799));
#5549 = CARTESIAN_POINT('',(6.841418698533,7.520333328639));
#5550 = CARTESIAN_POINT('',(6.852963570451,7.760266627369));
#5551 = CARTESIAN_POINT('',(6.864508442369,8.));
#5552 = ( GEOMETRIC_REPRESENTATION_CONTEXT(2) 
PARAMETRIC_REPRESENTATION_CONTEXT() REPRESENTATION_CONTEXT('2D SPACE',''
  ) );
#5553 = PCURVE('',#5554,#5559);
#5554 = PLANE('',#5555);
#5555 = AXIS2_PLACEMENT_3D('',#5556,#5557,#5558);
#5556 = CARTESIAN_POINT('',(75.,-2.8,3.10862446895E-16));
#5557 = DIRECTION('',(0.360416532451,-0.693108716252,-0.624259746093));
#5558 = DIRECTION('',(-0.346554358126,-0.720833064902,0.600249755858));
#5559 = DEFINITIONAL_REPRESENTATION('',(#5560),#5564);
#5560 = ELLIPSE('',#5561,28.855502074994,20.);
#5561 = AXIS2_PLACEMENT_2D('',#5562,#5563);
#5562 = CARTESIAN_POINT('',(0.,0.));
#5563 = DIRECTION('',(1.,5.551115123126E-17));
#5564 = ( GEOMETRIC_REPRESENTATION_CONTEXT(2) 
PARAMETRIC_REPRESENTATION_CONTEXT() REPRESENTATION_CONTEXT('2D SPACE',''
  ) );
#5565 = ORIENTED_EDGE('',*,*,#5566,.F.);
#5566 = EDGE_CURVE('',#5567,#5535,#5569,.T.);
#5567 = VERTEX_POINT('',#5568);
#5568 = CARTESIAN_POINT('',(92.868582317434,-4.,8.984084035954));
#5569 = SURFACE_CURVE('',#5570,(#5575,#5585),.PCURVE_S1.);
#5570 = ELLIPSE('',#5571,28.855502074994,20.);
#5571 = AXIS2_PLACEMENT_3D('',#5572,#5573,#5574);
#5572 = CARTESIAN_POINT('',(75.,-2.8,3.10862446895E-16));
#5573 = DIRECTION('',(-0.360416532451,-0.693108716252,0.624259746093));
#5574 = DIRECTION('',(0.346554358126,-0.720833064902,-0.600249755858));
#5575 = PCURVE('',#397,#5576);
#5576 = DEFINITIONAL_REPRESENTATION('',(#5577),#5584);
#5577 = B_SPLINE_CURVE_WITH_KNOTS('',5,(#5578,#5579,#5580,#5581,#5582,
    #5583),.UNSPECIFIED.,.F.,.F.,(6,6),(1.513071967204,1.570796326795),
  .PIECEWISE_BEZIER_KNOTS.);
#5578 = CARTESIAN_POINT('',(6.749059723187,8.));
#5579 = CARTESIAN_POINT('',(6.760604595105,7.760266627369));
#5580 = CARTESIAN_POINT('',(6.772149467023,7.520333328639));
#5581 = CARTESIAN_POINT('',(6.783694338941,7.280266671799));
#5582 = CARTESIAN_POINT('',(6.79523921086,7.0401333359));
#5583 = CARTESIAN_POINT('',(6.806784082778,6.8));
#5584 = ( GEOMETRIC_REPRESENTATION_CONTEXT(2) 
PARAMETRIC_REPRESENTATION_CONTEXT() REPRESENTATION_CONTEXT('2D SPACE',''
  ) );
#5585 = PCURVE('',#5586,#5591);
#5586 = PLANE('',#5587);
#5587 = AXIS2_PLACEMENT_3D('',#5588,#5589,#5590);
#5588 = CARTESIAN_POINT('',(75.625,-4.1,-1.082531754731));
#5589 = DIRECTION('',(-0.360416532451,-0.693108716252,0.624259746093));
#5590 = DIRECTION('',(-0.346554358126,0.720833064902,0.600249755858));
#5591 = DEFINITIONAL_REPRESENTATION('',(#5592),#5596);
#5592 = ELLIPSE('',#5593,28.855502074994,20.);
#5593 = AXIS2_PLACEMENT_2D('',#5594,#5595);
#5594 = CARTESIAN_POINT('',(1.803468879687,1.110223024625E-16));
#5595 = DIRECTION('',(-1.,0.));
#5596 = ( GEOMETRIC_REPRESENTATION_CONTEXT(2) 
PARAMETRIC_REPRESENTATION_CONTEXT() REPRESENTATION_CONTEXT('2D SPACE',''
  ) );
#5597 = ORIENTED_EDGE('',*,*,#5598,.F.);
#5598 = EDGE_CURVE('',#5599,#5567,#5601,.T.);
#5599 = VERTEX_POINT('',#5600);
#5600 = CARTESIAN_POINT('',(93.987702471421,-4.,6.282288982274));
#5601 = SURFACE_CURVE('',#5602,(#5607,#5613),.PCURVE_S1.);
#5602 = CIRCLE('',#5603,20.);
#5603 = AXIS2_PLACEMENT_3D('',#5604,#5605,#5606);
#5604 = CARTESIAN_POINT('',(75.,-4.,4.440892098501E-16));
#5605 = DIRECTION('',(0.,-1.,1.110223024625E-16));
#5606 = DIRECTION('',(1.,0.,0.));
#5607 = PCURVE('',#397,#5608);
#5608 = DEFINITIONAL_REPRESENTATION('',(#5609),#5612);
#5609 = B_SPLINE_CURVE_WITH_KNOTS('',1,(#5610,#5611),.UNSPECIFIED.,.F.,
  .F.,(2,2),(0.31952374739,0.465874416007),.PIECEWISE_BEZIER_KNOTS.);
#5610 = CARTESIAN_POINT('',(6.60270905457,8.));
#5611 = CARTESIAN_POINT('',(6.749059723187,8.));
#5612 = ( GEOMETRIC_REPRESENTATION_CONTEXT(2) 
PARAMETRIC_REPRESENTATION_CONTEXT() REPRESENTATION_CONTEXT('2D SPACE',''
  ) );
#5613 = PCURVE('',#5614,#5619);
#5614 = PLANE('',#5615);
#5615 = AXIS2_PLACEMENT_3D('',#5616,#5617,#5618);
#5616 = CARTESIAN_POINT('',(75.,-4.,4.440892098501E-16));
#5617 = DIRECTION('',(0.,-1.,1.110223024625E-16));
#5618 = DIRECTION('',(1.,0.,0.));
#5619 = DEFINITIONAL_REPRESENTATION('',(#5620),#5624);
#5620 = CIRCLE('',#5621,20.);
#5621 = AXIS2_PLACEMENT_2D('',#5622,#5623);
#5622 = CARTESIAN_POINT('',(0.,0.));
#5623 = DIRECTION('',(1.,0.));
#5624 = ( GEOMETRIC_REPRESENTATION_CONTEXT(2) 
PARAMETRIC_REPRESENTATION_CONTEXT() REPRESENTATION_CONTEXT('2D SPACE',''
  ) );
#5625 = ORIENTED_EDGE('',*,*,#5626,.F.);
#5626 = EDGE_CURVE('',#5627,#5599,#5629,.T.);
#5627 = VERTEX_POINT('',#5628);
#5628 = CARTESIAN_POINT('',(94.318516525781,-2.8,5.17638090205));
#5629 = SURFACE_CURVE('',#5630,(#5635,#5645),.PCURVE_S1.);
#5630 = ELLIPSE('',#5631,28.855502074994,20.);
#5631 = AXIS2_PLACEMENT_3D('',#5632,#5633,#5634);
#5632 = CARTESIAN_POINT('',(75.,-2.8,3.10862446895E-16));
#5633 = DIRECTION('',(0.186565325536,-0.693108716252,-0.696271273832));
#5634 = DIRECTION('',(-0.179389736093,-0.720833064902,0.669491609454));
#5635 = PCURVE('',#397,#5636);
#5636 = DEFINITIONAL_REPRESENTATION('',(#5637),#5644);
#5637 = B_SPLINE_CURVE_WITH_KNOTS('',5,(#5638,#5639,#5640,#5641,#5642,
    #5643),.UNSPECIFIED.,.F.,.F.,(6,6),(4.712388980385,4.770113339976),
  .PIECEWISE_BEZIER_KNOTS.);
#5638 = CARTESIAN_POINT('',(6.544984694979,6.8));
#5639 = CARTESIAN_POINT('',(6.556529566897,7.0401333359));
#5640 = CARTESIAN_POINT('',(6.568074438815,7.280266671799));
#5641 = CARTESIAN_POINT('',(6.579619310733,7.520333328639));
#5642 = CARTESIAN_POINT('',(6.591164182652,7.760266627369));
#5643 = CARTESIAN_POINT('',(6.60270905457,8.));
#5644 = ( GEOMETRIC_REPRESENTATION_CONTEXT(2) 
PARAMETRIC_REPRESENTATION_CONTEXT() REPRESENTATION_CONTEXT('2D SPACE',''
  ) );
#5645 = PCURVE('',#5646,#5651);
#5646 = PLANE('',#5647);
#5647 = AXIS2_PLACEMENT_3D('',#5648,#5649,#5650);
#5648 = CARTESIAN_POINT('',(75.,-2.8,3.10862446895E-16));
#5649 = DIRECTION('',(0.186565325536,-0.693108716252,-0.696271273832));
#5650 = DIRECTION('',(-0.179389736093,-0.720833064902,0.669491609454));
#5651 = DEFINITIONAL_REPRESENTATION('',(#5652),#5656);
#5652 = ELLIPSE('',#5653,28.855502074994,20.);
#5653 = AXIS2_PLACEMENT_2D('',#5654,#5655);
#5654 = CARTESIAN_POINT('',(0.,0.));
#5655 = DIRECTION('',(1.,2.775557561563E-17));
#5656 = ( GEOMETRIC_REPRESENTATION_CONTEXT(2) 
PARAMETRIC_REPRESENTATION_CONTEXT() REPRESENTATION_CONTEXT('2D SPACE',''
  ) );
#5657 = ORIENTED_EDGE('',*,*,#5658,.F.);
#5658 = EDGE_CURVE('',#3740,#5627,#5659,.T.);
#5659 = SURFACE_CURVE('',#5660,(#5665,#5675),.PCURVE_S1.);
#5660 = ELLIPSE('',#5661,28.855502074994,20.);
#5661 = AXIS2_PLACEMENT_3D('',#5662,#5663,#5664);
#5662 = CARTESIAN_POINT('',(75.,-2.8,3.10862446895E-16));
#5663 = DIRECTION('',(-0.186565325536,-0.693108716252,0.696271273832));
#5664 = DIRECTION('',(0.179389736093,-0.720833064902,-0.669491609454));
#5665 = PCURVE('',#397,#5666);
#5666 = DEFINITIONAL_REPRESENTATION('',(#5667),#5674);
#5667 = B_SPLINE_CURVE_WITH_KNOTS('',5,(#5668,#5669,#5670,#5671,#5672,
    #5673),.UNSPECIFIED.,.F.,.F.,(6,6),(1.513071967204,1.570796326795),
  .PIECEWISE_BEZIER_KNOTS.);
#5668 = CARTESIAN_POINT('',(6.487260335388,8.));
#5669 = CARTESIAN_POINT('',(6.498805207306,7.760266627369));
#5670 = CARTESIAN_POINT('',(6.510350079224,7.520333328639));
#5671 = CARTESIAN_POINT('',(6.521894951142,7.280266671799));
#5672 = CARTESIAN_POINT('',(6.53343982306,7.0401333359));
#5673 = CARTESIAN_POINT('',(6.544984694979,6.8));
#5674 = ( GEOMETRIC_REPRESENTATION_CONTEXT(2) 
PARAMETRIC_REPRESENTATION_CONTEXT() REPRESENTATION_CONTEXT('2D SPACE',''
  ) );
#5675 = PCURVE('',#5676,#5681);
#5676 = PLANE('',#5677);
#5677 = AXIS2_PLACEMENT_3D('',#5678,#5679,#5680);
#5678 = CARTESIAN_POINT('',(75.323523806378,-4.1,-1.207407282861));
#5679 = DIRECTION('',(-0.186565325536,-0.693108716252,0.696271273832));
#5680 = DIRECTION('',(-0.179389736093,0.720833064902,0.669491609454));
#5681 = DEFINITIONAL_REPRESENTATION('',(#5682),#5686);
#5682 = ELLIPSE('',#5683,28.855502074994,20.);
#5683 = AXIS2_PLACEMENT_2D('',#5684,#5685);
#5684 = CARTESIAN_POINT('',(1.803468879687,-2.942091015257E-15));
#5685 = DIRECTION('',(-1.,2.775557561563E-17));
#5686 = ( GEOMETRIC_REPRESENTATION_CONTEXT(2) 
PARAMETRIC_REPRESENTATION_CONTEXT() REPRESENTATION_CONTEXT('2D SPACE',''
  ) );
#5687 = ADVANCED_FACE('',(#5688),#371,.T.);
#5688 = FACE_BOUND('',#5689,.T.);
#5689 = EDGE_LOOP('',(#5690,#5713,#5714,#5715,#5716));
#5690 = ORIENTED_EDGE('',*,*,#5691,.T.);
#5691 = EDGE_CURVE('',#5692,#4776,#5694,.T.);
#5692 = VERTEX_POINT('',#5693);
#5693 = CARTESIAN_POINT('',(66.832943050938,-4.,3.382905752975));
#5694 = SURFACE_CURVE('',#5695,(#5699,#5706),.PCURVE_S1.);
#5695 = LINE('',#5696,#5697);
#5696 = CARTESIAN_POINT('',(74.423076923077,-4.,-0.99926008129));
#5697 = VECTOR('',#5698,1.);
#5698 = DIRECTION('',(-0.866025403784,5.551115123126E-17,0.5));
#5699 = PCURVE('',#371,#5700);
#5700 = DEFINITIONAL_REPRESENTATION('',(#5701),#5705);
#5701 = LINE('',#5702,#5703);
#5702 = CARTESIAN_POINT('',(-0.576923076923,-0.99926008129));
#5703 = VECTOR('',#5704,1.);
#5704 = DIRECTION('',(-0.866025403784,0.5));
#5705 = ( GEOMETRIC_REPRESENTATION_CONTEXT(2) 
PARAMETRIC_REPRESENTATION_CONTEXT() REPRESENTATION_CONTEXT('2D SPACE',''
  ) );
#5706 = PCURVE('',#4818,#5707);
#5707 = DEFINITIONAL_REPRESENTATION('',(#5708),#5712);
#5708 = LINE('',#5709,#5710);
#5709 = CARTESIAN_POINT('',(1.664740504327,-3.164135620182E-15));
#5710 = VECTOR('',#5711,1.);
#5711 = DIRECTION('',(0.,-1.));
#5712 = ( GEOMETRIC_REPRESENTATION_CONTEXT(2) 
PARAMETRIC_REPRESENTATION_CONTEXT() REPRESENTATION_CONTEXT('2D SPACE',''
  ) );
#5713 = ORIENTED_EDGE('',*,*,#4775,.T.);
#5714 = ORIENTED_EDGE('',*,*,#356,.T.);
#5715 = ORIENTED_EDGE('',*,*,#1169,.T.);
#5716 = ORIENTED_EDGE('',*,*,#5717,.T.);
#5717 = EDGE_CURVE('',#1144,#5692,#5718,.T.);
#5718 = SURFACE_CURVE('',#5719,(#5723,#5730),.PCURVE_S1.);
#5719 = LINE('',#5720,#5721);
#5720 = CARTESIAN_POINT('',(75.298637359734,-4.,1.114529799564));
#5721 = VECTOR('',#5722,1.);
#5722 = DIRECTION('',(0.965925826289,-2.873468630843E-17,-0.258819045103
    ));
#5723 = PCURVE('',#371,#5724);
#5724 = DEFINITIONAL_REPRESENTATION('',(#5725),#5729);
#5725 = LINE('',#5726,#5727);
#5726 = CARTESIAN_POINT('',(0.298637359734,1.114529799564));
#5727 = VECTOR('',#5728,1.);
#5728 = DIRECTION('',(0.965925826289,-0.258819045103));
#5729 = ( GEOMETRIC_REPRESENTATION_CONTEXT(2) 
PARAMETRIC_REPRESENTATION_CONTEXT() REPRESENTATION_CONTEXT('2D SPACE',''
  ) );
#5730 = PCURVE('',#1158,#5731);
#5731 = DEFINITIONAL_REPRESENTATION('',(#5732),#5736);
#5732 = LINE('',#5733,#5734);
#5733 = CARTESIAN_POINT('',(0.138728375361,1.318389841742E-16));
#5734 = VECTOR('',#5735,1.);
#5735 = DIRECTION('',(2.775557561563E-17,1.));
#5736 = ( GEOMETRIC_REPRESENTATION_CONTEXT(2) 
PARAMETRIC_REPRESENTATION_CONTEXT() REPRESENTATION_CONTEXT('2D SPACE',''
  ) );
#5737 = ADVANCED_FACE('',(#5738),#656,.F.);
#5738 = FACE_BOUND('',#5739,.T.);
#5739 = EDGE_LOOP('',(#5740,#5741,#5764,#5791,#5818,#5845,#5872,#5899,
    #5926,#5953,#5980,#6007,#6034,#6061,#6088,#6115,#6142,#6169,#6196,
    #6223,#6250,#6277,#6304,#6331,#6358,#6385,#6412,#6439,#6466,#6493,
    #6520,#6547,#6574,#6601,#6628,#6655,#6682,#6709,#6736,#6763,#6790,
    #6817,#6844,#6871,#6898,#6925,#6952,#6979,#7006,#7033,#7058));
#5740 = ORIENTED_EDGE('',*,*,#639,.F.);
#5741 = ORIENTED_EDGE('',*,*,#5742,.T.);
#5742 = EDGE_CURVE('',#640,#5743,#5745,.T.);
#5743 = VERTEX_POINT('',#5744);
#5744 = CARTESIAN_POINT('',(-71.8,2.8,3.10862446895E-16));
#5745 = SEAM_CURVE('',#5746,(#5750,#5757),.PCURVE_S1.);
#5746 = LINE('',#5747,#5748);
#5747 = CARTESIAN_POINT('',(-71.8,-36.0000003,-4.440892098501E-15));
#5748 = VECTOR('',#5749,1.);
#5749 = DIRECTION('',(0.,1.,1.110223024625E-16));
#5750 = PCURVE('',#656,#5751);
#5751 = DEFINITIONAL_REPRESENTATION('',(#5752),#5756);
#5752 = LINE('',#5753,#5754);
#5753 = CARTESIAN_POINT('',(-0.,0.));
#5754 = VECTOR('',#5755,1.);
#5755 = DIRECTION('',(-0.,-1.));
#5756 = ( GEOMETRIC_REPRESENTATION_CONTEXT(2) 
PARAMETRIC_REPRESENTATION_CONTEXT() REPRESENTATION_CONTEXT('2D SPACE',''
  ) );
#5757 = PCURVE('',#656,#5758);
#5758 = DEFINITIONAL_REPRESENTATION('',(#5759),#5763);
#5759 = LINE('',#5760,#5761);
#5760 = CARTESIAN_POINT('',(-6.28318530718,0.));
#5761 = VECTOR('',#5762,1.);
#5762 = DIRECTION('',(-0.,-1.));
#5763 = ( GEOMETRIC_REPRESENTATION_CONTEXT(2) 
PARAMETRIC_REPRESENTATION_CONTEXT() REPRESENTATION_CONTEXT('2D SPACE',''
  ) );
#5764 = ORIENTED_EDGE('',*,*,#5765,.T.);
#5765 = EDGE_CURVE('',#5743,#5766,#5768,.T.);
#5766 = VERTEX_POINT('',#5767);
#5767 = CARTESIAN_POINT('',(-71.8273764436,3.234391167708,
    -0.417683815104));
#5768 = SURFACE_CURVE('',#5769,(#5774,#5784),.PCURVE_S1.);
#5769 = ELLIPSE('',#5770,4.616880331999,3.2);
#5770 = AXIS2_PLACEMENT_3D('',#5771,#5772,#5773);
#5771 = CARTESIAN_POINT('',(-75.,2.8,3.10862446895E-16));
#5772 = DIRECTION('',(-0.,0.693108716252,0.720833064902));
#5773 = DIRECTION('',(0.,-0.720833064902,0.693108716252));
#5774 = PCURVE('',#656,#5775);
#5775 = DEFINITIONAL_REPRESENTATION('',(#5776),#5783);
#5776 = B_SPLINE_CURVE_WITH_KNOTS('',5,(#5777,#5778,#5779,#5780,#5781,
    #5782),.UNSPECIFIED.,.F.,.F.,(6,6),(1.570796326795,1.978644166538),
  .PIECEWISE_BEZIER_KNOTS.);
#5777 = CARTESIAN_POINT('',(0.,-38.8000003));
#5778 = CARTESIAN_POINT('',(-8.156956794859E-02,-39.07146382213));
#5779 = CARTESIAN_POINT('',(-0.163139135897,-39.34292742792));
#5780 = CARTESIAN_POINT('',(-0.244708703846,-39.61062766824));
#5781 = CARTESIAN_POINT('',(-0.326278271794,-39.87080314724));
#5782 = CARTESIAN_POINT('',(-0.407847839743,-40.1200003));
#5783 = ( GEOMETRIC_REPRESENTATION_CONTEXT(2) 
PARAMETRIC_REPRESENTATION_CONTEXT() REPRESENTATION_CONTEXT('2D SPACE',''
  ) );
#5784 = PCURVE('',#3460,#5785);
#5785 = DEFINITIONAL_REPRESENTATION('',(#5786),#5790);
#5786 = ELLIPSE('',#5787,4.616880331999,3.2);
#5787 = AXIS2_PLACEMENT_2D('',#5788,#5789);
#5788 = CARTESIAN_POINT('',(-1.88303909853E-15,0.));
#5789 = DIRECTION('',(-1.,0.));
#5790 = ( GEOMETRIC_REPRESENTATION_CONTEXT(2) 
PARAMETRIC_REPRESENTATION_CONTEXT() REPRESENTATION_CONTEXT('2D SPACE',''
  ) );
#5791 = ORIENTED_EDGE('',*,*,#5792,.T.);
#5792 = EDGE_CURVE('',#5766,#5793,#5795,.T.);
#5793 = VERTEX_POINT('',#5794);
#5794 = CARTESIAN_POINT('',(-71.90903735587,2.8,-0.828220944328));
#5795 = SURFACE_CURVE('',#5796,(#5801,#5811),.PCURVE_S1.);
#5796 = ELLIPSE('',#5797,4.616880331999,3.2);
#5797 = AXIS2_PLACEMENT_3D('',#5798,#5799,#5800);
#5798 = CARTESIAN_POINT('',(-75.,2.8,3.10862446895E-16));
#5799 = DIRECTION('',(-0.186565325536,0.693108716252,-0.696271273832));
#5800 = DIRECTION('',(-0.179389736093,-0.720833064902,-0.669491609454));
#5801 = PCURVE('',#656,#5802);
#5802 = DEFINITIONAL_REPRESENTATION('',(#5803),#5810);
#5803 = B_SPLINE_CURVE_WITH_KNOTS('',5,(#5804,#5805,#5806,#5807,#5808,
    #5809),.UNSPECIFIED.,.F.,.F.,(6,6),(4.450589592586,4.748454490712),
  .PIECEWISE_BEZIER_KNOTS.);
#5804 = CARTESIAN_POINT('',(8.881784197001E-16,-39.6613500821));
#5805 = CARTESIAN_POINT('',(-5.957297962527E-02,-39.46984671329));
#5806 = CARTESIAN_POINT('',(-0.119145959251,-39.27452225535));
#5807 = CARTESIAN_POINT('',(-0.178718938876,-39.0767925486));
#5808 = CARTESIAN_POINT('',(-0.238291918501,-38.87813025042));
#5809 = CARTESIAN_POINT('',(-0.297864898126,-38.6800003));
#5810 = ( GEOMETRIC_REPRESENTATION_CONTEXT(2) 
PARAMETRIC_REPRESENTATION_CONTEXT() REPRESENTATION_CONTEXT('2D SPACE',''
  ) );
#5811 = PCURVE('',#3512,#5812);
#5812 = DEFINITIONAL_REPRESENTATION('',(#5813),#5817);
#5813 = ELLIPSE('',#5814,4.616880331999,3.2);
#5814 = AXIS2_PLACEMENT_2D('',#5815,#5816);
#5815 = CARTESIAN_POINT('',(1.803468879687,-3.219646771413E-15));
#5816 = DIRECTION('',(1.,2.775557561563E-17));
#5817 = ( GEOMETRIC_REPRESENTATION_CONTEXT(2) 
PARAMETRIC_REPRESENTATION_CONTEXT() REPRESENTATION_CONTEXT('2D SPACE',''
  ) );
#5818 = ORIENTED_EDGE('',*,*,#5819,.T.);
#5819 = EDGE_CURVE('',#5793,#5820,#5822,.T.);
#5820 = VERTEX_POINT('',#5821);
#5821 = CARTESIAN_POINT('',(-72.04358549596,3.234391167708,
    -1.224586983568));
#5822 = SURFACE_CURVE('',#5823,(#5828,#5838),.PCURVE_S1.);
#5823 = ELLIPSE('',#5824,4.616880331999,3.2);
#5824 = AXIS2_PLACEMENT_3D('',#5825,#5826,#5827);
#5825 = CARTESIAN_POINT('',(-75.,2.8,3.10862446895E-16));
#5826 = DIRECTION('',(0.186565325536,0.693108716252,0.696271273832));
#5827 = DIRECTION('',(0.179389736093,-0.720833064902,0.669491609454));
#5828 = PCURVE('',#656,#5829);
#5829 = DEFINITIONAL_REPRESENTATION('',(#5830),#5837);
#5830 = B_SPLINE_CURVE_WITH_KNOTS('',5,(#5831,#5832,#5833,#5834,#5835,
    #5836),.UNSPECIFIED.,.F.,.F.,(6,6),(1.534730816468,1.978644166538),
  .PIECEWISE_BEZIER_KNOTS.);
#5831 = CARTESIAN_POINT('',(-0.225733877472,-38.6800003));
#5832 = CARTESIAN_POINT('',(-0.314516547486,-38.97527688544));
#5833 = CARTESIAN_POINT('',(-0.4032992175,-39.27173594902));
#5834 = CARTESIAN_POINT('',(-0.492081887514,-39.56452782901));
#5835 = CARTESIAN_POINT('',(-0.580864557528,-39.84876693273));
#5836 = CARTESIAN_POINT('',(-0.669647227542,-40.1200003));
#5837 = ( GEOMETRIC_REPRESENTATION_CONTEXT(2) 
PARAMETRIC_REPRESENTATION_CONTEXT() REPRESENTATION_CONTEXT('2D SPACE',''
  ) );
#5838 = PCURVE('',#3536,#5839);
#5839 = DEFINITIONAL_REPRESENTATION('',(#5840),#5844);
#5840 = ELLIPSE('',#5841,4.616880331999,3.2);
#5841 = AXIS2_PLACEMENT_2D('',#5842,#5843);
#5842 = CARTESIAN_POINT('',(-1.821230150352E-15,3.328108990037E-16));
#5843 = DIRECTION('',(-1.,2.775557561563E-17));
#5844 = ( GEOMETRIC_REPRESENTATION_CONTEXT(2) 
PARAMETRIC_REPRESENTATION_CONTEXT() REPRESENTATION_CONTEXT('2D SPACE',''
  ) );
#5845 = ORIENTED_EDGE('',*,*,#5846,.T.);
#5846 = EDGE_CURVE('',#5820,#5847,#5849,.T.);
#5847 = VERTEX_POINT('',#5848);
#5848 = CARTESIAN_POINT('',(-72.22871870789,2.8,-1.6));
#5849 = SURFACE_CURVE('',#5850,(#5855,#5865),.PCURVE_S1.);
#5850 = ELLIPSE('',#5851,4.616880331999,3.2);
#5851 = AXIS2_PLACEMENT_3D('',#5852,#5853,#5854);
#5852 = CARTESIAN_POINT('',(-75.,2.8,3.10862446895E-16));
#5853 = DIRECTION('',(-0.360416532451,0.693108716252,-0.624259746093));
#5854 = DIRECTION('',(-0.346554358126,-0.720833064902,-0.600249755858));
#5855 = PCURVE('',#656,#5856);
#5856 = DEFINITIONAL_REPRESENTATION('',(#5857),#5864);
#5857 = B_SPLINE_CURVE_WITH_KNOTS('',5,(#5858,#5859,#5860,#5861,#5862,
    #5863),.UNSPECIFIED.,.F.,.F.,(6,6),(4.304541140642,4.748454490712),
  .PIECEWISE_BEZIER_KNOTS.);
#5858 = CARTESIAN_POINT('',(-0.115750935855,-40.1200003));
#5859 = CARTESIAN_POINT('',(-0.204533605869,-39.84876693273));
#5860 = CARTESIAN_POINT('',(-0.293316275883,-39.56452782901));
#5861 = CARTESIAN_POINT('',(-0.382098945897,-39.27173594902));
#5862 = CARTESIAN_POINT('',(-0.470881615911,-38.97527688544));
#5863 = CARTESIAN_POINT('',(-0.559664285926,-38.6800003));
#5864 = ( GEOMETRIC_REPRESENTATION_CONTEXT(2) 
PARAMETRIC_REPRESENTATION_CONTEXT() REPRESENTATION_CONTEXT('2D SPACE',''
  ) );
#5865 = PCURVE('',#3132,#5866);
#5866 = DEFINITIONAL_REPRESENTATION('',(#5867),#5871);
#5867 = ELLIPSE('',#5868,4.616880331999,3.2);
#5868 = AXIS2_PLACEMENT_2D('',#5869,#5870);
#5869 = CARTESIAN_POINT('',(1.803468879687,-4.440892098501E-16));
#5870 = DIRECTION('',(1.,5.551115123126E-17));
#5871 = ( GEOMETRIC_REPRESENTATION_CONTEXT(2) 
PARAMETRIC_REPRESENTATION_CONTEXT() REPRESENTATION_CONTEXT('2D SPACE',''
  ) );
#5872 = ORIENTED_EDGE('',*,*,#5873,.T.);
#5873 = EDGE_CURVE('',#5847,#5874,#5876,.T.);
#5874 = VERTEX_POINT('',#5875);
#5875 = CARTESIAN_POINT('',(-72.46126931106,3.234391167708,
    -1.948036572828));
#5876 = SURFACE_CURVE('',#5877,(#5882,#5892),.PCURVE_S1.);
#5877 = ELLIPSE('',#5878,4.616880331999,3.2);
#5878 = AXIS2_PLACEMENT_3D('',#5879,#5880,#5881);
#5879 = CARTESIAN_POINT('',(-75.,2.8,3.10862446895E-16));
#5880 = DIRECTION('',(0.360416532451,0.693108716252,0.624259746093));
#5881 = DIRECTION('',(0.346554358126,-0.720833064902,0.600249755858));
#5882 = PCURVE('',#656,#5883);
#5883 = DEFINITIONAL_REPRESENTATION('',(#5884),#5891);
#5884 = B_SPLINE_CURVE_WITH_KNOTS('',5,(#5885,#5886,#5887,#5888,#5889,
    #5890),.UNSPECIFIED.,.F.,.F.,(6,6),(1.534730816468,1.978644166538),
  .PIECEWISE_BEZIER_KNOTS.);
#5885 = CARTESIAN_POINT('',(-0.487533265271,-38.6800003));
#5886 = CARTESIAN_POINT('',(-0.576315935285,-38.97527688544));
#5887 = CARTESIAN_POINT('',(-0.665098605299,-39.27173594902));
#5888 = CARTESIAN_POINT('',(-0.753881275313,-39.56452782901));
#5889 = CARTESIAN_POINT('',(-0.842663945327,-39.84876693273));
#5890 = CARTESIAN_POINT('',(-0.931446615341,-40.1200003));
#5891 = ( GEOMETRIC_REPRESENTATION_CONTEXT(2) 
PARAMETRIC_REPRESENTATION_CONTEXT() REPRESENTATION_CONTEXT('2D SPACE',''
  ) );
#5892 = PCURVE('',#3100,#5893);
#5893 = DEFINITIONAL_REPRESENTATION('',(#5894),#5898);
#5894 = ELLIPSE('',#5895,4.616880331999,3.2);
#5895 = AXIS2_PLACEMENT_2D('',#5896,#5897);
#5896 = CARTESIAN_POINT('',(-1.652364963567E-15,5.764453863871E-16));
#5897 = DIRECTION('',(-1.,0.));
#5898 = ( GEOMETRIC_REPRESENTATION_CONTEXT(2) 
PARAMETRIC_REPRESENTATION_CONTEXT() REPRESENTATION_CONTEXT('2D SPACE',''
  ) );
#5899 = ORIENTED_EDGE('',*,*,#5900,.T.);
#5900 = EDGE_CURVE('',#5874,#5901,#5903,.T.);
#5901 = VERTEX_POINT('',#5902);
#5902 = CARTESIAN_POINT('',(-72.7372583002,2.8,-2.262741699797));
#5903 = SURFACE_CURVE('',#5904,(#5909,#5919),.PCURVE_S1.);
#5904 = ELLIPSE('',#5905,4.616880331999,3.2);
#5905 = AXIS2_PLACEMENT_3D('',#5906,#5907,#5908);
#5906 = CARTESIAN_POINT('',(-75.,2.8,3.10862446895E-16));
#5907 = DIRECTION('',(-0.509705948296,0.693108716252,-0.509705948296));
#5908 = DIRECTION('',(-0.490101873361,-0.720833064902,-0.490101873361));
#5909 = PCURVE('',#656,#5910);
#5910 = DEFINITIONAL_REPRESENTATION('',(#5911),#5918);
#5911 = B_SPLINE_CURVE_WITH_KNOTS('',5,(#5912,#5913,#5914,#5915,#5916,
    #5917),.UNSPECIFIED.,.F.,.F.,(6,6),(4.304541140642,4.748454490712),
  .PIECEWISE_BEZIER_KNOTS.);
#5912 = CARTESIAN_POINT('',(-0.377550323654,-40.1200003));
#5913 = CARTESIAN_POINT('',(-0.466332993669,-39.84876693273));
#5914 = CARTESIAN_POINT('',(-0.555115663683,-39.56452782901));
#5915 = CARTESIAN_POINT('',(-0.643898333697,-39.27173594902));
#5916 = CARTESIAN_POINT('',(-0.732681003711,-38.97527688544));
#5917 = CARTESIAN_POINT('',(-0.821463673725,-38.6800003));
#5918 = ( GEOMETRIC_REPRESENTATION_CONTEXT(2) 
PARAMETRIC_REPRESENTATION_CONTEXT() REPRESENTATION_CONTEXT('2D SPACE',''
  ) );
#5919 = PCURVE('',#3039,#5920);
#5920 = DEFINITIONAL_REPRESENTATION('',(#5921),#5925);
#5921 = ELLIPSE('',#5922,4.616880331999,3.2);
#5922 = AXIS2_PLACEMENT_2D('',#5923,#5924);
#5923 = CARTESIAN_POINT('',(1.803468879687,-7.105427357601E-15));
#5924 = DIRECTION('',(1.,1.110223024625E-16));
#5925 = ( GEOMETRIC_REPRESENTATION_CONTEXT(2) 
PARAMETRIC_REPRESENTATION_CONTEXT() REPRESENTATION_CONTEXT('2D SPACE',''
  ) );
#5926 = ORIENTED_EDGE('',*,*,#5927,.T.);
#5927 = EDGE_CURVE('',#5901,#5928,#5930,.T.);
#5928 = VERTEX_POINT('',#5929);
#5929 = CARTESIAN_POINT('',(-73.05196342717,3.234391167708,
    -2.538730688932));
#5930 = SURFACE_CURVE('',#5931,(#5936,#5946),.PCURVE_S1.);
#5931 = ELLIPSE('',#5932,4.616880331999,3.2);
#5932 = AXIS2_PLACEMENT_3D('',#5933,#5934,#5935);
#5933 = CARTESIAN_POINT('',(-75.,2.8,3.10862446895E-16));
#5934 = DIRECTION('',(0.509705948296,0.693108716252,0.509705948296));
#5935 = DIRECTION('',(0.490101873361,-0.720833064902,0.490101873361));
#5936 = PCURVE('',#656,#5937);
#5937 = DEFINITIONAL_REPRESENTATION('',(#5938),#5945);
#5938 = B_SPLINE_CURVE_WITH_KNOTS('',5,(#5939,#5940,#5941,#5942,#5943,
    #5944),.UNSPECIFIED.,.F.,.F.,(6,6),(1.534730816468,1.978644166538),
  .PIECEWISE_BEZIER_KNOTS.);
#5939 = CARTESIAN_POINT('',(-0.74933265307,-38.6800003));
#5940 = CARTESIAN_POINT('',(-0.838115323084,-38.97527688544));
#5941 = CARTESIAN_POINT('',(-0.926897993098,-39.27173594902));
#5942 = CARTESIAN_POINT('',(-1.015680663112,-39.56452782901));
#5943 = CARTESIAN_POINT('',(-1.104463333126,-39.84876693273));
#5944 = CARTESIAN_POINT('',(-1.19324600314,-40.1200003));
#5945 = ( GEOMETRIC_REPRESENTATION_CONTEXT(2) 
PARAMETRIC_REPRESENTATION_CONTEXT() REPRESENTATION_CONTEXT('2D SPACE',''
  ) );
#5946 = PCURVE('',#3007,#5947);
#5947 = DEFINITIONAL_REPRESENTATION('',(#5948),#5952);
#5948 = ELLIPSE('',#5949,4.616880331999,3.2);
#5949 = AXIS2_PLACEMENT_2D('',#5950,#5951);
#5950 = CARTESIAN_POINT('',(-1.421690828604E-15,6.656217980074E-16));
#5951 = DIRECTION('',(-1.,0.));
#5952 = ( GEOMETRIC_REPRESENTATION_CONTEXT(2) 
PARAMETRIC_REPRESENTATION_CONTEXT() REPRESENTATION_CONTEXT('2D SPACE',''
  ) );
#5953 = ORIENTED_EDGE('',*,*,#5954,.T.);
#5954 = EDGE_CURVE('',#5928,#5955,#5957,.T.);
#5955 = VERTEX_POINT('',#5956);
#5956 = CARTESIAN_POINT('',(-73.4,2.8,-2.77128129211));
#5957 = SURFACE_CURVE('',#5958,(#5963,#5973),.PCURVE_S1.);
#5958 = ELLIPSE('',#5959,4.616880331999,3.2);
#5959 = AXIS2_PLACEMENT_3D('',#5960,#5961,#5962);
#5960 = CARTESIAN_POINT('',(-75.,2.8,3.10862446895E-16));
#5961 = DIRECTION('',(-0.624259746093,0.693108716252,-0.360416532451));
#5962 = DIRECTION('',(-0.600249755858,-0.720833064902,-0.346554358126));
#5963 = PCURVE('',#656,#5964);
#5964 = DEFINITIONAL_REPRESENTATION('',(#5965),#5972);
#5965 = B_SPLINE_CURVE_WITH_KNOTS('',5,(#5966,#5967,#5968,#5969,#5970,
    #5971),.UNSPECIFIED.,.F.,.F.,(6,6),(4.304541140642,4.748454490712),
  .PIECEWISE_BEZIER_KNOTS.);
#5966 = CARTESIAN_POINT('',(-0.639349711454,-40.1200003));
#5967 = CARTESIAN_POINT('',(-0.728132381468,-39.84876693273));
#5968 = CARTESIAN_POINT('',(-0.816915051482,-39.56452782901));
#5969 = CARTESIAN_POINT('',(-0.905697721496,-39.27173594902));
#5970 = CARTESIAN_POINT('',(-0.99448039151,-38.97527688544));
#5971 = CARTESIAN_POINT('',(-1.083263061524,-38.6800003));
#5972 = ( GEOMETRIC_REPRESENTATION_CONTEXT(2) 
PARAMETRIC_REPRESENTATION_CONTEXT() REPRESENTATION_CONTEXT('2D SPACE',''
  ) );
#5973 = PCURVE('',#2946,#5974);
#5974 = DEFINITIONAL_REPRESENTATION('',(#5975),#5979);
#5975 = ELLIPSE('',#5976,4.616880331999,3.2);
#5976 = AXIS2_PLACEMENT_2D('',#5977,#5978);
#5977 = CARTESIAN_POINT('',(1.803468879687,2.775557561563E-15));
#5978 = DIRECTION('',(1.,-5.551115123126E-17));
#5979 = ( GEOMETRIC_REPRESENTATION_CONTEXT(2) 
PARAMETRIC_REPRESENTATION_CONTEXT() REPRESENTATION_CONTEXT('2D SPACE',''
  ) );
#5980 = ORIENTED_EDGE('',*,*,#5981,.T.);
#5981 = EDGE_CURVE('',#5955,#5982,#5984,.T.);
#5982 = VERTEX_POINT('',#5983);
#5983 = CARTESIAN_POINT('',(-73.77541301643,3.234391167708,
    -2.956414504036));
#5984 = SURFACE_CURVE('',#5985,(#5990,#6000),.PCURVE_S1.);
#5985 = ELLIPSE('',#5986,4.616880331999,3.2);
#5986 = AXIS2_PLACEMENT_3D('',#5987,#5988,#5989);
#5987 = CARTESIAN_POINT('',(-75.,2.8,3.10862446895E-16));
#5988 = DIRECTION('',(0.624259746093,0.693108716252,0.360416532451));
#5989 = DIRECTION('',(0.600249755858,-0.720833064902,0.346554358126));
#5990 = PCURVE('',#656,#5991);
#5991 = DEFINITIONAL_REPRESENTATION('',(#5992),#5999);
#5992 = B_SPLINE_CURVE_WITH_KNOTS('',5,(#5993,#5994,#5995,#5996,#5997,
    #5998),.UNSPECIFIED.,.F.,.F.,(6,6),(1.534730816468,1.978644166538),
  .PIECEWISE_BEZIER_KNOTS.);
#5993 = CARTESIAN_POINT('',(-1.011132040869,-38.6800003));
#5994 = CARTESIAN_POINT('',(-1.099914710883,-38.97527688544));
#5995 = CARTESIAN_POINT('',(-1.188697380897,-39.27173594902));
#5996 = CARTESIAN_POINT('',(-1.277480050911,-39.56452782901));
#5997 = CARTESIAN_POINT('',(-1.366262720926,-39.84876693273));
#5998 = CARTESIAN_POINT('',(-1.45504539094,-40.1200003));
#5999 = ( GEOMETRIC_REPRESENTATION_CONTEXT(2) 
PARAMETRIC_REPRESENTATION_CONTEXT() REPRESENTATION_CONTEXT('2D SPACE',''
  ) );
#6000 = PCURVE('',#2914,#6001);
#6001 = DEFINITIONAL_REPRESENTATION('',(#6002),#6006);
#6002 = ELLIPSE('',#6003,4.616880331999,3.2);
#6003 = AXIS2_PLACEMENT_2D('',#6004,#6005);
#6004 = CARTESIAN_POINT('',(-1.191016693641E-15,5.764453863871E-16));
#6005 = DIRECTION('',(-1.,0.));
#6006 = ( GEOMETRIC_REPRESENTATION_CONTEXT(2) 
PARAMETRIC_REPRESENTATION_CONTEXT() REPRESENTATION_CONTEXT('2D SPACE',''
  ) );
#6007 = ORIENTED_EDGE('',*,*,#6008,.T.);
#6008 = EDGE_CURVE('',#5982,#6009,#6011,.T.);
#6009 = VERTEX_POINT('',#6010);
#6010 = CARTESIAN_POINT('',(-74.17177905567,2.8,-3.090962644125));
#6011 = SURFACE_CURVE('',#6012,(#6017,#6027),.PCURVE_S1.);
#6012 = ELLIPSE('',#6013,4.616880331999,3.2);
#6013 = AXIS2_PLACEMENT_3D('',#6014,#6015,#6016);
#6014 = CARTESIAN_POINT('',(-75.,2.8,3.10862446895E-16));
#6015 = DIRECTION('',(-0.696271273832,0.693108716252,-0.186565325536));
#6016 = DIRECTION('',(-0.669491609454,-0.720833064902,-0.179389736093));
#6017 = PCURVE('',#656,#6018);
#6018 = DEFINITIONAL_REPRESENTATION('',(#6019),#6026);
#6019 = B_SPLINE_CURVE_WITH_KNOTS('',5,(#6020,#6021,#6022,#6023,#6024,
    #6025),.UNSPECIFIED.,.F.,.F.,(6,6),(4.304541140642,4.748454490712),
  .PIECEWISE_BEZIER_KNOTS.);
#6020 = CARTESIAN_POINT('',(-0.901149099253,-40.1200003));
#6021 = CARTESIAN_POINT('',(-0.989931769267,-39.84876693273));
#6022 = CARTESIAN_POINT('',(-1.078714439281,-39.56452782901));
#6023 = CARTESIAN_POINT('',(-1.167497109295,-39.27173594902));
#6024 = CARTESIAN_POINT('',(-1.256279779309,-38.97527688544));
#6025 = CARTESIAN_POINT('',(-1.345062449323,-38.6800003));
#6026 = ( GEOMETRIC_REPRESENTATION_CONTEXT(2) 
PARAMETRIC_REPRESENTATION_CONTEXT() REPRESENTATION_CONTEXT('2D SPACE',''
  ) );
#6027 = PCURVE('',#2853,#6028);
#6028 = DEFINITIONAL_REPRESENTATION('',(#6029),#6033);
#6029 = ELLIPSE('',#6030,4.616880331999,3.2);
#6030 = AXIS2_PLACEMENT_2D('',#6031,#6032);
#6031 = CARTESIAN_POINT('',(1.803468879687,1.276756478319E-15));
#6032 = DIRECTION('',(1.,2.775557561563E-17));
#6033 = ( GEOMETRIC_REPRESENTATION_CONTEXT(2) 
PARAMETRIC_REPRESENTATION_CONTEXT() REPRESENTATION_CONTEXT('2D SPACE',''
  ) );
#6034 = ORIENTED_EDGE('',*,*,#6035,.T.);
#6035 = EDGE_CURVE('',#6009,#6036,#6038,.T.);
#6036 = VERTEX_POINT('',#6037);
#6037 = CARTESIAN_POINT('',(-74.58231618489,3.234391167708,
    -3.172623556396));
#6038 = SURFACE_CURVE('',#6039,(#6044,#6054),.PCURVE_S1.);
#6039 = ELLIPSE('',#6040,4.616880331999,3.2);
#6040 = AXIS2_PLACEMENT_3D('',#6041,#6042,#6043);
#6041 = CARTESIAN_POINT('',(-75.,2.8,3.10862446895E-16));
#6042 = DIRECTION('',(0.696271273832,0.693108716252,0.186565325536));
#6043 = DIRECTION('',(0.669491609454,-0.720833064902,0.179389736093));
#6044 = PCURVE('',#656,#6045);
#6045 = DEFINITIONAL_REPRESENTATION('',(#6046),#6053);
#6046 = B_SPLINE_CURVE_WITH_KNOTS('',5,(#6047,#6048,#6049,#6050,#6051,
    #6052),.UNSPECIFIED.,.F.,.F.,(6,6),(1.534730816468,1.978644166538),
  .PIECEWISE_BEZIER_KNOTS.);
#6047 = CARTESIAN_POINT('',(-1.272931428669,-38.6800003));
#6048 = CARTESIAN_POINT('',(-1.361714098683,-38.97527688544));
#6049 = CARTESIAN_POINT('',(-1.450496768697,-39.27173594902));
#6050 = CARTESIAN_POINT('',(-1.539279438711,-39.56452782901));
#6051 = CARTESIAN_POINT('',(-1.628062108725,-39.84876693273));
#6052 = CARTESIAN_POINT('',(-1.716844778739,-40.1200003));
#6053 = ( GEOMETRIC_REPRESENTATION_CONTEXT(2) 
PARAMETRIC_REPRESENTATION_CONTEXT() REPRESENTATION_CONTEXT('2D SPACE',''
  ) );
#6054 = PCURVE('',#2821,#6055);
#6055 = DEFINITIONAL_REPRESENTATION('',(#6056),#6060);
#6056 = ELLIPSE('',#6057,4.616880331999,3.2);
#6057 = AXIS2_PLACEMENT_2D('',#6058,#6059);
#6058 = CARTESIAN_POINT('',(-1.022151506856E-15,3.328108990037E-16));
#6059 = DIRECTION('',(-1.,0.));
#6060 = ( GEOMETRIC_REPRESENTATION_CONTEXT(2) 
PARAMETRIC_REPRESENTATION_CONTEXT() REPRESENTATION_CONTEXT('2D SPACE',''
  ) );
#6061 = ORIENTED_EDGE('',*,*,#6062,.T.);
#6062 = EDGE_CURVE('',#6036,#6063,#6065,.T.);
#6063 = VERTEX_POINT('',#6064);
#6064 = CARTESIAN_POINT('',(-75.,2.8,-3.2));
#6065 = SURFACE_CURVE('',#6066,(#6071,#6081),.PCURVE_S1.);
#6066 = ELLIPSE('',#6067,4.616880331999,3.2);
#6067 = AXIS2_PLACEMENT_3D('',#6068,#6069,#6070);
#6068 = CARTESIAN_POINT('',(-75.,2.8,3.10862446895E-16));
#6069 = DIRECTION('',(-0.720833064902,0.693108716252,-3.078021021404E-18
    ));
#6070 = DIRECTION('',(-0.693108716252,-0.720833064902,
    -1.569790720916E-16));
#6071 = PCURVE('',#656,#6072);
#6072 = DEFINITIONAL_REPRESENTATION('',(#6073),#6080);
#6073 = B_SPLINE_CURVE_WITH_KNOTS('',5,(#6074,#6075,#6076,#6077,#6078,
    #6079),.UNSPECIFIED.,.F.,.F.,(6,6),(4.304541140642,4.748454490712),
  .PIECEWISE_BEZIER_KNOTS.);
#6074 = CARTESIAN_POINT('',(-1.162948487052,-40.1200003));
#6075 = CARTESIAN_POINT('',(-1.251731157066,-39.84876693273));
#6076 = CARTESIAN_POINT('',(-1.34051382708,-39.56452782901));
#6077 = CARTESIAN_POINT('',(-1.429296497094,-39.27173594902));
#6078 = CARTESIAN_POINT('',(-1.518079167108,-38.97527688544));
#6079 = CARTESIAN_POINT('',(-1.606861837122,-38.6800003));
#6080 = ( GEOMETRIC_REPRESENTATION_CONTEXT(2) 
PARAMETRIC_REPRESENTATION_CONTEXT() REPRESENTATION_CONTEXT('2D SPACE',''
  ) );
#6081 = PCURVE('',#2760,#6082);
#6082 = DEFINITIONAL_REPRESENTATION('',(#6083),#6087);
#6083 = ELLIPSE('',#6084,4.616880331999,3.2);
#6084 = AXIS2_PLACEMENT_2D('',#6085,#6086);
#6085 = CARTESIAN_POINT('',(1.803468879687,-1.479114197289E-31));
#6086 = DIRECTION('',(1.,0.));
#6087 = ( GEOMETRIC_REPRESENTATION_CONTEXT(2) 
PARAMETRIC_REPRESENTATION_CONTEXT() REPRESENTATION_CONTEXT('2D SPACE',''
  ) );
#6088 = ORIENTED_EDGE('',*,*,#6089,.T.);
#6089 = EDGE_CURVE('',#6063,#6090,#6092,.T.);
#6090 = VERTEX_POINT('',#6091);
#6091 = CARTESIAN_POINT('',(-75.4176838151,3.234391167708,
    -3.172623556396));
#6092 = SURFACE_CURVE('',#6093,(#6098,#6108),.PCURVE_S1.);
#6093 = ELLIPSE('',#6094,4.616880331999,3.2);
#6094 = AXIS2_PLACEMENT_3D('',#6095,#6096,#6097);
#6095 = CARTESIAN_POINT('',(-75.,2.8,3.10862446895E-16));
#6096 = DIRECTION('',(0.720833064902,0.693108716252,1.569790720916E-16)
  );
#6097 = DIRECTION('',(0.693108716252,-0.720833064902,-3.078021021404E-18
    ));
#6098 = PCURVE('',#656,#6099);
#6099 = DEFINITIONAL_REPRESENTATION('',(#6100),#6107);
#6100 = B_SPLINE_CURVE_WITH_KNOTS('',5,(#6101,#6102,#6103,#6104,#6105,
    #6106),.UNSPECIFIED.,.F.,.F.,(6,6),(1.534730816468,1.978644166538),
  .PIECEWISE_BEZIER_KNOTS.);
#6101 = CARTESIAN_POINT('',(-1.534730816468,-38.6800003));
#6102 = CARTESIAN_POINT('',(-1.623513486482,-38.97527688544));
#6103 = CARTESIAN_POINT('',(-1.712296156496,-39.27173594902));
#6104 = CARTESIAN_POINT('',(-1.80107882651,-39.56452782901));
#6105 = CARTESIAN_POINT('',(-1.889861496524,-39.84876693273));
#6106 = CARTESIAN_POINT('',(-1.978644166538,-40.1200003));
#6107 = ( GEOMETRIC_REPRESENTATION_CONTEXT(2) 
PARAMETRIC_REPRESENTATION_CONTEXT() REPRESENTATION_CONTEXT('2D SPACE',''
  ) );
#6108 = PCURVE('',#2728,#6109);
#6109 = DEFINITIONAL_REPRESENTATION('',(#6110),#6114);
#6110 = ELLIPSE('',#6111,4.616880331999,3.2);
#6111 = AXIS2_PLACEMENT_2D('',#6112,#6113);
#6112 = CARTESIAN_POINT('',(-9.603425586782E-16,1.479114197289E-31));
#6113 = DIRECTION('',(-1.,0.));
#6114 = ( GEOMETRIC_REPRESENTATION_CONTEXT(2) 
PARAMETRIC_REPRESENTATION_CONTEXT() REPRESENTATION_CONTEXT('2D SPACE',''
  ) );
#6115 = ORIENTED_EDGE('',*,*,#6116,.T.);
#6116 = EDGE_CURVE('',#6090,#6117,#6119,.T.);
#6117 = VERTEX_POINT('',#6118);
#6118 = CARTESIAN_POINT('',(-75.82822094432,2.8,-3.090962644125));
#6119 = SURFACE_CURVE('',#6120,(#6125,#6135),.PCURVE_S1.);
#6120 = ELLIPSE('',#6121,4.616880331999,3.2);
#6121 = AXIS2_PLACEMENT_3D('',#6122,#6123,#6124);
#6122 = CARTESIAN_POINT('',(-75.,2.8,3.10862446895E-16));
#6123 = DIRECTION('',(-0.696271273832,0.693108716252,0.186565325536));
#6124 = DIRECTION('',(-0.669491609454,-0.720833064902,0.179389736093));
#6125 = PCURVE('',#656,#6126);
#6126 = DEFINITIONAL_REPRESENTATION('',(#6127),#6134);
#6127 = B_SPLINE_CURVE_WITH_KNOTS('',5,(#6128,#6129,#6130,#6131,#6132,
    #6133),.UNSPECIFIED.,.F.,.F.,(6,6),(4.304541140642,4.748454490712),
  .PIECEWISE_BEZIER_KNOTS.);
#6128 = CARTESIAN_POINT('',(-1.424747874851,-40.1200003));
#6129 = CARTESIAN_POINT('',(-1.513530544865,-39.84876693273));
#6130 = CARTESIAN_POINT('',(-1.602313214879,-39.56452782901));
#6131 = CARTESIAN_POINT('',(-1.691095884893,-39.27173594902));
#6132 = CARTESIAN_POINT('',(-1.779878554907,-38.97527688544));
#6133 = CARTESIAN_POINT('',(-1.868661224921,-38.6800003));
#6134 = ( GEOMETRIC_REPRESENTATION_CONTEXT(2) 
PARAMETRIC_REPRESENTATION_CONTEXT() REPRESENTATION_CONTEXT('2D SPACE',''
  ) );
#6135 = PCURVE('',#2667,#6136);
#6136 = DEFINITIONAL_REPRESENTATION('',(#6137),#6141);
#6137 = ELLIPSE('',#6138,4.616880331999,3.2);
#6138 = AXIS2_PLACEMENT_2D('',#6139,#6140);
#6139 = CARTESIAN_POINT('',(1.803468879687,-1.221245327088E-15));
#6140 = DIRECTION('',(1.,0.));
#6141 = ( GEOMETRIC_REPRESENTATION_CONTEXT(2) 
PARAMETRIC_REPRESENTATION_CONTEXT() REPRESENTATION_CONTEXT('2D SPACE',''
  ) );
#6142 = ORIENTED_EDGE('',*,*,#6143,.T.);
#6143 = EDGE_CURVE('',#6117,#6144,#6146,.T.);
#6144 = VERTEX_POINT('',#6145);
#6145 = CARTESIAN_POINT('',(-76.22458698356,3.234391167708,
    -2.956414504036));
#6146 = SURFACE_CURVE('',#6147,(#6152,#6162),.PCURVE_S1.);
#6147 = ELLIPSE('',#6148,4.616880331999,3.2);
#6148 = AXIS2_PLACEMENT_3D('',#6149,#6150,#6151);
#6149 = CARTESIAN_POINT('',(-75.,2.8,3.10862446895E-16));
#6150 = DIRECTION('',(0.696271273832,0.693108716252,-0.186565325536));
#6151 = DIRECTION('',(0.669491609454,-0.720833064902,-0.179389736093));
#6152 = PCURVE('',#656,#6153);
#6153 = DEFINITIONAL_REPRESENTATION('',(#6154),#6161);
#6154 = B_SPLINE_CURVE_WITH_KNOTS('',5,(#6155,#6156,#6157,#6158,#6159,
    #6160),.UNSPECIFIED.,.F.,.F.,(6,6),(1.534730816468,1.832595714594),
  .PIECEWISE_BEZIER_KNOTS.);
#6155 = CARTESIAN_POINT('',(-1.796530204267,-38.6800003));
#6156 = CARTESIAN_POINT('',(-1.856103183892,-38.87813025042));
#6157 = CARTESIAN_POINT('',(-1.915676163517,-39.0767925486));
#6158 = CARTESIAN_POINT('',(-1.975249143143,-39.27452225535));
#6159 = CARTESIAN_POINT('',(-2.034822122768,-39.46984671329));
#6160 = CARTESIAN_POINT('',(-2.094395102393,-39.6613500821));
#6161 = ( GEOMETRIC_REPRESENTATION_CONTEXT(2) 
PARAMETRIC_REPRESENTATION_CONTEXT() REPRESENTATION_CONTEXT('2D SPACE',''
  ) );
#6162 = PCURVE('',#2635,#6163);
#6163 = DEFINITIONAL_REPRESENTATION('',(#6164),#6168);
#6164 = ELLIPSE('',#6165,4.616880331999,3.2);
#6165 = AXIS2_PLACEMENT_2D('',#6166,#6167);
#6166 = CARTESIAN_POINT('',(-1.022151506856E-15,-3.328108990037E-16));
#6167 = DIRECTION('',(-1.,2.775557561563E-17));
#6168 = ( GEOMETRIC_REPRESENTATION_CONTEXT(2) 
PARAMETRIC_REPRESENTATION_CONTEXT() REPRESENTATION_CONTEXT('2D SPACE',''
  ) );
#6169 = ORIENTED_EDGE('',*,*,#6170,.T.);
#6170 = EDGE_CURVE('',#6144,#6171,#6173,.T.);
#6171 = VERTEX_POINT('',#6172);
#6172 = CARTESIAN_POINT('',(-76.6,2.8,-2.77128129211));
#6173 = SURFACE_CURVE('',#6174,(#6179,#6189),.PCURVE_S1.);
#6174 = ELLIPSE('',#6175,4.616880331999,3.2);
#6175 = AXIS2_PLACEMENT_3D('',#6176,#6177,#6178);
#6176 = CARTESIAN_POINT('',(-75.,2.8,3.10862446895E-16));
#6177 = DIRECTION('',(-0.624259746093,0.693108716252,0.360416532451));
#6178 = DIRECTION('',(-0.600249755858,-0.720833064902,0.346554358126));
#6179 = PCURVE('',#656,#6180);
#6180 = DEFINITIONAL_REPRESENTATION('',(#6181),#6188);
#6181 = B_SPLINE_CURVE_WITH_KNOTS('',5,(#6182,#6183,#6184,#6185,#6186,
    #6187),.UNSPECIFIED.,.F.,.F.,(6,6),(4.304541140642,4.712388980385),
  .PIECEWISE_BEZIER_KNOTS.);
#6182 = CARTESIAN_POINT('',(-1.68654726265,-40.1200003));
#6183 = CARTESIAN_POINT('',(-1.768116830599,-39.87080314724));
#6184 = CARTESIAN_POINT('',(-1.849686398547,-39.61062766824));
#6185 = CARTESIAN_POINT('',(-1.931255966496,-39.34292742792));
#6186 = CARTESIAN_POINT('',(-2.012825534445,-39.07146382213));
#6187 = CARTESIAN_POINT('',(-2.094395102393,-38.8000003));
#6188 = ( GEOMETRIC_REPRESENTATION_CONTEXT(2) 
PARAMETRIC_REPRESENTATION_CONTEXT() REPRESENTATION_CONTEXT('2D SPACE',''
  ) );
#6189 = PCURVE('',#2574,#6190);
#6190 = DEFINITIONAL_REPRESENTATION('',(#6191),#6195);
#6191 = ELLIPSE('',#6192,4.616880331999,3.2);
#6192 = AXIS2_PLACEMENT_2D('',#6193,#6194);
#6193 = CARTESIAN_POINT('',(1.803468879687,-2.553512956638E-15));
#6194 = DIRECTION('',(1.,0.));
#6195 = ( GEOMETRIC_REPRESENTATION_CONTEXT(2) 
PARAMETRIC_REPRESENTATION_CONTEXT() REPRESENTATION_CONTEXT('2D SPACE',''
  ) );
#6196 = ORIENTED_EDGE('',*,*,#6197,.T.);
#6197 = EDGE_CURVE('',#6171,#6198,#6200,.T.);
#6198 = VERTEX_POINT('',#6199);
#6199 = CARTESIAN_POINT('',(-76.94803657282,3.234391167708,
    -2.538730688932));
#6200 = SURFACE_CURVE('',#6201,(#6206,#6216),.PCURVE_S1.);
#6201 = ELLIPSE('',#6202,4.616880331999,3.2);
#6202 = AXIS2_PLACEMENT_3D('',#6203,#6204,#6205);
#6203 = CARTESIAN_POINT('',(-75.,2.8,3.10862446895E-16));
#6204 = DIRECTION('',(0.624259746093,0.693108716252,-0.360416532451));
#6205 = DIRECTION('',(0.600249755858,-0.720833064902,-0.346554358126));
#6206 = PCURVE('',#656,#6207);
#6207 = DEFINITIONAL_REPRESENTATION('',(#6208),#6215);
#6208 = B_SPLINE_CURVE_WITH_KNOTS('',5,(#6209,#6210,#6211,#6212,#6213,
    #6214),.UNSPECIFIED.,.F.,.F.,(6,6),(1.570796326795,1.978644166538),
  .PIECEWISE_BEZIER_KNOTS.);
#6209 = CARTESIAN_POINT('',(-2.094395102393,-38.8000003));
#6210 = CARTESIAN_POINT('',(-2.175964670342,-39.07146382213));
#6211 = CARTESIAN_POINT('',(-2.25753423829,-39.34292742792));
#6212 = CARTESIAN_POINT('',(-2.339103806239,-39.61062766824));
#6213 = CARTESIAN_POINT('',(-2.420673374188,-39.87080314724));
#6214 = CARTESIAN_POINT('',(-2.502242942136,-40.1200003));
#6215 = ( GEOMETRIC_REPRESENTATION_CONTEXT(2) 
PARAMETRIC_REPRESENTATION_CONTEXT() REPRESENTATION_CONTEXT('2D SPACE',''
  ) );
#6216 = PCURVE('',#2542,#6217);
#6217 = DEFINITIONAL_REPRESENTATION('',(#6218),#6222);
#6218 = ELLIPSE('',#6219,4.616880331999,3.2);
#6219 = AXIS2_PLACEMENT_2D('',#6220,#6221);
#6220 = CARTESIAN_POINT('',(-1.191016693641E-15,-5.764453863871E-16));
#6221 = DIRECTION('',(-1.,0.));
#6222 = ( GEOMETRIC_REPRESENTATION_CONTEXT(2) 
PARAMETRIC_REPRESENTATION_CONTEXT() REPRESENTATION_CONTEXT('2D SPACE',''
  ) );
#6223 = ORIENTED_EDGE('',*,*,#6224,.T.);
#6224 = EDGE_CURVE('',#6198,#6225,#6227,.T.);
#6225 = VERTEX_POINT('',#6226);
#6226 = CARTESIAN_POINT('',(-77.26274169979,2.8,-2.262741699797));
#6227 = SURFACE_CURVE('',#6228,(#6233,#6243),.PCURVE_S1.);
#6228 = ELLIPSE('',#6229,4.616880331999,3.2);
#6229 = AXIS2_PLACEMENT_3D('',#6230,#6231,#6232);
#6230 = CARTESIAN_POINT('',(-75.,2.8,3.10862446895E-16));
#6231 = DIRECTION('',(-0.509705948296,0.693108716252,0.509705948296));
#6232 = DIRECTION('',(-0.490101873361,-0.720833064902,0.490101873361));
#6233 = PCURVE('',#656,#6234);
#6234 = DEFINITIONAL_REPRESENTATION('',(#6235),#6242);
#6235 = B_SPLINE_CURVE_WITH_KNOTS('',5,(#6236,#6237,#6238,#6239,#6240,
    #6241),.UNSPECIFIED.,.F.,.F.,(6,6),(4.450589592586,4.748454490712),
  .PIECEWISE_BEZIER_KNOTS.);
#6236 = CARTESIAN_POINT('',(-2.094395102393,-39.6613500821));
#6237 = CARTESIAN_POINT('',(-2.153968082018,-39.46984671329));
#6238 = CARTESIAN_POINT('',(-2.213541061644,-39.27452225535));
#6239 = CARTESIAN_POINT('',(-2.273114041269,-39.0767925486));
#6240 = CARTESIAN_POINT('',(-2.332687020894,-38.87813025042));
#6241 = CARTESIAN_POINT('',(-2.39226000052,-38.6800003));
#6242 = ( GEOMETRIC_REPRESENTATION_CONTEXT(2) 
PARAMETRIC_REPRESENTATION_CONTEXT() REPRESENTATION_CONTEXT('2D SPACE',''
  ) );
#6243 = PCURVE('',#2481,#6244);
#6244 = DEFINITIONAL_REPRESENTATION('',(#6245),#6249);
#6245 = ELLIPSE('',#6246,4.616880331999,3.2);
#6246 = AXIS2_PLACEMENT_2D('',#6247,#6248);
#6247 = CARTESIAN_POINT('',(1.803468879687,-5.662137425588E-15));
#6248 = DIRECTION('',(1.,5.551115123126E-17));
#6249 = ( GEOMETRIC_REPRESENTATION_CONTEXT(2) 
PARAMETRIC_REPRESENTATION_CONTEXT() REPRESENTATION_CONTEXT('2D SPACE',''
  ) );
#6250 = ORIENTED_EDGE('',*,*,#6251,.T.);
#6251 = EDGE_CURVE('',#6225,#6252,#6254,.T.);
#6252 = VERTEX_POINT('',#6253);
#6253 = CARTESIAN_POINT('',(-77.53873068893,3.234391167708,
    -1.948036572828));
#6254 = SURFACE_CURVE('',#6255,(#6260,#6270),.PCURVE_S1.);
#6255 = ELLIPSE('',#6256,4.616880331999,3.2);
#6256 = AXIS2_PLACEMENT_3D('',#6257,#6258,#6259);
#6257 = CARTESIAN_POINT('',(-75.,2.8,3.10862446895E-16));
#6258 = DIRECTION('',(0.509705948296,0.693108716252,-0.509705948296));
#6259 = DIRECTION('',(0.490101873361,-0.720833064902,-0.490101873361));
#6260 = PCURVE('',#656,#6261);
#6261 = DEFINITIONAL_REPRESENTATION('',(#6262),#6269);
#6262 = B_SPLINE_CURVE_WITH_KNOTS('',5,(#6263,#6264,#6265,#6266,#6267,
    #6268),.UNSPECIFIED.,.F.,.F.,(6,6),(1.534730816468,1.978644166538),
  .PIECEWISE_BEZIER_KNOTS.);
#6263 = CARTESIAN_POINT('',(-2.320128979865,-38.6800003));
#6264 = CARTESIAN_POINT('',(-2.408911649879,-38.97527688544));
#6265 = CARTESIAN_POINT('',(-2.497694319893,-39.27173594902));
#6266 = CARTESIAN_POINT('',(-2.586476989907,-39.56452782901));
#6267 = CARTESIAN_POINT('',(-2.675259659921,-39.84876693273));
#6268 = CARTESIAN_POINT('',(-2.764042329935,-40.1200003));
#6269 = ( GEOMETRIC_REPRESENTATION_CONTEXT(2) 
PARAMETRIC_REPRESENTATION_CONTEXT() REPRESENTATION_CONTEXT('2D SPACE',''
  ) );
#6270 = PCURVE('',#2449,#6271);
#6271 = DEFINITIONAL_REPRESENTATION('',(#6272),#6276);
#6272 = ELLIPSE('',#6273,4.616880331999,3.2);
#6273 = AXIS2_PLACEMENT_2D('',#6274,#6275);
#6274 = CARTESIAN_POINT('',(-1.421690828604E-15,-6.656217980074E-16));
#6275 = DIRECTION('',(-1.,0.));
#6276 = ( GEOMETRIC_REPRESENTATION_CONTEXT(2) 
PARAMETRIC_REPRESENTATION_CONTEXT() REPRESENTATION_CONTEXT('2D SPACE',''
  ) );
#6277 = ORIENTED_EDGE('',*,*,#6278,.T.);
#6278 = EDGE_CURVE('',#6252,#6279,#6281,.T.);
#6279 = VERTEX_POINT('',#6280);
#6280 = CARTESIAN_POINT('',(-77.77128129211,2.8,-1.6));
#6281 = SURFACE_CURVE('',#6282,(#6287,#6297),.PCURVE_S1.);
#6282 = ELLIPSE('',#6283,4.616880331999,3.2);
#6283 = AXIS2_PLACEMENT_3D('',#6284,#6285,#6286);
#6284 = CARTESIAN_POINT('',(-75.,2.8,3.10862446895E-16));
#6285 = DIRECTION('',(-0.360416532451,0.693108716252,0.624259746093));
#6286 = DIRECTION('',(-0.346554358126,-0.720833064902,0.600249755858));
#6287 = PCURVE('',#656,#6288);
#6288 = DEFINITIONAL_REPRESENTATION('',(#6289),#6296);
#6289 = B_SPLINE_CURVE_WITH_KNOTS('',5,(#6290,#6291,#6292,#6293,#6294,
    #6295),.UNSPECIFIED.,.F.,.F.,(6,6),(4.304541140642,4.748454490712),
  .PIECEWISE_BEZIER_KNOTS.);
#6290 = CARTESIAN_POINT('',(-2.210146038249,-40.1200003));
#6291 = CARTESIAN_POINT('',(-2.298928708263,-39.84876693273));
#6292 = CARTESIAN_POINT('',(-2.387711378277,-39.56452782901));
#6293 = CARTESIAN_POINT('',(-2.476494048291,-39.27173594902));
#6294 = CARTESIAN_POINT('',(-2.565276718305,-38.97527688544));
#6295 = CARTESIAN_POINT('',(-2.654059388319,-38.6800003));
#6296 = ( GEOMETRIC_REPRESENTATION_CONTEXT(2) 
PARAMETRIC_REPRESENTATION_CONTEXT() REPRESENTATION_CONTEXT('2D SPACE',''
  ) );
#6297 = PCURVE('',#2388,#6298);
#6298 = DEFINITIONAL_REPRESENTATION('',(#6299),#6303);
#6299 = ELLIPSE('',#6300,4.616880331999,3.2);
#6300 = AXIS2_PLACEMENT_2D('',#6301,#6302);
#6301 = CARTESIAN_POINT('',(1.803468879687,3.330669073875E-16));
#6302 = DIRECTION('',(1.,-5.551115123126E-17));
#6303 = ( GEOMETRIC_REPRESENTATION_CONTEXT(2) 
PARAMETRIC_REPRESENTATION_CONTEXT() REPRESENTATION_CONTEXT('2D SPACE',''
  ) );
#6304 = ORIENTED_EDGE('',*,*,#6305,.T.);
#6305 = EDGE_CURVE('',#6279,#6306,#6308,.T.);
#6306 = VERTEX_POINT('',#6307);
#6307 = CARTESIAN_POINT('',(-77.95641450403,3.234391167708,
    -1.224586983568));
#6308 = SURFACE_CURVE('',#6309,(#6314,#6324),.PCURVE_S1.);
#6309 = ELLIPSE('',#6310,4.616880331999,3.2);
#6310 = AXIS2_PLACEMENT_3D('',#6311,#6312,#6313);
#6311 = CARTESIAN_POINT('',(-75.,2.8,3.10862446895E-16));
#6312 = DIRECTION('',(0.360416532451,0.693108716252,-0.624259746093));
#6313 = DIRECTION('',(0.346554358126,-0.720833064902,-0.600249755858));
#6314 = PCURVE('',#656,#6315);
#6315 = DEFINITIONAL_REPRESENTATION('',(#6316),#6323);
#6316 = B_SPLINE_CURVE_WITH_KNOTS('',5,(#6317,#6318,#6319,#6320,#6321,
    #6322),.UNSPECIFIED.,.F.,.F.,(6,6),(1.534730816468,1.978644166538),
  .PIECEWISE_BEZIER_KNOTS.);
#6317 = CARTESIAN_POINT('',(-2.581928367664,-38.6800003));
#6318 = CARTESIAN_POINT('',(-2.670711037678,-38.97527688544));
#6319 = CARTESIAN_POINT('',(-2.759493707692,-39.27173594902));
#6320 = CARTESIAN_POINT('',(-2.848276377706,-39.56452782901));
#6321 = CARTESIAN_POINT('',(-2.93705904772,-39.84876693273));
#6322 = CARTESIAN_POINT('',(-3.025841717734,-40.1200003));
#6323 = ( GEOMETRIC_REPRESENTATION_CONTEXT(2) 
PARAMETRIC_REPRESENTATION_CONTEXT() REPRESENTATION_CONTEXT('2D SPACE',''
  ) );
#6324 = PCURVE('',#2356,#6325);
#6325 = DEFINITIONAL_REPRESENTATION('',(#6326),#6330);
#6326 = ELLIPSE('',#6327,4.616880331999,3.2);
#6327 = AXIS2_PLACEMENT_2D('',#6328,#6329);
#6328 = CARTESIAN_POINT('',(-1.652364963567E-15,-5.764453863871E-16));
#6329 = DIRECTION('',(-1.,1.110223024625E-16));
#6330 = ( GEOMETRIC_REPRESENTATION_CONTEXT(2) 
PARAMETRIC_REPRESENTATION_CONTEXT() REPRESENTATION_CONTEXT('2D SPACE',''
  ) );
#6331 = ORIENTED_EDGE('',*,*,#6332,.T.);
#6332 = EDGE_CURVE('',#6306,#6333,#6335,.T.);
#6333 = VERTEX_POINT('',#6334);
#6334 = CARTESIAN_POINT('',(-78.09096264412,2.8,-0.828220944328));
#6335 = SURFACE_CURVE('',#6336,(#6341,#6351),.PCURVE_S1.);
#6336 = ELLIPSE('',#6337,4.616880331999,3.2);
#6337 = AXIS2_PLACEMENT_3D('',#6338,#6339,#6340);
#6338 = CARTESIAN_POINT('',(-75.,2.8,3.10862446895E-16));
#6339 = DIRECTION('',(-0.186565325536,0.693108716252,0.696271273832));
#6340 = DIRECTION('',(-0.179389736093,-0.720833064902,0.669491609454));
#6341 = PCURVE('',#656,#6342);
#6342 = DEFINITIONAL_REPRESENTATION('',(#6343),#6350);
#6343 = B_SPLINE_CURVE_WITH_KNOTS('',5,(#6344,#6345,#6346,#6347,#6348,
    #6349),.UNSPECIFIED.,.F.,.F.,(6,6),(4.304541140642,4.748454490712),
  .PIECEWISE_BEZIER_KNOTS.);
#6344 = CARTESIAN_POINT('',(-2.471945426048,-40.1200003));
#6345 = CARTESIAN_POINT('',(-2.560728096062,-39.84876693273));
#6346 = CARTESIAN_POINT('',(-2.649510766076,-39.56452782901));
#6347 = CARTESIAN_POINT('',(-2.73829343609,-39.27173594902));
#6348 = CARTESIAN_POINT('',(-2.827076106104,-38.97527688544));
#6349 = CARTESIAN_POINT('',(-2.915858776118,-38.6800003));
#6350 = ( GEOMETRIC_REPRESENTATION_CONTEXT(2) 
PARAMETRIC_REPRESENTATION_CONTEXT() REPRESENTATION_CONTEXT('2D SPACE',''
  ) );
#6351 = PCURVE('',#2295,#6352);
#6352 = DEFINITIONAL_REPRESENTATION('',(#6353),#6357);
#6353 = ELLIPSE('',#6354,4.616880331999,3.2);
#6354 = AXIS2_PLACEMENT_2D('',#6355,#6356);
#6355 = CARTESIAN_POINT('',(1.803468879687,3.552713678801E-15));
#6356 = DIRECTION('',(1.,2.775557561563E-17));
#6357 = ( GEOMETRIC_REPRESENTATION_CONTEXT(2) 
PARAMETRIC_REPRESENTATION_CONTEXT() REPRESENTATION_CONTEXT('2D SPACE',''
  ) );
#6358 = ORIENTED_EDGE('',*,*,#6359,.T.);
#6359 = EDGE_CURVE('',#6333,#6360,#6362,.T.);
#6360 = VERTEX_POINT('',#6361);
#6361 = CARTESIAN_POINT('',(-78.17262355639,3.234391167708,
    -0.417683815104));
#6362 = SURFACE_CURVE('',#6363,(#6368,#6378),.PCURVE_S1.);
#6363 = ELLIPSE('',#6364,4.616880331999,3.2);
#6364 = AXIS2_PLACEMENT_3D('',#6365,#6366,#6367);
#6365 = CARTESIAN_POINT('',(-75.,2.8,3.10862446895E-16));
#6366 = DIRECTION('',(0.186565325536,0.693108716252,-0.696271273832));
#6367 = DIRECTION('',(0.179389736093,-0.720833064902,-0.669491609454));
#6368 = PCURVE('',#656,#6369);
#6369 = DEFINITIONAL_REPRESENTATION('',(#6370),#6377);
#6370 = B_SPLINE_CURVE_WITH_KNOTS('',5,(#6371,#6372,#6373,#6374,#6375,
    #6376),.UNSPECIFIED.,.F.,.F.,(6,6),(1.534730816468,1.978644166538),
  .PIECEWISE_BEZIER_KNOTS.);
#6371 = CARTESIAN_POINT('',(-2.843727755463,-38.6800003));
#6372 = CARTESIAN_POINT('',(-2.932510425477,-38.97527688544));
#6373 = CARTESIAN_POINT('',(-3.021293095492,-39.27173594902));
#6374 = CARTESIAN_POINT('',(-3.110075765506,-39.56452782901));
#6375 = CARTESIAN_POINT('',(-3.19885843552,-39.84876693273));
#6376 = CARTESIAN_POINT('',(-3.287641105534,-40.1200003));
#6377 = ( GEOMETRIC_REPRESENTATION_CONTEXT(2) 
PARAMETRIC_REPRESENTATION_CONTEXT() REPRESENTATION_CONTEXT('2D SPACE',''
  ) );
#6378 = PCURVE('',#2263,#6379);
#6379 = DEFINITIONAL_REPRESENTATION('',(#6380),#6384);
#6380 = ELLIPSE('',#6381,4.616880331999,3.2);
#6381 = AXIS2_PLACEMENT_2D('',#6382,#6383);
#6382 = CARTESIAN_POINT('',(-1.821230150352E-15,-3.328108990037E-16));
#6383 = DIRECTION('',(-1.,-5.551115123126E-17));
#6384 = ( GEOMETRIC_REPRESENTATION_CONTEXT(2) 
PARAMETRIC_REPRESENTATION_CONTEXT() REPRESENTATION_CONTEXT('2D SPACE',''
  ) );
#6385 = ORIENTED_EDGE('',*,*,#6386,.T.);
#6386 = EDGE_CURVE('',#6360,#6387,#6389,.T.);
#6387 = VERTEX_POINT('',#6388);
#6388 = CARTESIAN_POINT('',(-78.2,2.8,-8.102452883211E-17));
#6389 = SURFACE_CURVE('',#6390,(#6395,#6405),.PCURVE_S1.);
#6390 = ELLIPSE('',#6391,4.616880331999,3.2);
#6391 = AXIS2_PLACEMENT_3D('',#6392,#6393,#6394);
#6392 = CARTESIAN_POINT('',(-75.,2.8,3.10862446895E-16));
#6393 = DIRECTION('',(-8.827659056516E-17,0.693108716252,0.720833064902)
  );
#6394 = DIRECTION('',(-8.488133708189E-17,-0.720833064902,0.693108716252
    ));
#6395 = PCURVE('',#656,#6396);
#6396 = DEFINITIONAL_REPRESENTATION('',(#6397),#6404);
#6397 = B_SPLINE_CURVE_WITH_KNOTS('',5,(#6398,#6399,#6400,#6401,#6402,
    #6403),.UNSPECIFIED.,.F.,.F.,(6,6),(4.304541140642,4.748454490712),
  .PIECEWISE_BEZIER_KNOTS.);
#6398 = CARTESIAN_POINT('',(-2.733744813847,-40.1200003));
#6399 = CARTESIAN_POINT('',(-2.822527483861,-39.84876693273));
#6400 = CARTESIAN_POINT('',(-2.911310153875,-39.56452782901));
#6401 = CARTESIAN_POINT('',(-3.000092823889,-39.27173594902));
#6402 = CARTESIAN_POINT('',(-3.088875493903,-38.97527688544));
#6403 = CARTESIAN_POINT('',(-3.177658163917,-38.6800003));
#6404 = ( GEOMETRIC_REPRESENTATION_CONTEXT(2) 
PARAMETRIC_REPRESENTATION_CONTEXT() REPRESENTATION_CONTEXT('2D SPACE',''
  ) );
#6405 = PCURVE('',#2202,#6406);
#6406 = DEFINITIONAL_REPRESENTATION('',(#6407),#6411);
#6407 = ELLIPSE('',#6408,4.616880331999,3.2);
#6408 = AXIS2_PLACEMENT_2D('',#6409,#6410);
#6409 = CARTESIAN_POINT('',(1.803468879687,1.530808498934E-16));
#6410 = DIRECTION('',(1.,2.465190328816E-32));
#6411 = ( GEOMETRIC_REPRESENTATION_CONTEXT(2) 
PARAMETRIC_REPRESENTATION_CONTEXT() REPRESENTATION_CONTEXT('2D SPACE',''
  ) );
#6412 = ORIENTED_EDGE('',*,*,#6413,.T.);
#6413 = EDGE_CURVE('',#6387,#6414,#6416,.T.);
#6414 = VERTEX_POINT('',#6415);
#6415 = CARTESIAN_POINT('',(-78.17262355639,3.234391167708,
    0.417683815104));
#6416 = SURFACE_CURVE('',#6417,(#6422,#6432),.PCURVE_S1.);
#6417 = ELLIPSE('',#6418,4.616880331999,3.2);
#6418 = AXIS2_PLACEMENT_3D('',#6419,#6420,#6421);
#6419 = CARTESIAN_POINT('',(-75.,2.8,3.10862446895E-16));
#6420 = DIRECTION('',(8.827659056516E-17,0.693108716252,-0.720833064902)
  );
#6421 = DIRECTION('',(8.488133708189E-17,-0.720833064902,-0.693108716252
    ));
#6422 = PCURVE('',#656,#6423);
#6423 = DEFINITIONAL_REPRESENTATION('',(#6424),#6431);
#6424 = B_SPLINE_CURVE_WITH_KNOTS('',5,(#6425,#6426,#6427,#6428,#6429,
    #6430),.UNSPECIFIED.,.F.,.F.,(6,6),(1.534730816468,1.978644166538),
  .PIECEWISE_BEZIER_KNOTS.);
#6425 = CARTESIAN_POINT('',(-3.105527143263,-38.6800003));
#6426 = CARTESIAN_POINT('',(-3.194309813277,-38.97527688544));
#6427 = CARTESIAN_POINT('',(-3.283092483291,-39.27173594902));
#6428 = CARTESIAN_POINT('',(-3.371875153305,-39.56452782901));
#6429 = CARTESIAN_POINT('',(-3.460657823319,-39.84876693273));
#6430 = CARTESIAN_POINT('',(-3.549440493333,-40.1200003));
#6431 = ( GEOMETRIC_REPRESENTATION_CONTEXT(2) 
PARAMETRIC_REPRESENTATION_CONTEXT() REPRESENTATION_CONTEXT('2D SPACE',''
  ) );
#6432 = PCURVE('',#2170,#6433);
#6433 = DEFINITIONAL_REPRESENTATION('',(#6434),#6438);
#6434 = ELLIPSE('',#6435,4.616880331999,3.2);
#6435 = AXIS2_PLACEMENT_2D('',#6436,#6437);
#6436 = CARTESIAN_POINT('',(-1.88303909853E-15,-1.630303208745E-31));
#6437 = DIRECTION('',(-1.,-1.232595164408E-32));
#6438 = ( GEOMETRIC_REPRESENTATION_CONTEXT(2) 
PARAMETRIC_REPRESENTATION_CONTEXT() REPRESENTATION_CONTEXT('2D SPACE',''
  ) );
#6439 = ORIENTED_EDGE('',*,*,#6440,.T.);
#6440 = EDGE_CURVE('',#6414,#6441,#6443,.T.);
#6441 = VERTEX_POINT('',#6442);
#6442 = CARTESIAN_POINT('',(-78.09096264412,2.8,0.828220944328));
#6443 = SURFACE_CURVE('',#6444,(#6449,#6459),.PCURVE_S1.);
#6444 = ELLIPSE('',#6445,4.616880331999,3.2);
#6445 = AXIS2_PLACEMENT_3D('',#6446,#6447,#6448);
#6446 = CARTESIAN_POINT('',(-75.,2.8,3.10862446895E-16));
#6447 = DIRECTION('',(0.186565325536,0.693108716252,0.696271273832));
#6448 = DIRECTION('',(0.179389736093,-0.720833064902,0.669491609454));
#6449 = PCURVE('',#656,#6450);
#6450 = DEFINITIONAL_REPRESENTATION('',(#6451),#6458);
#6451 = B_SPLINE_CURVE_WITH_KNOTS('',5,(#6452,#6453,#6454,#6455,#6456,
    #6457),.UNSPECIFIED.,.F.,.F.,(6,6),(4.304541140642,4.748454490712),
  .PIECEWISE_BEZIER_KNOTS.);
#6452 = CARTESIAN_POINT('',(-2.995544201646,-40.1200003));
#6453 = CARTESIAN_POINT('',(-3.08432687166,-39.84876693273));
#6454 = CARTESIAN_POINT('',(-3.173109541674,-39.56452782901));
#6455 = CARTESIAN_POINT('',(-3.261892211688,-39.27173594902));
#6456 = CARTESIAN_POINT('',(-3.350674881702,-38.97527688544));
#6457 = CARTESIAN_POINT('',(-3.439457551716,-38.6800003));
#6458 = ( GEOMETRIC_REPRESENTATION_CONTEXT(2) 
PARAMETRIC_REPRESENTATION_CONTEXT() REPRESENTATION_CONTEXT('2D SPACE',''
  ) );
#6459 = PCURVE('',#2109,#6460);
#6460 = DEFINITIONAL_REPRESENTATION('',(#6461),#6465);
#6461 = ELLIPSE('',#6462,4.616880331999,3.2);
#6462 = AXIS2_PLACEMENT_2D('',#6463,#6464);
#6463 = CARTESIAN_POINT('',(1.803468879687,-2.498001805407E-15));
#6464 = DIRECTION('',(1.,-2.775557561563E-17));
#6465 = ( GEOMETRIC_REPRESENTATION_CONTEXT(2) 
PARAMETRIC_REPRESENTATION_CONTEXT() REPRESENTATION_CONTEXT('2D SPACE',''
  ) );
#6466 = ORIENTED_EDGE('',*,*,#6467,.T.);
#6467 = EDGE_CURVE('',#6441,#6468,#6470,.T.);
#6468 = VERTEX_POINT('',#6469);
#6469 = CARTESIAN_POINT('',(-77.95641450403,3.234391167708,
    1.224586983568));
#6470 = SURFACE_CURVE('',#6471,(#6476,#6486),.PCURVE_S1.);
#6471 = ELLIPSE('',#6472,4.616880331999,3.2);
#6472 = AXIS2_PLACEMENT_3D('',#6473,#6474,#6475);
#6473 = CARTESIAN_POINT('',(-75.,2.8,3.10862446895E-16));
#6474 = DIRECTION('',(-0.186565325536,0.693108716252,-0.696271273832));
#6475 = DIRECTION('',(-0.179389736093,-0.720833064902,-0.669491609454));
#6476 = PCURVE('',#656,#6477);
#6477 = DEFINITIONAL_REPRESENTATION('',(#6478),#6485);
#6478 = B_SPLINE_CURVE_WITH_KNOTS('',5,(#6479,#6480,#6481,#6482,#6483,
    #6484),.UNSPECIFIED.,.F.,.F.,(6,6),(1.534730816468,1.978644166538),
  .PIECEWISE_BEZIER_KNOTS.);
#6479 = CARTESIAN_POINT('',(-3.367326531062,-38.6800003));
#6480 = CARTESIAN_POINT('',(-3.456109201076,-38.97527688544));
#6481 = CARTESIAN_POINT('',(-3.54489187109,-39.27173594902));
#6482 = CARTESIAN_POINT('',(-3.633674541104,-39.56452782901));
#6483 = CARTESIAN_POINT('',(-3.722457211118,-39.84876693273));
#6484 = CARTESIAN_POINT('',(-3.811239881132,-40.1200003));
#6485 = ( GEOMETRIC_REPRESENTATION_CONTEXT(2) 
PARAMETRIC_REPRESENTATION_CONTEXT() REPRESENTATION_CONTEXT('2D SPACE',''
  ) );
#6486 = PCURVE('',#2077,#6487);
#6487 = DEFINITIONAL_REPRESENTATION('',(#6488),#6492);
#6488 = ELLIPSE('',#6489,4.616880331999,3.2);
#6489 = AXIS2_PLACEMENT_2D('',#6490,#6491);
#6490 = CARTESIAN_POINT('',(3.035383583921E-15,-5.546848316728E-16));
#6491 = DIRECTION('',(-1.,2.775557561563E-17));
#6492 = ( GEOMETRIC_REPRESENTATION_CONTEXT(2) 
PARAMETRIC_REPRESENTATION_CONTEXT() REPRESENTATION_CONTEXT('2D SPACE',''
  ) );
#6493 = ORIENTED_EDGE('',*,*,#6494,.T.);
#6494 = EDGE_CURVE('',#6468,#6495,#6497,.T.);
#6495 = VERTEX_POINT('',#6496);
#6496 = CARTESIAN_POINT('',(-77.77128129211,2.8,1.6));
#6497 = SURFACE_CURVE('',#6498,(#6503,#6513),.PCURVE_S1.);
#6498 = ELLIPSE('',#6499,4.616880331999,3.2);
#6499 = AXIS2_PLACEMENT_3D('',#6500,#6501,#6502);
#6500 = CARTESIAN_POINT('',(-75.,2.8,3.10862446895E-16));
#6501 = DIRECTION('',(0.360416532451,0.693108716252,0.624259746093));
#6502 = DIRECTION('',(0.346554358126,-0.720833064902,0.600249755858));
#6503 = PCURVE('',#656,#6504);
#6504 = DEFINITIONAL_REPRESENTATION('',(#6505),#6512);
#6505 = B_SPLINE_CURVE_WITH_KNOTS('',5,(#6506,#6507,#6508,#6509,#6510,
    #6511),.UNSPECIFIED.,.F.,.F.,(6,6),(4.304541140642,4.748454490712),
  .PIECEWISE_BEZIER_KNOTS.);
#6506 = CARTESIAN_POINT('',(-3.257343589445,-40.1200003));
#6507 = CARTESIAN_POINT('',(-3.346126259459,-39.84876693273));
#6508 = CARTESIAN_POINT('',(-3.434908929473,-39.56452782901));
#6509 = CARTESIAN_POINT('',(-3.523691599487,-39.27173594902));
#6510 = CARTESIAN_POINT('',(-3.612474269501,-38.97527688544));
#6511 = CARTESIAN_POINT('',(-3.701256939515,-38.6800003));
#6512 = ( GEOMETRIC_REPRESENTATION_CONTEXT(2) 
PARAMETRIC_REPRESENTATION_CONTEXT() REPRESENTATION_CONTEXT('2D SPACE',''
  ) );
#6513 = PCURVE('',#2016,#6514);
#6514 = DEFINITIONAL_REPRESENTATION('',(#6515),#6519);
#6515 = ELLIPSE('',#6516,4.616880331999,3.2);
#6516 = AXIS2_PLACEMENT_2D('',#6517,#6518);
#6517 = CARTESIAN_POINT('',(1.803468879687,-7.771561172376E-16));
#6518 = DIRECTION('',(1.,0.));
#6519 = ( GEOMETRIC_REPRESENTATION_CONTEXT(2) 
PARAMETRIC_REPRESENTATION_CONTEXT() REPRESENTATION_CONTEXT('2D SPACE',''
  ) );
#6520 = ORIENTED_EDGE('',*,*,#6521,.T.);
#6521 = EDGE_CURVE('',#6495,#6522,#6524,.T.);
#6522 = VERTEX_POINT('',#6523);
#6523 = CARTESIAN_POINT('',(-77.53873068893,3.234391167708,
    1.948036572828));
#6524 = SURFACE_CURVE('',#6525,(#6530,#6540),.PCURVE_S1.);
#6525 = ELLIPSE('',#6526,4.616880331999,3.2);
#6526 = AXIS2_PLACEMENT_3D('',#6527,#6528,#6529);
#6527 = CARTESIAN_POINT('',(-75.,2.8,3.10862446895E-16));
#6528 = DIRECTION('',(-0.360416532451,0.693108716252,-0.624259746093));
#6529 = DIRECTION('',(-0.346554358126,-0.720833064902,-0.600249755858));
#6530 = PCURVE('',#656,#6531);
#6531 = DEFINITIONAL_REPRESENTATION('',(#6532),#6539);
#6532 = B_SPLINE_CURVE_WITH_KNOTS('',5,(#6533,#6534,#6535,#6536,#6537,
    #6538),.UNSPECIFIED.,.F.,.F.,(6,6),(1.534730816468,1.978644166538),
  .PIECEWISE_BEZIER_KNOTS.);
#6533 = CARTESIAN_POINT('',(-3.629125918861,-38.6800003));
#6534 = CARTESIAN_POINT('',(-3.717908588875,-38.97527688544));
#6535 = CARTESIAN_POINT('',(-3.806691258889,-39.27173594902));
#6536 = CARTESIAN_POINT('',(-3.895473928903,-39.56452782901));
#6537 = CARTESIAN_POINT('',(-3.984256598917,-39.84876693273));
#6538 = CARTESIAN_POINT('',(-4.073039268931,-40.1200003));
#6539 = ( GEOMETRIC_REPRESENTATION_CONTEXT(2) 
PARAMETRIC_REPRESENTATION_CONTEXT() REPRESENTATION_CONTEXT('2D SPACE',''
  ) );
#6540 = PCURVE('',#1984,#6541);
#6541 = DEFINITIONAL_REPRESENTATION('',(#6542),#6546);
#6542 = ELLIPSE('',#6543,4.616880331999,3.2);
#6543 = AXIS2_PLACEMENT_2D('',#6544,#6545);
#6544 = CARTESIAN_POINT('',(-1.652364963567E-15,5.764453863871E-16));
#6545 = DIRECTION('',(-1.,0.));
#6546 = ( GEOMETRIC_REPRESENTATION_CONTEXT(2) 
PARAMETRIC_REPRESENTATION_CONTEXT() REPRESENTATION_CONTEXT('2D SPACE',''
  ) );
#6547 = ORIENTED_EDGE('',*,*,#6548,.T.);
#6548 = EDGE_CURVE('',#6522,#6549,#6551,.T.);
#6549 = VERTEX_POINT('',#6550);
#6550 = CARTESIAN_POINT('',(-77.26274169979,2.8,2.262741699797));
#6551 = SURFACE_CURVE('',#6552,(#6557,#6567),.PCURVE_S1.);
#6552 = ELLIPSE('',#6553,4.616880331999,3.2);
#6553 = AXIS2_PLACEMENT_3D('',#6554,#6555,#6556);
#6554 = CARTESIAN_POINT('',(-75.,2.8,3.10862446895E-16));
#6555 = DIRECTION('',(0.509705948296,0.693108716252,0.509705948296));
#6556 = DIRECTION('',(0.490101873361,-0.720833064902,0.490101873361));
#6557 = PCURVE('',#656,#6558);
#6558 = DEFINITIONAL_REPRESENTATION('',(#6559),#6566);
#6559 = B_SPLINE_CURVE_WITH_KNOTS('',5,(#6560,#6561,#6562,#6563,#6564,
    #6565),.UNSPECIFIED.,.F.,.F.,(6,6),(4.304541140642,4.748454490712),
  .PIECEWISE_BEZIER_KNOTS.);
#6560 = CARTESIAN_POINT('',(-3.519142977244,-40.1200003));
#6561 = CARTESIAN_POINT('',(-3.607925647258,-39.84876693273));
#6562 = CARTESIAN_POINT('',(-3.696708317272,-39.56452782901));
#6563 = CARTESIAN_POINT('',(-3.785490987286,-39.27173594902));
#6564 = CARTESIAN_POINT('',(-3.8742736573,-38.97527688544));
#6565 = CARTESIAN_POINT('',(-3.963056327314,-38.6800003));
#6566 = ( GEOMETRIC_REPRESENTATION_CONTEXT(2) 
PARAMETRIC_REPRESENTATION_CONTEXT() REPRESENTATION_CONTEXT('2D SPACE',''
  ) );
#6567 = PCURVE('',#1923,#6568);
#6568 = DEFINITIONAL_REPRESENTATION('',(#6569),#6573);
#6569 = ELLIPSE('',#6570,4.616880331999,3.2);
#6570 = AXIS2_PLACEMENT_2D('',#6571,#6572);
#6571 = CARTESIAN_POINT('',(1.803468879687,-6.883382752676E-15));
#6572 = DIRECTION('',(1.,5.551115123126E-17));
#6573 = ( GEOMETRIC_REPRESENTATION_CONTEXT(2) 
PARAMETRIC_REPRESENTATION_CONTEXT() REPRESENTATION_CONTEXT('2D SPACE',''
  ) );
#6574 = ORIENTED_EDGE('',*,*,#6575,.T.);
#6575 = EDGE_CURVE('',#6549,#6576,#6578,.T.);
#6576 = VERTEX_POINT('',#6577);
#6577 = CARTESIAN_POINT('',(-76.94803657282,3.234391167708,
    2.538730688932));
#6578 = SURFACE_CURVE('',#6579,(#6584,#6594),.PCURVE_S1.);
#6579 = ELLIPSE('',#6580,4.616880331999,3.2);
#6580 = AXIS2_PLACEMENT_3D('',#6581,#6582,#6583);
#6581 = CARTESIAN_POINT('',(-75.,2.8,3.10862446895E-16));
#6582 = DIRECTION('',(-0.509705948296,0.693108716252,-0.509705948296));
#6583 = DIRECTION('',(-0.490101873361,-0.720833064902,-0.490101873361));
#6584 = PCURVE('',#656,#6585);
#6585 = DEFINITIONAL_REPRESENTATION('',(#6586),#6593);
#6586 = B_SPLINE_CURVE_WITH_KNOTS('',5,(#6587,#6588,#6589,#6590,#6591,
    #6592),.UNSPECIFIED.,.F.,.F.,(6,6),(1.534730816468,1.832595714594),
  .PIECEWISE_BEZIER_KNOTS.);
#6587 = CARTESIAN_POINT('',(-3.89092530666,-38.6800003));
#6588 = CARTESIAN_POINT('',(-3.950498286285,-38.87813025042));
#6589 = CARTESIAN_POINT('',(-4.010071265911,-39.0767925486));
#6590 = CARTESIAN_POINT('',(-4.069644245536,-39.27452225535));
#6591 = CARTESIAN_POINT('',(-4.129217225161,-39.46984671329));
#6592 = CARTESIAN_POINT('',(-4.188790204786,-39.6613500821));
#6593 = ( GEOMETRIC_REPRESENTATION_CONTEXT(2) 
PARAMETRIC_REPRESENTATION_CONTEXT() REPRESENTATION_CONTEXT('2D SPACE',''
  ) );
#6594 = PCURVE('',#1891,#6595);
#6595 = DEFINITIONAL_REPRESENTATION('',(#6596),#6600);
#6596 = ELLIPSE('',#6597,4.616880331999,3.2);
#6597 = AXIS2_PLACEMENT_2D('',#6598,#6599);
#6598 = CARTESIAN_POINT('',(-1.421690828604E-15,6.656217980074E-16));
#6599 = DIRECTION('',(-1.,5.551115123126E-17));
#6600 = ( GEOMETRIC_REPRESENTATION_CONTEXT(2) 
PARAMETRIC_REPRESENTATION_CONTEXT() REPRESENTATION_CONTEXT('2D SPACE',''
  ) );
#6601 = ORIENTED_EDGE('',*,*,#6602,.T.);
#6602 = EDGE_CURVE('',#6576,#6603,#6605,.T.);
#6603 = VERTEX_POINT('',#6604);
#6604 = CARTESIAN_POINT('',(-76.6,2.8,2.77128129211));
#6605 = SURFACE_CURVE('',#6606,(#6611,#6621),.PCURVE_S1.);
#6606 = ELLIPSE('',#6607,4.616880331999,3.2);
#6607 = AXIS2_PLACEMENT_3D('',#6608,#6609,#6610);
#6608 = CARTESIAN_POINT('',(-75.,2.8,3.10862446895E-16));
#6609 = DIRECTION('',(0.624259746093,0.693108716252,0.360416532451));
#6610 = DIRECTION('',(0.600249755858,-0.720833064902,0.346554358126));
#6611 = PCURVE('',#656,#6612);
#6612 = DEFINITIONAL_REPRESENTATION('',(#6613),#6620);
#6613 = B_SPLINE_CURVE_WITH_KNOTS('',5,(#6614,#6615,#6616,#6617,#6618,
    #6619),.UNSPECIFIED.,.F.,.F.,(6,6),(4.304541140642,4.712388980385),
  .PIECEWISE_BEZIER_KNOTS.);
#6614 = CARTESIAN_POINT('',(-3.780942365043,-40.1200003));
#6615 = CARTESIAN_POINT('',(-3.862511932992,-39.87080314724));
#6616 = CARTESIAN_POINT('',(-3.944081500941,-39.61062766824));
#6617 = CARTESIAN_POINT('',(-4.025651068889,-39.34292742792));
#6618 = CARTESIAN_POINT('',(-4.107220636838,-39.07146382213));
#6619 = CARTESIAN_POINT('',(-4.188790204786,-38.8000003));
#6620 = ( GEOMETRIC_REPRESENTATION_CONTEXT(2) 
PARAMETRIC_REPRESENTATION_CONTEXT() REPRESENTATION_CONTEXT('2D SPACE',''
  ) );
#6621 = PCURVE('',#1830,#6622);
#6622 = DEFINITIONAL_REPRESENTATION('',(#6623),#6627);
#6623 = ELLIPSE('',#6624,4.616880331999,3.2);
#6624 = AXIS2_PLACEMENT_2D('',#6625,#6626);
#6625 = CARTESIAN_POINT('',(1.803468879687,2.886579864025E-15));
#6626 = DIRECTION('',(1.,0.));
#6627 = ( GEOMETRIC_REPRESENTATION_CONTEXT(2) 
PARAMETRIC_REPRESENTATION_CONTEXT() REPRESENTATION_CONTEXT('2D SPACE',''
  ) );
#6628 = ORIENTED_EDGE('',*,*,#6629,.T.);
#6629 = EDGE_CURVE('',#6603,#6630,#6632,.T.);
#6630 = VERTEX_POINT('',#6631);
#6631 = CARTESIAN_POINT('',(-76.22458698356,3.234391167708,
    2.956414504036));
#6632 = SURFACE_CURVE('',#6633,(#6638,#6648),.PCURVE_S1.);
#6633 = ELLIPSE('',#6634,4.616880331999,3.2);
#6634 = AXIS2_PLACEMENT_3D('',#6635,#6636,#6637);
#6635 = CARTESIAN_POINT('',(-75.,2.8,3.10862446895E-16));
#6636 = DIRECTION('',(-0.624259746093,0.693108716252,-0.360416532451));
#6637 = DIRECTION('',(-0.600249755858,-0.720833064902,-0.346554358126));
#6638 = PCURVE('',#656,#6639);
#6639 = DEFINITIONAL_REPRESENTATION('',(#6640),#6647);
#6640 = B_SPLINE_CURVE_WITH_KNOTS('',5,(#6641,#6642,#6643,#6644,#6645,
    #6646),.UNSPECIFIED.,.F.,.F.,(6,6),(1.570796326795,1.978644166538),
  .PIECEWISE_BEZIER_KNOTS.);
#6641 = CARTESIAN_POINT('',(-4.188790204786,-38.8000003));
#6642 = CARTESIAN_POINT('',(-4.270359772735,-39.07146382213));
#6643 = CARTESIAN_POINT('',(-4.351929340684,-39.34292742792));
#6644 = CARTESIAN_POINT('',(-4.433498908632,-39.61062766824));
#6645 = CARTESIAN_POINT('',(-4.515068476581,-39.87080314724));
#6646 = CARTESIAN_POINT('',(-4.596638044529,-40.1200003));
#6647 = ( GEOMETRIC_REPRESENTATION_CONTEXT(2) 
PARAMETRIC_REPRESENTATION_CONTEXT() REPRESENTATION_CONTEXT('2D SPACE',''
  ) );
#6648 = PCURVE('',#1798,#6649);
#6649 = DEFINITIONAL_REPRESENTATION('',(#6650),#6654);
#6650 = ELLIPSE('',#6651,4.616880331999,3.2);
#6651 = AXIS2_PLACEMENT_2D('',#6652,#6653);
#6652 = CARTESIAN_POINT('',(-1.191016693641E-15,5.764453863871E-16));
#6653 = DIRECTION('',(-1.,-5.551115123126E-17));
#6654 = ( GEOMETRIC_REPRESENTATION_CONTEXT(2) 
PARAMETRIC_REPRESENTATION_CONTEXT() REPRESENTATION_CONTEXT('2D SPACE',''
  ) );
#6655 = ORIENTED_EDGE('',*,*,#6656,.T.);
#6656 = EDGE_CURVE('',#6630,#6657,#6659,.T.);
#6657 = VERTEX_POINT('',#6658);
#6658 = CARTESIAN_POINT('',(-75.82822094432,2.8,3.090962644125));
#6659 = SURFACE_CURVE('',#6660,(#6665,#6675),.PCURVE_S1.);
#6660 = ELLIPSE('',#6661,4.616880331999,3.2);
#6661 = AXIS2_PLACEMENT_3D('',#6662,#6663,#6664);
#6662 = CARTESIAN_POINT('',(-75.,2.8,3.10862446895E-16));
#6663 = DIRECTION('',(0.696271273832,0.693108716252,0.186565325536));
#6664 = DIRECTION('',(0.669491609454,-0.720833064902,0.179389736093));
#6665 = PCURVE('',#656,#6666);
#6666 = DEFINITIONAL_REPRESENTATION('',(#6667),#6674);
#6667 = B_SPLINE_CURVE_WITH_KNOTS('',5,(#6668,#6669,#6670,#6671,#6672,
    #6673),.UNSPECIFIED.,.F.,.F.,(6,6),(4.450589592586,4.748454490712),
  .PIECEWISE_BEZIER_KNOTS.);
#6668 = CARTESIAN_POINT('',(-4.188790204786,-39.6613500821));
#6669 = CARTESIAN_POINT('',(-4.248363184412,-39.46984671329));
#6670 = CARTESIAN_POINT('',(-4.307936164037,-39.27452225535));
#6671 = CARTESIAN_POINT('',(-4.367509143662,-39.0767925486));
#6672 = CARTESIAN_POINT('',(-4.427082123287,-38.87813025042));
#6673 = CARTESIAN_POINT('',(-4.486655102913,-38.6800003));
#6674 = ( GEOMETRIC_REPRESENTATION_CONTEXT(2) 
PARAMETRIC_REPRESENTATION_CONTEXT() REPRESENTATION_CONTEXT('2D SPACE',''
  ) );
#6675 = PCURVE('',#1737,#6676);
#6676 = DEFINITIONAL_REPRESENTATION('',(#6677),#6681);
#6677 = ELLIPSE('',#6678,4.616880331999,3.2);
#6678 = AXIS2_PLACEMENT_2D('',#6679,#6680);
#6679 = CARTESIAN_POINT('',(1.803468879687,1.221245327088E-15));
#6680 = DIRECTION('',(1.,0.));
#6681 = ( GEOMETRIC_REPRESENTATION_CONTEXT(2) 
PARAMETRIC_REPRESENTATION_CONTEXT() REPRESENTATION_CONTEXT('2D SPACE',''
  ) );
#6682 = ORIENTED_EDGE('',*,*,#6683,.T.);
#6683 = EDGE_CURVE('',#6657,#6684,#6686,.T.);
#6684 = VERTEX_POINT('',#6685);
#6685 = CARTESIAN_POINT('',(-75.4176838151,3.234391167708,3.172623556396
    ));
#6686 = SURFACE_CURVE('',#6687,(#6692,#6702),.PCURVE_S1.);
#6687 = ELLIPSE('',#6688,4.616880331999,3.2);
#6688 = AXIS2_PLACEMENT_3D('',#6689,#6690,#6691);
#6689 = CARTESIAN_POINT('',(-75.,2.8,3.10862446895E-16));
#6690 = DIRECTION('',(-0.696271273832,0.693108716252,-0.186565325536));
#6691 = DIRECTION('',(-0.669491609454,-0.720833064902,-0.179389736093));
#6692 = PCURVE('',#656,#6693);
#6693 = DEFINITIONAL_REPRESENTATION('',(#6694),#6701);
#6694 = B_SPLINE_CURVE_WITH_KNOTS('',5,(#6695,#6696,#6697,#6698,#6699,
    #6700),.UNSPECIFIED.,.F.,.F.,(6,6),(1.534730816468,1.978644166538),
  .PIECEWISE_BEZIER_KNOTS.);
#6695 = CARTESIAN_POINT('',(-4.414524082258,-38.6800003));
#6696 = CARTESIAN_POINT('',(-4.503306752272,-38.97527688544));
#6697 = CARTESIAN_POINT('',(-4.592089422286,-39.27173594902));
#6698 = CARTESIAN_POINT('',(-4.6808720923,-39.56452782901));
#6699 = CARTESIAN_POINT('',(-4.769654762314,-39.84876693273));
#6700 = CARTESIAN_POINT('',(-4.858437432329,-40.1200003));
#6701 = ( GEOMETRIC_REPRESENTATION_CONTEXT(2) 
PARAMETRIC_REPRESENTATION_CONTEXT() REPRESENTATION_CONTEXT('2D SPACE',''
  ) );
#6702 = PCURVE('',#1705,#6703);
#6703 = DEFINITIONAL_REPRESENTATION('',(#6704),#6708);
#6704 = ELLIPSE('',#6705,4.616880331999,3.2);
#6705 = AXIS2_PLACEMENT_2D('',#6706,#6707);
#6706 = CARTESIAN_POINT('',(-1.022151506856E-15,3.328108990037E-16));
#6707 = DIRECTION('',(-1.,-2.775557561563E-17));
#6708 = ( GEOMETRIC_REPRESENTATION_CONTEXT(2) 
PARAMETRIC_REPRESENTATION_CONTEXT() REPRESENTATION_CONTEXT('2D SPACE',''
  ) );
#6709 = ORIENTED_EDGE('',*,*,#6710,.T.);
#6710 = EDGE_CURVE('',#6684,#6711,#6713,.T.);
#6711 = VERTEX_POINT('',#6712);
#6712 = CARTESIAN_POINT('',(-75.,2.8,3.2));
#6713 = SURFACE_CURVE('',#6714,(#6719,#6729),.PCURVE_S1.);
#6714 = ELLIPSE('',#6715,4.616880331999,3.2);
#6715 = AXIS2_PLACEMENT_3D('',#6716,#6717,#6718);
#6716 = CARTESIAN_POINT('',(-75.,2.8,3.10862446895E-16));
#6717 = DIRECTION('',(0.720833064902,0.693108716252,2.370076186481E-16)
  );
#6718 = DIRECTION('',(0.693108716252,-0.720833064902,7.387250451371E-17)
  );
#6719 = PCURVE('',#656,#6720);
#6720 = DEFINITIONAL_REPRESENTATION('',(#6721),#6728);
#6721 = B_SPLINE_CURVE_WITH_KNOTS('',5,(#6722,#6723,#6724,#6725,#6726,
    #6727),.UNSPECIFIED.,.F.,.F.,(6,6),(4.304541140642,4.748454490712),
  .PIECEWISE_BEZIER_KNOTS.);
#6722 = CARTESIAN_POINT('',(-4.304541140642,-40.1200003));
#6723 = CARTESIAN_POINT('',(-4.393323810656,-39.84876693273));
#6724 = CARTESIAN_POINT('',(-4.48210648067,-39.56452782901));
#6725 = CARTESIAN_POINT('',(-4.570889150684,-39.27173594902));
#6726 = CARTESIAN_POINT('',(-4.659671820698,-38.97527688544));
#6727 = CARTESIAN_POINT('',(-4.748454490712,-38.6800003));
#6728 = ( GEOMETRIC_REPRESENTATION_CONTEXT(2) 
PARAMETRIC_REPRESENTATION_CONTEXT() REPRESENTATION_CONTEXT('2D SPACE',''
  ) );
#6729 = PCURVE('',#1644,#6730);
#6730 = DEFINITIONAL_REPRESENTATION('',(#6731),#6735);
#6731 = ELLIPSE('',#6732,4.616880331999,3.2);
#6732 = AXIS2_PLACEMENT_2D('',#6733,#6734);
#6733 = CARTESIAN_POINT('',(1.803468879687,-3.451266460342E-31));
#6734 = DIRECTION('',(1.,-1.232595164408E-32));
#6735 = ( GEOMETRIC_REPRESENTATION_CONTEXT(2) 
PARAMETRIC_REPRESENTATION_CONTEXT() REPRESENTATION_CONTEXT('2D SPACE',''
  ) );
#6736 = ORIENTED_EDGE('',*,*,#6737,.T.);
#6737 = EDGE_CURVE('',#6711,#6738,#6740,.T.);
#6738 = VERTEX_POINT('',#6739);
#6739 = CARTESIAN_POINT('',(-74.58231618489,3.234391167708,
    3.172623556396));
#6740 = SURFACE_CURVE('',#6741,(#6746,#6756),.PCURVE_S1.);
#6741 = ELLIPSE('',#6742,4.616880331999,3.2);
#6742 = AXIS2_PLACEMENT_3D('',#6743,#6744,#6745);
#6743 = CARTESIAN_POINT('',(-75.,2.8,3.10862446895E-16));
#6744 = DIRECTION('',(-0.720833064902,0.693108716252,-8.310656757792E-17
    ));
#6745 = DIRECTION('',(-0.693108716252,-0.720833064902,
    -2.339295976267E-16));
#6746 = PCURVE('',#656,#6747);
#6747 = DEFINITIONAL_REPRESENTATION('',(#6748),#6755);
#6748 = B_SPLINE_CURVE_WITH_KNOTS('',5,(#6749,#6750,#6751,#6752,#6753,
    #6754),.UNSPECIFIED.,.F.,.F.,(6,6),(1.534730816468,1.978644166538),
  .PIECEWISE_BEZIER_KNOTS.);
#6749 = CARTESIAN_POINT('',(-4.676323470057,-38.6800003));
#6750 = CARTESIAN_POINT('',(-4.765106140072,-38.97527688544));
#6751 = CARTESIAN_POINT('',(-4.853888810086,-39.27173594902));
#6752 = CARTESIAN_POINT('',(-4.9426714801,-39.56452782901));
#6753 = CARTESIAN_POINT('',(-5.031454150114,-39.84876693273));
#6754 = CARTESIAN_POINT('',(-5.120236820128,-40.1200003));
#6755 = ( GEOMETRIC_REPRESENTATION_CONTEXT(2) 
PARAMETRIC_REPRESENTATION_CONTEXT() REPRESENTATION_CONTEXT('2D SPACE',''
  ) );
#6756 = PCURVE('',#1612,#6757);
#6757 = DEFINITIONAL_REPRESENTATION('',(#6758),#6762);
#6758 = ELLIPSE('',#6759,4.616880331999,3.2);
#6759 = AXIS2_PLACEMENT_2D('',#6760,#6761);
#6760 = CARTESIAN_POINT('',(-9.603425586782E-16,2.958228394579E-31));
#6761 = DIRECTION('',(-1.,0.));
#6762 = ( GEOMETRIC_REPRESENTATION_CONTEXT(2) 
PARAMETRIC_REPRESENTATION_CONTEXT() REPRESENTATION_CONTEXT('2D SPACE',''
  ) );
#6763 = ORIENTED_EDGE('',*,*,#6764,.T.);
#6764 = EDGE_CURVE('',#6738,#6765,#6767,.T.);
#6765 = VERTEX_POINT('',#6766);
#6766 = CARTESIAN_POINT('',(-74.17177905567,2.8,3.090962644125));
#6767 = SURFACE_CURVE('',#6768,(#6773,#6783),.PCURVE_S1.);
#6768 = ELLIPSE('',#6769,4.616880331999,3.2);
#6769 = AXIS2_PLACEMENT_3D('',#6770,#6771,#6772);
#6770 = CARTESIAN_POINT('',(-75.,2.8,3.10862446895E-16));
#6771 = DIRECTION('',(0.696271273832,0.693108716252,-0.186565325536));
#6772 = DIRECTION('',(0.669491609454,-0.720833064902,-0.179389736093));
#6773 = PCURVE('',#656,#6774);
#6774 = DEFINITIONAL_REPRESENTATION('',(#6775),#6782);
#6775 = B_SPLINE_CURVE_WITH_KNOTS('',5,(#6776,#6777,#6778,#6779,#6780,
    #6781),.UNSPECIFIED.,.F.,.F.,(6,6),(4.304541140642,4.748454490712),
  .PIECEWISE_BEZIER_KNOTS.);
#6776 = CARTESIAN_POINT('',(-4.566340528441,-40.1200003));
#6777 = CARTESIAN_POINT('',(-4.655123198455,-39.84876693273));
#6778 = CARTESIAN_POINT('',(-4.743905868469,-39.56452782901));
#6779 = CARTESIAN_POINT('',(-4.832688538483,-39.27173594902));
#6780 = CARTESIAN_POINT('',(-4.921471208497,-38.97527688544));
#6781 = CARTESIAN_POINT('',(-5.010253878511,-38.6800003));
#6782 = ( GEOMETRIC_REPRESENTATION_CONTEXT(2) 
PARAMETRIC_REPRESENTATION_CONTEXT() REPRESENTATION_CONTEXT('2D SPACE',''
  ) );
#6783 = PCURVE('',#1551,#6784);
#6784 = DEFINITIONAL_REPRESENTATION('',(#6785),#6789);
#6785 = ELLIPSE('',#6786,4.616880331999,3.2);
#6786 = AXIS2_PLACEMENT_2D('',#6787,#6788);
#6787 = CARTESIAN_POINT('',(1.803468879687,-1.221245327088E-15));
#6788 = DIRECTION('',(1.,0.));
#6789 = ( GEOMETRIC_REPRESENTATION_CONTEXT(2) 
PARAMETRIC_REPRESENTATION_CONTEXT() REPRESENTATION_CONTEXT('2D SPACE',''
  ) );
#6790 = ORIENTED_EDGE('',*,*,#6791,.T.);
#6791 = EDGE_CURVE('',#6765,#6792,#6794,.T.);
#6792 = VERTEX_POINT('',#6793);
#6793 = CARTESIAN_POINT('',(-73.77541301643,3.234391167708,
    2.956414504036));
#6794 = SURFACE_CURVE('',#6795,(#6800,#6810),.PCURVE_S1.);
#6795 = ELLIPSE('',#6796,4.616880331999,3.2);
#6796 = AXIS2_PLACEMENT_3D('',#6797,#6798,#6799);
#6797 = CARTESIAN_POINT('',(-75.,2.8,3.10862446895E-16));
#6798 = DIRECTION('',(-0.696271273832,0.693108716252,0.186565325536));
#6799 = DIRECTION('',(-0.669491609454,-0.720833064902,0.179389736093));
#6800 = PCURVE('',#656,#6801);
#6801 = DEFINITIONAL_REPRESENTATION('',(#6802),#6809);
#6802 = B_SPLINE_CURVE_WITH_KNOTS('',5,(#6803,#6804,#6805,#6806,#6807,
    #6808),.UNSPECIFIED.,.F.,.F.,(6,6),(1.534730816468,1.978644166538),
  .PIECEWISE_BEZIER_KNOTS.);
#6803 = CARTESIAN_POINT('',(-4.938122857857,-38.6800003));
#6804 = CARTESIAN_POINT('',(-5.026905527871,-38.97527688544));
#6805 = CARTESIAN_POINT('',(-5.115688197885,-39.27173594902));
#6806 = CARTESIAN_POINT('',(-5.204470867899,-39.56452782901));
#6807 = CARTESIAN_POINT('',(-5.293253537913,-39.84876693273));
#6808 = CARTESIAN_POINT('',(-5.382036207927,-40.1200003));
#6809 = ( GEOMETRIC_REPRESENTATION_CONTEXT(2) 
PARAMETRIC_REPRESENTATION_CONTEXT() REPRESENTATION_CONTEXT('2D SPACE',''
  ) );
#6810 = PCURVE('',#1519,#6811);
#6811 = DEFINITIONAL_REPRESENTATION('',(#6812),#6816);
#6812 = ELLIPSE('',#6813,4.616880331999,3.2);
#6813 = AXIS2_PLACEMENT_2D('',#6814,#6815);
#6814 = CARTESIAN_POINT('',(-1.022151506856E-15,-3.328108990037E-16));
#6815 = DIRECTION('',(-1.,0.));
#6816 = ( GEOMETRIC_REPRESENTATION_CONTEXT(2) 
PARAMETRIC_REPRESENTATION_CONTEXT() REPRESENTATION_CONTEXT('2D SPACE',''
  ) );
#6817 = ORIENTED_EDGE('',*,*,#6818,.T.);
#6818 = EDGE_CURVE('',#6792,#6819,#6821,.T.);
#6819 = VERTEX_POINT('',#6820);
#6820 = CARTESIAN_POINT('',(-73.4,2.8,2.77128129211));
#6821 = SURFACE_CURVE('',#6822,(#6827,#6837),.PCURVE_S1.);
#6822 = ELLIPSE('',#6823,4.616880331999,3.2);
#6823 = AXIS2_PLACEMENT_3D('',#6824,#6825,#6826);
#6824 = CARTESIAN_POINT('',(-75.,2.8,3.10862446895E-16));
#6825 = DIRECTION('',(0.624259746093,0.693108716252,-0.360416532451));
#6826 = DIRECTION('',(0.600249755858,-0.720833064902,-0.346554358126));
#6827 = PCURVE('',#656,#6828);
#6828 = DEFINITIONAL_REPRESENTATION('',(#6829),#6836);
#6829 = B_SPLINE_CURVE_WITH_KNOTS('',5,(#6830,#6831,#6832,#6833,#6834,
    #6835),.UNSPECIFIED.,.F.,.F.,(6,6),(4.304541140642,4.748454490712),
  .PIECEWISE_BEZIER_KNOTS.);
#6830 = CARTESIAN_POINT('',(-4.82813991624,-40.1200003));
#6831 = CARTESIAN_POINT('',(-4.916922586254,-39.84876693273));
#6832 = CARTESIAN_POINT('',(-5.005705256268,-39.56452782901));
#6833 = CARTESIAN_POINT('',(-5.094487926282,-39.27173594902));
#6834 = CARTESIAN_POINT('',(-5.183270596296,-38.97527688544));
#6835 = CARTESIAN_POINT('',(-5.27205326631,-38.6800003));
#6836 = ( GEOMETRIC_REPRESENTATION_CONTEXT(2) 
PARAMETRIC_REPRESENTATION_CONTEXT() REPRESENTATION_CONTEXT('2D SPACE',''
  ) );
#6837 = PCURVE('',#1458,#6838);
#6838 = DEFINITIONAL_REPRESENTATION('',(#6839),#6843);
#6839 = ELLIPSE('',#6840,4.616880331999,3.2);
#6840 = AXIS2_PLACEMENT_2D('',#6841,#6842);
#6841 = CARTESIAN_POINT('',(1.803468879687,-2.775557561563E-15));
#6842 = DIRECTION('',(1.,5.551115123126E-17));
#6843 = ( GEOMETRIC_REPRESENTATION_CONTEXT(2) 
PARAMETRIC_REPRESENTATION_CONTEXT() REPRESENTATION_CONTEXT('2D SPACE',''
  ) );
#6844 = ORIENTED_EDGE('',*,*,#6845,.T.);
#6845 = EDGE_CURVE('',#6819,#6846,#6848,.T.);
#6846 = VERTEX_POINT('',#6847);
#6847 = CARTESIAN_POINT('',(-73.05196342717,3.234391167708,
    2.538730688932));
#6848 = SURFACE_CURVE('',#6849,(#6854,#6864),.PCURVE_S1.);
#6849 = ELLIPSE('',#6850,4.616880331999,3.2);
#6850 = AXIS2_PLACEMENT_3D('',#6851,#6852,#6853);
#6851 = CARTESIAN_POINT('',(-75.,2.8,3.10862446895E-16));
#6852 = DIRECTION('',(-0.624259746093,0.693108716252,0.360416532451));
#6853 = DIRECTION('',(-0.600249755858,-0.720833064902,0.346554358126));
#6854 = PCURVE('',#656,#6855);
#6855 = DEFINITIONAL_REPRESENTATION('',(#6856),#6863);
#6856 = B_SPLINE_CURVE_WITH_KNOTS('',5,(#6857,#6858,#6859,#6860,#6861,
    #6862),.UNSPECIFIED.,.F.,.F.,(6,6),(1.534730816468,1.978644166538),
  .PIECEWISE_BEZIER_KNOTS.);
#6857 = CARTESIAN_POINT('',(-5.199922245656,-38.6800003));
#6858 = CARTESIAN_POINT('',(-5.28870491567,-38.97527688544));
#6859 = CARTESIAN_POINT('',(-5.377487585684,-39.27173594902));
#6860 = CARTESIAN_POINT('',(-5.466270255698,-39.56452782901));
#6861 = CARTESIAN_POINT('',(-5.555052925712,-39.84876693273));
#6862 = CARTESIAN_POINT('',(-5.643835595726,-40.1200003));
#6863 = ( GEOMETRIC_REPRESENTATION_CONTEXT(2) 
PARAMETRIC_REPRESENTATION_CONTEXT() REPRESENTATION_CONTEXT('2D SPACE',''
  ) );
#6864 = PCURVE('',#1426,#6865);
#6865 = DEFINITIONAL_REPRESENTATION('',(#6866),#6870);
#6866 = ELLIPSE('',#6867,4.616880331999,3.2);
#6867 = AXIS2_PLACEMENT_2D('',#6868,#6869);
#6868 = CARTESIAN_POINT('',(-1.191016693641E-15,-5.764453863871E-16));
#6869 = DIRECTION('',(-1.,0.));
#6870 = ( GEOMETRIC_REPRESENTATION_CONTEXT(2) 
PARAMETRIC_REPRESENTATION_CONTEXT() REPRESENTATION_CONTEXT('2D SPACE',''
  ) );
#6871 = ORIENTED_EDGE('',*,*,#6872,.T.);
#6872 = EDGE_CURVE('',#6846,#6873,#6875,.T.);
#6873 = VERTEX_POINT('',#6874);
#6874 = CARTESIAN_POINT('',(-72.7372583002,2.8,2.262741699797));
#6875 = SURFACE_CURVE('',#6876,(#6881,#6891),.PCURVE_S1.);
#6876 = ELLIPSE('',#6877,4.616880331999,3.2);
#6877 = AXIS2_PLACEMENT_3D('',#6878,#6879,#6880);
#6878 = CARTESIAN_POINT('',(-75.,2.8,3.10862446895E-16));
#6879 = DIRECTION('',(0.509705948296,0.693108716252,-0.509705948296));
#6880 = DIRECTION('',(0.490101873361,-0.720833064902,-0.490101873361));
#6881 = PCURVE('',#656,#6882);
#6882 = DEFINITIONAL_REPRESENTATION('',(#6883),#6890);
#6883 = B_SPLINE_CURVE_WITH_KNOTS('',5,(#6884,#6885,#6886,#6887,#6888,
    #6889),.UNSPECIFIED.,.F.,.F.,(6,6),(4.304541140642,4.748454490712),
  .PIECEWISE_BEZIER_KNOTS.);
#6884 = CARTESIAN_POINT('',(-5.089939304039,-40.1200003));
#6885 = CARTESIAN_POINT('',(-5.178721974053,-39.84876693273));
#6886 = CARTESIAN_POINT('',(-5.267504644067,-39.56452782901));
#6887 = CARTESIAN_POINT('',(-5.356287314081,-39.27173594902));
#6888 = CARTESIAN_POINT('',(-5.445069984095,-38.97527688544));
#6889 = CARTESIAN_POINT('',(-5.533852654109,-38.6800003));
#6890 = ( GEOMETRIC_REPRESENTATION_CONTEXT(2) 
PARAMETRIC_REPRESENTATION_CONTEXT() REPRESENTATION_CONTEXT('2D SPACE',''
  ) );
#6891 = PCURVE('',#1365,#6892);
#6892 = DEFINITIONAL_REPRESENTATION('',(#6893),#6897);
#6893 = ELLIPSE('',#6894,4.616880331999,3.2);
#6894 = AXIS2_PLACEMENT_2D('',#6895,#6896);
#6895 = CARTESIAN_POINT('',(1.803468879687,-5.440092820663E-15));
#6896 = DIRECTION('',(1.,-5.551115123126E-17));
#6897 = ( GEOMETRIC_REPRESENTATION_CONTEXT(2) 
PARAMETRIC_REPRESENTATION_CONTEXT() REPRESENTATION_CONTEXT('2D SPACE',''
  ) );
#6898 = ORIENTED_EDGE('',*,*,#6899,.T.);
#6899 = EDGE_CURVE('',#6873,#6900,#6902,.T.);
#6900 = VERTEX_POINT('',#6901);
#6901 = CARTESIAN_POINT('',(-72.46126931106,3.234391167708,
    1.948036572828));
#6902 = SURFACE_CURVE('',#6903,(#6908,#6918),.PCURVE_S1.);
#6903 = ELLIPSE('',#6904,4.616880331999,3.2);
#6904 = AXIS2_PLACEMENT_3D('',#6905,#6906,#6907);
#6905 = CARTESIAN_POINT('',(-75.,2.8,3.10862446895E-16));
#6906 = DIRECTION('',(-0.509705948296,0.693108716252,0.509705948296));
#6907 = DIRECTION('',(-0.490101873361,-0.720833064902,0.490101873361));
#6908 = PCURVE('',#656,#6909);
#6909 = DEFINITIONAL_REPRESENTATION('',(#6910),#6917);
#6910 = B_SPLINE_CURVE_WITH_KNOTS('',5,(#6911,#6912,#6913,#6914,#6915,
    #6916),.UNSPECIFIED.,.F.,.F.,(6,6),(1.534730816468,1.978644166538),
  .PIECEWISE_BEZIER_KNOTS.);
#6911 = CARTESIAN_POINT('',(-5.461721633455,-38.6800003));
#6912 = CARTESIAN_POINT('',(-5.550504303469,-38.97527688544));
#6913 = CARTESIAN_POINT('',(-5.639286973483,-39.27173594902));
#6914 = CARTESIAN_POINT('',(-5.728069643497,-39.56452782901));
#6915 = CARTESIAN_POINT('',(-5.816852313511,-39.84876693273));
#6916 = CARTESIAN_POINT('',(-5.905634983525,-40.1200003));
#6917 = ( GEOMETRIC_REPRESENTATION_CONTEXT(2) 
PARAMETRIC_REPRESENTATION_CONTEXT() REPRESENTATION_CONTEXT('2D SPACE',''
  ) );
#6918 = PCURVE('',#1333,#6919);
#6919 = DEFINITIONAL_REPRESENTATION('',(#6920),#6924);
#6920 = ELLIPSE('',#6921,4.616880331999,3.2);
#6921 = AXIS2_PLACEMENT_2D('',#6922,#6923);
#6922 = CARTESIAN_POINT('',(-1.421690828604E-15,-6.656217980074E-16));
#6923 = DIRECTION('',(-1.,-5.551115123126E-17));
#6924 = ( GEOMETRIC_REPRESENTATION_CONTEXT(2) 
PARAMETRIC_REPRESENTATION_CONTEXT() REPRESENTATION_CONTEXT('2D SPACE',''
  ) );
#6925 = ORIENTED_EDGE('',*,*,#6926,.T.);
#6926 = EDGE_CURVE('',#6900,#6927,#6929,.T.);
#6927 = VERTEX_POINT('',#6928);
#6928 = CARTESIAN_POINT('',(-72.22871870789,2.8,1.6));
#6929 = SURFACE_CURVE('',#6930,(#6935,#6945),.PCURVE_S1.);
#6930 = ELLIPSE('',#6931,4.616880331999,3.2);
#6931 = AXIS2_PLACEMENT_3D('',#6932,#6933,#6934);
#6932 = CARTESIAN_POINT('',(-75.,2.8,3.10862446895E-16));
#6933 = DIRECTION('',(0.360416532451,0.693108716252,-0.624259746093));
#6934 = DIRECTION('',(0.346554358126,-0.720833064902,-0.600249755858));
#6935 = PCURVE('',#656,#6936);
#6936 = DEFINITIONAL_REPRESENTATION('',(#6937),#6944);
#6937 = B_SPLINE_CURVE_WITH_KNOTS('',5,(#6938,#6939,#6940,#6941,#6942,
    #6943),.UNSPECIFIED.,.F.,.F.,(6,6),(4.304541140642,4.748454490712),
  .PIECEWISE_BEZIER_KNOTS.);
#6938 = CARTESIAN_POINT('',(-5.351738691838,-40.1200003));
#6939 = CARTESIAN_POINT('',(-5.440521361852,-39.84876693273));
#6940 = CARTESIAN_POINT('',(-5.529304031866,-39.56452782901));
#6941 = CARTESIAN_POINT('',(-5.61808670188,-39.27173594902));
#6942 = CARTESIAN_POINT('',(-5.706869371894,-38.97527688544));
#6943 = CARTESIAN_POINT('',(-5.795652041908,-38.6800003));
#6944 = ( GEOMETRIC_REPRESENTATION_CONTEXT(2) 
PARAMETRIC_REPRESENTATION_CONTEXT() REPRESENTATION_CONTEXT('2D SPACE',''
  ) );
#6945 = PCURVE('',#1272,#6946);
#6946 = DEFINITIONAL_REPRESENTATION('',(#6947),#6951);
#6947 = ELLIPSE('',#6948,4.616880331999,3.2);
#6948 = AXIS2_PLACEMENT_2D('',#6949,#6950);
#6949 = CARTESIAN_POINT('',(1.803468879687,1.110223024625E-15));
#6950 = DIRECTION('',(1.,0.));
#6951 = ( GEOMETRIC_REPRESENTATION_CONTEXT(2) 
PARAMETRIC_REPRESENTATION_CONTEXT() REPRESENTATION_CONTEXT('2D SPACE',''
  ) );
#6952 = ORIENTED_EDGE('',*,*,#6953,.T.);
#6953 = EDGE_CURVE('',#6927,#6954,#6956,.T.);
#6954 = VERTEX_POINT('',#6955);
#6955 = CARTESIAN_POINT('',(-72.04358549596,3.234391167708,
    1.224586983568));
#6956 = SURFACE_CURVE('',#6957,(#6962,#6972),.PCURVE_S1.);
#6957 = ELLIPSE('',#6958,4.616880331999,3.2);
#6958 = AXIS2_PLACEMENT_3D('',#6959,#6960,#6961);
#6959 = CARTESIAN_POINT('',(-75.,2.8,3.10862446895E-16));
#6960 = DIRECTION('',(-0.360416532451,0.693108716252,0.624259746093));
#6961 = DIRECTION('',(-0.346554358126,-0.720833064902,0.600249755858));
#6962 = PCURVE('',#656,#6963);
#6963 = DEFINITIONAL_REPRESENTATION('',(#6964),#6971);
#6964 = B_SPLINE_CURVE_WITH_KNOTS('',5,(#6965,#6966,#6967,#6968,#6969,
    #6970),.UNSPECIFIED.,.F.,.F.,(6,6),(1.534730816468,1.978644166538),
  .PIECEWISE_BEZIER_KNOTS.);
#6965 = CARTESIAN_POINT('',(-5.723521021254,-38.6800003));
#6966 = CARTESIAN_POINT('',(-5.812303691268,-38.97527688544));
#6967 = CARTESIAN_POINT('',(-5.901086361282,-39.27173594902));
#6968 = CARTESIAN_POINT('',(-5.989869031296,-39.56452782901));
#6969 = CARTESIAN_POINT('',(-6.07865170131,-39.84876693273));
#6970 = CARTESIAN_POINT('',(-6.167434371324,-40.1200003));
#6971 = ( GEOMETRIC_REPRESENTATION_CONTEXT(2) 
PARAMETRIC_REPRESENTATION_CONTEXT() REPRESENTATION_CONTEXT('2D SPACE',''
  ) );
#6972 = PCURVE('',#1240,#6973);
#6973 = DEFINITIONAL_REPRESENTATION('',(#6974),#6978);
#6974 = ELLIPSE('',#6975,4.616880331999,3.2);
#6975 = AXIS2_PLACEMENT_2D('',#6976,#6977);
#6976 = CARTESIAN_POINT('',(-1.652364963567E-15,-5.764453863871E-16));
#6977 = DIRECTION('',(-1.,0.));
#6978 = ( GEOMETRIC_REPRESENTATION_CONTEXT(2) 
PARAMETRIC_REPRESENTATION_CONTEXT() REPRESENTATION_CONTEXT('2D SPACE',''
  ) );
#6979 = ORIENTED_EDGE('',*,*,#6980,.T.);
#6980 = EDGE_CURVE('',#6954,#6981,#6983,.T.);
#6981 = VERTEX_POINT('',#6982);
#6982 = CARTESIAN_POINT('',(-71.90903735587,2.8,0.828220944328));
#6983 = SURFACE_CURVE('',#6984,(#6989,#6999),.PCURVE_S1.);
#6984 = ELLIPSE('',#6985,4.616880331999,3.2);
#6985 = AXIS2_PLACEMENT_3D('',#6986,#6987,#6988);
#6986 = CARTESIAN_POINT('',(-75.,2.8,3.10862446895E-16));
#6987 = DIRECTION('',(0.186565325536,0.693108716252,-0.696271273832));
#6988 = DIRECTION('',(0.179389736093,-0.720833064902,-0.669491609454));
#6989 = PCURVE('',#656,#6990);
#6990 = DEFINITIONAL_REPRESENTATION('',(#6991),#6998);
#6991 = B_SPLINE_CURVE_WITH_KNOTS('',5,(#6992,#6993,#6994,#6995,#6996,
    #6997),.UNSPECIFIED.,.F.,.F.,(6,6),(4.304541140642,4.748454490712),
  .PIECEWISE_BEZIER_KNOTS.);
#6992 = CARTESIAN_POINT('',(-5.613538079637,-40.1200003));
#6993 = CARTESIAN_POINT('',(-5.702320749652,-39.84876693273));
#6994 = CARTESIAN_POINT('',(-5.791103419666,-39.56452782901));
#6995 = CARTESIAN_POINT('',(-5.87988608968,-39.27173594902));
#6996 = CARTESIAN_POINT('',(-5.968668759694,-38.97527688544));
#6997 = CARTESIAN_POINT('',(-6.057451429708,-38.6800003));
#6998 = ( GEOMETRIC_REPRESENTATION_CONTEXT(2) 
PARAMETRIC_REPRESENTATION_CONTEXT() REPRESENTATION_CONTEXT('2D SPACE',''
  ) );
#6999 = PCURVE('',#3206,#7000);
#7000 = DEFINITIONAL_REPRESENTATION('',(#7001),#7005);
#7001 = ELLIPSE('',#7002,4.616880331999,3.2);
#7002 = AXIS2_PLACEMENT_2D('',#7003,#7004);
#7003 = CARTESIAN_POINT('',(1.803468879687,3.219646771413E-15));
#7004 = DIRECTION('',(1.,5.551115123126E-17));
#7005 = ( GEOMETRIC_REPRESENTATION_CONTEXT(2) 
PARAMETRIC_REPRESENTATION_CONTEXT() REPRESENTATION_CONTEXT('2D SPACE',''
  ) );
#7006 = ORIENTED_EDGE('',*,*,#7007,.T.);
#7007 = EDGE_CURVE('',#6981,#7008,#7010,.T.);
#7008 = VERTEX_POINT('',#7009);
#7009 = CARTESIAN_POINT('',(-71.8273764436,3.234391167708,0.417683815104
    ));
#7010 = SURFACE_CURVE('',#7011,(#7016,#7026),.PCURVE_S1.);
#7011 = ELLIPSE('',#7012,4.616880331999,3.2);
#7012 = AXIS2_PLACEMENT_3D('',#7013,#7014,#7015);
#7013 = CARTESIAN_POINT('',(-75.,2.8,3.10862446895E-16));
#7014 = DIRECTION('',(-0.186565325536,0.693108716252,0.696271273832));
#7015 = DIRECTION('',(-0.179389736093,-0.720833064902,0.669491609454));
#7016 = PCURVE('',#656,#7017);
#7017 = DEFINITIONAL_REPRESENTATION('',(#7018),#7025);
#7018 = B_SPLINE_CURVE_WITH_KNOTS('',5,(#7019,#7020,#7021,#7022,#7023,
    #7024),.UNSPECIFIED.,.F.,.F.,(6,6),(1.534730816468,1.832595714594),
  .PIECEWISE_BEZIER_KNOTS.);
#7019 = CARTESIAN_POINT('',(-5.985320409053,-38.6800003));
#7020 = CARTESIAN_POINT('',(-6.044893388678,-38.87813025042));
#7021 = CARTESIAN_POINT('',(-6.104466368304,-39.0767925486));
#7022 = CARTESIAN_POINT('',(-6.164039347929,-39.27452225535));
#7023 = CARTESIAN_POINT('',(-6.223612327554,-39.46984671329));
#7024 = CARTESIAN_POINT('',(-6.28318530718,-39.6613500821));
#7025 = ( GEOMETRIC_REPRESENTATION_CONTEXT(2) 
PARAMETRIC_REPRESENTATION_CONTEXT() REPRESENTATION_CONTEXT('2D SPACE',''
  ) );
#7026 = PCURVE('',#3382,#7027);
#7027 = DEFINITIONAL_REPRESENTATION('',(#7028),#7032);
#7028 = ELLIPSE('',#7029,4.616880331999,3.2);
#7029 = AXIS2_PLACEMENT_2D('',#7030,#7031);
#7030 = CARTESIAN_POINT('',(-1.821230150352E-15,-3.328108990037E-16));
#7031 = DIRECTION('',(-1.,-5.551115123126E-17));
#7032 = ( GEOMETRIC_REPRESENTATION_CONTEXT(2) 
PARAMETRIC_REPRESENTATION_CONTEXT() REPRESENTATION_CONTEXT('2D SPACE',''
  ) );
#7033 = ORIENTED_EDGE('',*,*,#7034,.T.);
#7034 = EDGE_CURVE('',#7008,#5743,#7035,.T.);
#7035 = SURFACE_CURVE('',#7036,(#7041,#7051),.PCURVE_S1.);
#7036 = ELLIPSE('',#7037,4.616880331999,3.2);
#7037 = AXIS2_PLACEMENT_3D('',#7038,#7039,#7040);
#7038 = CARTESIAN_POINT('',(-75.,2.8,3.10862446895E-16));
#7039 = DIRECTION('',(8.827659056516E-17,0.693108716252,-0.720833064902)
  );
#7040 = DIRECTION('',(8.488133708189E-17,-0.720833064902,-0.693108716252
    ));
#7041 = PCURVE('',#656,#7042);
#7042 = DEFINITIONAL_REPRESENTATION('',(#7043),#7050);
#7043 = B_SPLINE_CURVE_WITH_KNOTS('',5,(#7044,#7045,#7046,#7047,#7048,
    #7049),.UNSPECIFIED.,.F.,.F.,(6,6),(4.304541140642,4.712388980385),
  .PIECEWISE_BEZIER_KNOTS.);
#7044 = CARTESIAN_POINT('',(-5.875337467437,-40.1200003));
#7045 = CARTESIAN_POINT('',(-5.956907035385,-39.87080314724));
#7046 = CARTESIAN_POINT('',(-6.038476603334,-39.61062766824));
#7047 = CARTESIAN_POINT('',(-6.120046171282,-39.34292742792));
#7048 = CARTESIAN_POINT('',(-6.201615739231,-39.07146382213));
#7049 = CARTESIAN_POINT('',(-6.28318530718,-38.8000003));
#7050 = ( GEOMETRIC_REPRESENTATION_CONTEXT(2) 
PARAMETRIC_REPRESENTATION_CONTEXT() REPRESENTATION_CONTEXT('2D SPACE',''
  ) );
#7051 = PCURVE('',#3434,#7052);
#7052 = DEFINITIONAL_REPRESENTATION('',(#7053),#7057);
#7053 = ELLIPSE('',#7054,4.616880331999,3.2);
#7054 = AXIS2_PLACEMENT_2D('',#7055,#7056);
#7055 = CARTESIAN_POINT('',(-1.88303909853E-15,-1.630303208745E-31));
#7056 = DIRECTION('',(-1.,-1.232595164408E-32));
#7057 = ( GEOMETRIC_REPRESENTATION_CONTEXT(2) 
PARAMETRIC_REPRESENTATION_CONTEXT() REPRESENTATION_CONTEXT('2D SPACE',''
  ) );
#7058 = ORIENTED_EDGE('',*,*,#5742,.F.);
#7059 = ADVANCED_FACE('',(#7060),#875,.T.);
#7060 = FACE_BOUND('',#7061,.T.);
#7061 = EDGE_LOOP('',(#7062,#7063,#7086,#7107,#7108));
#7062 = ORIENTED_EDGE('',*,*,#3144,.T.);
#7063 = ORIENTED_EDGE('',*,*,#7064,.T.);
#7064 = EDGE_CURVE('',#3113,#7065,#7067,.T.);
#7065 = VERTEX_POINT('',#7066);
#7066 = CARTESIAN_POINT('',(-66.83294305093,4.,-3.382905752975));
#7067 = SURFACE_CURVE('',#7068,(#7072,#7079),.PCURVE_S1.);
#7068 = LINE('',#7069,#7070);
#7069 = CARTESIAN_POINT('',(-74.42307692307,4.,0.99926008129));
#7070 = VECTOR('',#7071,1.);
#7071 = DIRECTION('',(-0.866025403784,-5.551115123126E-17,0.5));
#7072 = PCURVE('',#875,#7073);
#7073 = DEFINITIONAL_REPRESENTATION('',(#7074),#7078);
#7074 = LINE('',#7075,#7076);
#7075 = CARTESIAN_POINT('',(0.576923076923,-0.99926008129));
#7076 = VECTOR('',#7077,1.);
#7077 = DIRECTION('',(-0.866025403784,-0.5));
#7078 = ( GEOMETRIC_REPRESENTATION_CONTEXT(2) 
PARAMETRIC_REPRESENTATION_CONTEXT() REPRESENTATION_CONTEXT('2D SPACE',''
  ) );
#7079 = PCURVE('',#3132,#7080);
#7080 = DEFINITIONAL_REPRESENTATION('',(#7081),#7085);
#7081 = LINE('',#7082,#7083);
#7082 = CARTESIAN_POINT('',(0.138728375361,-2.949029909161E-15));
#7083 = VECTOR('',#7084,1.);
#7084 = DIRECTION('',(0.,1.));
#7085 = ( GEOMETRIC_REPRESENTATION_CONTEXT(2) 
PARAMETRIC_REPRESENTATION_CONTEXT() REPRESENTATION_CONTEXT('2D SPACE',''
  ) );
#7086 = ORIENTED_EDGE('',*,*,#7087,.T.);
#7087 = EDGE_CURVE('',#7065,#3245,#7088,.T.);
#7088 = SURFACE_CURVE('',#7089,(#7093,#7100),.PCURVE_S1.);
#7089 = LINE('',#7090,#7091);
#7090 = CARTESIAN_POINT('',(-75.29863735973,4.,-1.114529799564));
#7091 = VECTOR('',#7092,1.);
#7092 = DIRECTION('',(0.965925826289,2.873468630843E-17,-0.258819045103)
  );
#7093 = PCURVE('',#875,#7094);
#7094 = DEFINITIONAL_REPRESENTATION('',(#7095),#7099);
#7095 = LINE('',#7096,#7097);
#7096 = CARTESIAN_POINT('',(-0.298637359734,1.114529799564));
#7097 = VECTOR('',#7098,1.);
#7098 = DIRECTION('',(0.965925826289,0.258819045103));
#7099 = ( GEOMETRIC_REPRESENTATION_CONTEXT(2) 
PARAMETRIC_REPRESENTATION_CONTEXT() REPRESENTATION_CONTEXT('2D SPACE',''
  ) );
#7100 = PCURVE('',#3536,#7101);
#7101 = DEFINITIONAL_REPRESENTATION('',(#7102),#7106);
#7102 = LINE('',#7103,#7104);
#7103 = CARTESIAN_POINT('',(1.664740504327,-2.720046410332E-15));
#7104 = VECTOR('',#7105,1.);
#7105 = DIRECTION('',(0.,-1.));
#7106 = ( GEOMETRIC_REPRESENTATION_CONTEXT(2) 
PARAMETRIC_REPRESENTATION_CONTEXT() REPRESENTATION_CONTEXT('2D SPACE',''
  ) );
#7107 = ORIENTED_EDGE('',*,*,#3244,.F.);
#7108 = ORIENTED_EDGE('',*,*,#860,.F.);
#7109 = ADVANCED_FACE('',(#7110),#825,.T.);
#7110 = FACE_BOUND('',#7111,.F.);
#7111 = EDGE_LOOP('',(#7112,#7113,#7114,#7115));
#7112 = ORIENTED_EDGE('',*,*,#3266,.T.);
#7113 = ORIENTED_EDGE('',*,*,#809,.T.);
#7114 = ORIENTED_EDGE('',*,*,#3620,.F.);
#7115 = ORIENTED_EDGE('',*,*,#7116,.F.);
#7116 = EDGE_CURVE('',#3267,#3621,#7117,.T.);
#7117 = SURFACE_CURVE('',#7118,(#7122,#7129),.PCURVE_S1.);
#7118 = LINE('',#7119,#7120);
#7119 = CARTESIAN_POINT('',(-60.,12.,-5.));
#7120 = VECTOR('',#7121,1.);
#7121 = DIRECTION('',(1.,0.,0.));
#7122 = PCURVE('',#825,#7123);
#7123 = DEFINITIONAL_REPRESENTATION('',(#7124),#7128);
#7124 = LINE('',#7125,#7126);
#7125 = CARTESIAN_POINT('',(-0.,0.));
#7126 = VECTOR('',#7127,1.);
#7127 = DIRECTION('',(-0.,1.));
#7128 = ( GEOMETRIC_REPRESENTATION_CONTEXT(2) 
PARAMETRIC_REPRESENTATION_CONTEXT() REPRESENTATION_CONTEXT('2D SPACE',''
  ) );
#7129 = PCURVE('',#3310,#7130);
#7130 = DEFINITIONAL_REPRESENTATION('',(#7131),#7135);
#7131 = LINE('',#7132,#7133);
#7132 = CARTESIAN_POINT('',(2.,0.));
#7133 = VECTOR('',#7134,1.);
#7134 = DIRECTION('',(0.,1.));
#7135 = ( GEOMETRIC_REPRESENTATION_CONTEXT(2) 
PARAMETRIC_REPRESENTATION_CONTEXT() REPRESENTATION_CONTEXT('2D SPACE',''
  ) );
#7136 = ADVANCED_FACE('',(#7137),#733,.T.);
#7137 = FACE_BOUND('',#7138,.T.);
#7138 = EDGE_LOOP('',(#7139,#7140,#7163,#7184,#7185));
#7139 = ORIENTED_EDGE('',*,*,#4751,.T.);
#7140 = ORIENTED_EDGE('',*,*,#7141,.T.);
#7141 = EDGE_CURVE('',#4720,#7142,#7144,.T.);
#7142 = VERTEX_POINT('',#7143);
#7143 = CARTESIAN_POINT('',(66.832943050938,-4.,-3.382905752975));
#7144 = SURFACE_CURVE('',#7145,(#7149,#7156),.PCURVE_S1.);
#7145 = LINE('',#7146,#7147);
#7146 = CARTESIAN_POINT('',(74.423076923077,-4.,0.99926008129));
#7147 = VECTOR('',#7148,1.);
#7148 = DIRECTION('',(0.866025403784,5.551115123126E-17,0.5));
#7149 = PCURVE('',#733,#7150);
#7150 = DEFINITIONAL_REPRESENTATION('',(#7151),#7155);
#7151 = LINE('',#7152,#7153);
#7152 = CARTESIAN_POINT('',(-0.576923076923,0.99926008129));
#7153 = VECTOR('',#7154,1.);
#7154 = DIRECTION('',(0.866025403784,0.5));
#7155 = ( GEOMETRIC_REPRESENTATION_CONTEXT(2) 
PARAMETRIC_REPRESENTATION_CONTEXT() REPRESENTATION_CONTEXT('2D SPACE',''
  ) );
#7156 = PCURVE('',#4739,#7157);
#7157 = DEFINITIONAL_REPRESENTATION('',(#7158),#7162);
#7158 = LINE('',#7159,#7160);
#7159 = CARTESIAN_POINT('',(0.138728375361,-3.073929999431E-15));
#7160 = VECTOR('',#7161,1.);
#7161 = DIRECTION('',(0.,1.));
#7162 = ( GEOMETRIC_REPRESENTATION_CONTEXT(2) 
PARAMETRIC_REPRESENTATION_CONTEXT() REPRESENTATION_CONTEXT('2D SPACE',''
  ) );
#7163 = ORIENTED_EDGE('',*,*,#7164,.T.);
#7164 = EDGE_CURVE('',#7142,#941,#7165,.T.);
#7165 = SURFACE_CURVE('',#7166,(#7170,#7177),.PCURVE_S1.);
#7166 = LINE('',#7167,#7168);
#7167 = CARTESIAN_POINT('',(75.298637359734,-4.,-1.114529799564));
#7168 = VECTOR('',#7169,1.);
#7169 = DIRECTION('',(-0.965925826289,-2.873468630843E-17,
    -0.258819045103));
#7170 = PCURVE('',#733,#7171);
#7171 = DEFINITIONAL_REPRESENTATION('',(#7172),#7176);
#7172 = LINE('',#7173,#7174);
#7173 = CARTESIAN_POINT('',(0.298637359734,-1.114529799564));
#7174 = VECTOR('',#7175,1.);
#7175 = DIRECTION('',(-0.965925826289,-0.258819045103));
#7176 = ( GEOMETRIC_REPRESENTATION_CONTEXT(2) 
PARAMETRIC_REPRESENTATION_CONTEXT() REPRESENTATION_CONTEXT('2D SPACE',''
  ) );
#7177 = PCURVE('',#976,#7178);
#7178 = DEFINITIONAL_REPRESENTATION('',(#7179),#7183);
#7179 = LINE('',#7180,#7181);
#7180 = CARTESIAN_POINT('',(1.664740504327,-2.886579864025E-15));
#7181 = VECTOR('',#7182,1.);
#7182 = DIRECTION('',(2.775557561563E-17,-1.));
#7183 = ( GEOMETRIC_REPRESENTATION_CONTEXT(2) 
PARAMETRIC_REPRESENTATION_CONTEXT() REPRESENTATION_CONTEXT('2D SPACE',''
  ) );
#7184 = ORIENTED_EDGE('',*,*,#940,.T.);
#7185 = ORIENTED_EDGE('',*,*,#718,.F.);
#7186 = ADVANCED_FACE('',(#7187),#1158,.T.);
#7187 = FACE_BOUND('',#7188,.T.);
#7188 = EDGE_LOOP('',(#7189,#7212,#7239,#7260,#7261));
#7189 = ORIENTED_EDGE('',*,*,#7190,.F.);
#7190 = EDGE_CURVE('',#7191,#1118,#7193,.T.);
#7191 = VERTEX_POINT('',#7192);
#7192 = CARTESIAN_POINT('',(71.909037355875,-2.8,0.828220944328));
#7193 = SURFACE_CURVE('',#7194,(#7198,#7205),.PCURVE_S1.);
#7194 = LINE('',#7195,#7196);
#7195 = CARTESIAN_POINT('',(75.,-2.8,3.10862446895E-16));
#7196 = VECTOR('',#7197,1.);
#7197 = DIRECTION('',(-0.965925826289,2.873468630843E-17,0.258819045103)
  );
#7198 = PCURVE('',#1158,#7199);
#7199 = DEFINITIONAL_REPRESENTATION('',(#7200),#7204);
#7200 = LINE('',#7201,#7202);
#7201 = CARTESIAN_POINT('',(1.803468879687,3.219646771413E-15));
#7202 = VECTOR('',#7203,1.);
#7203 = DIRECTION('',(-2.775557561563E-17,-1.));
#7204 = ( GEOMETRIC_REPRESENTATION_CONTEXT(2) 
PARAMETRIC_REPRESENTATION_CONTEXT() REPRESENTATION_CONTEXT('2D SPACE',''
  ) );
#7205 = PCURVE('',#1132,#7206);
#7206 = DEFINITIONAL_REPRESENTATION('',(#7207),#7211);
#7207 = LINE('',#7208,#7209);
#7208 = CARTESIAN_POINT('',(-0.,0.));
#7209 = VECTOR('',#7210,1.);
#7210 = DIRECTION('',(-2.775557561563E-17,-1.));
#7211 = ( GEOMETRIC_REPRESENTATION_CONTEXT(2) 
PARAMETRIC_REPRESENTATION_CONTEXT() REPRESENTATION_CONTEXT('2D SPACE',''
  ) );
#7212 = ORIENTED_EDGE('',*,*,#7213,.F.);
#7213 = EDGE_CURVE('',#7214,#7191,#7216,.T.);
#7214 = VERTEX_POINT('',#7215);
#7215 = CARTESIAN_POINT('',(72.043585495964,-3.234391167708,
    1.224586983568));
#7216 = SURFACE_CURVE('',#7217,(#7222,#7229),.PCURVE_S1.);
#7217 = ELLIPSE('',#7218,4.616880331999,3.2);
#7218 = AXIS2_PLACEMENT_3D('',#7219,#7220,#7221);
#7219 = CARTESIAN_POINT('',(75.,-2.8,3.10862446895E-16));
#7220 = DIRECTION('',(-0.186565325536,-0.693108716252,-0.696271273832));
#7221 = DIRECTION('',(-0.179389736093,0.720833064902,-0.669491609454));
#7222 = PCURVE('',#1158,#7223);
#7223 = DEFINITIONAL_REPRESENTATION('',(#7224),#7228);
#7224 = ELLIPSE('',#7225,4.616880331999,3.2);
#7225 = AXIS2_PLACEMENT_2D('',#7226,#7227);
#7226 = CARTESIAN_POINT('',(1.803468879687,3.552713678801E-15));
#7227 = DIRECTION('',(1.,5.551115123126E-17));
#7228 = ( GEOMETRIC_REPRESENTATION_CONTEXT(2) 
PARAMETRIC_REPRESENTATION_CONTEXT() REPRESENTATION_CONTEXT('2D SPACE',''
  ) );
#7229 = PCURVE('',#3722,#7230);
#7230 = DEFINITIONAL_REPRESENTATION('',(#7231),#7238);
#7231 = B_SPLINE_CURVE_WITH_KNOTS('',5,(#7232,#7233,#7234,#7235,#7236,
    #7237),.UNSPECIFIED.,.F.,.F.,(6,6),(4.304541140642,4.748454490712),
  .PIECEWISE_BEZIER_KNOTS.);
#7232 = CARTESIAN_POINT('',(-2.471945426048,-40.1200003));
#7233 = CARTESIAN_POINT('',(-2.560728096062,-39.84876693273));
#7234 = CARTESIAN_POINT('',(-2.649510766076,-39.56452782901));
#7235 = CARTESIAN_POINT('',(-2.73829343609,-39.27173594902));
#7236 = CARTESIAN_POINT('',(-2.827076106104,-38.97527688544));
#7237 = CARTESIAN_POINT('',(-2.915858776118,-38.6800003));
#7238 = ( GEOMETRIC_REPRESENTATION_CONTEXT(2) 
PARAMETRIC_REPRESENTATION_CONTEXT() REPRESENTATION_CONTEXT('2D SPACE',''
  ) );
#7239 = ORIENTED_EDGE('',*,*,#7240,.F.);
#7240 = EDGE_CURVE('',#5692,#7214,#7241,.T.);
#7241 = SURFACE_CURVE('',#7242,(#7246,#7253),.PCURVE_S1.);
#7242 = LINE('',#7243,#7244);
#7243 = CARTESIAN_POINT('',(74.845950507085,-2.822634762149,
    6.380938924224E-02));
#7244 = VECTOR('',#7245,1.);
#7245 = DIRECTION('',(0.915483090117,0.134513535903,-0.37920551205));
#7246 = PCURVE('',#1158,#7247);
#7247 = DEFINITIONAL_REPRESENTATION('',(#7248),#7252);
#7248 = LINE('',#7249,#7250);
#7249 = CARTESIAN_POINT('',(1.772068041891,-0.165315468926));
#7250 = VECTOR('',#7251,1.);
#7251 = DIRECTION('',(0.186608442998,0.982434368801));
#7252 = ( GEOMETRIC_REPRESENTATION_CONTEXT(2) 
PARAMETRIC_REPRESENTATION_CONTEXT() REPRESENTATION_CONTEXT('2D SPACE',''
  ) );
#7253 = PCURVE('',#4818,#7254);
#7254 = DEFINITIONAL_REPRESENTATION('',(#7255),#7259);
#7255 = LINE('',#7256,#7257);
#7256 = CARTESIAN_POINT('',(3.140083779588E-02,-0.165315468926));
#7257 = VECTOR('',#7258,1.);
#7258 = DIRECTION('',(-0.186608442998,0.982434368801));
#7259 = ( GEOMETRIC_REPRESENTATION_CONTEXT(2) 
PARAMETRIC_REPRESENTATION_CONTEXT() REPRESENTATION_CONTEXT('2D SPACE',''
  ) );
#7260 = ORIENTED_EDGE('',*,*,#5717,.F.);
#7261 = ORIENTED_EDGE('',*,*,#1143,.T.);
#7262 = ADVANCED_FACE('',(#7263),#1132,.T.);
#7263 = FACE_BOUND('',#7264,.T.);
#7264 = EDGE_LOOP('',(#7265,#7288,#7311,#7336,#7337));
#7265 = ORIENTED_EDGE('',*,*,#7266,.F.);
#7266 = EDGE_CURVE('',#7267,#1092,#7269,.T.);
#7267 = VERTEX_POINT('',#7268);
#7268 = CARTESIAN_POINT('',(66.235668331471,-4.,1.153846153846));
#7269 = SURFACE_CURVE('',#7270,(#7274,#7281),.PCURVE_S1.);
#7270 = LINE('',#7271,#7272);
#7271 = CARTESIAN_POINT('',(74.701362640266,-4.,-1.114529799564));
#7272 = VECTOR('',#7273,1.);
#7273 = DIRECTION('',(-0.965925826289,2.873468630843E-17,0.258819045103)
  );
#7274 = PCURVE('',#1132,#7275);
#7275 = DEFINITIONAL_REPRESENTATION('',(#7276),#7280);
#7276 = LINE('',#7277,#7278);
#7277 = CARTESIAN_POINT('',(1.664740504327,3.10862446895E-15));
#7278 = VECTOR('',#7279,1.);
#7279 = DIRECTION('',(-2.775557561563E-17,-1.));
#7280 = ( GEOMETRIC_REPRESENTATION_CONTEXT(2) 
PARAMETRIC_REPRESENTATION_CONTEXT() REPRESENTATION_CONTEXT('2D SPACE',''
  ) );
#7281 = PCURVE('',#1106,#7282);
#7282 = DEFINITIONAL_REPRESENTATION('',(#7283),#7287);
#7283 = LINE('',#7284,#7285);
#7284 = CARTESIAN_POINT('',(-0.298637359734,-1.114529799564));
#7285 = VECTOR('',#7286,1.);
#7286 = DIRECTION('',(-0.965925826289,0.258819045103));
#7287 = ( GEOMETRIC_REPRESENTATION_CONTEXT(2) 
PARAMETRIC_REPRESENTATION_CONTEXT() REPRESENTATION_CONTEXT('2D SPACE',''
  ) );
#7288 = ORIENTED_EDGE('',*,*,#7289,.T.);
#7289 = EDGE_CURVE('',#7267,#7290,#7292,.T.);
#7290 = VERTEX_POINT('',#7291);
#7291 = CARTESIAN_POINT('',(71.827376443604,-3.234391167708,
    0.417683815104));
#7292 = SURFACE_CURVE('',#7293,(#7297,#7304),.PCURVE_S1.);
#7293 = LINE('',#7294,#7295);
#7294 = CARTESIAN_POINT('',(74.834684531074,-2.822634762149,
    2.176419437393E-02));
#7295 = VECTOR('',#7296,1.);
#7296 = DIRECTION('',(0.982434368801,0.134513535903,-0.129339938368));
#7297 = PCURVE('',#1132,#7298);
#7298 = DEFINITIONAL_REPRESENTATION('',(#7299),#7303);
#7299 = LINE('',#7300,#7301);
#7300 = CARTESIAN_POINT('',(3.140083779588E-02,-0.165315468926));
#7301 = VECTOR('',#7302,1.);
#7302 = DIRECTION('',(-0.186608442998,0.982434368801));
#7303 = ( GEOMETRIC_REPRESENTATION_CONTEXT(2) 
PARAMETRIC_REPRESENTATION_CONTEXT() REPRESENTATION_CONTEXT('2D SPACE',''
  ) );
#7304 = PCURVE('',#1080,#7305);
#7305 = DEFINITIONAL_REPRESENTATION('',(#7306),#7310);
#7306 = LINE('',#7307,#7308);
#7307 = CARTESIAN_POINT('',(1.772068041891,-0.165315468926));
#7308 = VECTOR('',#7309,1.);
#7309 = DIRECTION('',(0.186608442998,0.982434368801));
#7310 = ( GEOMETRIC_REPRESENTATION_CONTEXT(2) 
PARAMETRIC_REPRESENTATION_CONTEXT() REPRESENTATION_CONTEXT('2D SPACE',''
  ) );
#7311 = ORIENTED_EDGE('',*,*,#7312,.F.);
#7312 = EDGE_CURVE('',#7191,#7290,#7313,.T.);
#7313 = SURFACE_CURVE('',#7314,(#7319,#7326),.PCURVE_S1.);
#7314 = ELLIPSE('',#7315,4.616880331999,3.2);
#7315 = AXIS2_PLACEMENT_3D('',#7316,#7317,#7318);
#7316 = CARTESIAN_POINT('',(75.,-2.8,3.10862446895E-16));
#7317 = DIRECTION('',(0.186565325536,-0.693108716252,0.696271273832));
#7318 = DIRECTION('',(0.179389736093,0.720833064902,0.669491609454));
#7319 = PCURVE('',#1132,#7320);
#7320 = DEFINITIONAL_REPRESENTATION('',(#7321),#7325);
#7321 = ELLIPSE('',#7322,4.616880331999,3.2);
#7322 = AXIS2_PLACEMENT_2D('',#7323,#7324);
#7323 = CARTESIAN_POINT('',(-1.821230150352E-15,-3.328108990037E-16));
#7324 = DIRECTION('',(-1.,-2.775557561563E-17));
#7325 = ( GEOMETRIC_REPRESENTATION_CONTEXT(2) 
PARAMETRIC_REPRESENTATION_CONTEXT() REPRESENTATION_CONTEXT('2D SPACE',''
  ) );
#7326 = PCURVE('',#3722,#7327);
#7327 = DEFINITIONAL_REPRESENTATION('',(#7328),#7335);
#7328 = B_SPLINE_CURVE_WITH_KNOTS('',5,(#7329,#7330,#7331,#7332,#7333,
    #7334),.UNSPECIFIED.,.F.,.F.,(6,6),(1.534730816468,1.978644166538),
  .PIECEWISE_BEZIER_KNOTS.);
#7329 = CARTESIAN_POINT('',(-2.843727755463,-38.6800003));
#7330 = CARTESIAN_POINT('',(-2.932510425477,-38.97527688544));
#7331 = CARTESIAN_POINT('',(-3.021293095492,-39.27173594902));
#7332 = CARTESIAN_POINT('',(-3.110075765506,-39.56452782901));
#7333 = CARTESIAN_POINT('',(-3.19885843552,-39.84876693273));
#7334 = CARTESIAN_POINT('',(-3.287641105534,-40.1200003));
#7335 = ( GEOMETRIC_REPRESENTATION_CONTEXT(2) 
PARAMETRIC_REPRESENTATION_CONTEXT() REPRESENTATION_CONTEXT('2D SPACE',''
  ) );
#7336 = ORIENTED_EDGE('',*,*,#7190,.T.);
#7337 = ORIENTED_EDGE('',*,*,#1117,.T.);
#7338 = ADVANCED_FACE('',(#7339),#1106,.T.);
#7339 = FACE_BOUND('',#7340,.T.);
#7340 = EDGE_LOOP('',(#7341,#7362,#7363));
#7341 = ORIENTED_EDGE('',*,*,#7342,.T.);
#7342 = EDGE_CURVE('',#1066,#7267,#7343,.T.);
#7343 = SURFACE_CURVE('',#7344,(#7348,#7355),.PCURVE_S1.);
#7344 = LINE('',#7345,#7346);
#7345 = CARTESIAN_POINT('',(75.,-4.,1.153846153846));
#7346 = VECTOR('',#7347,1.);
#7347 = DIRECTION('',(1.,-1.359631073447E-32,-1.224646799147E-16));
#7348 = PCURVE('',#1106,#7349);
#7349 = DEFINITIONAL_REPRESENTATION('',(#7350),#7354);
#7350 = LINE('',#7351,#7352);
#7351 = CARTESIAN_POINT('',(0.,1.153846153846));
#7352 = VECTOR('',#7353,1.);
#7353 = DIRECTION('',(1.,-1.224646799147E-16));
#7354 = ( GEOMETRIC_REPRESENTATION_CONTEXT(2) 
PARAMETRIC_REPRESENTATION_CONTEXT() REPRESENTATION_CONTEXT('2D SPACE',''
  ) );
#7355 = PCURVE('',#1080,#7356);
#7356 = DEFINITIONAL_REPRESENTATION('',(#7357),#7361);
#7357 = LINE('',#7358,#7359);
#7358 = CARTESIAN_POINT('',(0.138728375361,1.17754499918E-17));
#7359 = VECTOR('',#7360,1.);
#7360 = DIRECTION('',(0.,1.));
#7361 = ( GEOMETRIC_REPRESENTATION_CONTEXT(2) 
PARAMETRIC_REPRESENTATION_CONTEXT() REPRESENTATION_CONTEXT('2D SPACE',''
  ) );
#7362 = ORIENTED_EDGE('',*,*,#7266,.T.);
#7363 = ORIENTED_EDGE('',*,*,#1091,.T.);
#7364 = ADVANCED_FACE('',(#7365),#1080,.T.);
#7365 = FACE_BOUND('',#7366,.T.);
#7366 = EDGE_LOOP('',(#7367,#7390,#7415,#7416,#7417));
#7367 = ORIENTED_EDGE('',*,*,#7368,.F.);
#7368 = EDGE_CURVE('',#7369,#1040,#7371,.T.);
#7369 = VERTEX_POINT('',#7370);
#7370 = CARTESIAN_POINT('',(71.8,-2.8,7.027494226222E-16));
#7371 = SURFACE_CURVE('',#7372,(#7376,#7383),.PCURVE_S1.);
#7372 = LINE('',#7373,#7374);
#7373 = CARTESIAN_POINT('',(75.,-2.8,3.10862446895E-16));
#7374 = VECTOR('',#7375,1.);
#7375 = DIRECTION('',(-1.,1.359631073447E-32,1.224646799147E-16));
#7376 = PCURVE('',#1080,#7377);
#7377 = DEFINITIONAL_REPRESENTATION('',(#7378),#7382);
#7378 = LINE('',#7379,#7380);
#7379 = CARTESIAN_POINT('',(1.803468879687,1.530808498934E-16));
#7380 = VECTOR('',#7381,1.);
#7381 = DIRECTION('',(0.,-1.));
#7382 = ( GEOMETRIC_REPRESENTATION_CONTEXT(2) 
PARAMETRIC_REPRESENTATION_CONTEXT() REPRESENTATION_CONTEXT('2D SPACE',''
  ) );
#7383 = PCURVE('',#1054,#7384);
#7384 = DEFINITIONAL_REPRESENTATION('',(#7385),#7389);
#7385 = LINE('',#7386,#7387);
#7386 = CARTESIAN_POINT('',(-0.,0.));
#7387 = VECTOR('',#7388,1.);
#7388 = DIRECTION('',(0.,-1.));
#7389 = ( GEOMETRIC_REPRESENTATION_CONTEXT(2) 
PARAMETRIC_REPRESENTATION_CONTEXT() REPRESENTATION_CONTEXT('2D SPACE',''
  ) );
#7390 = ORIENTED_EDGE('',*,*,#7391,.F.);
#7391 = EDGE_CURVE('',#7290,#7369,#7392,.T.);
#7392 = SURFACE_CURVE('',#7393,(#7398,#7405),.PCURVE_S1.);
#7393 = ELLIPSE('',#7394,4.616880331999,3.2);
#7394 = AXIS2_PLACEMENT_3D('',#7395,#7396,#7397);
#7395 = CARTESIAN_POINT('',(75.,-2.8,3.10862446895E-16));
#7396 = DIRECTION('',(-8.827659056516E-17,-0.693108716252,
    -0.720833064902));
#7397 = DIRECTION('',(-8.488133708189E-17,0.720833064902,-0.693108716252
    ));
#7398 = PCURVE('',#1080,#7399);
#7399 = DEFINITIONAL_REPRESENTATION('',(#7400),#7404);
#7400 = ELLIPSE('',#7401,4.616880331999,3.2);
#7401 = AXIS2_PLACEMENT_2D('',#7402,#7403);
#7402 = CARTESIAN_POINT('',(1.803468879687,1.530808498934E-16));
#7403 = DIRECTION('',(1.,1.232595164408E-32));
#7404 = ( GEOMETRIC_REPRESENTATION_CONTEXT(2) 
PARAMETRIC_REPRESENTATION_CONTEXT() REPRESENTATION_CONTEXT('2D SPACE',''
  ) );
#7405 = PCURVE('',#3722,#7406);
#7406 = DEFINITIONAL_REPRESENTATION('',(#7407),#7414);
#7407 = B_SPLINE_CURVE_WITH_KNOTS('',5,(#7408,#7409,#7410,#7411,#7412,
    #7413),.UNSPECIFIED.,.F.,.F.,(6,6),(4.304541140642,4.748454490712),
  .PIECEWISE_BEZIER_KNOTS.);
#7408 = CARTESIAN_POINT('',(-2.733744813847,-40.1200003));
#7409 = CARTESIAN_POINT('',(-2.822527483861,-39.84876693273));
#7410 = CARTESIAN_POINT('',(-2.911310153875,-39.56452782901));
#7411 = CARTESIAN_POINT('',(-3.000092823889,-39.27173594902));
#7412 = CARTESIAN_POINT('',(-3.088875493903,-38.97527688544));
#7413 = CARTESIAN_POINT('',(-3.177658163917,-38.6800003));
#7414 = ( GEOMETRIC_REPRESENTATION_CONTEXT(2) 
PARAMETRIC_REPRESENTATION_CONTEXT() REPRESENTATION_CONTEXT('2D SPACE',''
  ) );
#7415 = ORIENTED_EDGE('',*,*,#7289,.F.);
#7416 = ORIENTED_EDGE('',*,*,#7342,.F.);
#7417 = ORIENTED_EDGE('',*,*,#1065,.T.);
#7418 = ADVANCED_FACE('',(#7419),#1054,.T.);
#7419 = FACE_BOUND('',#7420,.T.);
#7420 = EDGE_LOOP('',(#7421,#7448,#7449,#7450,#7473));
#7421 = ORIENTED_EDGE('',*,*,#7422,.F.);
#7422 = EDGE_CURVE('',#7369,#7423,#7425,.T.);
#7423 = VERTEX_POINT('',#7424);
#7424 = CARTESIAN_POINT('',(71.827376443604,-3.234391167708,
    -0.417683815104));
#7425 = SURFACE_CURVE('',#7426,(#7431,#7438),.PCURVE_S1.);
#7426 = ELLIPSE('',#7427,4.616880331999,3.2);
#7427 = AXIS2_PLACEMENT_3D('',#7428,#7429,#7430);
#7428 = CARTESIAN_POINT('',(75.,-2.8,3.10862446895E-16));
#7429 = DIRECTION('',(8.827659056516E-17,-0.693108716252,0.720833064902)
  );
#7430 = DIRECTION('',(8.488133708189E-17,0.720833064902,0.693108716252)
  );
#7431 = PCURVE('',#1054,#7432);
#7432 = DEFINITIONAL_REPRESENTATION('',(#7433),#7437);
#7433 = ELLIPSE('',#7434,4.616880331999,3.2);
#7434 = AXIS2_PLACEMENT_2D('',#7435,#7436);
#7435 = CARTESIAN_POINT('',(-1.88303909853E-15,-1.630303208745E-31));
#7436 = DIRECTION('',(-1.,-2.465190328816E-32));
#7437 = ( GEOMETRIC_REPRESENTATION_CONTEXT(2) 
PARAMETRIC_REPRESENTATION_CONTEXT() REPRESENTATION_CONTEXT('2D SPACE',''
  ) );
#7438 = PCURVE('',#3722,#7439);
#7439 = DEFINITIONAL_REPRESENTATION('',(#7440),#7447);
#7440 = B_SPLINE_CURVE_WITH_KNOTS('',5,(#7441,#7442,#7443,#7444,#7445,
    #7446),.UNSPECIFIED.,.F.,.F.,(6,6),(1.534730816468,1.978644166538),
  .PIECEWISE_BEZIER_KNOTS.);
#7441 = CARTESIAN_POINT('',(-3.105527143263,-38.6800003));
#7442 = CARTESIAN_POINT('',(-3.194309813277,-38.97527688544));
#7443 = CARTESIAN_POINT('',(-3.283092483291,-39.27173594902));
#7444 = CARTESIAN_POINT('',(-3.371875153305,-39.56452782901));
#7445 = CARTESIAN_POINT('',(-3.460657823319,-39.84876693273));
#7446 = CARTESIAN_POINT('',(-3.549440493333,-40.1200003));
#7447 = ( GEOMETRIC_REPRESENTATION_CONTEXT(2) 
PARAMETRIC_REPRESENTATION_CONTEXT() REPRESENTATION_CONTEXT('2D SPACE',''
  ) );
#7448 = ORIENTED_EDGE('',*,*,#7368,.T.);
#7449 = ORIENTED_EDGE('',*,*,#1039,.T.);
#7450 = ORIENTED_EDGE('',*,*,#7451,.T.);
#7451 = EDGE_CURVE('',#1014,#7452,#7454,.T.);
#7452 = VERTEX_POINT('',#7453);
#7453 = CARTESIAN_POINT('',(66.235668331471,-4.,-1.153846153846));
#7454 = SURFACE_CURVE('',#7455,(#7459,#7466),.PCURVE_S1.);
#7455 = LINE('',#7456,#7457);
#7456 = CARTESIAN_POINT('',(55.033311765512,-4.,-1.153846153846));
#7457 = VECTOR('',#7458,1.);
#7458 = DIRECTION('',(1.,-4.506478287488E-32,-4.059074787257E-16));
#7459 = PCURVE('',#1054,#7460);
#7460 = DEFINITIONAL_REPRESENTATION('',(#7461),#7465);
#7461 = LINE('',#7462,#7463);
#7462 = CARTESIAN_POINT('',(1.664740504327,-19.96668823448));
#7463 = VECTOR('',#7464,1.);
#7464 = DIRECTION('',(1.964566744147E-16,1.));
#7465 = ( GEOMETRIC_REPRESENTATION_CONTEXT(2) 
PARAMETRIC_REPRESENTATION_CONTEXT() REPRESENTATION_CONTEXT('2D SPACE',''
  ) );
#7466 = PCURVE('',#1028,#7467);
#7467 = DEFINITIONAL_REPRESENTATION('',(#7468),#7472);
#7468 = LINE('',#7469,#7470);
#7469 = CARTESIAN_POINT('',(-19.96668823448,-1.153846153846));
#7470 = VECTOR('',#7471,1.);
#7471 = DIRECTION('',(1.,-4.059074787257E-16));
#7472 = ( GEOMETRIC_REPRESENTATION_CONTEXT(2) 
PARAMETRIC_REPRESENTATION_CONTEXT() REPRESENTATION_CONTEXT('2D SPACE',''
  ) );
#7473 = ORIENTED_EDGE('',*,*,#7474,.T.);
#7474 = EDGE_CURVE('',#7452,#7423,#7475,.T.);
#7475 = SURFACE_CURVE('',#7476,(#7480,#7487),.PCURVE_S1.);
#7476 = LINE('',#7477,#7478);
#7477 = CARTESIAN_POINT('',(74.834684531074,-2.822634762149,
    -2.176419437393E-02));
#7478 = VECTOR('',#7479,1.);
#7479 = DIRECTION('',(0.982434368801,0.134513535903,0.129339938368));
#7480 = PCURVE('',#1054,#7481);
#7481 = DEFINITIONAL_REPRESENTATION('',(#7482),#7486);
#7482 = LINE('',#7483,#7484);
#7483 = CARTESIAN_POINT('',(3.140083779588E-02,-0.165315468926));
#7484 = VECTOR('',#7485,1.);
#7485 = DIRECTION('',(-0.186608442998,0.982434368801));
#7486 = ( GEOMETRIC_REPRESENTATION_CONTEXT(2) 
PARAMETRIC_REPRESENTATION_CONTEXT() REPRESENTATION_CONTEXT('2D SPACE',''
  ) );
#7487 = PCURVE('',#1002,#7488);
#7488 = DEFINITIONAL_REPRESENTATION('',(#7489),#7493);
#7489 = LINE('',#7490,#7491);
#7490 = CARTESIAN_POINT('',(1.772068041891,-0.165315468926));
#7491 = VECTOR('',#7492,1.);
#7492 = DIRECTION('',(0.186608442998,0.982434368801));
#7493 = ( GEOMETRIC_REPRESENTATION_CONTEXT(2) 
PARAMETRIC_REPRESENTATION_CONTEXT() REPRESENTATION_CONTEXT('2D SPACE',''
  ) );
#7494 = ADVANCED_FACE('',(#7495),#1028,.T.);
#7495 = FACE_BOUND('',#7496,.T.);
#7496 = EDGE_LOOP('',(#7497,#7498,#7499));
#7497 = ORIENTED_EDGE('',*,*,#7451,.F.);
#7498 = ORIENTED_EDGE('',*,*,#1013,.T.);
#7499 = ORIENTED_EDGE('',*,*,#7500,.T.);
#7500 = EDGE_CURVE('',#988,#7452,#7501,.T.);
#7501 = SURFACE_CURVE('',#7502,(#7506,#7513),.PCURVE_S1.);
#7502 = LINE('',#7503,#7504);
#7503 = CARTESIAN_POINT('',(74.701362640266,-4.,1.114529799564));
#7504 = VECTOR('',#7505,1.);
#7505 = DIRECTION('',(0.965925826289,2.873468630843E-17,0.258819045103)
  );
#7506 = PCURVE('',#1028,#7507);
#7507 = DEFINITIONAL_REPRESENTATION('',(#7508),#7512);
#7508 = LINE('',#7509,#7510);
#7509 = CARTESIAN_POINT('',(-0.298637359734,1.114529799564));
#7510 = VECTOR('',#7511,1.);
#7511 = DIRECTION('',(0.965925826289,0.258819045103));
#7512 = ( GEOMETRIC_REPRESENTATION_CONTEXT(2) 
PARAMETRIC_REPRESENTATION_CONTEXT() REPRESENTATION_CONTEXT('2D SPACE',''
  ) );
#7513 = PCURVE('',#1002,#7514);
#7514 = DEFINITIONAL_REPRESENTATION('',(#7515),#7519);
#7515 = LINE('',#7516,#7517);
#7516 = CARTESIAN_POINT('',(0.138728375361,-1.144917494145E-16));
#7517 = VECTOR('',#7518,1.);
#7518 = DIRECTION('',(-5.551115123126E-17,1.));
#7519 = ( GEOMETRIC_REPRESENTATION_CONTEXT(2) 
PARAMETRIC_REPRESENTATION_CONTEXT() REPRESENTATION_CONTEXT('2D SPACE',''
  ) );
#7520 = ADVANCED_FACE('',(#7521),#1002,.T.);
#7521 = FACE_BOUND('',#7522,.T.);
#7522 = EDGE_LOOP('',(#7523,#7546,#7571,#7572,#7573));
#7523 = ORIENTED_EDGE('',*,*,#7524,.F.);
#7524 = EDGE_CURVE('',#7525,#962,#7527,.T.);
#7525 = VERTEX_POINT('',#7526);
#7526 = CARTESIAN_POINT('',(71.909037355875,-2.8,-0.828220944328));
#7527 = SURFACE_CURVE('',#7528,(#7532,#7539),.PCURVE_S1.);
#7528 = LINE('',#7529,#7530);
#7529 = CARTESIAN_POINT('',(75.,-2.8,3.10862446895E-16));
#7530 = VECTOR('',#7531,1.);
#7531 = DIRECTION('',(-0.965925826289,-2.873468630843E-17,
    -0.258819045103));
#7532 = PCURVE('',#1002,#7533);
#7533 = DEFINITIONAL_REPRESENTATION('',(#7534),#7538);
#7534 = LINE('',#7535,#7536);
#7535 = CARTESIAN_POINT('',(1.803468879687,-2.997602166488E-15));
#7536 = VECTOR('',#7537,1.);
#7537 = DIRECTION('',(5.551115123126E-17,-1.));
#7538 = ( GEOMETRIC_REPRESENTATION_CONTEXT(2) 
PARAMETRIC_REPRESENTATION_CONTEXT() REPRESENTATION_CONTEXT('2D SPACE',''
  ) );
#7539 = PCURVE('',#976,#7540);
#7540 = DEFINITIONAL_REPRESENTATION('',(#7541),#7545);
#7541 = LINE('',#7542,#7543);
#7542 = CARTESIAN_POINT('',(0.,0.));
#7543 = VECTOR('',#7544,1.);
#7544 = DIRECTION('',(2.775557561563E-17,-1.));
#7545 = ( GEOMETRIC_REPRESENTATION_CONTEXT(2) 
PARAMETRIC_REPRESENTATION_CONTEXT() REPRESENTATION_CONTEXT('2D SPACE',''
  ) );
#7546 = ORIENTED_EDGE('',*,*,#7547,.F.);
#7547 = EDGE_CURVE('',#7423,#7525,#7548,.T.);
#7548 = SURFACE_CURVE('',#7549,(#7554,#7561),.PCURVE_S1.);
#7549 = ELLIPSE('',#7550,4.616880331999,3.2);
#7550 = AXIS2_PLACEMENT_3D('',#7551,#7552,#7553);
#7551 = CARTESIAN_POINT('',(75.,-2.8,3.10862446895E-16));
#7552 = DIRECTION('',(0.186565325536,-0.693108716252,-0.696271273832));
#7553 = DIRECTION('',(0.179389736093,0.720833064902,-0.669491609454));
#7554 = PCURVE('',#1002,#7555);
#7555 = DEFINITIONAL_REPRESENTATION('',(#7556),#7560);
#7556 = ELLIPSE('',#7557,4.616880331999,3.2);
#7557 = AXIS2_PLACEMENT_2D('',#7558,#7559);
#7558 = CARTESIAN_POINT('',(1.803468879687,-2.498001805407E-15));
#7559 = DIRECTION('',(1.,-2.775557561563E-17));
#7560 = ( GEOMETRIC_REPRESENTATION_CONTEXT(2) 
PARAMETRIC_REPRESENTATION_CONTEXT() REPRESENTATION_CONTEXT('2D SPACE',''
  ) );
#7561 = PCURVE('',#3722,#7562);
#7562 = DEFINITIONAL_REPRESENTATION('',(#7563),#7570);
#7563 = B_SPLINE_CURVE_WITH_KNOTS('',5,(#7564,#7565,#7566,#7567,#7568,
    #7569),.UNSPECIFIED.,.F.,.F.,(6,6),(4.304541140642,4.748454490712),
  .PIECEWISE_BEZIER_KNOTS.);
#7564 = CARTESIAN_POINT('',(-2.995544201646,-40.1200003));
#7565 = CARTESIAN_POINT('',(-3.08432687166,-39.84876693273));
#7566 = CARTESIAN_POINT('',(-3.173109541674,-39.56452782901));
#7567 = CARTESIAN_POINT('',(-3.261892211688,-39.27173594902));
#7568 = CARTESIAN_POINT('',(-3.350674881702,-38.97527688544));
#7569 = CARTESIAN_POINT('',(-3.439457551716,-38.6800003));
#7570 = ( GEOMETRIC_REPRESENTATION_CONTEXT(2) 
PARAMETRIC_REPRESENTATION_CONTEXT() REPRESENTATION_CONTEXT('2D SPACE',''
  ) );
#7571 = ORIENTED_EDGE('',*,*,#7474,.F.);
#7572 = ORIENTED_EDGE('',*,*,#7500,.F.);
#7573 = ORIENTED_EDGE('',*,*,#987,.T.);
#7574 = ADVANCED_FACE('',(#7575),#976,.T.);
#7575 = FACE_BOUND('',#7576,.T.);
#7576 = EDGE_LOOP('',(#7577,#7578,#7601,#7626,#7627));
#7577 = ORIENTED_EDGE('',*,*,#7164,.F.);
#7578 = ORIENTED_EDGE('',*,*,#7579,.T.);
#7579 = EDGE_CURVE('',#7142,#7580,#7582,.T.);
#7580 = VERTEX_POINT('',#7581);
#7581 = CARTESIAN_POINT('',(72.043585495964,-3.234391167708,
    -1.224586983568));
#7582 = SURFACE_CURVE('',#7583,(#7587,#7594),.PCURVE_S1.);
#7583 = LINE('',#7584,#7585);
#7584 = CARTESIAN_POINT('',(74.845950507085,-2.822634762149,
    -6.380938924224E-02));
#7585 = VECTOR('',#7586,1.);
#7586 = DIRECTION('',(0.915483090117,0.134513535903,0.37920551205));
#7587 = PCURVE('',#976,#7588);
#7588 = DEFINITIONAL_REPRESENTATION('',(#7589),#7593);
#7589 = LINE('',#7590,#7591);
#7590 = CARTESIAN_POINT('',(3.140083779588E-02,-0.165315468926));
#7591 = VECTOR('',#7592,1.);
#7592 = DIRECTION('',(-0.186608442998,0.982434368801));
#7593 = ( GEOMETRIC_REPRESENTATION_CONTEXT(2) 
PARAMETRIC_REPRESENTATION_CONTEXT() REPRESENTATION_CONTEXT('2D SPACE',''
  ) );
#7594 = PCURVE('',#4739,#7595);
#7595 = DEFINITIONAL_REPRESENTATION('',(#7596),#7600);
#7596 = LINE('',#7597,#7598);
#7597 = CARTESIAN_POINT('',(1.772068041891,-0.165315468926));
#7598 = VECTOR('',#7599,1.);
#7599 = DIRECTION('',(0.186608442998,0.982434368801));
#7600 = ( GEOMETRIC_REPRESENTATION_CONTEXT(2) 
PARAMETRIC_REPRESENTATION_CONTEXT() REPRESENTATION_CONTEXT('2D SPACE',''
  ) );
#7601 = ORIENTED_EDGE('',*,*,#7602,.F.);
#7602 = EDGE_CURVE('',#7525,#7580,#7603,.T.);
#7603 = SURFACE_CURVE('',#7604,(#7609,#7616),.PCURVE_S1.);
#7604 = ELLIPSE('',#7605,4.616880331999,3.2);
#7605 = AXIS2_PLACEMENT_3D('',#7606,#7607,#7608);
#7606 = CARTESIAN_POINT('',(75.,-2.8,3.10862446895E-16));
#7607 = DIRECTION('',(-0.186565325536,-0.693108716252,0.696271273832));
#7608 = DIRECTION('',(-0.179389736093,0.720833064902,0.669491609454));
#7609 = PCURVE('',#976,#7610);
#7610 = DEFINITIONAL_REPRESENTATION('',(#7611),#7615);
#7611 = ELLIPSE('',#7612,4.616880331999,3.2);
#7612 = AXIS2_PLACEMENT_2D('',#7613,#7614);
#7613 = CARTESIAN_POINT('',(3.035383583921E-15,-5.546848316728E-16));
#7614 = DIRECTION('',(-1.,2.775557561563E-17));
#7615 = ( GEOMETRIC_REPRESENTATION_CONTEXT(2) 
PARAMETRIC_REPRESENTATION_CONTEXT() REPRESENTATION_CONTEXT('2D SPACE',''
  ) );
#7616 = PCURVE('',#3722,#7617);
#7617 = DEFINITIONAL_REPRESENTATION('',(#7618),#7625);
#7618 = B_SPLINE_CURVE_WITH_KNOTS('',5,(#7619,#7620,#7621,#7622,#7623,
    #7624),.UNSPECIFIED.,.F.,.F.,(6,6),(1.534730816468,1.978644166538),
  .PIECEWISE_BEZIER_KNOTS.);
#7619 = CARTESIAN_POINT('',(-3.367326531062,-38.6800003));
#7620 = CARTESIAN_POINT('',(-3.456109201076,-38.97527688544));
#7621 = CARTESIAN_POINT('',(-3.54489187109,-39.27173594902));
#7622 = CARTESIAN_POINT('',(-3.633674541104,-39.56452782901));
#7623 = CARTESIAN_POINT('',(-3.722457211118,-39.84876693273));
#7624 = CARTESIAN_POINT('',(-3.811239881132,-40.1200003));
#7625 = ( GEOMETRIC_REPRESENTATION_CONTEXT(2) 
PARAMETRIC_REPRESENTATION_CONTEXT() REPRESENTATION_CONTEXT('2D SPACE',''
  ) );
#7626 = ORIENTED_EDGE('',*,*,#7524,.T.);
#7627 = ORIENTED_EDGE('',*,*,#961,.T.);
#7628 = ADVANCED_FACE('',(#7629),#3132,.T.);
#7629 = FACE_BOUND('',#7630,.T.);
#7630 = EDGE_LOOP('',(#7631,#7652,#7653,#7674,#7675));
#7631 = ORIENTED_EDGE('',*,*,#7632,.F.);
#7632 = EDGE_CURVE('',#5847,#3081,#7633,.T.);
#7633 = SURFACE_CURVE('',#7634,(#7638,#7645),.PCURVE_S1.);
#7634 = LINE('',#7635,#7636);
#7635 = CARTESIAN_POINT('',(-75.,2.8,3.10862446895E-16));
#7636 = VECTOR('',#7637,1.);
#7637 = DIRECTION('',(0.866025403784,5.551115123126E-17,-0.5));
#7638 = PCURVE('',#3132,#7639);
#7639 = DEFINITIONAL_REPRESENTATION('',(#7640),#7644);
#7640 = LINE('',#7641,#7642);
#7641 = CARTESIAN_POINT('',(1.803468879687,1.110223024625E-16));
#7642 = VECTOR('',#7643,1.);
#7643 = DIRECTION('',(0.,-1.));
#7644 = ( GEOMETRIC_REPRESENTATION_CONTEXT(2) 
PARAMETRIC_REPRESENTATION_CONTEXT() REPRESENTATION_CONTEXT('2D SPACE',''
  ) );
#7645 = PCURVE('',#3100,#7646);
#7646 = DEFINITIONAL_REPRESENTATION('',(#7647),#7651);
#7647 = LINE('',#7648,#7649);
#7648 = CARTESIAN_POINT('',(0.,0.));
#7649 = VECTOR('',#7650,1.);
#7650 = DIRECTION('',(0.,-1.));
#7651 = ( GEOMETRIC_REPRESENTATION_CONTEXT(2) 
PARAMETRIC_REPRESENTATION_CONTEXT() REPRESENTATION_CONTEXT('2D SPACE',''
  ) );
#7652 = ORIENTED_EDGE('',*,*,#5846,.F.);
#7653 = ORIENTED_EDGE('',*,*,#7654,.F.);
#7654 = EDGE_CURVE('',#7065,#5820,#7655,.T.);
#7655 = SURFACE_CURVE('',#7656,(#7660,#7667),.PCURVE_S1.);
#7656 = LINE('',#7657,#7658);
#7657 = CARTESIAN_POINT('',(-74.84595050708,2.822634762149,
    -6.380938924224E-02));
#7658 = VECTOR('',#7659,1.);
#7659 = DIRECTION('',(-0.915483090117,-0.134513535903,0.37920551205));
#7660 = PCURVE('',#3132,#7661);
#7661 = DEFINITIONAL_REPRESENTATION('',(#7662),#7666);
#7662 = LINE('',#7663,#7664);
#7663 = CARTESIAN_POINT('',(1.772068041891,-0.165315468926));
#7664 = VECTOR('',#7665,1.);
#7665 = DIRECTION('',(0.186608442998,0.982434368801));
#7666 = ( GEOMETRIC_REPRESENTATION_CONTEXT(2) 
PARAMETRIC_REPRESENTATION_CONTEXT() REPRESENTATION_CONTEXT('2D SPACE',''
  ) );
#7667 = PCURVE('',#3536,#7668);
#7668 = DEFINITIONAL_REPRESENTATION('',(#7669),#7673);
#7669 = LINE('',#7670,#7671);
#7670 = CARTESIAN_POINT('',(3.140083779588E-02,-0.165315468926));
#7671 = VECTOR('',#7672,1.);
#7672 = DIRECTION('',(-0.186608442998,0.982434368801));
#7673 = ( GEOMETRIC_REPRESENTATION_CONTEXT(2) 
PARAMETRIC_REPRESENTATION_CONTEXT() REPRESENTATION_CONTEXT('2D SPACE',''
  ) );
#7674 = ORIENTED_EDGE('',*,*,#7064,.F.);
#7675 = ORIENTED_EDGE('',*,*,#3112,.T.);
#7676 = ADVANCED_FACE('',(#7677),#3100,.T.);
#7677 = FACE_BOUND('',#7678,.T.);
#7678 = EDGE_LOOP('',(#7679,#7702,#7723,#7724,#7725));
#7679 = ORIENTED_EDGE('',*,*,#7680,.F.);
#7680 = EDGE_CURVE('',#7681,#3052,#7683,.T.);
#7681 = VERTEX_POINT('',#7682);
#7682 = CARTESIAN_POINT('',(-67.98678920478,4.,-5.381425915554));
#7683 = SURFACE_CURVE('',#7684,(#7688,#7695),.PCURVE_S1.);
#7684 = LINE('',#7685,#7686);
#7685 = CARTESIAN_POINT('',(-75.57692307692,4.,-0.99926008129));
#7686 = VECTOR('',#7687,1.);
#7687 = DIRECTION('',(0.866025403784,5.551115123126E-17,-0.5));
#7688 = PCURVE('',#3100,#7689);
#7689 = DEFINITIONAL_REPRESENTATION('',(#7690),#7694);
#7690 = LINE('',#7691,#7692);
#7691 = CARTESIAN_POINT('',(1.664740504327,3.053113317719E-15));
#7692 = VECTOR('',#7693,1.);
#7693 = DIRECTION('',(0.,-1.));
#7694 = ( GEOMETRIC_REPRESENTATION_CONTEXT(2) 
PARAMETRIC_REPRESENTATION_CONTEXT() REPRESENTATION_CONTEXT('2D SPACE',''
  ) );
#7695 = PCURVE('',#3068,#7696);
#7696 = DEFINITIONAL_REPRESENTATION('',(#7697),#7701);
#7697 = LINE('',#7698,#7699);
#7698 = CARTESIAN_POINT('',(-0.576923076923,0.99926008129));
#7699 = VECTOR('',#7700,1.);
#7700 = DIRECTION('',(0.866025403784,0.5));
#7701 = ( GEOMETRIC_REPRESENTATION_CONTEXT(2) 
PARAMETRIC_REPRESENTATION_CONTEXT() REPRESENTATION_CONTEXT('2D SPACE',''
  ) );
#7702 = ORIENTED_EDGE('',*,*,#7703,.T.);
#7703 = EDGE_CURVE('',#7681,#5874,#7704,.T.);
#7704 = SURFACE_CURVE('',#7705,(#7709,#7716),.PCURVE_S1.);
#7705 = LINE('',#7706,#7707);
#7706 = CARTESIAN_POINT('',(-74.86771470145,2.822634762149,
    -0.101506079684));
#7707 = VECTOR('',#7708,1.);
#7708 = DIRECTION('',(-0.786143151749,-0.134513535903,0.603228856751));
#7709 = PCURVE('',#3100,#7710);
#7710 = DEFINITIONAL_REPRESENTATION('',(#7711),#7715);
#7711 = LINE('',#7712,#7713);
#7712 = CARTESIAN_POINT('',(3.140083779587E-02,-0.165315468926));
#7713 = VECTOR('',#7714,1.);
#7714 = DIRECTION('',(-0.186608442998,0.982434368801));
#7715 = ( GEOMETRIC_REPRESENTATION_CONTEXT(2) 
PARAMETRIC_REPRESENTATION_CONTEXT() REPRESENTATION_CONTEXT('2D SPACE',''
  ) );
#7716 = PCURVE('',#3039,#7717);
#7717 = DEFINITIONAL_REPRESENTATION('',(#7718),#7722);
#7718 = LINE('',#7719,#7720);
#7719 = CARTESIAN_POINT('',(1.772068041891,-0.165315468926));
#7720 = VECTOR('',#7721,1.);
#7721 = DIRECTION('',(0.186608442998,0.982434368801));
#7722 = ( GEOMETRIC_REPRESENTATION_CONTEXT(2) 
PARAMETRIC_REPRESENTATION_CONTEXT() REPRESENTATION_CONTEXT('2D SPACE',''
  ) );
#7723 = ORIENTED_EDGE('',*,*,#5873,.F.);
#7724 = ORIENTED_EDGE('',*,*,#7632,.T.);
#7725 = ORIENTED_EDGE('',*,*,#3080,.T.);
#7726 = ADVANCED_FACE('',(#7727),#3068,.T.);
#7727 = FACE_BOUND('',#7728,.T.);
#7728 = EDGE_LOOP('',(#7729,#7730,#7751));
#7729 = ORIENTED_EDGE('',*,*,#3051,.T.);
#7730 = ORIENTED_EDGE('',*,*,#7731,.T.);
#7731 = EDGE_CURVE('',#3020,#7681,#7732,.T.);
#7732 = SURFACE_CURVE('',#7733,(#7737,#7744),.PCURVE_S1.);
#7733 = LINE('',#7734,#7735);
#7734 = CARTESIAN_POINT('',(-74.18410756016,4.,0.815892439831));
#7735 = VECTOR('',#7736,1.);
#7736 = DIRECTION('',(-0.707106781187,-7.850462293419E-17,0.707106781187
    ));
#7737 = PCURVE('',#3068,#7738);
#7738 = DEFINITIONAL_REPRESENTATION('',(#7739),#7743);
#7739 = LINE('',#7740,#7741);
#7740 = CARTESIAN_POINT('',(0.815892439831,-0.815892439831));
#7741 = VECTOR('',#7742,1.);
#7742 = DIRECTION('',(-0.707106781187,-0.707106781187));
#7743 = ( GEOMETRIC_REPRESENTATION_CONTEXT(2) 
PARAMETRIC_REPRESENTATION_CONTEXT() REPRESENTATION_CONTEXT('2D SPACE',''
  ) );
#7744 = PCURVE('',#3039,#7745);
#7745 = DEFINITIONAL_REPRESENTATION('',(#7746),#7750);
#7746 = LINE('',#7747,#7748);
#7747 = CARTESIAN_POINT('',(0.138728375361,-7.993605777301E-15));
#7748 = VECTOR('',#7749,1.);
#7749 = DIRECTION('',(5.551115123126E-17,1.));
#7750 = ( GEOMETRIC_REPRESENTATION_CONTEXT(2) 
PARAMETRIC_REPRESENTATION_CONTEXT() REPRESENTATION_CONTEXT('2D SPACE',''
  ) );
#7751 = ORIENTED_EDGE('',*,*,#7680,.T.);
#7752 = ADVANCED_FACE('',(#7753),#3039,.T.);
#7753 = FACE_BOUND('',#7754,.T.);
#7754 = EDGE_LOOP('',(#7755,#7776,#7777,#7778,#7779));
#7755 = ORIENTED_EDGE('',*,*,#7756,.F.);
#7756 = EDGE_CURVE('',#5901,#2988,#7757,.T.);
#7757 = SURFACE_CURVE('',#7758,(#7762,#7769),.PCURVE_S1.);
#7758 = LINE('',#7759,#7760);
#7759 = CARTESIAN_POINT('',(-75.,2.8,3.10862446895E-16));
#7760 = VECTOR('',#7761,1.);
#7761 = DIRECTION('',(0.707106781187,7.850462293419E-17,-0.707106781187)
  );
#7762 = PCURVE('',#3039,#7763);
#7763 = DEFINITIONAL_REPRESENTATION('',(#7764),#7768);
#7764 = LINE('',#7765,#7766);
#7765 = CARTESIAN_POINT('',(1.803468879687,-6.328271240363E-15));
#7766 = VECTOR('',#7767,1.);
#7767 = DIRECTION('',(-5.551115123126E-17,-1.));
#7768 = ( GEOMETRIC_REPRESENTATION_CONTEXT(2) 
PARAMETRIC_REPRESENTATION_CONTEXT() REPRESENTATION_CONTEXT('2D SPACE',''
  ) );
#7769 = PCURVE('',#3007,#7770);
#7770 = DEFINITIONAL_REPRESENTATION('',(#7771),#7775);
#7771 = LINE('',#7772,#7773);
#7772 = CARTESIAN_POINT('',(0.,0.));
#7773 = VECTOR('',#7774,1.);
#7774 = DIRECTION('',(5.551115123126E-17,-1.));
#7775 = ( GEOMETRIC_REPRESENTATION_CONTEXT(2) 
PARAMETRIC_REPRESENTATION_CONTEXT() REPRESENTATION_CONTEXT('2D SPACE',''
  ) );
#7776 = ORIENTED_EDGE('',*,*,#5900,.F.);
#7777 = ORIENTED_EDGE('',*,*,#7703,.F.);
#7778 = ORIENTED_EDGE('',*,*,#7731,.F.);
#7779 = ORIENTED_EDGE('',*,*,#3019,.T.);
#7780 = ADVANCED_FACE('',(#7781),#3007,.T.);
#7781 = FACE_BOUND('',#7782,.T.);
#7782 = EDGE_LOOP('',(#7783,#7806,#7827,#7828,#7829));
#7783 = ORIENTED_EDGE('',*,*,#7784,.F.);
#7784 = EDGE_CURVE('',#7785,#2959,#7787,.T.);
#7785 = VERTEX_POINT('',#7786);
#7786 = CARTESIAN_POINT('',(-69.61857408444,4.,-7.013210795216));
#7787 = SURFACE_CURVE('',#7788,(#7792,#7799),.PCURVE_S1.);
#7788 = LINE('',#7789,#7790);
#7789 = CARTESIAN_POINT('',(-75.81589243983,4.,-0.815892439831));
#7790 = VECTOR('',#7791,1.);
#7791 = DIRECTION('',(0.707106781187,7.850462293419E-17,-0.707106781187)
  );
#7792 = PCURVE('',#3007,#7793);
#7793 = DEFINITIONAL_REPRESENTATION('',(#7794),#7798);
#7794 = LINE('',#7795,#7796);
#7795 = CARTESIAN_POINT('',(1.664740504327,1.7763568394E-15));
#7796 = VECTOR('',#7797,1.);
#7797 = DIRECTION('',(5.551115123126E-17,-1.));
#7798 = ( GEOMETRIC_REPRESENTATION_CONTEXT(2) 
PARAMETRIC_REPRESENTATION_CONTEXT() REPRESENTATION_CONTEXT('2D SPACE',''
  ) );
#7799 = PCURVE('',#2975,#7800);
#7800 = DEFINITIONAL_REPRESENTATION('',(#7801),#7805);
#7801 = LINE('',#7802,#7803);
#7802 = CARTESIAN_POINT('',(-0.815892439831,0.815892439831));
#7803 = VECTOR('',#7804,1.);
#7804 = DIRECTION('',(0.707106781187,0.707106781187));
#7805 = ( GEOMETRIC_REPRESENTATION_CONTEXT(2) 
PARAMETRIC_REPRESENTATION_CONTEXT() REPRESENTATION_CONTEXT('2D SPACE',''
  ) );
#7806 = ORIENTED_EDGE('',*,*,#7807,.T.);
#7807 = EDGE_CURVE('',#7785,#5928,#7808,.T.);
#7808 = SURFACE_CURVE('',#7809,(#7813,#7820),.PCURVE_S1.);
#7809 = LINE('',#7810,#7811);
#7810 = CARTESIAN_POINT('',(-74.89849392031,2.822634762149,
    -0.132285298541));
#7811 = VECTOR('',#7812,1.);
#7812 = DIRECTION('',(-0.603228856751,-0.134513535903,0.786143151749));
#7813 = PCURVE('',#3007,#7814);
#7814 = DEFINITIONAL_REPRESENTATION('',(#7815),#7819);
#7815 = LINE('',#7816,#7817);
#7816 = CARTESIAN_POINT('',(3.140083779588E-02,-0.165315468926));
#7817 = VECTOR('',#7818,1.);
#7818 = DIRECTION('',(-0.186608442998,0.982434368801));
#7819 = ( GEOMETRIC_REPRESENTATION_CONTEXT(2) 
PARAMETRIC_REPRESENTATION_CONTEXT() REPRESENTATION_CONTEXT('2D SPACE',''
  ) );
#7820 = PCURVE('',#2946,#7821);
#7821 = DEFINITIONAL_REPRESENTATION('',(#7822),#7826);
#7822 = LINE('',#7823,#7824);
#7823 = CARTESIAN_POINT('',(1.772068041891,-0.165315468926));
#7824 = VECTOR('',#7825,1.);
#7825 = DIRECTION('',(0.186608442998,0.982434368801));
#7826 = ( GEOMETRIC_REPRESENTATION_CONTEXT(2) 
PARAMETRIC_REPRESENTATION_CONTEXT() REPRESENTATION_CONTEXT('2D SPACE',''
  ) );
#7827 = ORIENTED_EDGE('',*,*,#5927,.F.);
#7828 = ORIENTED_EDGE('',*,*,#7756,.T.);
#7829 = ORIENTED_EDGE('',*,*,#2987,.T.);
#7830 = ADVANCED_FACE('',(#7831),#2975,.T.);
#7831 = FACE_BOUND('',#7832,.T.);
#7832 = EDGE_LOOP('',(#7833,#7834,#7835));
#7833 = ORIENTED_EDGE('',*,*,#7784,.T.);
#7834 = ORIENTED_EDGE('',*,*,#2958,.T.);
#7835 = ORIENTED_EDGE('',*,*,#7836,.T.);
#7836 = EDGE_CURVE('',#2927,#7785,#7837,.T.);
#7837 = SURFACE_CURVE('',#7838,(#7842,#7849),.PCURVE_S1.);
#7838 = LINE('',#7839,#7840);
#7839 = CARTESIAN_POINT('',(-74.00073991871,4.,0.576923076923));
#7840 = VECTOR('',#7841,1.);
#7841 = DIRECTION('',(-0.5,-9.614813431918E-17,0.866025403784));
#7842 = PCURVE('',#2975,#7843);
#7843 = DEFINITIONAL_REPRESENTATION('',(#7844),#7848);
#7844 = LINE('',#7845,#7846);
#7845 = CARTESIAN_POINT('',(0.99926008129,-0.576923076923));
#7846 = VECTOR('',#7847,1.);
#7847 = DIRECTION('',(-0.5,-0.866025403784));
#7848 = ( GEOMETRIC_REPRESENTATION_CONTEXT(2) 
PARAMETRIC_REPRESENTATION_CONTEXT() REPRESENTATION_CONTEXT('2D SPACE',''
  ) );
#7849 = PCURVE('',#2946,#7850);
#7850 = DEFINITIONAL_REPRESENTATION('',(#7851),#7855);
#7851 = LINE('',#7852,#7853);
#7852 = CARTESIAN_POINT('',(0.138728375361,5.710709682916E-15));
#7853 = VECTOR('',#7854,1.);
#7854 = DIRECTION('',(0.,1.));
#7855 = ( GEOMETRIC_REPRESENTATION_CONTEXT(2) 
PARAMETRIC_REPRESENTATION_CONTEXT() REPRESENTATION_CONTEXT('2D SPACE',''
  ) );
#7856 = ADVANCED_FACE('',(#7857),#2946,.T.);
#7857 = FACE_BOUND('',#7858,.T.);
#7858 = EDGE_LOOP('',(#7859,#7880,#7881,#7882,#7883));
#7859 = ORIENTED_EDGE('',*,*,#7860,.F.);
#7860 = EDGE_CURVE('',#5955,#2895,#7861,.T.);
#7861 = SURFACE_CURVE('',#7862,(#7866,#7873),.PCURVE_S1.);
#7862 = LINE('',#7863,#7864);
#7863 = CARTESIAN_POINT('',(-75.,2.8,3.10862446895E-16));
#7864 = VECTOR('',#7865,1.);
#7865 = DIRECTION('',(0.5,9.614813431918E-17,-0.866025403784));
#7866 = PCURVE('',#2946,#7867);
#7867 = DEFINITIONAL_REPRESENTATION('',(#7868),#7872);
#7868 = LINE('',#7869,#7870);
#7869 = CARTESIAN_POINT('',(1.803468879687,3.330669073875E-15));
#7870 = VECTOR('',#7871,1.);
#7871 = DIRECTION('',(0.,-1.));
#7872 = ( GEOMETRIC_REPRESENTATION_CONTEXT(2) 
PARAMETRIC_REPRESENTATION_CONTEXT() REPRESENTATION_CONTEXT('2D SPACE',''
  ) );
#7873 = PCURVE('',#2914,#7874);
#7874 = DEFINITIONAL_REPRESENTATION('',(#7875),#7879);
#7875 = LINE('',#7876,#7877);
#7876 = CARTESIAN_POINT('',(0.,0.));
#7877 = VECTOR('',#7878,1.);
#7878 = DIRECTION('',(0.,-1.));
#7879 = ( GEOMETRIC_REPRESENTATION_CONTEXT(2) 
PARAMETRIC_REPRESENTATION_CONTEXT() REPRESENTATION_CONTEXT('2D SPACE',''
  ) );
#7880 = ORIENTED_EDGE('',*,*,#5954,.F.);
#7881 = ORIENTED_EDGE('',*,*,#7807,.F.);
#7882 = ORIENTED_EDGE('',*,*,#7836,.F.);
#7883 = ORIENTED_EDGE('',*,*,#2926,.T.);
#7884 = ADVANCED_FACE('',(#7885),#2914,.T.);
#7885 = FACE_BOUND('',#7886,.T.);
#7886 = EDGE_LOOP('',(#7887,#7910,#7931,#7932,#7933));
#7887 = ORIENTED_EDGE('',*,*,#7888,.F.);
#7888 = EDGE_CURVE('',#7889,#2866,#7891,.T.);
#7889 = VERTEX_POINT('',#7890);
#7890 = CARTESIAN_POINT('',(-71.61709424702,4.,-8.167056949062));
#7891 = SURFACE_CURVE('',#7892,(#7896,#7903),.PCURVE_S1.);
#7892 = LINE('',#7893,#7894);
#7893 = CARTESIAN_POINT('',(-75.99926008129,4.,-0.576923076923));
#7894 = VECTOR('',#7895,1.);
#7895 = DIRECTION('',(0.5,9.614813431918E-17,-0.866025403784));
#7896 = PCURVE('',#2914,#7897);
#7897 = DEFINITIONAL_REPRESENTATION('',(#7898),#7902);
#7898 = LINE('',#7899,#7900);
#7899 = CARTESIAN_POINT('',(1.664740504327,-2.498001805407E-15));
#7900 = VECTOR('',#7901,1.);
#7901 = DIRECTION('',(0.,-1.));
#7902 = ( GEOMETRIC_REPRESENTATION_CONTEXT(2) 
PARAMETRIC_REPRESENTATION_CONTEXT() REPRESENTATION_CONTEXT('2D SPACE',''
  ) );
#7903 = PCURVE('',#2882,#7904);
#7904 = DEFINITIONAL_REPRESENTATION('',(#7905),#7909);
#7905 = LINE('',#7906,#7907);
#7906 = CARTESIAN_POINT('',(-0.99926008129,0.576923076923));
#7907 = VECTOR('',#7908,1.);
#7908 = DIRECTION('',(0.5,0.866025403784));
#7909 = ( GEOMETRIC_REPRESENTATION_CONTEXT(2) 
PARAMETRIC_REPRESENTATION_CONTEXT() REPRESENTATION_CONTEXT('2D SPACE',''
  ) );
#7910 = ORIENTED_EDGE('',*,*,#7911,.T.);
#7911 = EDGE_CURVE('',#7889,#5982,#7912,.T.);
#7912 = SURFACE_CURVE('',#7913,(#7917,#7924),.PCURVE_S1.);
#7913 = LINE('',#7914,#7915);
#7914 = CARTESIAN_POINT('',(-74.93619061075,2.822634762149,
    -0.154049492915));
#7915 = VECTOR('',#7916,1.);
#7916 = DIRECTION('',(-0.37920551205,-0.134513535903,0.915483090117));
#7917 = PCURVE('',#2914,#7918);
#7918 = DEFINITIONAL_REPRESENTATION('',(#7919),#7923);
#7919 = LINE('',#7920,#7921);
#7920 = CARTESIAN_POINT('',(3.140083779588E-02,-0.165315468926));
#7921 = VECTOR('',#7922,1.);
#7922 = DIRECTION('',(-0.186608442998,0.982434368801));
#7923 = ( GEOMETRIC_REPRESENTATION_CONTEXT(2) 
PARAMETRIC_REPRESENTATION_CONTEXT() REPRESENTATION_CONTEXT('2D SPACE',''
  ) );
#7924 = PCURVE('',#2853,#7925);
#7925 = DEFINITIONAL_REPRESENTATION('',(#7926),#7930);
#7926 = LINE('',#7927,#7928);
#7927 = CARTESIAN_POINT('',(1.772068041891,-0.165315468926));
#7928 = VECTOR('',#7929,1.);
#7929 = DIRECTION('',(0.186608442998,0.982434368801));
#7930 = ( GEOMETRIC_REPRESENTATION_CONTEXT(2) 
PARAMETRIC_REPRESENTATION_CONTEXT() REPRESENTATION_CONTEXT('2D SPACE',''
  ) );
#7931 = ORIENTED_EDGE('',*,*,#5981,.F.);
#7932 = ORIENTED_EDGE('',*,*,#7860,.T.);
#7933 = ORIENTED_EDGE('',*,*,#2894,.T.);
#7934 = ADVANCED_FACE('',(#7935),#2882,.T.);
#7935 = FACE_BOUND('',#7936,.T.);
#7936 = EDGE_LOOP('',(#7937,#7958,#7959));
#7937 = ORIENTED_EDGE('',*,*,#7938,.T.);
#7938 = EDGE_CURVE('',#2834,#7889,#7939,.T.);
#7939 = SURFACE_CURVE('',#7940,(#7944,#7951),.PCURVE_S1.);
#7940 = LINE('',#7941,#7942);
#7941 = CARTESIAN_POINT('',(-73.88547020043,4.,0.298637359734));
#7942 = VECTOR('',#7943,1.);
#7943 = DIRECTION('',(-0.258819045103,-1.072393092426E-16,0.965925826289
    ));
#7944 = PCURVE('',#2882,#7945);
#7945 = DEFINITIONAL_REPRESENTATION('',(#7946),#7950);
#7946 = LINE('',#7947,#7948);
#7947 = CARTESIAN_POINT('',(1.114529799564,-0.298637359734));
#7948 = VECTOR('',#7949,1.);
#7949 = DIRECTION('',(-0.258819045103,-0.965925826289));
#7950 = ( GEOMETRIC_REPRESENTATION_CONTEXT(2) 
PARAMETRIC_REPRESENTATION_CONTEXT() REPRESENTATION_CONTEXT('2D SPACE',''
  ) );
#7951 = PCURVE('',#2853,#7952);
#7952 = DEFINITIONAL_REPRESENTATION('',(#7953),#7957);
#7953 = LINE('',#7954,#7955);
#7954 = CARTESIAN_POINT('',(0.138728375361,2.029626466893E-15));
#7955 = VECTOR('',#7956,1.);
#7956 = DIRECTION('',(0.,1.));
#7957 = ( GEOMETRIC_REPRESENTATION_CONTEXT(2) 
PARAMETRIC_REPRESENTATION_CONTEXT() REPRESENTATION_CONTEXT('2D SPACE',''
  ) );
#7958 = ORIENTED_EDGE('',*,*,#7888,.T.);
#7959 = ORIENTED_EDGE('',*,*,#2865,.T.);
#7960 = ADVANCED_FACE('',(#7961),#2853,.T.);
#7961 = FACE_BOUND('',#7962,.T.);
#7962 = EDGE_LOOP('',(#7963,#7984,#7985,#7986,#7987));
#7963 = ORIENTED_EDGE('',*,*,#7964,.F.);
#7964 = EDGE_CURVE('',#6009,#2802,#7965,.T.);
#7965 = SURFACE_CURVE('',#7966,(#7970,#7977),.PCURVE_S1.);
#7966 = LINE('',#7967,#7968);
#7967 = CARTESIAN_POINT('',(-75.,2.8,3.10862446895E-16));
#7968 = VECTOR('',#7969,1.);
#7969 = DIRECTION('',(0.258819045103,1.072393092426E-16,-0.965925826289)
  );
#7970 = PCURVE('',#2853,#7971);
#7971 = DEFINITIONAL_REPRESENTATION('',(#7972),#7976);
#7972 = LINE('',#7973,#7974);
#7973 = CARTESIAN_POINT('',(1.803468879687,1.609823385706E-15));
#7974 = VECTOR('',#7975,1.);
#7975 = DIRECTION('',(0.,-1.));
#7976 = ( GEOMETRIC_REPRESENTATION_CONTEXT(2) 
PARAMETRIC_REPRESENTATION_CONTEXT() REPRESENTATION_CONTEXT('2D SPACE',''
  ) );
#7977 = PCURVE('',#2821,#7978);
#7978 = DEFINITIONAL_REPRESENTATION('',(#7979),#7983);
#7979 = LINE('',#7980,#7981);
#7980 = CARTESIAN_POINT('',(0.,0.));
#7981 = VECTOR('',#7982,1.);
#7982 = DIRECTION('',(-2.775557561563E-17,-1.));
#7983 = ( GEOMETRIC_REPRESENTATION_CONTEXT(2) 
PARAMETRIC_REPRESENTATION_CONTEXT() REPRESENTATION_CONTEXT('2D SPACE',''
  ) );
#7984 = ORIENTED_EDGE('',*,*,#6008,.F.);
#7985 = ORIENTED_EDGE('',*,*,#7911,.F.);
#7986 = ORIENTED_EDGE('',*,*,#7938,.F.);
#7987 = ORIENTED_EDGE('',*,*,#2833,.T.);
#7988 = ADVANCED_FACE('',(#7989),#2821,.T.);
#7989 = FACE_BOUND('',#7990,.T.);
#7990 = EDGE_LOOP('',(#7991,#8014,#8035,#8036,#8037));
#7991 = ORIENTED_EDGE('',*,*,#7992,.F.);
#7992 = EDGE_CURVE('',#7993,#2773,#7995,.T.);
#7993 = VERTEX_POINT('',#7994);
#7994 = CARTESIAN_POINT('',(-73.84615384615,4.,-8.764331668529));
#7995 = SURFACE_CURVE('',#7996,(#8000,#8007),.PCURVE_S1.);
#7996 = LINE('',#7997,#7998);
#7997 = CARTESIAN_POINT('',(-76.11452979956,4.,-0.298637359734));
#7998 = VECTOR('',#7999,1.);
#7999 = DIRECTION('',(0.258819045103,1.072393092426E-16,-0.965925826289)
  );
#8000 = PCURVE('',#2821,#8001);
#8001 = DEFINITIONAL_REPRESENTATION('',(#8002),#8006);
#8002 = LINE('',#8003,#8004);
#8003 = CARTESIAN_POINT('',(1.664740504327,-3.330669073875E-16));
#8004 = VECTOR('',#8005,1.);
#8005 = DIRECTION('',(-2.775557561563E-17,-1.));
#8006 = ( GEOMETRIC_REPRESENTATION_CONTEXT(2) 
PARAMETRIC_REPRESENTATION_CONTEXT() REPRESENTATION_CONTEXT('2D SPACE',''
  ) );
#8007 = PCURVE('',#2789,#8008);
#8008 = DEFINITIONAL_REPRESENTATION('',(#8009),#8013);
#8009 = LINE('',#8010,#8011);
#8010 = CARTESIAN_POINT('',(-1.114529799564,0.298637359734));
#8011 = VECTOR('',#8012,1.);
#8012 = DIRECTION('',(0.258819045103,0.965925826289));
#8013 = ( GEOMETRIC_REPRESENTATION_CONTEXT(2) 
PARAMETRIC_REPRESENTATION_CONTEXT() REPRESENTATION_CONTEXT('2D SPACE',''
  ) );
#8014 = ORIENTED_EDGE('',*,*,#8015,.T.);
#8015 = EDGE_CURVE('',#7993,#6036,#8016,.T.);
#8016 = SURFACE_CURVE('',#8017,(#8021,#8028),.PCURVE_S1.);
#8017 = LINE('',#8018,#8019);
#8018 = CARTESIAN_POINT('',(-74.97823580562,2.822634762149,
    -0.165315468926));
#8019 = VECTOR('',#8020,1.);
#8020 = DIRECTION('',(-0.129339938368,-0.134513535903,0.982434368801));
#8021 = PCURVE('',#2821,#8022);
#8022 = DEFINITIONAL_REPRESENTATION('',(#8023),#8027);
#8023 = LINE('',#8024,#8025);
#8024 = CARTESIAN_POINT('',(3.140083779588E-02,-0.165315468926));
#8025 = VECTOR('',#8026,1.);
#8026 = DIRECTION('',(-0.186608442998,0.982434368801));
#8027 = ( GEOMETRIC_REPRESENTATION_CONTEXT(2) 
PARAMETRIC_REPRESENTATION_CONTEXT() REPRESENTATION_CONTEXT('2D SPACE',''
  ) );
#8028 = PCURVE('',#2760,#8029);
#8029 = DEFINITIONAL_REPRESENTATION('',(#8030),#8034);
#8030 = LINE('',#8031,#8032);
#8031 = CARTESIAN_POINT('',(1.772068041891,-0.165315468926));
#8032 = VECTOR('',#8033,1.);
#8033 = DIRECTION('',(0.186608442998,0.982434368801));
#8034 = ( GEOMETRIC_REPRESENTATION_CONTEXT(2) 
PARAMETRIC_REPRESENTATION_CONTEXT() REPRESENTATION_CONTEXT('2D SPACE',''
  ) );
#8035 = ORIENTED_EDGE('',*,*,#6035,.F.);
#8036 = ORIENTED_EDGE('',*,*,#7964,.T.);
#8037 = ORIENTED_EDGE('',*,*,#2801,.T.);
#8038 = ADVANCED_FACE('',(#8039),#2789,.T.);
#8039 = FACE_BOUND('',#8040,.T.);
#8040 = EDGE_LOOP('',(#8041,#8062,#8063));
#8041 = ORIENTED_EDGE('',*,*,#8042,.T.);
#8042 = EDGE_CURVE('',#2741,#7993,#8043,.T.);
#8043 = SURFACE_CURVE('',#8044,(#8048,#8055),.PCURVE_S1.);
#8044 = LINE('',#8045,#8046);
#8045 = CARTESIAN_POINT('',(-73.84615384615,4.,5.721918665376E-16));
#8046 = VECTOR('',#8047,1.);
#8047 = DIRECTION('',(-1.110223024625E-16,-1.110223024625E-16,1.));
#8048 = PCURVE('',#2789,#8049);
#8049 = DEFINITIONAL_REPRESENTATION('',(#8050),#8054);
#8050 = LINE('',#8051,#8052);
#8051 = CARTESIAN_POINT('',(1.153846153846,-1.281026566875E-16));
#8052 = VECTOR('',#8053,1.);
#8053 = DIRECTION('',(-1.110223024625E-16,-1.));
#8054 = ( GEOMETRIC_REPRESENTATION_CONTEXT(2) 
PARAMETRIC_REPRESENTATION_CONTEXT() REPRESENTATION_CONTEXT('2D SPACE',''
  ) );
#8055 = PCURVE('',#2760,#8056);
#8056 = DEFINITIONAL_REPRESENTATION('',(#8057),#8061);
#8057 = LINE('',#8058,#8059);
#8058 = CARTESIAN_POINT('',(0.138728375361,-1.084683744679E-30));
#8059 = VECTOR('',#8060,1.);
#8060 = DIRECTION('',(0.,1.));
#8061 = ( GEOMETRIC_REPRESENTATION_CONTEXT(2) 
PARAMETRIC_REPRESENTATION_CONTEXT() REPRESENTATION_CONTEXT('2D SPACE',''
  ) );
#8062 = ORIENTED_EDGE('',*,*,#7992,.T.);
#8063 = ORIENTED_EDGE('',*,*,#2772,.T.);
#8064 = ADVANCED_FACE('',(#8065),#2760,.T.);
#8065 = FACE_BOUND('',#8066,.T.);
#8066 = EDGE_LOOP('',(#8067,#8088,#8089,#8090,#8091));
#8067 = ORIENTED_EDGE('',*,*,#8068,.F.);
#8068 = EDGE_CURVE('',#6063,#2709,#8069,.T.);
#8069 = SURFACE_CURVE('',#8070,(#8074,#8081),.PCURVE_S1.);
#8070 = LINE('',#8071,#8072);
#8071 = CARTESIAN_POINT('',(-75.,2.8,3.10862446895E-16));
#8072 = VECTOR('',#8073,1.);
#8073 = DIRECTION('',(1.110223024625E-16,1.110223024625E-16,-1.));
#8074 = PCURVE('',#2760,#8075);
#8075 = DEFINITIONAL_REPRESENTATION('',(#8076),#8080);
#8076 = LINE('',#8077,#8078);
#8077 = CARTESIAN_POINT('',(1.803468879687,0.));
#8078 = VECTOR('',#8079,1.);
#8079 = DIRECTION('',(0.,-1.));
#8080 = ( GEOMETRIC_REPRESENTATION_CONTEXT(2) 
PARAMETRIC_REPRESENTATION_CONTEXT() REPRESENTATION_CONTEXT('2D SPACE',''
  ) );
#8081 = PCURVE('',#2728,#8082);
#8082 = DEFINITIONAL_REPRESENTATION('',(#8083),#8087);
#8083 = LINE('',#8084,#8085);
#8084 = CARTESIAN_POINT('',(0.,0.));
#8085 = VECTOR('',#8086,1.);
#8086 = DIRECTION('',(0.,-1.));
#8087 = ( GEOMETRIC_REPRESENTATION_CONTEXT(2) 
PARAMETRIC_REPRESENTATION_CONTEXT() REPRESENTATION_CONTEXT('2D SPACE',''
  ) );
#8088 = ORIENTED_EDGE('',*,*,#6062,.F.);
#8089 = ORIENTED_EDGE('',*,*,#8015,.F.);
#8090 = ORIENTED_EDGE('',*,*,#8042,.F.);
#8091 = ORIENTED_EDGE('',*,*,#2740,.T.);
#8092 = ADVANCED_FACE('',(#8093),#2728,.T.);
#8093 = FACE_BOUND('',#8094,.T.);
#8094 = EDGE_LOOP('',(#8095,#8118,#8139,#8140,#8141));
#8095 = ORIENTED_EDGE('',*,*,#8096,.F.);
#8096 = EDGE_CURVE('',#8097,#2680,#8099,.T.);
#8097 = VERTEX_POINT('',#8098);
#8098 = CARTESIAN_POINT('',(-76.15384615384,4.,-8.764331668529));
#8099 = SURFACE_CURVE('',#8100,(#8104,#8111),.PCURVE_S1.);
#8100 = LINE('',#8101,#8102);
#8101 = CARTESIAN_POINT('',(-76.15384615384,4.,3.159865531625E-16));
#8102 = VECTOR('',#8103,1.);
#8103 = DIRECTION('',(1.110223024625E-16,1.110223024625E-16,-1.));
#8104 = PCURVE('',#2728,#8105);
#8105 = DEFINITIONAL_REPRESENTATION('',(#8106),#8110);
#8106 = LINE('',#8107,#8108);
#8107 = CARTESIAN_POINT('',(1.664740504327,1.084683744679E-30));
#8108 = VECTOR('',#8109,1.);
#8109 = DIRECTION('',(0.,-1.));
#8110 = ( GEOMETRIC_REPRESENTATION_CONTEXT(2) 
PARAMETRIC_REPRESENTATION_CONTEXT() REPRESENTATION_CONTEXT('2D SPACE',''
  ) );
#8111 = PCURVE('',#2696,#8112);
#8112 = DEFINITIONAL_REPRESENTATION('',(#8113),#8117);
#8113 = LINE('',#8114,#8115);
#8114 = CARTESIAN_POINT('',(-1.153846153846,1.281026566875E-16));
#8115 = VECTOR('',#8116,1.);
#8116 = DIRECTION('',(1.110223024625E-16,1.));
#8117 = ( GEOMETRIC_REPRESENTATION_CONTEXT(2) 
PARAMETRIC_REPRESENTATION_CONTEXT() REPRESENTATION_CONTEXT('2D SPACE',''
  ) );
#8118 = ORIENTED_EDGE('',*,*,#8119,.T.);
#8119 = EDGE_CURVE('',#8097,#6090,#8120,.T.);
#8120 = SURFACE_CURVE('',#8121,(#8125,#8132),.PCURVE_S1.);
#8121 = LINE('',#8122,#8123);
#8122 = CARTESIAN_POINT('',(-75.02176419437,2.822634762149,
    -0.165315468926));
#8123 = VECTOR('',#8124,1.);
#8124 = DIRECTION('',(0.129339938368,-0.134513535903,0.982434368801));
#8125 = PCURVE('',#2728,#8126);
#8126 = DEFINITIONAL_REPRESENTATION('',(#8127),#8131);
#8127 = LINE('',#8128,#8129);
#8128 = CARTESIAN_POINT('',(3.140083779588E-02,-0.165315468926));
#8129 = VECTOR('',#8130,1.);
#8130 = DIRECTION('',(-0.186608442998,0.982434368801));
#8131 = ( GEOMETRIC_REPRESENTATION_CONTEXT(2) 
PARAMETRIC_REPRESENTATION_CONTEXT() REPRESENTATION_CONTEXT('2D SPACE',''
  ) );
#8132 = PCURVE('',#2667,#8133);
#8133 = DEFINITIONAL_REPRESENTATION('',(#8134),#8138);
#8134 = LINE('',#8135,#8136);
#8135 = CARTESIAN_POINT('',(1.772068041891,-0.165315468926));
#8136 = VECTOR('',#8137,1.);
#8137 = DIRECTION('',(0.186608442998,0.982434368801));
#8138 = ( GEOMETRIC_REPRESENTATION_CONTEXT(2) 
PARAMETRIC_REPRESENTATION_CONTEXT() REPRESENTATION_CONTEXT('2D SPACE',''
  ) );
#8139 = ORIENTED_EDGE('',*,*,#6089,.F.);
#8140 = ORIENTED_EDGE('',*,*,#8068,.T.);
#8141 = ORIENTED_EDGE('',*,*,#2708,.T.);
#8142 = ADVANCED_FACE('',(#8143),#2696,.T.);
#8143 = FACE_BOUND('',#8144,.T.);
#8144 = EDGE_LOOP('',(#8145,#8146,#8167));
#8145 = ORIENTED_EDGE('',*,*,#2679,.T.);
#8146 = ORIENTED_EDGE('',*,*,#8147,.T.);
#8147 = EDGE_CURVE('',#2648,#8097,#8148,.T.);
#8148 = SURFACE_CURVE('',#8149,(#8153,#8160),.PCURVE_S1.);
#8149 = LINE('',#8150,#8151);
#8150 = CARTESIAN_POINT('',(-73.88547020043,4.,-0.298637359734));
#8151 = VECTOR('',#8152,1.);
#8152 = DIRECTION('',(0.258819045103,-1.072393092426E-16,0.965925826289)
  );
#8153 = PCURVE('',#2696,#8154);
#8154 = DEFINITIONAL_REPRESENTATION('',(#8155),#8159);
#8155 = LINE('',#8156,#8157);
#8156 = CARTESIAN_POINT('',(1.114529799564,0.298637359734));
#8157 = VECTOR('',#8158,1.);
#8158 = DIRECTION('',(0.258819045103,-0.965925826289));
#8159 = ( GEOMETRIC_REPRESENTATION_CONTEXT(2) 
PARAMETRIC_REPRESENTATION_CONTEXT() REPRESENTATION_CONTEXT('2D SPACE',''
  ) );
#8160 = PCURVE('',#2667,#8161);
#8161 = DEFINITIONAL_REPRESENTATION('',(#8162),#8166);
#8162 = LINE('',#8163,#8164);
#8163 = CARTESIAN_POINT('',(0.138728375361,-2.008809785181E-15));
#8164 = VECTOR('',#8165,1.);
#8165 = DIRECTION('',(-2.775557561563E-17,1.));
#8166 = ( GEOMETRIC_REPRESENTATION_CONTEXT(2) 
PARAMETRIC_REPRESENTATION_CONTEXT() REPRESENTATION_CONTEXT('2D SPACE',''
  ) );
#8167 = ORIENTED_EDGE('',*,*,#8096,.T.);
#8168 = ADVANCED_FACE('',(#8169),#2667,.T.);
#8169 = FACE_BOUND('',#8170,.T.);
#8170 = EDGE_LOOP('',(#8171,#8192,#8193,#8194,#8195));
#8171 = ORIENTED_EDGE('',*,*,#8172,.F.);
#8172 = EDGE_CURVE('',#6117,#2616,#8173,.T.);
#8173 = SURFACE_CURVE('',#8174,(#8178,#8185),.PCURVE_S1.);
#8174 = LINE('',#8175,#8176);
#8175 = CARTESIAN_POINT('',(-75.,2.8,3.10862446895E-16));
#8176 = VECTOR('',#8177,1.);
#8177 = DIRECTION('',(-0.258819045103,1.072393092426E-16,-0.965925826289
    ));
#8178 = PCURVE('',#2667,#8179);
#8179 = DEFINITIONAL_REPRESENTATION('',(#8180),#8184);
#8180 = LINE('',#8181,#8182);
#8181 = CARTESIAN_POINT('',(1.803468879687,-1.554312234475E-15));
#8182 = VECTOR('',#8183,1.);
#8183 = DIRECTION('',(2.775557561563E-17,-1.));
#8184 = ( GEOMETRIC_REPRESENTATION_CONTEXT(2) 
PARAMETRIC_REPRESENTATION_CONTEXT() REPRESENTATION_CONTEXT('2D SPACE',''
  ) );
#8185 = PCURVE('',#2635,#8186);
#8186 = DEFINITIONAL_REPRESENTATION('',(#8187),#8191);
#8187 = LINE('',#8188,#8189);
#8188 = CARTESIAN_POINT('',(0.,0.));
#8189 = VECTOR('',#8190,1.);
#8190 = DIRECTION('',(0.,-1.));
#8191 = ( GEOMETRIC_REPRESENTATION_CONTEXT(2) 
PARAMETRIC_REPRESENTATION_CONTEXT() REPRESENTATION_CONTEXT('2D SPACE',''
  ) );
#8192 = ORIENTED_EDGE('',*,*,#6116,.F.);
#8193 = ORIENTED_EDGE('',*,*,#8119,.F.);
#8194 = ORIENTED_EDGE('',*,*,#8147,.F.);
#8195 = ORIENTED_EDGE('',*,*,#2647,.T.);
#8196 = ADVANCED_FACE('',(#8197),#2635,.T.);
#8197 = FACE_BOUND('',#8198,.T.);
#8198 = EDGE_LOOP('',(#8199,#8222,#8243,#8244,#8245));
#8199 = ORIENTED_EDGE('',*,*,#8200,.F.);
#8200 = EDGE_CURVE('',#8201,#2587,#8203,.T.);
#8201 = VERTEX_POINT('',#8202);
#8202 = CARTESIAN_POINT('',(-78.38290575297,4.,-8.167056949062));
#8203 = SURFACE_CURVE('',#8204,(#8208,#8215),.PCURVE_S1.);
#8204 = LINE('',#8205,#8206);
#8205 = CARTESIAN_POINT('',(-76.11452979956,4.,0.298637359734));
#8206 = VECTOR('',#8207,1.);
#8207 = DIRECTION('',(-0.258819045103,1.072393092426E-16,-0.965925826289
    ));
#8208 = PCURVE('',#2635,#8209);
#8209 = DEFINITIONAL_REPRESENTATION('',(#8210),#8214);
#8210 = LINE('',#8211,#8212);
#8211 = CARTESIAN_POINT('',(1.664740504327,3.330669073875E-16));
#8212 = VECTOR('',#8213,1.);
#8213 = DIRECTION('',(0.,-1.));
#8214 = ( GEOMETRIC_REPRESENTATION_CONTEXT(2) 
PARAMETRIC_REPRESENTATION_CONTEXT() REPRESENTATION_CONTEXT('2D SPACE',''
  ) );
#8215 = PCURVE('',#2603,#8216);
#8216 = DEFINITIONAL_REPRESENTATION('',(#8217),#8221);
#8217 = LINE('',#8218,#8219);
#8218 = CARTESIAN_POINT('',(-1.114529799564,-0.298637359734));
#8219 = VECTOR('',#8220,1.);
#8220 = DIRECTION('',(-0.258819045103,0.965925826289));
#8221 = ( GEOMETRIC_REPRESENTATION_CONTEXT(2) 
PARAMETRIC_REPRESENTATION_CONTEXT() REPRESENTATION_CONTEXT('2D SPACE',''
  ) );
#8222 = ORIENTED_EDGE('',*,*,#8223,.T.);
#8223 = EDGE_CURVE('',#8201,#6144,#8224,.T.);
#8224 = SURFACE_CURVE('',#8225,(#8229,#8236),.PCURVE_S1.);
#8225 = LINE('',#8226,#8227);
#8226 = CARTESIAN_POINT('',(-75.06380938924,2.822634762149,
    -0.154049492915));
#8227 = VECTOR('',#8228,1.);
#8228 = DIRECTION('',(0.37920551205,-0.134513535903,0.915483090117));
#8229 = PCURVE('',#2635,#8230);
#8230 = DEFINITIONAL_REPRESENTATION('',(#8231),#8235);
#8231 = LINE('',#8232,#8233);
#8232 = CARTESIAN_POINT('',(3.140083779587E-02,-0.165315468926));
#8233 = VECTOR('',#8234,1.);
#8234 = DIRECTION('',(-0.186608442998,0.982434368801));
#8235 = ( GEOMETRIC_REPRESENTATION_CONTEXT(2) 
PARAMETRIC_REPRESENTATION_CONTEXT() REPRESENTATION_CONTEXT('2D SPACE',''
  ) );
#8236 = PCURVE('',#2574,#8237);
#8237 = DEFINITIONAL_REPRESENTATION('',(#8238),#8242);
#8238 = LINE('',#8239,#8240);
#8239 = CARTESIAN_POINT('',(1.772068041891,-0.165315468926));
#8240 = VECTOR('',#8241,1.);
#8241 = DIRECTION('',(0.186608442998,0.982434368801));
#8242 = ( GEOMETRIC_REPRESENTATION_CONTEXT(2) 
PARAMETRIC_REPRESENTATION_CONTEXT() REPRESENTATION_CONTEXT('2D SPACE',''
  ) );
#8243 = ORIENTED_EDGE('',*,*,#6143,.F.);
#8244 = ORIENTED_EDGE('',*,*,#8172,.T.);
#8245 = ORIENTED_EDGE('',*,*,#2615,.T.);
#8246 = ADVANCED_FACE('',(#8247),#2603,.T.);
#8247 = FACE_BOUND('',#8248,.T.);
#8248 = EDGE_LOOP('',(#8249,#8250,#8251));
#8249 = ORIENTED_EDGE('',*,*,#8200,.T.);
#8250 = ORIENTED_EDGE('',*,*,#2586,.T.);
#8251 = ORIENTED_EDGE('',*,*,#8252,.T.);
#8252 = EDGE_CURVE('',#2555,#8201,#8253,.T.);
#8253 = SURFACE_CURVE('',#8254,(#8258,#8265),.PCURVE_S1.);
#8254 = LINE('',#8255,#8256);
#8255 = CARTESIAN_POINT('',(-74.00073991871,4.,-0.576923076923));
#8256 = VECTOR('',#8257,1.);
#8257 = DIRECTION('',(0.5,-9.614813431918E-17,0.866025403784));
#8258 = PCURVE('',#2603,#8259);
#8259 = DEFINITIONAL_REPRESENTATION('',(#8260),#8264);
#8260 = LINE('',#8261,#8262);
#8261 = CARTESIAN_POINT('',(0.99926008129,0.576923076923));
#8262 = VECTOR('',#8263,1.);
#8263 = DIRECTION('',(0.5,-0.866025403784));
#8264 = ( GEOMETRIC_REPRESENTATION_CONTEXT(2) 
PARAMETRIC_REPRESENTATION_CONTEXT() REPRESENTATION_CONTEXT('2D SPACE',''
  ) );
#8265 = PCURVE('',#2574,#8266);
#8266 = DEFINITIONAL_REPRESENTATION('',(#8267),#8271);
#8267 = LINE('',#8268,#8269);
#8268 = CARTESIAN_POINT('',(0.138728375361,-5.759281940243E-15));
#8269 = VECTOR('',#8270,1.);
#8270 = DIRECTION('',(0.,1.));
#8271 = ( GEOMETRIC_REPRESENTATION_CONTEXT(2) 
PARAMETRIC_REPRESENTATION_CONTEXT() REPRESENTATION_CONTEXT('2D SPACE',''
  ) );
#8272 = ADVANCED_FACE('',(#8273),#2574,.T.);
#8273 = FACE_BOUND('',#8274,.T.);
#8274 = EDGE_LOOP('',(#8275,#8296,#8297,#8298,#8299));
#8275 = ORIENTED_EDGE('',*,*,#8276,.F.);
#8276 = EDGE_CURVE('',#6171,#2523,#8277,.T.);
#8277 = SURFACE_CURVE('',#8278,(#8282,#8289),.PCURVE_S1.);
#8278 = LINE('',#8279,#8280);
#8279 = CARTESIAN_POINT('',(-75.,2.8,3.10862446895E-16));
#8280 = VECTOR('',#8281,1.);
#8281 = DIRECTION('',(-0.5,9.614813431918E-17,-0.866025403784));
#8282 = PCURVE('',#2574,#8283);
#8283 = DEFINITIONAL_REPRESENTATION('',(#8284),#8288);
#8284 = LINE('',#8285,#8286);
#8285 = CARTESIAN_POINT('',(1.803468879687,-3.10862446895E-15));
#8286 = VECTOR('',#8287,1.);
#8287 = DIRECTION('',(0.,-1.));
#8288 = ( GEOMETRIC_REPRESENTATION_CONTEXT(2) 
PARAMETRIC_REPRESENTATION_CONTEXT() REPRESENTATION_CONTEXT('2D SPACE',''
  ) );
#8289 = PCURVE('',#2542,#8290);
#8290 = DEFINITIONAL_REPRESENTATION('',(#8291),#8295);
#8291 = LINE('',#8292,#8293);
#8292 = CARTESIAN_POINT('',(0.,0.));
#8293 = VECTOR('',#8294,1.);
#8294 = DIRECTION('',(0.,-1.));
#8295 = ( GEOMETRIC_REPRESENTATION_CONTEXT(2) 
PARAMETRIC_REPRESENTATION_CONTEXT() REPRESENTATION_CONTEXT('2D SPACE',''
  ) );
#8296 = ORIENTED_EDGE('',*,*,#6170,.F.);
#8297 = ORIENTED_EDGE('',*,*,#8223,.F.);
#8298 = ORIENTED_EDGE('',*,*,#8252,.F.);
#8299 = ORIENTED_EDGE('',*,*,#2554,.T.);
#8300 = ADVANCED_FACE('',(#8301),#2542,.T.);
#8301 = FACE_BOUND('',#8302,.T.);
#8302 = EDGE_LOOP('',(#8303,#8326,#8347,#8348,#8349));
#8303 = ORIENTED_EDGE('',*,*,#8304,.F.);
#8304 = EDGE_CURVE('',#8305,#2494,#8307,.T.);
#8305 = VERTEX_POINT('',#8306);
#8306 = CARTESIAN_POINT('',(-80.38142591555,4.,-7.013210795216));
#8307 = SURFACE_CURVE('',#8308,(#8312,#8319),.PCURVE_S1.);
#8308 = LINE('',#8309,#8310);
#8309 = CARTESIAN_POINT('',(-75.99926008129,4.,0.576923076923));
#8310 = VECTOR('',#8311,1.);
#8311 = DIRECTION('',(-0.5,9.614813431918E-17,-0.866025403784));
#8312 = PCURVE('',#2542,#8313);
#8313 = DEFINITIONAL_REPRESENTATION('',(#8314),#8318);
#8314 = LINE('',#8315,#8316);
#8315 = CARTESIAN_POINT('',(1.664740504327,2.609024107869E-15));
#8316 = VECTOR('',#8317,1.);
#8317 = DIRECTION('',(0.,-1.));
#8318 = ( GEOMETRIC_REPRESENTATION_CONTEXT(2) 
PARAMETRIC_REPRESENTATION_CONTEXT() REPRESENTATION_CONTEXT('2D SPACE',''
  ) );
#8319 = PCURVE('',#2510,#8320);
#8320 = DEFINITIONAL_REPRESENTATION('',(#8321),#8325);
#8321 = LINE('',#8322,#8323);
#8322 = CARTESIAN_POINT('',(-0.99926008129,-0.576923076923));
#8323 = VECTOR('',#8324,1.);
#8324 = DIRECTION('',(-0.5,0.866025403784));
#8325 = ( GEOMETRIC_REPRESENTATION_CONTEXT(2) 
PARAMETRIC_REPRESENTATION_CONTEXT() REPRESENTATION_CONTEXT('2D SPACE',''
  ) );
#8326 = ORIENTED_EDGE('',*,*,#8327,.T.);
#8327 = EDGE_CURVE('',#8305,#6198,#8328,.T.);
#8328 = SURFACE_CURVE('',#8329,(#8333,#8340),.PCURVE_S1.);
#8329 = LINE('',#8330,#8331);
#8330 = CARTESIAN_POINT('',(-75.10150607968,2.822634762149,
    -0.132285298541));
#8331 = VECTOR('',#8332,1.);
#8332 = DIRECTION('',(0.603228856751,-0.134513535903,0.786143151749));
#8333 = PCURVE('',#2542,#8334);
#8334 = DEFINITIONAL_REPRESENTATION('',(#8335),#8339);
#8335 = LINE('',#8336,#8337);
#8336 = CARTESIAN_POINT('',(3.140083779587E-02,-0.165315468926));
#8337 = VECTOR('',#8338,1.);
#8338 = DIRECTION('',(-0.186608442998,0.982434368801));
#8339 = ( GEOMETRIC_REPRESENTATION_CONTEXT(2) 
PARAMETRIC_REPRESENTATION_CONTEXT() REPRESENTATION_CONTEXT('2D SPACE',''
  ) );
#8340 = PCURVE('',#2481,#8341);
#8341 = DEFINITIONAL_REPRESENTATION('',(#8342),#8346);
#8342 = LINE('',#8343,#8344);
#8343 = CARTESIAN_POINT('',(1.772068041891,-0.165315468926));
#8344 = VECTOR('',#8345,1.);
#8345 = DIRECTION('',(0.186608442998,0.982434368801));
#8346 = ( GEOMETRIC_REPRESENTATION_CONTEXT(2) 
PARAMETRIC_REPRESENTATION_CONTEXT() REPRESENTATION_CONTEXT('2D SPACE',''
  ) );
#8347 = ORIENTED_EDGE('',*,*,#6197,.F.);
#8348 = ORIENTED_EDGE('',*,*,#8276,.T.);
#8349 = ORIENTED_EDGE('',*,*,#2522,.T.);
#8350 = ADVANCED_FACE('',(#8351),#2510,.T.);
#8351 = FACE_BOUND('',#8352,.T.);
#8352 = EDGE_LOOP('',(#8353,#8374,#8375));
#8353 = ORIENTED_EDGE('',*,*,#8354,.T.);
#8354 = EDGE_CURVE('',#2462,#8305,#8355,.T.);
#8355 = SURFACE_CURVE('',#8356,(#8360,#8367),.PCURVE_S1.);
#8356 = LINE('',#8357,#8358);
#8357 = CARTESIAN_POINT('',(-74.18410756016,4.,-0.815892439831));
#8358 = VECTOR('',#8359,1.);
#8359 = DIRECTION('',(0.707106781187,-7.850462293419E-17,0.707106781187)
  );
#8360 = PCURVE('',#2510,#8361);
#8361 = DEFINITIONAL_REPRESENTATION('',(#8362),#8366);
#8362 = LINE('',#8363,#8364);
#8363 = CARTESIAN_POINT('',(0.815892439831,0.815892439831));
#8364 = VECTOR('',#8365,1.);
#8365 = DIRECTION('',(0.707106781187,-0.707106781187));
#8366 = ( GEOMETRIC_REPRESENTATION_CONTEXT(2) 
PARAMETRIC_REPRESENTATION_CONTEXT() REPRESENTATION_CONTEXT('2D SPACE',''
  ) );
#8367 = PCURVE('',#2481,#8368);
#8368 = DEFINITIONAL_REPRESENTATION('',(#8369),#8373);
#8369 = LINE('',#8370,#8371);
#8370 = CARTESIAN_POINT('',(0.138728375361,-4.621303340002E-15));
#8371 = VECTOR('',#8372,1.);
#8372 = DIRECTION('',(5.551115123126E-17,1.));
#8373 = ( GEOMETRIC_REPRESENTATION_CONTEXT(2) 
PARAMETRIC_REPRESENTATION_CONTEXT() REPRESENTATION_CONTEXT('2D SPACE',''
  ) );
#8374 = ORIENTED_EDGE('',*,*,#8304,.T.);
#8375 = ORIENTED_EDGE('',*,*,#2493,.T.);
#8376 = ADVANCED_FACE('',(#8377),#2481,.T.);
#8377 = FACE_BOUND('',#8378,.T.);
#8378 = EDGE_LOOP('',(#8379,#8400,#8401,#8402,#8403));
#8379 = ORIENTED_EDGE('',*,*,#8380,.F.);
#8380 = EDGE_CURVE('',#6225,#2430,#8381,.T.);
#8381 = SURFACE_CURVE('',#8382,(#8386,#8393),.PCURVE_S1.);
#8382 = LINE('',#8383,#8384);
#8383 = CARTESIAN_POINT('',(-75.,2.8,3.10862446895E-16));
#8384 = VECTOR('',#8385,1.);
#8385 = DIRECTION('',(-0.707106781187,7.850462293419E-17,-0.707106781187
    ));
#8386 = PCURVE('',#2481,#8387);
#8387 = DEFINITIONAL_REPRESENTATION('',(#8388),#8392);
#8388 = LINE('',#8389,#8390);
#8389 = CARTESIAN_POINT('',(1.803468879687,-6.328271240363E-15));
#8390 = VECTOR('',#8391,1.);
#8391 = DIRECTION('',(-5.551115123126E-17,-1.));
#8392 = ( GEOMETRIC_REPRESENTATION_CONTEXT(2) 
PARAMETRIC_REPRESENTATION_CONTEXT() REPRESENTATION_CONTEXT('2D SPACE',''
  ) );
#8393 = PCURVE('',#2449,#8394);
#8394 = DEFINITIONAL_REPRESENTATION('',(#8395),#8399);
#8395 = LINE('',#8396,#8397);
#8396 = CARTESIAN_POINT('',(0.,0.));
#8397 = VECTOR('',#8398,1.);
#8398 = DIRECTION('',(5.551115123126E-17,-1.));
#8399 = ( GEOMETRIC_REPRESENTATION_CONTEXT(2) 
PARAMETRIC_REPRESENTATION_CONTEXT() REPRESENTATION_CONTEXT('2D SPACE',''
  ) );
#8400 = ORIENTED_EDGE('',*,*,#6224,.F.);
#8401 = ORIENTED_EDGE('',*,*,#8327,.F.);
#8402 = ORIENTED_EDGE('',*,*,#8354,.F.);
#8403 = ORIENTED_EDGE('',*,*,#2461,.T.);
#8404 = ADVANCED_FACE('',(#8405),#2449,.T.);
#8405 = FACE_BOUND('',#8406,.T.);
#8406 = EDGE_LOOP('',(#8407,#8430,#8451,#8452,#8453));
#8407 = ORIENTED_EDGE('',*,*,#8408,.F.);
#8408 = EDGE_CURVE('',#8409,#2401,#8411,.T.);
#8409 = VERTEX_POINT('',#8410);
#8410 = CARTESIAN_POINT('',(-82.01321079521,4.,-5.381425915554));
#8411 = SURFACE_CURVE('',#8412,(#8416,#8423),.PCURVE_S1.);
#8412 = LINE('',#8413,#8414);
#8413 = CARTESIAN_POINT('',(-75.81589243983,4.,0.815892439831));
#8414 = VECTOR('',#8415,1.);
#8415 = DIRECTION('',(-0.707106781187,7.850462293419E-17,-0.707106781187
    ));
#8416 = PCURVE('',#2449,#8417);
#8417 = DEFINITIONAL_REPRESENTATION('',(#8418),#8422);
#8418 = LINE('',#8419,#8420);
#8419 = CARTESIAN_POINT('',(1.664740504327,-1.665334536938E-15));
#8420 = VECTOR('',#8421,1.);
#8421 = DIRECTION('',(5.551115123126E-17,-1.));
#8422 = ( GEOMETRIC_REPRESENTATION_CONTEXT(2) 
PARAMETRIC_REPRESENTATION_CONTEXT() REPRESENTATION_CONTEXT('2D SPACE',''
  ) );
#8423 = PCURVE('',#2417,#8424);
#8424 = DEFINITIONAL_REPRESENTATION('',(#8425),#8429);
#8425 = LINE('',#8426,#8427);
#8426 = CARTESIAN_POINT('',(-0.815892439831,-0.815892439831));
#8427 = VECTOR('',#8428,1.);
#8428 = DIRECTION('',(-0.707106781187,0.707106781187));
#8429 = ( GEOMETRIC_REPRESENTATION_CONTEXT(2) 
PARAMETRIC_REPRESENTATION_CONTEXT() REPRESENTATION_CONTEXT('2D SPACE',''
  ) );
#8430 = ORIENTED_EDGE('',*,*,#8431,.T.);
#8431 = EDGE_CURVE('',#8409,#6252,#8432,.T.);
#8432 = SURFACE_CURVE('',#8433,(#8437,#8444),.PCURVE_S1.);
#8433 = LINE('',#8434,#8435);
#8434 = CARTESIAN_POINT('',(-75.13228529854,2.822634762149,
    -0.101506079684));
#8435 = VECTOR('',#8436,1.);
#8436 = DIRECTION('',(0.786143151749,-0.134513535903,0.603228856751));
#8437 = PCURVE('',#2449,#8438);
#8438 = DEFINITIONAL_REPRESENTATION('',(#8439),#8443);
#8439 = LINE('',#8440,#8441);
#8440 = CARTESIAN_POINT('',(3.140083779588E-02,-0.165315468926));
#8441 = VECTOR('',#8442,1.);
#8442 = DIRECTION('',(-0.186608442998,0.982434368801));
#8443 = ( GEOMETRIC_REPRESENTATION_CONTEXT(2) 
PARAMETRIC_REPRESENTATION_CONTEXT() REPRESENTATION_CONTEXT('2D SPACE',''
  ) );
#8444 = PCURVE('',#2388,#8445);
#8445 = DEFINITIONAL_REPRESENTATION('',(#8446),#8450);
#8446 = LINE('',#8447,#8448);
#8447 = CARTESIAN_POINT('',(1.772068041891,-0.165315468926));
#8448 = VECTOR('',#8449,1.);
#8449 = DIRECTION('',(0.186608442998,0.982434368801));
#8450 = ( GEOMETRIC_REPRESENTATION_CONTEXT(2) 
PARAMETRIC_REPRESENTATION_CONTEXT() REPRESENTATION_CONTEXT('2D SPACE',''
  ) );
#8451 = ORIENTED_EDGE('',*,*,#6251,.F.);
#8452 = ORIENTED_EDGE('',*,*,#8380,.T.);
#8453 = ORIENTED_EDGE('',*,*,#2429,.T.);
#8454 = ADVANCED_FACE('',(#8455),#2417,.T.);
#8455 = FACE_BOUND('',#8456,.T.);
#8456 = EDGE_LOOP('',(#8457,#8478,#8479));
#8457 = ORIENTED_EDGE('',*,*,#8458,.T.);
#8458 = EDGE_CURVE('',#2369,#8409,#8459,.T.);
#8459 = SURFACE_CURVE('',#8460,(#8464,#8471),.PCURVE_S1.);
#8460 = LINE('',#8461,#8462);
#8461 = CARTESIAN_POINT('',(-74.42307692307,4.,-0.99926008129));
#8462 = VECTOR('',#8463,1.);
#8463 = DIRECTION('',(0.866025403784,-5.551115123126E-17,0.5));
#8464 = PCURVE('',#2417,#8465);
#8465 = DEFINITIONAL_REPRESENTATION('',(#8466),#8470);
#8466 = LINE('',#8467,#8468);
#8467 = CARTESIAN_POINT('',(0.576923076923,0.99926008129));
#8468 = VECTOR('',#8469,1.);
#8469 = DIRECTION('',(0.866025403784,-0.5));
#8470 = ( GEOMETRIC_REPRESENTATION_CONTEXT(2) 
PARAMETRIC_REPRESENTATION_CONTEXT() REPRESENTATION_CONTEXT('2D SPACE',''
  ) );
#8471 = PCURVE('',#2388,#8472);
#8472 = DEFINITIONAL_REPRESENTATION('',(#8473),#8477);
#8473 = LINE('',#8474,#8475);
#8474 = CARTESIAN_POINT('',(0.138728375361,3.011479954296E-15));
#8475 = VECTOR('',#8476,1.);
#8476 = DIRECTION('',(0.,1.));
#8477 = ( GEOMETRIC_REPRESENTATION_CONTEXT(2) 
PARAMETRIC_REPRESENTATION_CONTEXT() REPRESENTATION_CONTEXT('2D SPACE',''
  ) );
#8478 = ORIENTED_EDGE('',*,*,#8408,.T.);
#8479 = ORIENTED_EDGE('',*,*,#2400,.T.);
#8480 = ADVANCED_FACE('',(#8481),#2388,.T.);
#8481 = FACE_BOUND('',#8482,.T.);
#8482 = EDGE_LOOP('',(#8483,#8504,#8505,#8506,#8507));
#8483 = ORIENTED_EDGE('',*,*,#8484,.F.);
#8484 = EDGE_CURVE('',#6279,#2337,#8485,.T.);
#8485 = SURFACE_CURVE('',#8486,(#8490,#8497),.PCURVE_S1.);
#8486 = LINE('',#8487,#8488);
#8487 = CARTESIAN_POINT('',(-75.,2.8,3.10862446895E-16));
#8488 = VECTOR('',#8489,1.);
#8489 = DIRECTION('',(-0.866025403784,5.551115123126E-17,-0.5));
#8490 = PCURVE('',#2388,#8491);
#8491 = DEFINITIONAL_REPRESENTATION('',(#8492),#8496);
#8492 = LINE('',#8493,#8494);
#8493 = CARTESIAN_POINT('',(1.803468879687,-2.22044604925E-16));
#8494 = VECTOR('',#8495,1.);
#8495 = DIRECTION('',(0.,-1.));
#8496 = ( GEOMETRIC_REPRESENTATION_CONTEXT(2) 
PARAMETRIC_REPRESENTATION_CONTEXT() REPRESENTATION_CONTEXT('2D SPACE',''
  ) );
#8497 = PCURVE('',#2356,#8498);
#8498 = DEFINITIONAL_REPRESENTATION('',(#8499),#8503);
#8499 = LINE('',#8500,#8501);
#8500 = CARTESIAN_POINT('',(0.,0.));
#8501 = VECTOR('',#8502,1.);
#8502 = DIRECTION('',(0.,-1.));
#8503 = ( GEOMETRIC_REPRESENTATION_CONTEXT(2) 
PARAMETRIC_REPRESENTATION_CONTEXT() REPRESENTATION_CONTEXT('2D SPACE',''
  ) );
#8504 = ORIENTED_EDGE('',*,*,#6278,.F.);
#8505 = ORIENTED_EDGE('',*,*,#8431,.F.);
#8506 = ORIENTED_EDGE('',*,*,#8458,.F.);
#8507 = ORIENTED_EDGE('',*,*,#2368,.T.);
#8508 = ADVANCED_FACE('',(#8509),#2356,.T.);
#8509 = FACE_BOUND('',#8510,.T.);
#8510 = EDGE_LOOP('',(#8511,#8534,#8555,#8556,#8557));
#8511 = ORIENTED_EDGE('',*,*,#8512,.F.);
#8512 = EDGE_CURVE('',#8513,#2308,#8515,.T.);
#8513 = VERTEX_POINT('',#8514);
#8514 = CARTESIAN_POINT('',(-83.16705694906,4.,-3.382905752975));
#8515 = SURFACE_CURVE('',#8516,(#8520,#8527),.PCURVE_S1.);
#8516 = LINE('',#8517,#8518);
#8517 = CARTESIAN_POINT('',(-75.57692307692,4.,0.99926008129));
#8518 = VECTOR('',#8519,1.);
#8519 = DIRECTION('',(-0.866025403784,5.551115123126E-17,-0.5));
#8520 = PCURVE('',#2356,#8521);
#8521 = DEFINITIONAL_REPRESENTATION('',(#8522),#8526);
#8522 = LINE('',#8523,#8524);
#8523 = CARTESIAN_POINT('',(1.664740504327,-3.053113317719E-15));
#8524 = VECTOR('',#8525,1.);
#8525 = DIRECTION('',(0.,-1.));
#8526 = ( GEOMETRIC_REPRESENTATION_CONTEXT(2) 
PARAMETRIC_REPRESENTATION_CONTEXT() REPRESENTATION_CONTEXT('2D SPACE',''
  ) );
#8527 = PCURVE('',#2324,#8528);
#8528 = DEFINITIONAL_REPRESENTATION('',(#8529),#8533);
#8529 = LINE('',#8530,#8531);
#8530 = CARTESIAN_POINT('',(-0.576923076923,-0.99926008129));
#8531 = VECTOR('',#8532,1.);
#8532 = DIRECTION('',(-0.866025403784,0.5));
#8533 = ( GEOMETRIC_REPRESENTATION_CONTEXT(2) 
PARAMETRIC_REPRESENTATION_CONTEXT() REPRESENTATION_CONTEXT('2D SPACE',''
  ) );
#8534 = ORIENTED_EDGE('',*,*,#8535,.T.);
#8535 = EDGE_CURVE('',#8513,#6306,#8536,.T.);
#8536 = SURFACE_CURVE('',#8537,(#8541,#8548),.PCURVE_S1.);
#8537 = LINE('',#8538,#8539);
#8538 = CARTESIAN_POINT('',(-75.15404949291,2.822634762149,
    -6.380938924224E-02));
#8539 = VECTOR('',#8540,1.);
#8540 = DIRECTION('',(0.915483090117,-0.134513535903,0.37920551205));
#8541 = PCURVE('',#2356,#8542);
#8542 = DEFINITIONAL_REPRESENTATION('',(#8543),#8547);
#8543 = LINE('',#8544,#8545);
#8544 = CARTESIAN_POINT('',(3.140083779588E-02,-0.165315468926));
#8545 = VECTOR('',#8546,1.);
#8546 = DIRECTION('',(-0.186608442998,0.982434368801));
#8547 = ( GEOMETRIC_REPRESENTATION_CONTEXT(2) 
PARAMETRIC_REPRESENTATION_CONTEXT() REPRESENTATION_CONTEXT('2D SPACE',''
  ) );
#8548 = PCURVE('',#2295,#8549);
#8549 = DEFINITIONAL_REPRESENTATION('',(#8550),#8554);
#8550 = LINE('',#8551,#8552);
#8551 = CARTESIAN_POINT('',(1.772068041891,-0.165315468926));
#8552 = VECTOR('',#8553,1.);
#8553 = DIRECTION('',(0.186608442998,0.982434368801));
#8554 = ( GEOMETRIC_REPRESENTATION_CONTEXT(2) 
PARAMETRIC_REPRESENTATION_CONTEXT() REPRESENTATION_CONTEXT('2D SPACE',''
  ) );
#8555 = ORIENTED_EDGE('',*,*,#6305,.F.);
#8556 = ORIENTED_EDGE('',*,*,#8484,.T.);
#8557 = ORIENTED_EDGE('',*,*,#2336,.T.);
#8558 = ADVANCED_FACE('',(#8559),#2324,.T.);
#8559 = FACE_BOUND('',#8560,.T.);
#8560 = EDGE_LOOP('',(#8561,#8562,#8583));
#8561 = ORIENTED_EDGE('',*,*,#2307,.T.);
#8562 = ORIENTED_EDGE('',*,*,#8563,.T.);
#8563 = EDGE_CURVE('',#2276,#8513,#8564,.T.);
#8564 = SURFACE_CURVE('',#8565,(#8569,#8576),.PCURVE_S1.);
#8565 = LINE('',#8566,#8567);
#8566 = CARTESIAN_POINT('',(-74.70136264026,4.,-1.114529799564));
#8567 = VECTOR('',#8568,1.);
#8568 = DIRECTION('',(0.965925826289,-2.873468630843E-17,0.258819045103)
  );
#8569 = PCURVE('',#2324,#8570);
#8570 = DEFINITIONAL_REPRESENTATION('',(#8571),#8575);
#8571 = LINE('',#8572,#8573);
#8572 = CARTESIAN_POINT('',(0.298637359734,1.114529799564));
#8573 = VECTOR('',#8574,1.);
#8574 = DIRECTION('',(0.965925826289,-0.258819045103));
#8575 = ( GEOMETRIC_REPRESENTATION_CONTEXT(2) 
PARAMETRIC_REPRESENTATION_CONTEXT() REPRESENTATION_CONTEXT('2D SPACE',''
  ) );
#8576 = PCURVE('',#2295,#8577);
#8577 = DEFINITIONAL_REPRESENTATION('',(#8578),#8582);
#8578 = LINE('',#8579,#8580);
#8579 = CARTESIAN_POINT('',(0.138728375361,1.387778780781E-16));
#8580 = VECTOR('',#8581,1.);
#8581 = DIRECTION('',(2.775557561563E-17,1.));
#8582 = ( GEOMETRIC_REPRESENTATION_CONTEXT(2) 
PARAMETRIC_REPRESENTATION_CONTEXT() REPRESENTATION_CONTEXT('2D SPACE',''
  ) );
#8583 = ORIENTED_EDGE('',*,*,#8512,.T.);
#8584 = ADVANCED_FACE('',(#8585),#2295,.T.);
#8585 = FACE_BOUND('',#8586,.T.);
#8586 = EDGE_LOOP('',(#8587,#8608,#8609,#8610,#8611));
#8587 = ORIENTED_EDGE('',*,*,#8588,.F.);
#8588 = EDGE_CURVE('',#6333,#2244,#8589,.T.);
#8589 = SURFACE_CURVE('',#8590,(#8594,#8601),.PCURVE_S1.);
#8590 = LINE('',#8591,#8592);
#8591 = CARTESIAN_POINT('',(-75.,2.8,3.10862446895E-16));
#8592 = VECTOR('',#8593,1.);
#8593 = DIRECTION('',(-0.965925826289,2.873468630843E-17,-0.258819045103
    ));
#8594 = PCURVE('',#2295,#8595);
#8595 = DEFINITIONAL_REPRESENTATION('',(#8596),#8600);
#8596 = LINE('',#8597,#8598);
#8597 = CARTESIAN_POINT('',(1.803468879687,3.219646771413E-15));
#8598 = VECTOR('',#8599,1.);
#8599 = DIRECTION('',(-2.775557561563E-17,-1.));
#8600 = ( GEOMETRIC_REPRESENTATION_CONTEXT(2) 
PARAMETRIC_REPRESENTATION_CONTEXT() REPRESENTATION_CONTEXT('2D SPACE',''
  ) );
#8601 = PCURVE('',#2263,#8602);
#8602 = DEFINITIONAL_REPRESENTATION('',(#8603),#8607);
#8603 = LINE('',#8604,#8605);
#8604 = CARTESIAN_POINT('',(0.,0.));
#8605 = VECTOR('',#8606,1.);
#8606 = DIRECTION('',(-2.775557561563E-17,-1.));
#8607 = ( GEOMETRIC_REPRESENTATION_CONTEXT(2) 
PARAMETRIC_REPRESENTATION_CONTEXT() REPRESENTATION_CONTEXT('2D SPACE',''
  ) );
#8608 = ORIENTED_EDGE('',*,*,#6332,.F.);
#8609 = ORIENTED_EDGE('',*,*,#8535,.F.);
#8610 = ORIENTED_EDGE('',*,*,#8563,.F.);
#8611 = ORIENTED_EDGE('',*,*,#2275,.T.);
#8612 = ADVANCED_FACE('',(#8613),#2263,.T.);
#8613 = FACE_BOUND('',#8614,.T.);
#8614 = EDGE_LOOP('',(#8615,#8638,#8659,#8660,#8661));
#8615 = ORIENTED_EDGE('',*,*,#8616,.F.);
#8616 = EDGE_CURVE('',#8617,#2215,#8619,.T.);
#8617 = VERTEX_POINT('',#8618);
#8618 = CARTESIAN_POINT('',(-83.76433166852,4.,-1.153846153846));
#8619 = SURFACE_CURVE('',#8620,(#8624,#8631),.PCURVE_S1.);
#8620 = LINE('',#8621,#8622);
#8621 = CARTESIAN_POINT('',(-75.29863735973,4.,1.114529799564));
#8622 = VECTOR('',#8623,1.);
#8623 = DIRECTION('',(-0.965925826289,2.873468630843E-17,-0.258819045103
    ));
#8624 = PCURVE('',#2263,#8625);
#8625 = DEFINITIONAL_REPRESENTATION('',(#8626),#8630);
#8626 = LINE('',#8627,#8628);
#8627 = CARTESIAN_POINT('',(1.664740504327,3.164135620182E-15));
#8628 = VECTOR('',#8629,1.);
#8629 = DIRECTION('',(-2.775557561563E-17,-1.));
#8630 = ( GEOMETRIC_REPRESENTATION_CONTEXT(2) 
PARAMETRIC_REPRESENTATION_CONTEXT() REPRESENTATION_CONTEXT('2D SPACE',''
  ) );
#8631 = PCURVE('',#2231,#8632);
#8632 = DEFINITIONAL_REPRESENTATION('',(#8633),#8637);
#8633 = LINE('',#8634,#8635);
#8634 = CARTESIAN_POINT('',(-0.298637359734,-1.114529799564));
#8635 = VECTOR('',#8636,1.);
#8636 = DIRECTION('',(-0.965925826289,0.258819045103));
#8637 = ( GEOMETRIC_REPRESENTATION_CONTEXT(2) 
PARAMETRIC_REPRESENTATION_CONTEXT() REPRESENTATION_CONTEXT('2D SPACE',''
  ) );
#8638 = ORIENTED_EDGE('',*,*,#8639,.T.);
#8639 = EDGE_CURVE('',#8617,#6360,#8640,.T.);
#8640 = SURFACE_CURVE('',#8641,(#8645,#8652),.PCURVE_S1.);
#8641 = LINE('',#8642,#8643);
#8642 = CARTESIAN_POINT('',(-75.16531546892,2.822634762149,
    -2.176419437393E-02));
#8643 = VECTOR('',#8644,1.);
#8644 = DIRECTION('',(0.982434368801,-0.134513535903,0.129339938368));
#8645 = PCURVE('',#2263,#8646);
#8646 = DEFINITIONAL_REPRESENTATION('',(#8647),#8651);
#8647 = LINE('',#8648,#8649);
#8648 = CARTESIAN_POINT('',(3.140083779588E-02,-0.165315468926));
#8649 = VECTOR('',#8650,1.);
#8650 = DIRECTION('',(-0.186608442998,0.982434368801));
#8651 = ( GEOMETRIC_REPRESENTATION_CONTEXT(2) 
PARAMETRIC_REPRESENTATION_CONTEXT() REPRESENTATION_CONTEXT('2D SPACE',''
  ) );
#8652 = PCURVE('',#2202,#8653);
#8653 = DEFINITIONAL_REPRESENTATION('',(#8654),#8658);
#8654 = LINE('',#8655,#8656);
#8655 = CARTESIAN_POINT('',(1.772068041891,-0.165315468926));
#8656 = VECTOR('',#8657,1.);
#8657 = DIRECTION('',(0.186608442998,0.982434368801));
#8658 = ( GEOMETRIC_REPRESENTATION_CONTEXT(2) 
PARAMETRIC_REPRESENTATION_CONTEXT() REPRESENTATION_CONTEXT('2D SPACE',''
  ) );
#8659 = ORIENTED_EDGE('',*,*,#6359,.F.);
#8660 = ORIENTED_EDGE('',*,*,#8588,.T.);
#8661 = ORIENTED_EDGE('',*,*,#2243,.T.);
#8662 = ADVANCED_FACE('',(#8663),#2231,.T.);
#8663 = FACE_BOUND('',#8664,.T.);
#8664 = EDGE_LOOP('',(#8665,#8666,#8667));
#8665 = ORIENTED_EDGE('',*,*,#8616,.T.);
#8666 = ORIENTED_EDGE('',*,*,#2214,.T.);
#8667 = ORIENTED_EDGE('',*,*,#8668,.T.);
#8668 = EDGE_CURVE('',#2183,#8617,#8669,.T.);
#8669 = SURFACE_CURVE('',#8670,(#8674,#8681),.PCURVE_S1.);
#8670 = LINE('',#8671,#8672);
#8671 = CARTESIAN_POINT('',(-75.,4.,-1.153846153846));
#8672 = VECTOR('',#8673,1.);
#8673 = DIRECTION('',(1.,-1.359631073447E-32,1.224646799147E-16));
#8674 = PCURVE('',#2231,#8675);
#8675 = DEFINITIONAL_REPRESENTATION('',(#8676),#8680);
#8676 = LINE('',#8677,#8678);
#8677 = CARTESIAN_POINT('',(0.,1.153846153846));
#8678 = VECTOR('',#8679,1.);
#8679 = DIRECTION('',(1.,-1.224646799147E-16));
#8680 = ( GEOMETRIC_REPRESENTATION_CONTEXT(2) 
PARAMETRIC_REPRESENTATION_CONTEXT() REPRESENTATION_CONTEXT('2D SPACE',''
  ) );
#8681 = PCURVE('',#2202,#8682);
#8682 = DEFINITIONAL_REPRESENTATION('',(#8683),#8687);
#8683 = LINE('',#8684,#8685);
#8684 = CARTESIAN_POINT('',(0.138728375361,1.17754499918E-17));
#8685 = VECTOR('',#8686,1.);
#8686 = DIRECTION('',(0.,1.));
#8687 = ( GEOMETRIC_REPRESENTATION_CONTEXT(2) 
PARAMETRIC_REPRESENTATION_CONTEXT() REPRESENTATION_CONTEXT('2D SPACE',''
  ) );
#8688 = ADVANCED_FACE('',(#8689),#2202,.T.);
#8689 = FACE_BOUND('',#8690,.T.);
#8690 = EDGE_LOOP('',(#8691,#8712,#8713,#8714,#8715));
#8691 = ORIENTED_EDGE('',*,*,#8692,.F.);
#8692 = EDGE_CURVE('',#6387,#2151,#8693,.T.);
#8693 = SURFACE_CURVE('',#8694,(#8698,#8705),.PCURVE_S1.);
#8694 = LINE('',#8695,#8696);
#8695 = CARTESIAN_POINT('',(-75.,2.8,3.10862446895E-16));
#8696 = VECTOR('',#8697,1.);
#8697 = DIRECTION('',(-1.,1.359631073447E-32,-1.224646799147E-16));
#8698 = PCURVE('',#2202,#8699);
#8699 = DEFINITIONAL_REPRESENTATION('',(#8700),#8704);
#8700 = LINE('',#8701,#8702);
#8701 = CARTESIAN_POINT('',(1.803468879687,1.530808498934E-16));
#8702 = VECTOR('',#8703,1.);
#8703 = DIRECTION('',(0.,-1.));
#8704 = ( GEOMETRIC_REPRESENTATION_CONTEXT(2) 
PARAMETRIC_REPRESENTATION_CONTEXT() REPRESENTATION_CONTEXT('2D SPACE',''
  ) );
#8705 = PCURVE('',#2170,#8706);
#8706 = DEFINITIONAL_REPRESENTATION('',(#8707),#8711);
#8707 = LINE('',#8708,#8709);
#8708 = CARTESIAN_POINT('',(0.,0.));
#8709 = VECTOR('',#8710,1.);
#8710 = DIRECTION('',(0.,-1.));
#8711 = ( GEOMETRIC_REPRESENTATION_CONTEXT(2) 
PARAMETRIC_REPRESENTATION_CONTEXT() REPRESENTATION_CONTEXT('2D SPACE',''
  ) );
#8712 = ORIENTED_EDGE('',*,*,#6386,.F.);
#8713 = ORIENTED_EDGE('',*,*,#8639,.F.);
#8714 = ORIENTED_EDGE('',*,*,#8668,.F.);
#8715 = ORIENTED_EDGE('',*,*,#2182,.T.);
#8716 = ADVANCED_FACE('',(#8717),#2170,.T.);
#8717 = FACE_BOUND('',#8718,.T.);
#8718 = EDGE_LOOP('',(#8719,#8720,#8721,#8744,#8765));
#8719 = ORIENTED_EDGE('',*,*,#8692,.T.);
#8720 = ORIENTED_EDGE('',*,*,#2150,.T.);
#8721 = ORIENTED_EDGE('',*,*,#8722,.T.);
#8722 = EDGE_CURVE('',#2122,#8723,#8725,.T.);
#8723 = VERTEX_POINT('',#8724);
#8724 = CARTESIAN_POINT('',(-83.76433166852,4.,1.153846153846));
#8725 = SURFACE_CURVE('',#8726,(#8730,#8737),.PCURVE_S1.);
#8726 = LINE('',#8727,#8728);
#8727 = CARTESIAN_POINT('',(-94.96668823448,4.,1.153846153846));
#8728 = VECTOR('',#8729,1.);
#8729 = DIRECTION('',(1.,-4.506478287488E-32,4.059074787257E-16));
#8730 = PCURVE('',#2170,#8731);
#8731 = DEFINITIONAL_REPRESENTATION('',(#8732),#8736);
#8732 = LINE('',#8733,#8734);
#8733 = CARTESIAN_POINT('',(1.664740504327,-19.96668823448));
#8734 = VECTOR('',#8735,1.);
#8735 = DIRECTION('',(1.964566744147E-16,1.));
#8736 = ( GEOMETRIC_REPRESENTATION_CONTEXT(2) 
PARAMETRIC_REPRESENTATION_CONTEXT() REPRESENTATION_CONTEXT('2D SPACE',''
  ) );
#8737 = PCURVE('',#2138,#8738);
#8738 = DEFINITIONAL_REPRESENTATION('',(#8739),#8743);
#8739 = LINE('',#8740,#8741);
#8740 = CARTESIAN_POINT('',(-19.96668823448,-1.153846153846));
#8741 = VECTOR('',#8742,1.);
#8742 = DIRECTION('',(1.,-4.059074787257E-16));
#8743 = ( GEOMETRIC_REPRESENTATION_CONTEXT(2) 
PARAMETRIC_REPRESENTATION_CONTEXT() REPRESENTATION_CONTEXT('2D SPACE',''
  ) );
#8744 = ORIENTED_EDGE('',*,*,#8745,.T.);
#8745 = EDGE_CURVE('',#8723,#6414,#8746,.T.);
#8746 = SURFACE_CURVE('',#8747,(#8751,#8758),.PCURVE_S1.);
#8747 = LINE('',#8748,#8749);
#8748 = CARTESIAN_POINT('',(-75.16531546892,2.822634762149,
    2.176419437393E-02));
#8749 = VECTOR('',#8750,1.);
#8750 = DIRECTION('',(0.982434368801,-0.134513535903,-0.129339938368));
#8751 = PCURVE('',#2170,#8752);
#8752 = DEFINITIONAL_REPRESENTATION('',(#8753),#8757);
#8753 = LINE('',#8754,#8755);
#8754 = CARTESIAN_POINT('',(3.140083779588E-02,-0.165315468926));
#8755 = VECTOR('',#8756,1.);
#8756 = DIRECTION('',(-0.186608442998,0.982434368801));
#8757 = ( GEOMETRIC_REPRESENTATION_CONTEXT(2) 
PARAMETRIC_REPRESENTATION_CONTEXT() REPRESENTATION_CONTEXT('2D SPACE',''
  ) );
#8758 = PCURVE('',#2109,#8759);
#8759 = DEFINITIONAL_REPRESENTATION('',(#8760),#8764);
#8760 = LINE('',#8761,#8762);
#8761 = CARTESIAN_POINT('',(1.772068041891,-0.165315468926));
#8762 = VECTOR('',#8763,1.);
#8763 = DIRECTION('',(0.186608442998,0.982434368801));
#8764 = ( GEOMETRIC_REPRESENTATION_CONTEXT(2) 
PARAMETRIC_REPRESENTATION_CONTEXT() REPRESENTATION_CONTEXT('2D SPACE',''
  ) );
#8765 = ORIENTED_EDGE('',*,*,#6413,.F.);
#8766 = ADVANCED_FACE('',(#8767),#2138,.T.);
#8767 = FACE_BOUND('',#8768,.T.);
#8768 = EDGE_LOOP('',(#8769,#8770,#8771));
#8769 = ORIENTED_EDGE('',*,*,#8722,.F.);
#8770 = ORIENTED_EDGE('',*,*,#2121,.T.);
#8771 = ORIENTED_EDGE('',*,*,#8772,.T.);
#8772 = EDGE_CURVE('',#2090,#8723,#8773,.T.);
#8773 = SURFACE_CURVE('',#8774,(#8778,#8785),.PCURVE_S1.);
#8774 = LINE('',#8775,#8776);
#8775 = CARTESIAN_POINT('',(-75.29863735973,4.,-1.114529799564));
#8776 = VECTOR('',#8777,1.);
#8777 = DIRECTION('',(0.965925826289,2.873468630843E-17,-0.258819045103)
  );
#8778 = PCURVE('',#2138,#8779);
#8779 = DEFINITIONAL_REPRESENTATION('',(#8780),#8784);
#8780 = LINE('',#8781,#8782);
#8781 = CARTESIAN_POINT('',(-0.298637359734,1.114529799564));
#8782 = VECTOR('',#8783,1.);
#8783 = DIRECTION('',(0.965925826289,0.258819045103));
#8784 = ( GEOMETRIC_REPRESENTATION_CONTEXT(2) 
PARAMETRIC_REPRESENTATION_CONTEXT() REPRESENTATION_CONTEXT('2D SPACE',''
  ) );
#8785 = PCURVE('',#2109,#8786);
#8786 = DEFINITIONAL_REPRESENTATION('',(#8787),#8791);
#8787 = LINE('',#8788,#8789);
#8788 = CARTESIAN_POINT('',(0.138728375361,-1.214306433184E-16));
#8789 = VECTOR('',#8790,1.);
#8790 = DIRECTION('',(-2.775557561563E-17,1.));
#8791 = ( GEOMETRIC_REPRESENTATION_CONTEXT(2) 
PARAMETRIC_REPRESENTATION_CONTEXT() REPRESENTATION_CONTEXT('2D SPACE',''
  ) );
#8792 = ADVANCED_FACE('',(#8793),#2109,.T.);
#8793 = FACE_BOUND('',#8794,.T.);
#8794 = EDGE_LOOP('',(#8795,#8816,#8817,#8818,#8819));
#8795 = ORIENTED_EDGE('',*,*,#8796,.F.);
#8796 = EDGE_CURVE('',#6441,#2058,#8797,.T.);
#8797 = SURFACE_CURVE('',#8798,(#8802,#8809),.PCURVE_S1.);
#8798 = LINE('',#8799,#8800);
#8799 = CARTESIAN_POINT('',(-75.,2.8,3.10862446895E-16));
#8800 = VECTOR('',#8801,1.);
#8801 = DIRECTION('',(-0.965925826289,-2.873468630843E-17,0.258819045103
    ));
#8802 = PCURVE('',#2109,#8803);
#8803 = DEFINITIONAL_REPRESENTATION('',(#8804),#8808);
#8804 = LINE('',#8805,#8806);
#8805 = CARTESIAN_POINT('',(1.803468879687,-2.997602166488E-15));
#8806 = VECTOR('',#8807,1.);
#8807 = DIRECTION('',(2.775557561563E-17,-1.));
#8808 = ( GEOMETRIC_REPRESENTATION_CONTEXT(2) 
PARAMETRIC_REPRESENTATION_CONTEXT() REPRESENTATION_CONTEXT('2D SPACE',''
  ) );
#8809 = PCURVE('',#2077,#8810);
#8810 = DEFINITIONAL_REPRESENTATION('',(#8811),#8815);
#8811 = LINE('',#8812,#8813);
#8812 = CARTESIAN_POINT('',(0.,0.));
#8813 = VECTOR('',#8814,1.);
#8814 = DIRECTION('',(5.551115123126E-17,-1.));
#8815 = ( GEOMETRIC_REPRESENTATION_CONTEXT(2) 
PARAMETRIC_REPRESENTATION_CONTEXT() REPRESENTATION_CONTEXT('2D SPACE',''
  ) );
#8816 = ORIENTED_EDGE('',*,*,#6440,.F.);
#8817 = ORIENTED_EDGE('',*,*,#8745,.F.);
#8818 = ORIENTED_EDGE('',*,*,#8772,.F.);
#8819 = ORIENTED_EDGE('',*,*,#2089,.T.);
#8820 = ADVANCED_FACE('',(#8821),#2077,.T.);
#8821 = FACE_BOUND('',#8822,.T.);
#8822 = EDGE_LOOP('',(#8823,#8846,#8867,#8868,#8869));
#8823 = ORIENTED_EDGE('',*,*,#8824,.F.);
#8824 = EDGE_CURVE('',#8825,#2029,#8827,.T.);
#8825 = VERTEX_POINT('',#8826);
#8826 = CARTESIAN_POINT('',(-83.16705694906,4.,3.382905752975));
#8827 = SURFACE_CURVE('',#8828,(#8832,#8839),.PCURVE_S1.);
#8828 = LINE('',#8829,#8830);
#8829 = CARTESIAN_POINT('',(-74.70136264026,4.,1.114529799564));
#8830 = VECTOR('',#8831,1.);
#8831 = DIRECTION('',(-0.965925826289,-2.873468630843E-17,0.258819045103
    ));
#8832 = PCURVE('',#2077,#8833);
#8833 = DEFINITIONAL_REPRESENTATION('',(#8834),#8838);
#8834 = LINE('',#8835,#8836);
#8835 = CARTESIAN_POINT('',(1.664740504327,-2.942091015257E-15));
#8836 = VECTOR('',#8837,1.);
#8837 = DIRECTION('',(5.551115123126E-17,-1.));
#8838 = ( GEOMETRIC_REPRESENTATION_CONTEXT(2) 
PARAMETRIC_REPRESENTATION_CONTEXT() REPRESENTATION_CONTEXT('2D SPACE',''
  ) );
#8839 = PCURVE('',#2045,#8840);
#8840 = DEFINITIONAL_REPRESENTATION('',(#8841),#8845);
#8841 = LINE('',#8842,#8843);
#8842 = CARTESIAN_POINT('',(0.298637359734,-1.114529799564));
#8843 = VECTOR('',#8844,1.);
#8844 = DIRECTION('',(-0.965925826289,-0.258819045103));
#8845 = ( GEOMETRIC_REPRESENTATION_CONTEXT(2) 
PARAMETRIC_REPRESENTATION_CONTEXT() REPRESENTATION_CONTEXT('2D SPACE',''
  ) );
#8846 = ORIENTED_EDGE('',*,*,#8847,.T.);
#8847 = EDGE_CURVE('',#8825,#6468,#8848,.T.);
#8848 = SURFACE_CURVE('',#8849,(#8853,#8860),.PCURVE_S1.);
#8849 = LINE('',#8850,#8851);
#8850 = CARTESIAN_POINT('',(-75.15404949291,2.822634762149,
    6.380938924224E-02));
#8851 = VECTOR('',#8852,1.);
#8852 = DIRECTION('',(0.915483090117,-0.134513535903,-0.37920551205));
#8853 = PCURVE('',#2077,#8854);
#8854 = DEFINITIONAL_REPRESENTATION('',(#8855),#8859);
#8855 = LINE('',#8856,#8857);
#8856 = CARTESIAN_POINT('',(3.140083779588E-02,-0.165315468926));
#8857 = VECTOR('',#8858,1.);
#8858 = DIRECTION('',(-0.186608442998,0.982434368801));
#8859 = ( GEOMETRIC_REPRESENTATION_CONTEXT(2) 
PARAMETRIC_REPRESENTATION_CONTEXT() REPRESENTATION_CONTEXT('2D SPACE',''
  ) );
#8860 = PCURVE('',#2016,#8861);
#8861 = DEFINITIONAL_REPRESENTATION('',(#8862),#8866);
#8862 = LINE('',#8863,#8864);
#8863 = CARTESIAN_POINT('',(1.772068041891,-0.165315468926));
#8864 = VECTOR('',#8865,1.);
#8865 = DIRECTION('',(0.186608442998,0.982434368801));
#8866 = ( GEOMETRIC_REPRESENTATION_CONTEXT(2) 
PARAMETRIC_REPRESENTATION_CONTEXT() REPRESENTATION_CONTEXT('2D SPACE',''
  ) );
#8867 = ORIENTED_EDGE('',*,*,#6467,.F.);
#8868 = ORIENTED_EDGE('',*,*,#8796,.T.);
#8869 = ORIENTED_EDGE('',*,*,#2057,.T.);
#8870 = ADVANCED_FACE('',(#8871),#2045,.T.);
#8871 = FACE_BOUND('',#8872,.T.);
#8872 = EDGE_LOOP('',(#8873,#8894,#8895));
#8873 = ORIENTED_EDGE('',*,*,#8874,.T.);
#8874 = EDGE_CURVE('',#1997,#8825,#8875,.T.);
#8875 = SURFACE_CURVE('',#8876,(#8880,#8887),.PCURVE_S1.);
#8876 = LINE('',#8877,#8878);
#8877 = CARTESIAN_POINT('',(-75.57692307692,4.,-0.99926008129));
#8878 = VECTOR('',#8879,1.);
#8879 = DIRECTION('',(0.866025403784,5.551115123126E-17,-0.5));
#8880 = PCURVE('',#2045,#8881);
#8881 = DEFINITIONAL_REPRESENTATION('',(#8882),#8886);
#8882 = LINE('',#8883,#8884);
#8883 = CARTESIAN_POINT('',(-0.576923076923,0.99926008129));
#8884 = VECTOR('',#8885,1.);
#8885 = DIRECTION('',(0.866025403784,0.5));
#8886 = ( GEOMETRIC_REPRESENTATION_CONTEXT(2) 
PARAMETRIC_REPRESENTATION_CONTEXT() REPRESENTATION_CONTEXT('2D SPACE',''
  ) );
#8887 = PCURVE('',#2016,#8888);
#8888 = DEFINITIONAL_REPRESENTATION('',(#8889),#8893);
#8889 = LINE('',#8890,#8891);
#8890 = CARTESIAN_POINT('',(0.138728375361,-3.087807787239E-15));
#8891 = VECTOR('',#8892,1.);
#8892 = DIRECTION('',(0.,1.));
#8893 = ( GEOMETRIC_REPRESENTATION_CONTEXT(2) 
PARAMETRIC_REPRESENTATION_CONTEXT() REPRESENTATION_CONTEXT('2D SPACE',''
  ) );
#8894 = ORIENTED_EDGE('',*,*,#8824,.T.);
#8895 = ORIENTED_EDGE('',*,*,#2028,.T.);
#8896 = ADVANCED_FACE('',(#8897),#2016,.T.);
#8897 = FACE_BOUND('',#8898,.T.);
#8898 = EDGE_LOOP('',(#8899,#8920,#8921,#8922,#8923));
#8899 = ORIENTED_EDGE('',*,*,#8900,.F.);
#8900 = EDGE_CURVE('',#6495,#1965,#8901,.T.);
#8901 = SURFACE_CURVE('',#8902,(#8906,#8913),.PCURVE_S1.);
#8902 = LINE('',#8903,#8904);
#8903 = CARTESIAN_POINT('',(-75.,2.8,3.10862446895E-16));
#8904 = VECTOR('',#8905,1.);
#8905 = DIRECTION('',(-0.866025403784,-5.551115123126E-17,0.5));
#8906 = PCURVE('',#2016,#8907);
#8907 = DEFINITIONAL_REPRESENTATION('',(#8908),#8912);
#8908 = LINE('',#8909,#8910);
#8909 = CARTESIAN_POINT('',(1.803468879687,-2.22044604925E-16));
#8910 = VECTOR('',#8911,1.);
#8911 = DIRECTION('',(0.,-1.));
#8912 = ( GEOMETRIC_REPRESENTATION_CONTEXT(2) 
PARAMETRIC_REPRESENTATION_CONTEXT() REPRESENTATION_CONTEXT('2D SPACE',''
  ) );
#8913 = PCURVE('',#1984,#8914);
#8914 = DEFINITIONAL_REPRESENTATION('',(#8915),#8919);
#8915 = LINE('',#8916,#8917);
#8916 = CARTESIAN_POINT('',(0.,0.));
#8917 = VECTOR('',#8918,1.);
#8918 = DIRECTION('',(0.,-1.));
#8919 = ( GEOMETRIC_REPRESENTATION_CONTEXT(2) 
PARAMETRIC_REPRESENTATION_CONTEXT() REPRESENTATION_CONTEXT('2D SPACE',''
  ) );
#8920 = ORIENTED_EDGE('',*,*,#6494,.F.);
#8921 = ORIENTED_EDGE('',*,*,#8847,.F.);
#8922 = ORIENTED_EDGE('',*,*,#8874,.F.);
#8923 = ORIENTED_EDGE('',*,*,#1996,.T.);
#8924 = ADVANCED_FACE('',(#8925),#1984,.T.);
#8925 = FACE_BOUND('',#8926,.T.);
#8926 = EDGE_LOOP('',(#8927,#8950,#8971,#8972,#8973));
#8927 = ORIENTED_EDGE('',*,*,#8928,.F.);
#8928 = EDGE_CURVE('',#8929,#1936,#8931,.T.);
#8929 = VERTEX_POINT('',#8930);
#8930 = CARTESIAN_POINT('',(-82.01321079521,4.,5.381425915554));
#8931 = SURFACE_CURVE('',#8932,(#8936,#8943),.PCURVE_S1.);
#8932 = LINE('',#8933,#8934);
#8933 = CARTESIAN_POINT('',(-74.42307692307,4.,0.99926008129));
#8934 = VECTOR('',#8935,1.);
#8935 = DIRECTION('',(-0.866025403784,-5.551115123126E-17,0.5));
#8936 = PCURVE('',#1984,#8937);
#8937 = DEFINITIONAL_REPRESENTATION('',(#8938),#8942);
#8938 = LINE('',#8939,#8940);
#8939 = CARTESIAN_POINT('',(1.664740504327,2.775557561563E-15));
#8940 = VECTOR('',#8941,1.);
#8941 = DIRECTION('',(0.,-1.));
#8942 = ( GEOMETRIC_REPRESENTATION_CONTEXT(2) 
PARAMETRIC_REPRESENTATION_CONTEXT() REPRESENTATION_CONTEXT('2D SPACE',''
  ) );
#8943 = PCURVE('',#1952,#8944);
#8944 = DEFINITIONAL_REPRESENTATION('',(#8945),#8949);
#8945 = LINE('',#8946,#8947);
#8946 = CARTESIAN_POINT('',(0.576923076923,-0.99926008129));
#8947 = VECTOR('',#8948,1.);
#8948 = DIRECTION('',(-0.866025403784,-0.5));
#8949 = ( GEOMETRIC_REPRESENTATION_CONTEXT(2) 
PARAMETRIC_REPRESENTATION_CONTEXT() REPRESENTATION_CONTEXT('2D SPACE',''
  ) );
#8950 = ORIENTED_EDGE('',*,*,#8951,.T.);
#8951 = EDGE_CURVE('',#8929,#6522,#8952,.T.);
#8952 = SURFACE_CURVE('',#8953,(#8957,#8964),.PCURVE_S1.);
#8953 = LINE('',#8954,#8955);
#8954 = CARTESIAN_POINT('',(-75.13228529854,2.822634762149,
    0.101506079684));
#8955 = VECTOR('',#8956,1.);
#8956 = DIRECTION('',(0.786143151749,-0.134513535903,-0.603228856751));
#8957 = PCURVE('',#1984,#8958);
#8958 = DEFINITIONAL_REPRESENTATION('',(#8959),#8963);
#8959 = LINE('',#8960,#8961);
#8960 = CARTESIAN_POINT('',(3.140083779587E-02,-0.165315468926));
#8961 = VECTOR('',#8962,1.);
#8962 = DIRECTION('',(-0.186608442998,0.982434368801));
#8963 = ( GEOMETRIC_REPRESENTATION_CONTEXT(2) 
PARAMETRIC_REPRESENTATION_CONTEXT() REPRESENTATION_CONTEXT('2D SPACE',''
  ) );
#8964 = PCURVE('',#1923,#8965);
#8965 = DEFINITIONAL_REPRESENTATION('',(#8966),#8970);
#8966 = LINE('',#8967,#8968);
#8967 = CARTESIAN_POINT('',(1.772068041891,-0.165315468926));
#8968 = VECTOR('',#8969,1.);
#8969 = DIRECTION('',(0.186608442998,0.982434368801));
#8970 = ( GEOMETRIC_REPRESENTATION_CONTEXT(2) 
PARAMETRIC_REPRESENTATION_CONTEXT() REPRESENTATION_CONTEXT('2D SPACE',''
  ) );
#8971 = ORIENTED_EDGE('',*,*,#6521,.F.);
#8972 = ORIENTED_EDGE('',*,*,#8900,.T.);
#8973 = ORIENTED_EDGE('',*,*,#1964,.T.);
#8974 = ADVANCED_FACE('',(#8975),#1952,.T.);
#8975 = FACE_BOUND('',#8976,.T.);
#8976 = EDGE_LOOP('',(#8977,#8998,#8999));
#8977 = ORIENTED_EDGE('',*,*,#8978,.T.);
#8978 = EDGE_CURVE('',#1904,#8929,#8979,.T.);
#8979 = SURFACE_CURVE('',#8980,(#8984,#8991),.PCURVE_S1.);
#8980 = LINE('',#8981,#8982);
#8981 = CARTESIAN_POINT('',(-75.81589243983,4.,-0.815892439831));
#8982 = VECTOR('',#8983,1.);
#8983 = DIRECTION('',(0.707106781187,7.850462293419E-17,-0.707106781187)
  );
#8984 = PCURVE('',#1952,#8985);
#8985 = DEFINITIONAL_REPRESENTATION('',(#8986),#8990);
#8986 = LINE('',#8987,#8988);
#8987 = CARTESIAN_POINT('',(-0.815892439831,0.815892439831));
#8988 = VECTOR('',#8989,1.);
#8989 = DIRECTION('',(0.707106781187,0.707106781187));
#8990 = ( GEOMETRIC_REPRESENTATION_CONTEXT(2) 
PARAMETRIC_REPRESENTATION_CONTEXT() REPRESENTATION_CONTEXT('2D SPACE',''
  ) );
#8991 = PCURVE('',#1923,#8992);
#8992 = DEFINITIONAL_REPRESENTATION('',(#8993),#8997);
#8993 = LINE('',#8994,#8995);
#8994 = CARTESIAN_POINT('',(0.138728375361,-7.917277944358E-15));
#8995 = VECTOR('',#8996,1.);
#8996 = DIRECTION('',(-5.551115123126E-17,1.));
#8997 = ( GEOMETRIC_REPRESENTATION_CONTEXT(2) 
PARAMETRIC_REPRESENTATION_CONTEXT() REPRESENTATION_CONTEXT('2D SPACE',''
  ) );
#8998 = ORIENTED_EDGE('',*,*,#8928,.T.);
#8999 = ORIENTED_EDGE('',*,*,#1935,.T.);
#9000 = ADVANCED_FACE('',(#9001),#1923,.T.);
#9001 = FACE_BOUND('',#9002,.T.);
#9002 = EDGE_LOOP('',(#9003,#9024,#9025,#9026,#9027));
#9003 = ORIENTED_EDGE('',*,*,#9004,.F.);
#9004 = EDGE_CURVE('',#6549,#1872,#9005,.T.);
#9005 = SURFACE_CURVE('',#9006,(#9010,#9017),.PCURVE_S1.);
#9006 = LINE('',#9007,#9008);
#9007 = CARTESIAN_POINT('',(-75.,2.8,3.10862446895E-16));
#9008 = VECTOR('',#9009,1.);
#9009 = DIRECTION('',(-0.707106781187,-7.850462293419E-17,0.707106781187
    ));
#9010 = PCURVE('',#1923,#9011);
#9011 = DEFINITIONAL_REPRESENTATION('',(#9012),#9016);
#9012 = LINE('',#9013,#9014);
#9013 = CARTESIAN_POINT('',(1.803468879687,-6.217248937901E-15));
#9014 = VECTOR('',#9015,1.);
#9015 = DIRECTION('',(5.551115123126E-17,-1.));
#9016 = ( GEOMETRIC_REPRESENTATION_CONTEXT(2) 
PARAMETRIC_REPRESENTATION_CONTEXT() REPRESENTATION_CONTEXT('2D SPACE',''
  ) );
#9017 = PCURVE('',#1891,#9018);
#9018 = DEFINITIONAL_REPRESENTATION('',(#9019),#9023);
#9019 = LINE('',#9020,#9021);
#9020 = CARTESIAN_POINT('',(0.,0.));
#9021 = VECTOR('',#9022,1.);
#9022 = DIRECTION('',(0.,-1.));
#9023 = ( GEOMETRIC_REPRESENTATION_CONTEXT(2) 
PARAMETRIC_REPRESENTATION_CONTEXT() REPRESENTATION_CONTEXT('2D SPACE',''
  ) );
#9024 = ORIENTED_EDGE('',*,*,#6548,.F.);
#9025 = ORIENTED_EDGE('',*,*,#8951,.F.);
#9026 = ORIENTED_EDGE('',*,*,#8978,.F.);
#9027 = ORIENTED_EDGE('',*,*,#1903,.T.);
#9028 = ADVANCED_FACE('',(#9029),#1891,.T.);
#9029 = FACE_BOUND('',#9030,.T.);
#9030 = EDGE_LOOP('',(#9031,#9054,#9075,#9076,#9077));
#9031 = ORIENTED_EDGE('',*,*,#9032,.F.);
#9032 = EDGE_CURVE('',#9033,#1843,#9035,.T.);
#9033 = VERTEX_POINT('',#9034);
#9034 = CARTESIAN_POINT('',(-80.38142591555,4.,7.013210795216));
#9035 = SURFACE_CURVE('',#9036,(#9040,#9047),.PCURVE_S1.);
#9036 = LINE('',#9037,#9038);
#9037 = CARTESIAN_POINT('',(-74.18410756016,4.,0.815892439831));
#9038 = VECTOR('',#9039,1.);
#9039 = DIRECTION('',(-0.707106781187,-7.850462293419E-17,0.707106781187
    ));
#9040 = PCURVE('',#1891,#9041);
#9041 = DEFINITIONAL_REPRESENTATION('',(#9042),#9046);
#9042 = LINE('',#9043,#9044);
#9043 = CARTESIAN_POINT('',(1.664740504327,1.7763568394E-15));
#9044 = VECTOR('',#9045,1.);
#9045 = DIRECTION('',(0.,-1.));
#9046 = ( GEOMETRIC_REPRESENTATION_CONTEXT(2) 
PARAMETRIC_REPRESENTATION_CONTEXT() REPRESENTATION_CONTEXT('2D SPACE',''
  ) );
#9047 = PCURVE('',#1859,#9048);
#9048 = DEFINITIONAL_REPRESENTATION('',(#9049),#9053);
#9049 = LINE('',#9050,#9051);
#9050 = CARTESIAN_POINT('',(0.815892439831,-0.815892439831));
#9051 = VECTOR('',#9052,1.);
#9052 = DIRECTION('',(-0.707106781187,-0.707106781187));
#9053 = ( GEOMETRIC_REPRESENTATION_CONTEXT(2) 
PARAMETRIC_REPRESENTATION_CONTEXT() REPRESENTATION_CONTEXT('2D SPACE',''
  ) );
#9054 = ORIENTED_EDGE('',*,*,#9055,.T.);
#9055 = EDGE_CURVE('',#9033,#6576,#9056,.T.);
#9056 = SURFACE_CURVE('',#9057,(#9061,#9068),.PCURVE_S1.);
#9057 = LINE('',#9058,#9059);
#9058 = CARTESIAN_POINT('',(-75.10150607968,2.822634762149,
    0.132285298541));
#9059 = VECTOR('',#9060,1.);
#9060 = DIRECTION('',(0.603228856751,-0.134513535903,-0.786143151749));
#9061 = PCURVE('',#1891,#9062);
#9062 = DEFINITIONAL_REPRESENTATION('',(#9063),#9067);
#9063 = LINE('',#9064,#9065);
#9064 = CARTESIAN_POINT('',(3.140083779588E-02,-0.165315468926));
#9065 = VECTOR('',#9066,1.);
#9066 = DIRECTION('',(-0.186608442998,0.982434368801));
#9067 = ( GEOMETRIC_REPRESENTATION_CONTEXT(2) 
PARAMETRIC_REPRESENTATION_CONTEXT() REPRESENTATION_CONTEXT('2D SPACE',''
  ) );
#9068 = PCURVE('',#1830,#9069);
#9069 = DEFINITIONAL_REPRESENTATION('',(#9070),#9074);
#9070 = LINE('',#9071,#9072);
#9071 = CARTESIAN_POINT('',(1.772068041891,-0.165315468926));
#9072 = VECTOR('',#9073,1.);
#9073 = DIRECTION('',(0.186608442998,0.982434368801));
#9074 = ( GEOMETRIC_REPRESENTATION_CONTEXT(2) 
PARAMETRIC_REPRESENTATION_CONTEXT() REPRESENTATION_CONTEXT('2D SPACE',''
  ) );
#9075 = ORIENTED_EDGE('',*,*,#6575,.F.);
#9076 = ORIENTED_EDGE('',*,*,#9004,.T.);
#9077 = ORIENTED_EDGE('',*,*,#1871,.T.);
#9078 = ADVANCED_FACE('',(#9079),#1859,.T.);
#9079 = FACE_BOUND('',#9080,.T.);
#9080 = EDGE_LOOP('',(#9081,#9102,#9103));
#9081 = ORIENTED_EDGE('',*,*,#9082,.T.);
#9082 = EDGE_CURVE('',#1811,#9033,#9083,.T.);
#9083 = SURFACE_CURVE('',#9084,(#9088,#9095),.PCURVE_S1.);
#9084 = LINE('',#9085,#9086);
#9085 = CARTESIAN_POINT('',(-75.99926008129,4.,-0.576923076923));
#9086 = VECTOR('',#9087,1.);
#9087 = DIRECTION('',(0.5,9.614813431918E-17,-0.866025403784));
#9088 = PCURVE('',#1859,#9089);
#9089 = DEFINITIONAL_REPRESENTATION('',(#9090),#9094);
#9090 = LINE('',#9091,#9092);
#9091 = CARTESIAN_POINT('',(-0.99926008129,0.576923076923));
#9092 = VECTOR('',#9093,1.);
#9093 = DIRECTION('',(0.5,0.866025403784));
#9094 = ( GEOMETRIC_REPRESENTATION_CONTEXT(2) 
PARAMETRIC_REPRESENTATION_CONTEXT() REPRESENTATION_CONTEXT('2D SPACE',''
  ) );
#9095 = PCURVE('',#1830,#9096);
#9096 = DEFINITIONAL_REPRESENTATION('',(#9097),#9101);
#9097 = LINE('',#9098,#9099);
#9098 = CARTESIAN_POINT('',(0.138728375361,5.835609773186E-15));
#9099 = VECTOR('',#9100,1.);
#9100 = DIRECTION('',(0.,1.));
#9101 = ( GEOMETRIC_REPRESENTATION_CONTEXT(2) 
PARAMETRIC_REPRESENTATION_CONTEXT() REPRESENTATION_CONTEXT('2D SPACE',''
  ) );
#9102 = ORIENTED_EDGE('',*,*,#9032,.T.);
#9103 = ORIENTED_EDGE('',*,*,#1842,.T.);
#9104 = ADVANCED_FACE('',(#9105),#1830,.T.);
#9105 = FACE_BOUND('',#9106,.T.);
#9106 = EDGE_LOOP('',(#9107,#9128,#9129,#9130,#9131));
#9107 = ORIENTED_EDGE('',*,*,#9108,.F.);
#9108 = EDGE_CURVE('',#6603,#1779,#9109,.T.);
#9109 = SURFACE_CURVE('',#9110,(#9114,#9121),.PCURVE_S1.);
#9110 = LINE('',#9111,#9112);
#9111 = CARTESIAN_POINT('',(-75.,2.8,3.10862446895E-16));
#9112 = VECTOR('',#9113,1.);
#9113 = DIRECTION('',(-0.5,-9.614813431918E-17,0.866025403784));
#9114 = PCURVE('',#1830,#9115);
#9115 = DEFINITIONAL_REPRESENTATION('',(#9116),#9120);
#9116 = LINE('',#9117,#9118);
#9117 = CARTESIAN_POINT('',(1.803468879687,3.441691376338E-15));
#9118 = VECTOR('',#9119,1.);
#9119 = DIRECTION('',(0.,-1.));
#9120 = ( GEOMETRIC_REPRESENTATION_CONTEXT(2) 
PARAMETRIC_REPRESENTATION_CONTEXT() REPRESENTATION_CONTEXT('2D SPACE',''
  ) );
#9121 = PCURVE('',#1798,#9122);
#9122 = DEFINITIONAL_REPRESENTATION('',(#9123),#9127);
#9123 = LINE('',#9124,#9125);
#9124 = CARTESIAN_POINT('',(0.,0.));
#9125 = VECTOR('',#9126,1.);
#9126 = DIRECTION('',(0.,-1.));
#9127 = ( GEOMETRIC_REPRESENTATION_CONTEXT(2) 
PARAMETRIC_REPRESENTATION_CONTEXT() REPRESENTATION_CONTEXT('2D SPACE',''
  ) );
#9128 = ORIENTED_EDGE('',*,*,#6602,.F.);
#9129 = ORIENTED_EDGE('',*,*,#9055,.F.);
#9130 = ORIENTED_EDGE('',*,*,#9082,.F.);
#9131 = ORIENTED_EDGE('',*,*,#1810,.T.);
#9132 = ADVANCED_FACE('',(#9133),#1798,.T.);
#9133 = FACE_BOUND('',#9134,.T.);
#9134 = EDGE_LOOP('',(#9135,#9158,#9179,#9180,#9181));
#9135 = ORIENTED_EDGE('',*,*,#9136,.F.);
#9136 = EDGE_CURVE('',#9137,#1750,#9139,.T.);
#9137 = VERTEX_POINT('',#9138);
#9138 = CARTESIAN_POINT('',(-78.38290575297,4.,8.167056949062));
#9139 = SURFACE_CURVE('',#9140,(#9144,#9151),.PCURVE_S1.);
#9140 = LINE('',#9141,#9142);
#9141 = CARTESIAN_POINT('',(-74.00073991871,4.,0.576923076923));
#9142 = VECTOR('',#9143,1.);
#9143 = DIRECTION('',(-0.5,-9.614813431918E-17,0.866025403784));
#9144 = PCURVE('',#1798,#9145);
#9145 = DEFINITIONAL_REPRESENTATION('',(#9146),#9150);
#9146 = LINE('',#9147,#9148);
#9147 = CARTESIAN_POINT('',(1.664740504327,-2.331468351713E-15));
#9148 = VECTOR('',#9149,1.);
#9149 = DIRECTION('',(0.,-1.));
#9150 = ( GEOMETRIC_REPRESENTATION_CONTEXT(2) 
PARAMETRIC_REPRESENTATION_CONTEXT() REPRESENTATION_CONTEXT('2D SPACE',''
  ) );
#9151 = PCURVE('',#1766,#9152);
#9152 = DEFINITIONAL_REPRESENTATION('',(#9153),#9157);
#9153 = LINE('',#9154,#9155);
#9154 = CARTESIAN_POINT('',(0.99926008129,-0.576923076923));
#9155 = VECTOR('',#9156,1.);
#9156 = DIRECTION('',(-0.5,-0.866025403784));
#9157 = ( GEOMETRIC_REPRESENTATION_CONTEXT(2) 
PARAMETRIC_REPRESENTATION_CONTEXT() REPRESENTATION_CONTEXT('2D SPACE',''
  ) );
#9158 = ORIENTED_EDGE('',*,*,#9159,.T.);
#9159 = EDGE_CURVE('',#9137,#6630,#9160,.T.);
#9160 = SURFACE_CURVE('',#9161,(#9165,#9172),.PCURVE_S1.);
#9161 = LINE('',#9162,#9163);
#9162 = CARTESIAN_POINT('',(-75.06380938924,2.822634762149,
    0.154049492915));
#9163 = VECTOR('',#9164,1.);
#9164 = DIRECTION('',(0.37920551205,-0.134513535903,-0.915483090117));
#9165 = PCURVE('',#1798,#9166);
#9166 = DEFINITIONAL_REPRESENTATION('',(#9167),#9171);
#9167 = LINE('',#9168,#9169);
#9168 = CARTESIAN_POINT('',(3.140083779588E-02,-0.165315468926));
#9169 = VECTOR('',#9170,1.);
#9170 = DIRECTION('',(-0.186608442998,0.982434368801));
#9171 = ( GEOMETRIC_REPRESENTATION_CONTEXT(2) 
PARAMETRIC_REPRESENTATION_CONTEXT() REPRESENTATION_CONTEXT('2D SPACE',''
  ) );
#9172 = PCURVE('',#1737,#9173);
#9173 = DEFINITIONAL_REPRESENTATION('',(#9174),#9178);
#9174 = LINE('',#9175,#9176);
#9175 = CARTESIAN_POINT('',(1.772068041891,-0.165315468926));
#9176 = VECTOR('',#9177,1.);
#9177 = DIRECTION('',(0.186608442998,0.982434368801));
#9178 = ( GEOMETRIC_REPRESENTATION_CONTEXT(2) 
PARAMETRIC_REPRESENTATION_CONTEXT() REPRESENTATION_CONTEXT('2D SPACE',''
  ) );
#9179 = ORIENTED_EDGE('',*,*,#6629,.F.);
#9180 = ORIENTED_EDGE('',*,*,#9108,.T.);
#9181 = ORIENTED_EDGE('',*,*,#1778,.T.);
#9182 = ADVANCED_FACE('',(#9183),#1766,.T.);
#9183 = FACE_BOUND('',#9184,.T.);
#9184 = EDGE_LOOP('',(#9185,#9206,#9207));
#9185 = ORIENTED_EDGE('',*,*,#9186,.T.);
#9186 = EDGE_CURVE('',#1718,#9137,#9187,.T.);
#9187 = SURFACE_CURVE('',#9188,(#9192,#9199),.PCURVE_S1.);
#9188 = LINE('',#9189,#9190);
#9189 = CARTESIAN_POINT('',(-76.11452979956,4.,-0.298637359734));
#9190 = VECTOR('',#9191,1.);
#9191 = DIRECTION('',(0.258819045103,1.072393092426E-16,-0.965925826289)
  );
#9192 = PCURVE('',#1766,#9193);
#9193 = DEFINITIONAL_REPRESENTATION('',(#9194),#9198);
#9194 = LINE('',#9195,#9196);
#9195 = CARTESIAN_POINT('',(-1.114529799564,0.298637359734));
#9196 = VECTOR('',#9197,1.);
#9197 = DIRECTION('',(0.258819045103,0.965925826289));
#9198 = ( GEOMETRIC_REPRESENTATION_CONTEXT(2) 
PARAMETRIC_REPRESENTATION_CONTEXT() REPRESENTATION_CONTEXT('2D SPACE',''
  ) );
#9199 = PCURVE('',#1737,#9200);
#9200 = DEFINITIONAL_REPRESENTATION('',(#9201),#9205);
#9201 = LINE('',#9202,#9203);
#9202 = CARTESIAN_POINT('',(0.138728375361,2.008809785181E-15));
#9203 = VECTOR('',#9204,1.);
#9204 = DIRECTION('',(2.775557561563E-17,1.));
#9205 = ( GEOMETRIC_REPRESENTATION_CONTEXT(2) 
PARAMETRIC_REPRESENTATION_CONTEXT() REPRESENTATION_CONTEXT('2D SPACE',''
  ) );
#9206 = ORIENTED_EDGE('',*,*,#9136,.T.);
#9207 = ORIENTED_EDGE('',*,*,#1749,.T.);
#9208 = ADVANCED_FACE('',(#9209),#1737,.T.);
#9209 = FACE_BOUND('',#9210,.T.);
#9210 = EDGE_LOOP('',(#9211,#9232,#9233,#9234,#9235));
#9211 = ORIENTED_EDGE('',*,*,#9212,.F.);
#9212 = EDGE_CURVE('',#6657,#1686,#9213,.T.);
#9213 = SURFACE_CURVE('',#9214,(#9218,#9225),.PCURVE_S1.);
#9214 = LINE('',#9215,#9216);
#9215 = CARTESIAN_POINT('',(-75.,2.8,3.10862446895E-16));
#9216 = VECTOR('',#9217,1.);
#9217 = DIRECTION('',(-0.258819045103,-1.072393092426E-16,0.965925826289
    ));
#9218 = PCURVE('',#1737,#9219);
#9219 = DEFINITIONAL_REPRESENTATION('',(#9220),#9224);
#9220 = LINE('',#9221,#9222);
#9221 = CARTESIAN_POINT('',(1.803468879687,1.554312234475E-15));
#9222 = VECTOR('',#9223,1.);
#9223 = DIRECTION('',(-2.775557561563E-17,-1.));
#9224 = ( GEOMETRIC_REPRESENTATION_CONTEXT(2) 
PARAMETRIC_REPRESENTATION_CONTEXT() REPRESENTATION_CONTEXT('2D SPACE',''
  ) );
#9225 = PCURVE('',#1705,#9226);
#9226 = DEFINITIONAL_REPRESENTATION('',(#9227),#9231);
#9227 = LINE('',#9228,#9229);
#9228 = CARTESIAN_POINT('',(0.,0.));
#9229 = VECTOR('',#9230,1.);
#9230 = DIRECTION('',(0.,-1.));
#9231 = ( GEOMETRIC_REPRESENTATION_CONTEXT(2) 
PARAMETRIC_REPRESENTATION_CONTEXT() REPRESENTATION_CONTEXT('2D SPACE',''
  ) );
#9232 = ORIENTED_EDGE('',*,*,#6656,.F.);
#9233 = ORIENTED_EDGE('',*,*,#9159,.F.);
#9234 = ORIENTED_EDGE('',*,*,#9186,.F.);
#9235 = ORIENTED_EDGE('',*,*,#1717,.T.);
#9236 = ADVANCED_FACE('',(#9237),#1705,.T.);
#9237 = FACE_BOUND('',#9238,.T.);
#9238 = EDGE_LOOP('',(#9239,#9262,#9283,#9284,#9285));
#9239 = ORIENTED_EDGE('',*,*,#9240,.F.);
#9240 = EDGE_CURVE('',#9241,#1657,#9243,.T.);
#9241 = VERTEX_POINT('',#9242);
#9242 = CARTESIAN_POINT('',(-76.15384615384,4.,8.764331668529));
#9243 = SURFACE_CURVE('',#9244,(#9248,#9255),.PCURVE_S1.);
#9244 = LINE('',#9245,#9246);
#9245 = CARTESIAN_POINT('',(-73.88547020043,4.,0.298637359734));
#9246 = VECTOR('',#9247,1.);
#9247 = DIRECTION('',(-0.258819045103,-1.072393092426E-16,0.965925826289
    ));
#9248 = PCURVE('',#1705,#9249);
#9249 = DEFINITIONAL_REPRESENTATION('',(#9250),#9254);
#9250 = LINE('',#9251,#9252);
#9251 = CARTESIAN_POINT('',(1.664740504327,-3.330669073875E-16));
#9252 = VECTOR('',#9253,1.);
#9253 = DIRECTION('',(0.,-1.));
#9254 = ( GEOMETRIC_REPRESENTATION_CONTEXT(2) 
PARAMETRIC_REPRESENTATION_CONTEXT() REPRESENTATION_CONTEXT('2D SPACE',''
  ) );
#9255 = PCURVE('',#1673,#9256);
#9256 = DEFINITIONAL_REPRESENTATION('',(#9257),#9261);
#9257 = LINE('',#9258,#9259);
#9258 = CARTESIAN_POINT('',(1.114529799564,-0.298637359734));
#9259 = VECTOR('',#9260,1.);
#9260 = DIRECTION('',(-0.258819045103,-0.965925826289));
#9261 = ( GEOMETRIC_REPRESENTATION_CONTEXT(2) 
PARAMETRIC_REPRESENTATION_CONTEXT() REPRESENTATION_CONTEXT('2D SPACE',''
  ) );
#9262 = ORIENTED_EDGE('',*,*,#9263,.T.);
#9263 = EDGE_CURVE('',#9241,#6684,#9264,.T.);
#9264 = SURFACE_CURVE('',#9265,(#9269,#9276),.PCURVE_S1.);
#9265 = LINE('',#9266,#9267);
#9266 = CARTESIAN_POINT('',(-75.02176419437,2.822634762149,
    0.165315468926));
#9267 = VECTOR('',#9268,1.);
#9268 = DIRECTION('',(0.129339938368,-0.134513535903,-0.982434368801));
#9269 = PCURVE('',#1705,#9270);
#9270 = DEFINITIONAL_REPRESENTATION('',(#9271),#9275);
#9271 = LINE('',#9272,#9273);
#9272 = CARTESIAN_POINT('',(3.140083779588E-02,-0.165315468926));
#9273 = VECTOR('',#9274,1.);
#9274 = DIRECTION('',(-0.186608442998,0.982434368801));
#9275 = ( GEOMETRIC_REPRESENTATION_CONTEXT(2) 
PARAMETRIC_REPRESENTATION_CONTEXT() REPRESENTATION_CONTEXT('2D SPACE',''
  ) );
#9276 = PCURVE('',#1644,#9277);
#9277 = DEFINITIONAL_REPRESENTATION('',(#9278),#9282);
#9278 = LINE('',#9279,#9280);
#9279 = CARTESIAN_POINT('',(1.772068041891,-0.165315468926));
#9280 = VECTOR('',#9281,1.);
#9281 = DIRECTION('',(0.186608442998,0.982434368801));
#9282 = ( GEOMETRIC_REPRESENTATION_CONTEXT(2) 
PARAMETRIC_REPRESENTATION_CONTEXT() REPRESENTATION_CONTEXT('2D SPACE',''
  ) );
#9283 = ORIENTED_EDGE('',*,*,#6683,.F.);
#9284 = ORIENTED_EDGE('',*,*,#9212,.T.);
#9285 = ORIENTED_EDGE('',*,*,#1685,.T.);
#9286 = ADVANCED_FACE('',(#9287),#1673,.T.);
#9287 = FACE_BOUND('',#9288,.T.);
#9288 = EDGE_LOOP('',(#9289,#9310,#9311));
#9289 = ORIENTED_EDGE('',*,*,#9290,.T.);
#9290 = EDGE_CURVE('',#1625,#9241,#9291,.T.);
#9291 = SURFACE_CURVE('',#9292,(#9296,#9303),.PCURVE_S1.);
#9292 = LINE('',#9293,#9294);
#9293 = CARTESIAN_POINT('',(-76.15384615384,4.,1.87883896475E-16));
#9294 = VECTOR('',#9295,1.);
#9295 = DIRECTION('',(2.22044604925E-16,1.110223024625E-16,-1.));
#9296 = PCURVE('',#1673,#9297);
#9297 = DEFINITIONAL_REPRESENTATION('',(#9298),#9302);
#9298 = LINE('',#9299,#9300);
#9299 = CARTESIAN_POINT('',(-1.153846153846,2.56205313375E-16));
#9300 = VECTOR('',#9301,1.);
#9301 = DIRECTION('',(2.22044604925E-16,1.));
#9302 = ( GEOMETRIC_REPRESENTATION_CONTEXT(2) 
PARAMETRIC_REPRESENTATION_CONTEXT() REPRESENTATION_CONTEXT('2D SPACE',''
  ) );
#9303 = PCURVE('',#1644,#9304);
#9304 = DEFINITIONAL_REPRESENTATION('',(#9305),#9309);
#9305 = LINE('',#9306,#9307);
#9306 = CARTESIAN_POINT('',(0.138728375361,-2.046107972917E-30));
#9307 = VECTOR('',#9308,1.);
#9308 = DIRECTION('',(0.,1.));
#9309 = ( GEOMETRIC_REPRESENTATION_CONTEXT(2) 
PARAMETRIC_REPRESENTATION_CONTEXT() REPRESENTATION_CONTEXT('2D SPACE',''
  ) );
#9310 = ORIENTED_EDGE('',*,*,#9240,.T.);
#9311 = ORIENTED_EDGE('',*,*,#1656,.T.);
#9312 = ADVANCED_FACE('',(#9313),#1644,.T.);
#9313 = FACE_BOUND('',#9314,.T.);
#9314 = EDGE_LOOP('',(#9315,#9336,#9337,#9338,#9339));
#9315 = ORIENTED_EDGE('',*,*,#9316,.F.);
#9316 = EDGE_CURVE('',#6711,#1593,#9317,.T.);
#9317 = SURFACE_CURVE('',#9318,(#9322,#9329),.PCURVE_S1.);
#9318 = LINE('',#9319,#9320);
#9319 = CARTESIAN_POINT('',(-75.,2.8,3.10862446895E-16));
#9320 = VECTOR('',#9321,1.);
#9321 = DIRECTION('',(-2.22044604925E-16,-1.110223024625E-16,1.));
#9322 = PCURVE('',#1644,#9323);
#9323 = DEFINITIONAL_REPRESENTATION('',(#9324),#9328);
#9324 = LINE('',#9325,#9326);
#9325 = CARTESIAN_POINT('',(1.803468879687,-4.930380657631E-32));
#9326 = VECTOR('',#9327,1.);
#9327 = DIRECTION('',(0.,-1.));
#9328 = ( GEOMETRIC_REPRESENTATION_CONTEXT(2) 
PARAMETRIC_REPRESENTATION_CONTEXT() REPRESENTATION_CONTEXT('2D SPACE',''
  ) );
#9329 = PCURVE('',#1612,#9330);
#9330 = DEFINITIONAL_REPRESENTATION('',(#9331),#9335);
#9331 = LINE('',#9332,#9333);
#9332 = CARTESIAN_POINT('',(0.,0.));
#9333 = VECTOR('',#9334,1.);
#9334 = DIRECTION('',(0.,-1.));
#9335 = ( GEOMETRIC_REPRESENTATION_CONTEXT(2) 
PARAMETRIC_REPRESENTATION_CONTEXT() REPRESENTATION_CONTEXT('2D SPACE',''
  ) );
#9336 = ORIENTED_EDGE('',*,*,#6710,.F.);
#9337 = ORIENTED_EDGE('',*,*,#9263,.F.);
#9338 = ORIENTED_EDGE('',*,*,#9290,.F.);
#9339 = ORIENTED_EDGE('',*,*,#1624,.T.);
#9340 = ADVANCED_FACE('',(#9341),#1612,.T.);
#9341 = FACE_BOUND('',#9342,.T.);
#9342 = EDGE_LOOP('',(#9343,#9366,#9387,#9388,#9389));
#9343 = ORIENTED_EDGE('',*,*,#9344,.F.);
#9344 = EDGE_CURVE('',#9345,#1564,#9347,.T.);
#9345 = VERTEX_POINT('',#9346);
#9346 = CARTESIAN_POINT('',(-73.84615384615,4.,8.764331668529));
#9347 = SURFACE_CURVE('',#9348,(#9352,#9359),.PCURVE_S1.);
#9348 = LINE('',#9349,#9350);
#9349 = CARTESIAN_POINT('',(-73.84615384615,4.,7.002945232251E-16));
#9350 = VECTOR('',#9351,1.);
#9351 = DIRECTION('',(-2.22044604925E-16,-1.110223024625E-16,1.));
#9352 = PCURVE('',#1612,#9353);
#9353 = DEFINITIONAL_REPRESENTATION('',(#9354),#9358);
#9354 = LINE('',#9355,#9356);
#9355 = CARTESIAN_POINT('',(1.664740504327,2.070759876205E-30));
#9356 = VECTOR('',#9357,1.);
#9357 = DIRECTION('',(0.,-1.));
#9358 = ( GEOMETRIC_REPRESENTATION_CONTEXT(2) 
PARAMETRIC_REPRESENTATION_CONTEXT() REPRESENTATION_CONTEXT('2D SPACE',''
  ) );
#9359 = PCURVE('',#1580,#9360);
#9360 = DEFINITIONAL_REPRESENTATION('',(#9361),#9365);
#9361 = LINE('',#9362,#9363);
#9362 = CARTESIAN_POINT('',(1.153846153846,-2.56205313375E-16));
#9363 = VECTOR('',#9364,1.);
#9364 = DIRECTION('',(-2.22044604925E-16,-1.));
#9365 = ( GEOMETRIC_REPRESENTATION_CONTEXT(2) 
PARAMETRIC_REPRESENTATION_CONTEXT() REPRESENTATION_CONTEXT('2D SPACE',''
  ) );
#9366 = ORIENTED_EDGE('',*,*,#9367,.T.);
#9367 = EDGE_CURVE('',#9345,#6738,#9368,.T.);
#9368 = SURFACE_CURVE('',#9369,(#9373,#9380),.PCURVE_S1.);
#9369 = LINE('',#9370,#9371);
#9370 = CARTESIAN_POINT('',(-74.97823580562,2.822634762149,
    0.165315468926));
#9371 = VECTOR('',#9372,1.);
#9372 = DIRECTION('',(-0.129339938368,-0.134513535903,-0.982434368801));
#9373 = PCURVE('',#1612,#9374);
#9374 = DEFINITIONAL_REPRESENTATION('',(#9375),#9379);
#9375 = LINE('',#9376,#9377);
#9376 = CARTESIAN_POINT('',(3.140083779588E-02,-0.165315468926));
#9377 = VECTOR('',#9378,1.);
#9378 = DIRECTION('',(-0.186608442998,0.982434368801));
#9379 = ( GEOMETRIC_REPRESENTATION_CONTEXT(2) 
PARAMETRIC_REPRESENTATION_CONTEXT() REPRESENTATION_CONTEXT('2D SPACE',''
  ) );
#9380 = PCURVE('',#1551,#9381);
#9381 = DEFINITIONAL_REPRESENTATION('',(#9382),#9386);
#9382 = LINE('',#9383,#9384);
#9383 = CARTESIAN_POINT('',(1.772068041891,-0.165315468926));
#9384 = VECTOR('',#9385,1.);
#9385 = DIRECTION('',(0.186608442998,0.982434368801));
#9386 = ( GEOMETRIC_REPRESENTATION_CONTEXT(2) 
PARAMETRIC_REPRESENTATION_CONTEXT() REPRESENTATION_CONTEXT('2D SPACE',''
  ) );
#9387 = ORIENTED_EDGE('',*,*,#6737,.F.);
#9388 = ORIENTED_EDGE('',*,*,#9316,.T.);
#9389 = ORIENTED_EDGE('',*,*,#1592,.T.);
#9390 = ADVANCED_FACE('',(#9391),#1580,.T.);
#9391 = FACE_BOUND('',#9392,.T.);
#9392 = EDGE_LOOP('',(#9393,#9414,#9415));
#9393 = ORIENTED_EDGE('',*,*,#9394,.T.);
#9394 = EDGE_CURVE('',#1532,#9345,#9395,.T.);
#9395 = SURFACE_CURVE('',#9396,(#9400,#9407),.PCURVE_S1.);
#9396 = LINE('',#9397,#9398);
#9397 = CARTESIAN_POINT('',(-76.11452979956,4.,0.298637359734));
#9398 = VECTOR('',#9399,1.);
#9399 = DIRECTION('',(-0.258819045103,1.072393092426E-16,-0.965925826289
    ));
#9400 = PCURVE('',#1580,#9401);
#9401 = DEFINITIONAL_REPRESENTATION('',(#9402),#9406);
#9402 = LINE('',#9403,#9404);
#9403 = CARTESIAN_POINT('',(-1.114529799564,-0.298637359734));
#9404 = VECTOR('',#9405,1.);
#9405 = DIRECTION('',(-0.258819045103,0.965925826289));
#9406 = ( GEOMETRIC_REPRESENTATION_CONTEXT(2) 
PARAMETRIC_REPRESENTATION_CONTEXT() REPRESENTATION_CONTEXT('2D SPACE',''
  ) );
#9407 = PCURVE('',#1551,#9408);
#9408 = DEFINITIONAL_REPRESENTATION('',(#9409),#9413);
#9409 = LINE('',#9410,#9411);
#9410 = CARTESIAN_POINT('',(0.138728375361,-2.040034807749E-15));
#9411 = VECTOR('',#9412,1.);
#9412 = DIRECTION('',(2.775557561563E-17,1.));
#9413 = ( GEOMETRIC_REPRESENTATION_CONTEXT(2) 
PARAMETRIC_REPRESENTATION_CONTEXT() REPRESENTATION_CONTEXT('2D SPACE',''
  ) );
#9414 = ORIENTED_EDGE('',*,*,#9344,.T.);
#9415 = ORIENTED_EDGE('',*,*,#1563,.T.);
#9416 = ADVANCED_FACE('',(#9417),#1551,.T.);
#9417 = FACE_BOUND('',#9418,.T.);
#9418 = EDGE_LOOP('',(#9419,#9440,#9441,#9442,#9443));
#9419 = ORIENTED_EDGE('',*,*,#9420,.F.);
#9420 = EDGE_CURVE('',#6765,#1500,#9421,.T.);
#9421 = SURFACE_CURVE('',#9422,(#9426,#9433),.PCURVE_S1.);
#9422 = LINE('',#9423,#9424);
#9423 = CARTESIAN_POINT('',(-75.,2.8,3.10862446895E-16));
#9424 = VECTOR('',#9425,1.);
#9425 = DIRECTION('',(0.258819045103,-1.072393092426E-16,0.965925826289)
  );
#9426 = PCURVE('',#1551,#9427);
#9427 = DEFINITIONAL_REPRESENTATION('',(#9428),#9432);
#9428 = LINE('',#9429,#9430);
#9429 = CARTESIAN_POINT('',(1.803468879687,-1.609823385706E-15));
#9430 = VECTOR('',#9431,1.);
#9431 = DIRECTION('',(-2.775557561563E-17,-1.));
#9432 = ( GEOMETRIC_REPRESENTATION_CONTEXT(2) 
PARAMETRIC_REPRESENTATION_CONTEXT() REPRESENTATION_CONTEXT('2D SPACE',''
  ) );
#9433 = PCURVE('',#1519,#9434);
#9434 = DEFINITIONAL_REPRESENTATION('',(#9435),#9439);
#9435 = LINE('',#9436,#9437);
#9436 = CARTESIAN_POINT('',(0.,0.));
#9437 = VECTOR('',#9438,1.);
#9438 = DIRECTION('',(0.,-1.));
#9439 = ( GEOMETRIC_REPRESENTATION_CONTEXT(2) 
PARAMETRIC_REPRESENTATION_CONTEXT() REPRESENTATION_CONTEXT('2D SPACE',''
  ) );
#9440 = ORIENTED_EDGE('',*,*,#6764,.F.);
#9441 = ORIENTED_EDGE('',*,*,#9367,.F.);
#9442 = ORIENTED_EDGE('',*,*,#9394,.F.);
#9443 = ORIENTED_EDGE('',*,*,#1531,.T.);
#9444 = ADVANCED_FACE('',(#9445),#1519,.T.);
#9445 = FACE_BOUND('',#9446,.T.);
#9446 = EDGE_LOOP('',(#9447,#9470,#9491,#9492,#9493));
#9447 = ORIENTED_EDGE('',*,*,#9448,.F.);
#9448 = EDGE_CURVE('',#9449,#1471,#9451,.T.);
#9449 = VERTEX_POINT('',#9450);
#9450 = CARTESIAN_POINT('',(-71.61709424702,4.,8.167056949062));
#9451 = SURFACE_CURVE('',#9452,(#9456,#9463),.PCURVE_S1.);
#9452 = LINE('',#9453,#9454);
#9453 = CARTESIAN_POINT('',(-73.88547020043,4.,-0.298637359734));
#9454 = VECTOR('',#9455,1.);
#9455 = DIRECTION('',(0.258819045103,-1.072393092426E-16,0.965925826289)
  );
#9456 = PCURVE('',#1519,#9457);
#9457 = DEFINITIONAL_REPRESENTATION('',(#9458),#9462);
#9458 = LINE('',#9459,#9460);
#9459 = CARTESIAN_POINT('',(1.664740504327,4.440892098501E-16));
#9460 = VECTOR('',#9461,1.);
#9461 = DIRECTION('',(0.,-1.));
#9462 = ( GEOMETRIC_REPRESENTATION_CONTEXT(2) 
PARAMETRIC_REPRESENTATION_CONTEXT() REPRESENTATION_CONTEXT('2D SPACE',''
  ) );
#9463 = PCURVE('',#1487,#9464);
#9464 = DEFINITIONAL_REPRESENTATION('',(#9465),#9469);
#9465 = LINE('',#9466,#9467);
#9466 = CARTESIAN_POINT('',(1.114529799564,0.298637359734));
#9467 = VECTOR('',#9468,1.);
#9468 = DIRECTION('',(0.258819045103,-0.965925826289));
#9469 = ( GEOMETRIC_REPRESENTATION_CONTEXT(2) 
PARAMETRIC_REPRESENTATION_CONTEXT() REPRESENTATION_CONTEXT('2D SPACE',''
  ) );
#9470 = ORIENTED_EDGE('',*,*,#9471,.T.);
#9471 = EDGE_CURVE('',#9449,#6792,#9472,.T.);
#9472 = SURFACE_CURVE('',#9473,(#9477,#9484),.PCURVE_S1.);
#9473 = LINE('',#9474,#9475);
#9474 = CARTESIAN_POINT('',(-74.93619061075,2.822634762149,
    0.154049492915));
#9475 = VECTOR('',#9476,1.);
#9476 = DIRECTION('',(-0.37920551205,-0.134513535903,-0.915483090117));
#9477 = PCURVE('',#1519,#9478);
#9478 = DEFINITIONAL_REPRESENTATION('',(#9479),#9483);
#9479 = LINE('',#9480,#9481);
#9480 = CARTESIAN_POINT('',(3.140083779587E-02,-0.165315468926));
#9481 = VECTOR('',#9482,1.);
#9482 = DIRECTION('',(-0.186608442998,0.982434368801));
#9483 = ( GEOMETRIC_REPRESENTATION_CONTEXT(2) 
PARAMETRIC_REPRESENTATION_CONTEXT() REPRESENTATION_CONTEXT('2D SPACE',''
  ) );
#9484 = PCURVE('',#1458,#9485);
#9485 = DEFINITIONAL_REPRESENTATION('',(#9486),#9490);
#9486 = LINE('',#9487,#9488);
#9487 = CARTESIAN_POINT('',(1.772068041891,-0.165315468926));
#9488 = VECTOR('',#9489,1.);
#9489 = DIRECTION('',(0.186608442998,0.982434368801));
#9490 = ( GEOMETRIC_REPRESENTATION_CONTEXT(2) 
PARAMETRIC_REPRESENTATION_CONTEXT() REPRESENTATION_CONTEXT('2D SPACE',''
  ) );
#9491 = ORIENTED_EDGE('',*,*,#6791,.F.);
#9492 = ORIENTED_EDGE('',*,*,#9420,.T.);
#9493 = ORIENTED_EDGE('',*,*,#1499,.T.);
#9494 = ADVANCED_FACE('',(#9495),#1487,.T.);
#9495 = FACE_BOUND('',#9496,.T.);
#9496 = EDGE_LOOP('',(#9497,#9518,#9519));
#9497 = ORIENTED_EDGE('',*,*,#9498,.T.);
#9498 = EDGE_CURVE('',#1439,#9449,#9499,.T.);
#9499 = SURFACE_CURVE('',#9500,(#9504,#9511),.PCURVE_S1.);
#9500 = LINE('',#9501,#9502);
#9501 = CARTESIAN_POINT('',(-75.99926008129,4.,0.576923076923));
#9502 = VECTOR('',#9503,1.);
#9503 = DIRECTION('',(-0.5,9.614813431918E-17,-0.866025403784));
#9504 = PCURVE('',#1487,#9505);
#9505 = DEFINITIONAL_REPRESENTATION('',(#9506),#9510);
#9506 = LINE('',#9507,#9508);
#9507 = CARTESIAN_POINT('',(-0.99926008129,-0.576923076923));
#9508 = VECTOR('',#9509,1.);
#9509 = DIRECTION('',(-0.5,0.866025403784));
#9510 = ( GEOMETRIC_REPRESENTATION_CONTEXT(2) 
PARAMETRIC_REPRESENTATION_CONTEXT() REPRESENTATION_CONTEXT('2D SPACE',''
  ) );
#9511 = PCURVE('',#1458,#9512);
#9512 = DEFINITIONAL_REPRESENTATION('',(#9513),#9517);
#9513 = LINE('',#9514,#9515);
#9514 = CARTESIAN_POINT('',(0.138728375361,-5.710709682916E-15));
#9515 = VECTOR('',#9516,1.);
#9516 = DIRECTION('',(0.,1.));
#9517 = ( GEOMETRIC_REPRESENTATION_CONTEXT(2) 
PARAMETRIC_REPRESENTATION_CONTEXT() REPRESENTATION_CONTEXT('2D SPACE',''
  ) );
#9518 = ORIENTED_EDGE('',*,*,#9448,.T.);
#9519 = ORIENTED_EDGE('',*,*,#1470,.T.);
#9520 = ADVANCED_FACE('',(#9521),#1458,.T.);
#9521 = FACE_BOUND('',#9522,.T.);
#9522 = EDGE_LOOP('',(#9523,#9544,#9545,#9546,#9547));
#9523 = ORIENTED_EDGE('',*,*,#9524,.F.);
#9524 = EDGE_CURVE('',#6819,#1407,#9525,.T.);
#9525 = SURFACE_CURVE('',#9526,(#9530,#9537),.PCURVE_S1.);
#9526 = LINE('',#9527,#9528);
#9527 = CARTESIAN_POINT('',(-75.,2.8,3.10862446895E-16));
#9528 = VECTOR('',#9529,1.);
#9529 = DIRECTION('',(0.5,-9.614813431918E-17,0.866025403784));
#9530 = PCURVE('',#1458,#9531);
#9531 = DEFINITIONAL_REPRESENTATION('',(#9532),#9536);
#9532 = LINE('',#9533,#9534);
#9533 = CARTESIAN_POINT('',(1.803468879687,-3.330669073875E-15));
#9534 = VECTOR('',#9535,1.);
#9535 = DIRECTION('',(0.,-1.));
#9536 = ( GEOMETRIC_REPRESENTATION_CONTEXT(2) 
PARAMETRIC_REPRESENTATION_CONTEXT() REPRESENTATION_CONTEXT('2D SPACE',''
  ) );
#9537 = PCURVE('',#1426,#9538);
#9538 = DEFINITIONAL_REPRESENTATION('',(#9539),#9543);
#9539 = LINE('',#9540,#9541);
#9540 = CARTESIAN_POINT('',(0.,0.));
#9541 = VECTOR('',#9542,1.);
#9542 = DIRECTION('',(0.,-1.));
#9543 = ( GEOMETRIC_REPRESENTATION_CONTEXT(2) 
PARAMETRIC_REPRESENTATION_CONTEXT() REPRESENTATION_CONTEXT('2D SPACE',''
  ) );
#9544 = ORIENTED_EDGE('',*,*,#6818,.F.);
#9545 = ORIENTED_EDGE('',*,*,#9471,.F.);
#9546 = ORIENTED_EDGE('',*,*,#9498,.F.);
#9547 = ORIENTED_EDGE('',*,*,#1438,.T.);
#9548 = ADVANCED_FACE('',(#9549),#1426,.T.);
#9549 = FACE_BOUND('',#9550,.T.);
#9550 = EDGE_LOOP('',(#9551,#9574,#9595,#9596,#9597));
#9551 = ORIENTED_EDGE('',*,*,#9552,.F.);
#9552 = EDGE_CURVE('',#9553,#1378,#9555,.T.);
#9553 = VERTEX_POINT('',#9554);
#9554 = CARTESIAN_POINT('',(-69.61857408444,4.,7.013210795216));
#9555 = SURFACE_CURVE('',#9556,(#9560,#9567),.PCURVE_S1.);
#9556 = LINE('',#9557,#9558);
#9557 = CARTESIAN_POINT('',(-74.00073991871,4.,-0.576923076923));
#9558 = VECTOR('',#9559,1.);
#9559 = DIRECTION('',(0.5,-9.614813431918E-17,0.866025403784));
#9560 = PCURVE('',#1426,#9561);
#9561 = DEFINITIONAL_REPRESENTATION('',(#9562),#9566);
#9562 = LINE('',#9563,#9564);
#9563 = CARTESIAN_POINT('',(1.664740504327,2.498001805407E-15));
#9564 = VECTOR('',#9565,1.);
#9565 = DIRECTION('',(0.,-1.));
#9566 = ( GEOMETRIC_REPRESENTATION_CONTEXT(2) 
PARAMETRIC_REPRESENTATION_CONTEXT() REPRESENTATION_CONTEXT('2D SPACE',''
  ) );
#9567 = PCURVE('',#1394,#9568);
#9568 = DEFINITIONAL_REPRESENTATION('',(#9569),#9573);
#9569 = LINE('',#9570,#9571);
#9570 = CARTESIAN_POINT('',(0.99926008129,0.576923076923));
#9571 = VECTOR('',#9572,1.);
#9572 = DIRECTION('',(0.5,-0.866025403784));
#9573 = ( GEOMETRIC_REPRESENTATION_CONTEXT(2) 
PARAMETRIC_REPRESENTATION_CONTEXT() REPRESENTATION_CONTEXT('2D SPACE',''
  ) );
#9574 = ORIENTED_EDGE('',*,*,#9575,.T.);
#9575 = EDGE_CURVE('',#9553,#6846,#9576,.T.);
#9576 = SURFACE_CURVE('',#9577,(#9581,#9588),.PCURVE_S1.);
#9577 = LINE('',#9578,#9579);
#9578 = CARTESIAN_POINT('',(-74.89849392031,2.822634762149,
    0.132285298541));
#9579 = VECTOR('',#9580,1.);
#9580 = DIRECTION('',(-0.603228856751,-0.134513535903,-0.786143151749));
#9581 = PCURVE('',#1426,#9582);
#9582 = DEFINITIONAL_REPRESENTATION('',(#9583),#9587);
#9583 = LINE('',#9584,#9585);
#9584 = CARTESIAN_POINT('',(3.140083779587E-02,-0.165315468926));
#9585 = VECTOR('',#9586,1.);
#9586 = DIRECTION('',(-0.186608442998,0.982434368801));
#9587 = ( GEOMETRIC_REPRESENTATION_CONTEXT(2) 
PARAMETRIC_REPRESENTATION_CONTEXT() REPRESENTATION_CONTEXT('2D SPACE',''
  ) );
#9588 = PCURVE('',#1365,#9589);
#9589 = DEFINITIONAL_REPRESENTATION('',(#9590),#9594);
#9590 = LINE('',#9591,#9592);
#9591 = CARTESIAN_POINT('',(1.772068041891,-0.165315468926));
#9592 = VECTOR('',#9593,1.);
#9593 = DIRECTION('',(0.186608442998,0.982434368801));
#9594 = ( GEOMETRIC_REPRESENTATION_CONTEXT(2) 
PARAMETRIC_REPRESENTATION_CONTEXT() REPRESENTATION_CONTEXT('2D SPACE',''
  ) );
#9595 = ORIENTED_EDGE('',*,*,#6845,.F.);
#9596 = ORIENTED_EDGE('',*,*,#9524,.T.);
#9597 = ORIENTED_EDGE('',*,*,#1406,.T.);
#9598 = ADVANCED_FACE('',(#9599),#1394,.T.);
#9599 = FACE_BOUND('',#9600,.T.);
#9600 = EDGE_LOOP('',(#9601,#9622,#9623));
#9601 = ORIENTED_EDGE('',*,*,#9602,.T.);
#9602 = EDGE_CURVE('',#1346,#9553,#9603,.T.);
#9603 = SURFACE_CURVE('',#9604,(#9608,#9615),.PCURVE_S1.);
#9604 = LINE('',#9605,#9606);
#9605 = CARTESIAN_POINT('',(-75.81589243983,4.,0.815892439831));
#9606 = VECTOR('',#9607,1.);
#9607 = DIRECTION('',(-0.707106781187,7.850462293419E-17,-0.707106781187
    ));
#9608 = PCURVE('',#1394,#9609);
#9609 = DEFINITIONAL_REPRESENTATION('',(#9610),#9614);
#9610 = LINE('',#9611,#9612);
#9611 = CARTESIAN_POINT('',(-0.815892439831,-0.815892439831));
#9612 = VECTOR('',#9613,1.);
#9613 = DIRECTION('',(-0.707106781187,0.707106781187));
#9614 = ( GEOMETRIC_REPRESENTATION_CONTEXT(2) 
PARAMETRIC_REPRESENTATION_CONTEXT() REPRESENTATION_CONTEXT('2D SPACE',''
  ) );
#9615 = PCURVE('',#1365,#9616);
#9616 = DEFINITIONAL_REPRESENTATION('',(#9617),#9621);
#9617 = LINE('',#9618,#9619);
#9618 = CARTESIAN_POINT('',(0.138728375361,-4.690692279041E-15));
#9619 = VECTOR('',#9620,1.);
#9620 = DIRECTION('',(-1.110223024625E-16,1.));
#9621 = ( GEOMETRIC_REPRESENTATION_CONTEXT(2) 
PARAMETRIC_REPRESENTATION_CONTEXT() REPRESENTATION_CONTEXT('2D SPACE',''
  ) );
#9622 = ORIENTED_EDGE('',*,*,#9552,.T.);
#9623 = ORIENTED_EDGE('',*,*,#1377,.T.);
#9624 = ADVANCED_FACE('',(#9625),#1365,.T.);
#9625 = FACE_BOUND('',#9626,.T.);
#9626 = EDGE_LOOP('',(#9627,#9648,#9649,#9650,#9651));
#9627 = ORIENTED_EDGE('',*,*,#9628,.F.);
#9628 = EDGE_CURVE('',#6873,#1314,#9629,.T.);
#9629 = SURFACE_CURVE('',#9630,(#9634,#9641),.PCURVE_S1.);
#9630 = LINE('',#9631,#9632);
#9631 = CARTESIAN_POINT('',(-75.,2.8,3.10862446895E-16));
#9632 = VECTOR('',#9633,1.);
#9633 = DIRECTION('',(0.707106781187,-7.850462293419E-17,0.707106781187)
  );
#9634 = PCURVE('',#1365,#9635);
#9635 = DEFINITIONAL_REPRESENTATION('',(#9636),#9640);
#9636 = LINE('',#9637,#9638);
#9637 = CARTESIAN_POINT('',(1.803468879687,-6.106226635438E-15));
#9638 = VECTOR('',#9639,1.);
#9639 = DIRECTION('',(0.,-1.));
#9640 = ( GEOMETRIC_REPRESENTATION_CONTEXT(2) 
PARAMETRIC_REPRESENTATION_CONTEXT() REPRESENTATION_CONTEXT('2D SPACE',''
  ) );
#9641 = PCURVE('',#1333,#9642);
#9642 = DEFINITIONAL_REPRESENTATION('',(#9643),#9647);
#9643 = LINE('',#9644,#9645);
#9644 = CARTESIAN_POINT('',(0.,0.));
#9645 = VECTOR('',#9646,1.);
#9646 = DIRECTION('',(-5.551115123126E-17,-1.));
#9647 = ( GEOMETRIC_REPRESENTATION_CONTEXT(2) 
PARAMETRIC_REPRESENTATION_CONTEXT() REPRESENTATION_CONTEXT('2D SPACE',''
  ) );
#9648 = ORIENTED_EDGE('',*,*,#6872,.F.);
#9649 = ORIENTED_EDGE('',*,*,#9575,.F.);
#9650 = ORIENTED_EDGE('',*,*,#9602,.F.);
#9651 = ORIENTED_EDGE('',*,*,#1345,.T.);
#9652 = ADVANCED_FACE('',(#9653),#1333,.T.);
#9653 = FACE_BOUND('',#9654,.T.);
#9654 = EDGE_LOOP('',(#9655,#9678,#9699,#9700,#9701));
#9655 = ORIENTED_EDGE('',*,*,#9656,.F.);
#9656 = EDGE_CURVE('',#9657,#1285,#9659,.T.);
#9657 = VERTEX_POINT('',#9658);
#9658 = CARTESIAN_POINT('',(-67.98678920478,4.,5.381425915554));
#9659 = SURFACE_CURVE('',#9660,(#9664,#9671),.PCURVE_S1.);
#9660 = LINE('',#9661,#9662);
#9661 = CARTESIAN_POINT('',(-74.18410756016,4.,-0.815892439831));
#9662 = VECTOR('',#9663,1.);
#9663 = DIRECTION('',(0.707106781187,-7.850462293419E-17,0.707106781187)
  );
#9664 = PCURVE('',#1333,#9665);
#9665 = DEFINITIONAL_REPRESENTATION('',(#9666),#9670);
#9666 = LINE('',#9667,#9668);
#9667 = CARTESIAN_POINT('',(1.664740504327,-1.443289932013E-15));
#9668 = VECTOR('',#9669,1.);
#9669 = DIRECTION('',(5.551115123126E-17,-1.));
#9670 = ( GEOMETRIC_REPRESENTATION_CONTEXT(2) 
PARAMETRIC_REPRESENTATION_CONTEXT() REPRESENTATION_CONTEXT('2D SPACE',''
  ) );
#9671 = PCURVE('',#1301,#9672);
#9672 = DEFINITIONAL_REPRESENTATION('',(#9673),#9677);
#9673 = LINE('',#9674,#9675);
#9674 = CARTESIAN_POINT('',(0.815892439831,0.815892439831));
#9675 = VECTOR('',#9676,1.);
#9676 = DIRECTION('',(0.707106781187,-0.707106781187));
#9677 = ( GEOMETRIC_REPRESENTATION_CONTEXT(2) 
PARAMETRIC_REPRESENTATION_CONTEXT() REPRESENTATION_CONTEXT('2D SPACE',''
  ) );
#9678 = ORIENTED_EDGE('',*,*,#9679,.T.);
#9679 = EDGE_CURVE('',#9657,#6900,#9680,.T.);
#9680 = SURFACE_CURVE('',#9681,(#9685,#9692),.PCURVE_S1.);
#9681 = LINE('',#9682,#9683);
#9682 = CARTESIAN_POINT('',(-74.86771470145,2.822634762149,
    0.101506079684));
#9683 = VECTOR('',#9684,1.);
#9684 = DIRECTION('',(-0.786143151749,-0.134513535903,-0.603228856751));
#9685 = PCURVE('',#1333,#9686);
#9686 = DEFINITIONAL_REPRESENTATION('',(#9687),#9691);
#9687 = LINE('',#9688,#9689);
#9688 = CARTESIAN_POINT('',(3.140083779588E-02,-0.165315468926));
#9689 = VECTOR('',#9690,1.);
#9690 = DIRECTION('',(-0.186608442998,0.982434368801));
#9691 = ( GEOMETRIC_REPRESENTATION_CONTEXT(2) 
PARAMETRIC_REPRESENTATION_CONTEXT() REPRESENTATION_CONTEXT('2D SPACE',''
  ) );
#9692 = PCURVE('',#1272,#9693);
#9693 = DEFINITIONAL_REPRESENTATION('',(#9694),#9698);
#9694 = LINE('',#9695,#9696);
#9695 = CARTESIAN_POINT('',(1.772068041891,-0.165315468926));
#9696 = VECTOR('',#9697,1.);
#9697 = DIRECTION('',(0.186608442998,0.982434368801));
#9698 = ( GEOMETRIC_REPRESENTATION_CONTEXT(2) 
PARAMETRIC_REPRESENTATION_CONTEXT() REPRESENTATION_CONTEXT('2D SPACE',''
  ) );
#9699 = ORIENTED_EDGE('',*,*,#6899,.F.);
#9700 = ORIENTED_EDGE('',*,*,#9628,.T.);
#9701 = ORIENTED_EDGE('',*,*,#1313,.T.);
#9702 = ADVANCED_FACE('',(#9703),#1301,.T.);
#9703 = FACE_BOUND('',#9704,.T.);
#9704 = EDGE_LOOP('',(#9705,#9726,#9727));
#9705 = ORIENTED_EDGE('',*,*,#9706,.T.);
#9706 = EDGE_CURVE('',#1253,#9657,#9707,.T.);
#9707 = SURFACE_CURVE('',#9708,(#9712,#9719),.PCURVE_S1.);
#9708 = LINE('',#9709,#9710);
#9709 = CARTESIAN_POINT('',(-75.57692307692,4.,0.99926008129));
#9710 = VECTOR('',#9711,1.);
#9711 = DIRECTION('',(-0.866025403784,5.551115123126E-17,-0.5));
#9712 = PCURVE('',#1301,#9713);
#9713 = DEFINITIONAL_REPRESENTATION('',(#9714),#9718);
#9714 = LINE('',#9715,#9716);
#9715 = CARTESIAN_POINT('',(-0.576923076923,-0.99926008129));
#9716 = VECTOR('',#9717,1.);
#9717 = DIRECTION('',(-0.866025403784,0.5));
#9718 = ( GEOMETRIC_REPRESENTATION_CONTEXT(2) 
PARAMETRIC_REPRESENTATION_CONTEXT() REPRESENTATION_CONTEXT('2D SPACE',''
  ) );
#9719 = PCURVE('',#1272,#9720);
#9720 = DEFINITIONAL_REPRESENTATION('',(#9721),#9725);
#9721 = LINE('',#9722,#9723);
#9722 = CARTESIAN_POINT('',(0.138728375361,3.060052211623E-15));
#9723 = VECTOR('',#9724,1.);
#9724 = DIRECTION('',(0.,1.));
#9725 = ( GEOMETRIC_REPRESENTATION_CONTEXT(2) 
PARAMETRIC_REPRESENTATION_CONTEXT() REPRESENTATION_CONTEXT('2D SPACE',''
  ) );
#9726 = ORIENTED_EDGE('',*,*,#9656,.T.);
#9727 = ORIENTED_EDGE('',*,*,#1284,.T.);
#9728 = ADVANCED_FACE('',(#9729),#1272,.T.);
#9729 = FACE_BOUND('',#9730,.T.);
#9730 = EDGE_LOOP('',(#9731,#9752,#9753,#9754,#9755));
#9731 = ORIENTED_EDGE('',*,*,#9732,.F.);
#9732 = EDGE_CURVE('',#6927,#1221,#9733,.T.);
#9733 = SURFACE_CURVE('',#9734,(#9738,#9745),.PCURVE_S1.);
#9734 = LINE('',#9735,#9736);
#9735 = CARTESIAN_POINT('',(-75.,2.8,3.10862446895E-16));
#9736 = VECTOR('',#9737,1.);
#9737 = DIRECTION('',(0.866025403784,-5.551115123126E-17,0.5));
#9738 = PCURVE('',#1272,#9739);
#9739 = DEFINITIONAL_REPRESENTATION('',(#9740),#9744);
#9740 = LINE('',#9741,#9742);
#9741 = CARTESIAN_POINT('',(1.803468879687,5.551115123126E-16));
#9742 = VECTOR('',#9743,1.);
#9743 = DIRECTION('',(0.,-1.));
#9744 = ( GEOMETRIC_REPRESENTATION_CONTEXT(2) 
PARAMETRIC_REPRESENTATION_CONTEXT() REPRESENTATION_CONTEXT('2D SPACE',''
  ) );
#9745 = PCURVE('',#1240,#9746);
#9746 = DEFINITIONAL_REPRESENTATION('',(#9747),#9751);
#9747 = LINE('',#9748,#9749);
#9748 = CARTESIAN_POINT('',(0.,0.));
#9749 = VECTOR('',#9750,1.);
#9750 = DIRECTION('',(0.,-1.));
#9751 = ( GEOMETRIC_REPRESENTATION_CONTEXT(2) 
PARAMETRIC_REPRESENTATION_CONTEXT() REPRESENTATION_CONTEXT('2D SPACE',''
  ) );
#9752 = ORIENTED_EDGE('',*,*,#6926,.F.);
#9753 = ORIENTED_EDGE('',*,*,#9679,.F.);
#9754 = ORIENTED_EDGE('',*,*,#9706,.F.);
#9755 = ORIENTED_EDGE('',*,*,#1252,.T.);
#9756 = ADVANCED_FACE('',(#9757),#1240,.T.);
#9757 = FACE_BOUND('',#9758,.T.);
#9758 = EDGE_LOOP('',(#9759,#9760,#9781,#9782,#9783));
#9759 = ORIENTED_EDGE('',*,*,#3218,.F.);
#9760 = ORIENTED_EDGE('',*,*,#9761,.T.);
#9761 = EDGE_CURVE('',#3191,#6954,#9762,.T.);
#9762 = SURFACE_CURVE('',#9763,(#9767,#9774),.PCURVE_S1.);
#9763 = LINE('',#9764,#9765);
#9764 = CARTESIAN_POINT('',(-74.84595050708,2.822634762149,
    6.380938924224E-02));
#9765 = VECTOR('',#9766,1.);
#9766 = DIRECTION('',(-0.915483090117,-0.134513535903,-0.37920551205));
#9767 = PCURVE('',#1240,#9768);
#9768 = DEFINITIONAL_REPRESENTATION('',(#9769),#9773);
#9769 = LINE('',#9770,#9771);
#9770 = CARTESIAN_POINT('',(3.140083779588E-02,-0.165315468926));
#9771 = VECTOR('',#9772,1.);
#9772 = DIRECTION('',(-0.186608442998,0.982434368801));
#9773 = ( GEOMETRIC_REPRESENTATION_CONTEXT(2) 
PARAMETRIC_REPRESENTATION_CONTEXT() REPRESENTATION_CONTEXT('2D SPACE',''
  ) );
#9774 = PCURVE('',#3206,#9775);
#9775 = DEFINITIONAL_REPRESENTATION('',(#9776),#9780);
#9776 = LINE('',#9777,#9778);
#9777 = CARTESIAN_POINT('',(1.772068041891,-0.165315468926));
#9778 = VECTOR('',#9779,1.);
#9779 = DIRECTION('',(0.186608442998,0.982434368801));
#9780 = ( GEOMETRIC_REPRESENTATION_CONTEXT(2) 
PARAMETRIC_REPRESENTATION_CONTEXT() REPRESENTATION_CONTEXT('2D SPACE',''
  ) );
#9781 = ORIENTED_EDGE('',*,*,#6953,.F.);
#9782 = ORIENTED_EDGE('',*,*,#9732,.T.);
#9783 = ORIENTED_EDGE('',*,*,#1220,.T.);
#9784 = ADVANCED_FACE('',(#9785),#3206,.T.);
#9785 = FACE_BOUND('',#9786,.T.);
#9786 = EDGE_LOOP('',(#9787,#9808,#9809,#9810,#9811));
#9787 = ORIENTED_EDGE('',*,*,#9788,.F.);
#9788 = EDGE_CURVE('',#6981,#3347,#9789,.T.);
#9789 = SURFACE_CURVE('',#9790,(#9794,#9801),.PCURVE_S1.);
#9790 = LINE('',#9791,#9792);
#9791 = CARTESIAN_POINT('',(-75.,2.8,3.10862446895E-16));
#9792 = VECTOR('',#9793,1.);
#9793 = DIRECTION('',(0.965925826289,-2.873468630843E-17,0.258819045103)
  );
#9794 = PCURVE('',#3206,#9795);
#9795 = DEFINITIONAL_REPRESENTATION('',(#9796),#9800);
#9796 = LINE('',#9797,#9798);
#9797 = CARTESIAN_POINT('',(1.803468879687,2.831068712794E-15));
#9798 = VECTOR('',#9799,1.);
#9799 = DIRECTION('',(-2.775557561563E-17,-1.));
#9800 = ( GEOMETRIC_REPRESENTATION_CONTEXT(2) 
PARAMETRIC_REPRESENTATION_CONTEXT() REPRESENTATION_CONTEXT('2D SPACE',''
  ) );
#9801 = PCURVE('',#3382,#9802);
#9802 = DEFINITIONAL_REPRESENTATION('',(#9803),#9807);
#9803 = LINE('',#9804,#9805);
#9804 = CARTESIAN_POINT('',(0.,0.));
#9805 = VECTOR('',#9806,1.);
#9806 = DIRECTION('',(-2.775557561563E-17,-1.));
#9807 = ( GEOMETRIC_REPRESENTATION_CONTEXT(2) 
PARAMETRIC_REPRESENTATION_CONTEXT() REPRESENTATION_CONTEXT('2D SPACE',''
  ) );
#9808 = ORIENTED_EDGE('',*,*,#6980,.F.);
#9809 = ORIENTED_EDGE('',*,*,#9761,.F.);
#9810 = ORIENTED_EDGE('',*,*,#3190,.F.);
#9811 = ORIENTED_EDGE('',*,*,#3346,.F.);
#9812 = ADVANCED_FACE('',(#9813),#3536,.T.);
#9813 = FACE_BOUND('',#9814,.T.);
#9814 = EDGE_LOOP('',(#9815,#9816,#9817,#9818,#9839));
#9815 = ORIENTED_EDGE('',*,*,#7087,.F.);
#9816 = ORIENTED_EDGE('',*,*,#7654,.T.);
#9817 = ORIENTED_EDGE('',*,*,#5819,.F.);
#9818 = ORIENTED_EDGE('',*,*,#9819,.T.);
#9819 = EDGE_CURVE('',#5793,#3498,#9820,.T.);
#9820 = SURFACE_CURVE('',#9821,(#9825,#9832),.PCURVE_S1.);
#9821 = LINE('',#9822,#9823);
#9822 = CARTESIAN_POINT('',(-75.,2.8,3.10862446895E-16));
#9823 = VECTOR('',#9824,1.);
#9824 = DIRECTION('',(0.965925826289,2.873468630843E-17,-0.258819045103)
  );
#9825 = PCURVE('',#3536,#9826);
#9826 = DEFINITIONAL_REPRESENTATION('',(#9827),#9831);
#9827 = LINE('',#9828,#9829);
#9828 = CARTESIAN_POINT('',(0.,0.));
#9829 = VECTOR('',#9830,1.);
#9830 = DIRECTION('',(0.,-1.));
#9831 = ( GEOMETRIC_REPRESENTATION_CONTEXT(2) 
PARAMETRIC_REPRESENTATION_CONTEXT() REPRESENTATION_CONTEXT('2D SPACE',''
  ) );
#9832 = PCURVE('',#3512,#9833);
#9833 = DEFINITIONAL_REPRESENTATION('',(#9834),#9838);
#9834 = LINE('',#9835,#9836);
#9835 = CARTESIAN_POINT('',(1.803468879687,-2.886579864025E-15));
#9836 = VECTOR('',#9837,1.);
#9837 = DIRECTION('',(0.,-1.));
#9838 = ( GEOMETRIC_REPRESENTATION_CONTEXT(2) 
PARAMETRIC_REPRESENTATION_CONTEXT() REPRESENTATION_CONTEXT('2D SPACE',''
  ) );
#9839 = ORIENTED_EDGE('',*,*,#3523,.F.);
#9840 = ADVANCED_FACE('',(#9841),#3512,.T.);
#9841 = FACE_BOUND('',#9842,.T.);
#9842 = EDGE_LOOP('',(#9843,#9844,#9845,#9868,#9889));
#9843 = ORIENTED_EDGE('',*,*,#9819,.F.);
#9844 = ORIENTED_EDGE('',*,*,#5792,.F.);
#9845 = ORIENTED_EDGE('',*,*,#9846,.F.);
#9846 = EDGE_CURVE('',#9847,#5766,#9849,.T.);
#9847 = VERTEX_POINT('',#9848);
#9848 = CARTESIAN_POINT('',(-66.23566833147,4.,-1.153846153846));
#9849 = SURFACE_CURVE('',#9850,(#9854,#9861),.PCURVE_S1.);
#9850 = LINE('',#9851,#9852);
#9851 = CARTESIAN_POINT('',(-74.83468453107,2.822634762149,
    -2.176419437393E-02));
#9852 = VECTOR('',#9853,1.);
#9853 = DIRECTION('',(-0.982434368801,-0.134513535903,0.129339938368));
#9854 = PCURVE('',#3512,#9855);
#9855 = DEFINITIONAL_REPRESENTATION('',(#9856),#9860);
#9856 = LINE('',#9857,#9858);
#9857 = CARTESIAN_POINT('',(1.772068041891,-0.165315468926));
#9858 = VECTOR('',#9859,1.);
#9859 = DIRECTION('',(0.186608442998,0.982434368801));
#9860 = ( GEOMETRIC_REPRESENTATION_CONTEXT(2) 
PARAMETRIC_REPRESENTATION_CONTEXT() REPRESENTATION_CONTEXT('2D SPACE',''
  ) );
#9861 = PCURVE('',#3460,#9862);
#9862 = DEFINITIONAL_REPRESENTATION('',(#9863),#9867);
#9863 = LINE('',#9864,#9865);
#9864 = CARTESIAN_POINT('',(3.140083779588E-02,-0.165315468926));
#9865 = VECTOR('',#9866,1.);
#9866 = DIRECTION('',(-0.186608442998,0.982434368801));
#9867 = ( GEOMETRIC_REPRESENTATION_CONTEXT(2) 
PARAMETRIC_REPRESENTATION_CONTEXT() REPRESENTATION_CONTEXT('2D SPACE',''
  ) );
#9868 = ORIENTED_EDGE('',*,*,#9869,.F.);
#9869 = EDGE_CURVE('',#3472,#9847,#9870,.T.);
#9870 = SURFACE_CURVE('',#9871,(#9875,#9882),.PCURVE_S1.);
#9871 = LINE('',#9872,#9873);
#9872 = CARTESIAN_POINT('',(-74.70136264026,4.,1.114529799564));
#9873 = VECTOR('',#9874,1.);
#9874 = DIRECTION('',(-0.965925826289,-2.873468630843E-17,0.258819045103
    ));
#9875 = PCURVE('',#3512,#9876);
#9876 = DEFINITIONAL_REPRESENTATION('',(#9877),#9881);
#9877 = LINE('',#9878,#9879);
#9878 = CARTESIAN_POINT('',(0.138728375361,-4.857225732735E-17));
#9879 = VECTOR('',#9880,1.);
#9880 = DIRECTION('',(0.,1.));
#9881 = ( GEOMETRIC_REPRESENTATION_CONTEXT(2) 
PARAMETRIC_REPRESENTATION_CONTEXT() REPRESENTATION_CONTEXT('2D SPACE',''
  ) );
#9882 = PCURVE('',#3486,#9883);
#9883 = DEFINITIONAL_REPRESENTATION('',(#9884),#9888);
#9884 = LINE('',#9885,#9886);
#9885 = CARTESIAN_POINT('',(0.298637359734,-1.114529799564));
#9886 = VECTOR('',#9887,1.);
#9887 = DIRECTION('',(-0.965925826289,-0.258819045103));
#9888 = ( GEOMETRIC_REPRESENTATION_CONTEXT(2) 
PARAMETRIC_REPRESENTATION_CONTEXT() REPRESENTATION_CONTEXT('2D SPACE',''
  ) );
#9889 = ORIENTED_EDGE('',*,*,#3497,.F.);
#9890 = ADVANCED_FACE('',(#9891),#3486,.T.);
#9891 = FACE_BOUND('',#9892,.T.);
#9892 = EDGE_LOOP('',(#9893,#9894,#9895));
#9893 = ORIENTED_EDGE('',*,*,#3471,.F.);
#9894 = ORIENTED_EDGE('',*,*,#9869,.T.);
#9895 = ORIENTED_EDGE('',*,*,#9896,.T.);
#9896 = EDGE_CURVE('',#9847,#3446,#9897,.T.);
#9897 = SURFACE_CURVE('',#9898,(#9902,#9909),.PCURVE_S1.);
#9898 = LINE('',#9899,#9900);
#9899 = CARTESIAN_POINT('',(-75.,4.,-1.153846153846));
#9900 = VECTOR('',#9901,1.);
#9901 = DIRECTION('',(1.,0.,0.));
#9902 = PCURVE('',#3486,#9903);
#9903 = DEFINITIONAL_REPRESENTATION('',(#9904),#9908);
#9904 = LINE('',#9905,#9906);
#9905 = CARTESIAN_POINT('',(0.,1.153846153846));
#9906 = VECTOR('',#9907,1.);
#9907 = DIRECTION('',(1.,0.));
#9908 = ( GEOMETRIC_REPRESENTATION_CONTEXT(2) 
PARAMETRIC_REPRESENTATION_CONTEXT() REPRESENTATION_CONTEXT('2D SPACE',''
  ) );
#9909 = PCURVE('',#3460,#9910);
#9910 = DEFINITIONAL_REPRESENTATION('',(#9911),#9915);
#9911 = LINE('',#9912,#9913);
#9912 = CARTESIAN_POINT('',(1.664740504327,0.));
#9913 = VECTOR('',#9914,1.);
#9914 = DIRECTION('',(0.,-1.));
#9915 = ( GEOMETRIC_REPRESENTATION_CONTEXT(2) 
PARAMETRIC_REPRESENTATION_CONTEXT() REPRESENTATION_CONTEXT('2D SPACE',''
  ) );
#9916 = ADVANCED_FACE('',(#9917),#3460,.T.);
#9917 = FACE_BOUND('',#9918,.T.);
#9918 = EDGE_LOOP('',(#9919,#9920,#9921,#9922,#9943));
#9919 = ORIENTED_EDGE('',*,*,#9896,.F.);
#9920 = ORIENTED_EDGE('',*,*,#9846,.T.);
#9921 = ORIENTED_EDGE('',*,*,#5765,.F.);
#9922 = ORIENTED_EDGE('',*,*,#9923,.T.);
#9923 = EDGE_CURVE('',#5743,#3420,#9924,.T.);
#9924 = SURFACE_CURVE('',#9925,(#9929,#9936),.PCURVE_S1.);
#9925 = LINE('',#9926,#9927);
#9926 = CARTESIAN_POINT('',(-75.,2.8,3.10862446895E-16));
#9927 = VECTOR('',#9928,1.);
#9928 = DIRECTION('',(1.,0.,0.));
#9929 = PCURVE('',#3460,#9930);
#9930 = DEFINITIONAL_REPRESENTATION('',(#9931),#9935);
#9931 = LINE('',#9932,#9933);
#9932 = CARTESIAN_POINT('',(0.,0.));
#9933 = VECTOR('',#9934,1.);
#9934 = DIRECTION('',(0.,-1.));
#9935 = ( GEOMETRIC_REPRESENTATION_CONTEXT(2) 
PARAMETRIC_REPRESENTATION_CONTEXT() REPRESENTATION_CONTEXT('2D SPACE',''
  ) );
#9936 = PCURVE('',#3434,#9937);
#9937 = DEFINITIONAL_REPRESENTATION('',(#9938),#9942);
#9938 = LINE('',#9939,#9940);
#9939 = CARTESIAN_POINT('',(0.,0.));
#9940 = VECTOR('',#9941,1.);
#9941 = DIRECTION('',(-8.488133708189E-17,1.));
#9942 = ( GEOMETRIC_REPRESENTATION_CONTEXT(2) 
PARAMETRIC_REPRESENTATION_CONTEXT() REPRESENTATION_CONTEXT('2D SPACE',''
  ) );
#9943 = ORIENTED_EDGE('',*,*,#3445,.F.);
#9944 = ADVANCED_FACE('',(#9945),#3434,.T.);
#9945 = FACE_BOUND('',#9946,.T.);
#9946 = EDGE_LOOP('',(#9947,#9948,#9949,#9972,#9993));
#9947 = ORIENTED_EDGE('',*,*,#9923,.F.);
#9948 = ORIENTED_EDGE('',*,*,#7034,.F.);
#9949 = ORIENTED_EDGE('',*,*,#9950,.T.);
#9950 = EDGE_CURVE('',#7008,#9951,#9953,.T.);
#9951 = VERTEX_POINT('',#9952);
#9952 = CARTESIAN_POINT('',(-66.23566833147,4.,1.153846153846));
#9953 = SURFACE_CURVE('',#9954,(#9958,#9965),.PCURVE_S1.);
#9954 = LINE('',#9955,#9956);
#9955 = CARTESIAN_POINT('',(-75.,2.8,3.10862446895E-16));
#9956 = VECTOR('',#9957,1.);
#9957 = DIRECTION('',(0.982434368801,0.134513535903,0.129339938368));
#9958 = PCURVE('',#3434,#9959);
#9959 = DEFINITIONAL_REPRESENTATION('',(#9960),#9964);
#9960 = LINE('',#9961,#9962);
#9961 = CARTESIAN_POINT('',(0.,0.));
#9962 = VECTOR('',#9963,1.);
#9963 = DIRECTION('',(0.186608442998,0.982434368801));
#9964 = ( GEOMETRIC_REPRESENTATION_CONTEXT(2) 
PARAMETRIC_REPRESENTATION_CONTEXT() REPRESENTATION_CONTEXT('2D SPACE',''
  ) );
#9965 = PCURVE('',#3382,#9966);
#9966 = DEFINITIONAL_REPRESENTATION('',(#9967),#9971);
#9967 = LINE('',#9968,#9969);
#9968 = CARTESIAN_POINT('',(0.,0.));
#9969 = VECTOR('',#9970,1.);
#9970 = DIRECTION('',(0.186608442998,-0.982434368801));
#9971 = ( GEOMETRIC_REPRESENTATION_CONTEXT(2) 
PARAMETRIC_REPRESENTATION_CONTEXT() REPRESENTATION_CONTEXT('2D SPACE',''
  ) );
#9972 = ORIENTED_EDGE('',*,*,#9973,.T.);
#9973 = EDGE_CURVE('',#9951,#3394,#9974,.T.);
#9974 = SURFACE_CURVE('',#9975,(#9979,#9986),.PCURVE_S1.);
#9975 = LINE('',#9976,#9977);
#9976 = CARTESIAN_POINT('',(-94.96668823448,4.,1.153846153846));
#9977 = VECTOR('',#9978,1.);
#9978 = DIRECTION('',(1.,-4.506478287488E-32,4.059074787257E-16));
#9979 = PCURVE('',#3434,#9980);
#9980 = DEFINITIONAL_REPRESENTATION('',(#9981),#9985);
#9981 = LINE('',#9982,#9983);
#9982 = CARTESIAN_POINT('',(1.664740504327,-19.96668823448));
#9983 = VECTOR('',#9984,1.);
#9984 = DIRECTION('',(1.964566744147E-16,1.));
#9985 = ( GEOMETRIC_REPRESENTATION_CONTEXT(2) 
PARAMETRIC_REPRESENTATION_CONTEXT() REPRESENTATION_CONTEXT('2D SPACE',''
  ) );
#9986 = PCURVE('',#3408,#9987);
#9987 = DEFINITIONAL_REPRESENTATION('',(#9988),#9992);
#9988 = LINE('',#9989,#9990);
#9989 = CARTESIAN_POINT('',(-19.96668823448,-1.153846153846));
#9990 = VECTOR('',#9991,1.);
#9991 = DIRECTION('',(1.,-4.059074787257E-16));
#9992 = ( GEOMETRIC_REPRESENTATION_CONTEXT(2) 
PARAMETRIC_REPRESENTATION_CONTEXT() REPRESENTATION_CONTEXT('2D SPACE',''
  ) );
#9993 = ORIENTED_EDGE('',*,*,#3419,.F.);
#9994 = ADVANCED_FACE('',(#9995),#3408,.T.);
#9995 = FACE_BOUND('',#9996,.T.);
#9996 = EDGE_LOOP('',(#9997,#9998,#10019));
#9997 = ORIENTED_EDGE('',*,*,#9973,.F.);
#9998 = ORIENTED_EDGE('',*,*,#9999,.T.);
#9999 = EDGE_CURVE('',#9951,#3368,#10000,.T.);
#10000 = SURFACE_CURVE('',#10001,(#10005,#10012),.PCURVE_S1.);
#10001 = LINE('',#10002,#10003);
#10002 = CARTESIAN_POINT('',(-74.70136264026,4.,-1.114529799564));
#10003 = VECTOR('',#10004,1.);
#10004 = DIRECTION('',(0.965925826289,-2.873468630843E-17,0.258819045103
    ));
#10005 = PCURVE('',#3408,#10006);
#10006 = DEFINITIONAL_REPRESENTATION('',(#10007),#10011);
#10007 = LINE('',#10008,#10009);
#10008 = CARTESIAN_POINT('',(0.298637359734,1.114529799564));
#10009 = VECTOR('',#10010,1.);
#10010 = DIRECTION('',(0.965925826289,-0.258819045103));
#10011 = ( GEOMETRIC_REPRESENTATION_CONTEXT(2) 
PARAMETRIC_REPRESENTATION_CONTEXT() REPRESENTATION_CONTEXT('2D SPACE',''
  ) );
#10012 = PCURVE('',#3382,#10013);
#10013 = DEFINITIONAL_REPRESENTATION('',(#10014),#10018);
#10014 = LINE('',#10015,#10016);
#10015 = CARTESIAN_POINT('',(1.664740504327,2.6645352591E-15));
#10016 = VECTOR('',#10017,1.);
#10017 = DIRECTION('',(-5.551115123126E-17,-1.));
#10018 = ( GEOMETRIC_REPRESENTATION_CONTEXT(2) 
PARAMETRIC_REPRESENTATION_CONTEXT() REPRESENTATION_CONTEXT('2D SPACE',''
  ) );
#10019 = ORIENTED_EDGE('',*,*,#3393,.F.);
#10020 = ADVANCED_FACE('',(#10021),#3382,.T.);
#10021 = FACE_BOUND('',#10022,.T.);
#10022 = EDGE_LOOP('',(#10023,#10024,#10025,#10026,#10027));
#10023 = ORIENTED_EDGE('',*,*,#9950,.F.);
#10024 = ORIENTED_EDGE('',*,*,#7007,.F.);
#10025 = ORIENTED_EDGE('',*,*,#9788,.T.);
#10026 = ORIENTED_EDGE('',*,*,#3367,.F.);
#10027 = ORIENTED_EDGE('',*,*,#9999,.F.);
#10028 = ADVANCED_FACE('',(#10029),#3310,.T.);
#10029 = FACE_BOUND('',#10030,.T.);
#10030 = EDGE_LOOP('',(#10031,#10032,#10033,#10034));
#10031 = ORIENTED_EDGE('',*,*,#3648,.F.);
#10032 = ORIENTED_EDGE('',*,*,#7116,.F.);
#10033 = ORIENTED_EDGE('',*,*,#3294,.T.);
#10034 = ORIENTED_EDGE('',*,*,#3576,.T.);
#10035 = ADVANCED_FACE('',(#10036),#3722,.F.);
#10036 = FACE_BOUND('',#10037,.T.);
#10037 = EDGE_LOOP('',(#10038,#10039,#10062,#10089,#10116,#10143,#10170,
    #10197,#10224,#10251,#10278,#10305,#10332,#10359,#10386,#10413,
    #10440,#10467,#10494,#10521,#10548,#10575,#10602,#10627,#10628,
    #10629,#10630,#10631,#10632,#10633,#10660,#10687,#10714,#10741,
    #10768,#10795,#10822,#10849,#10876,#10903,#10930,#10957,#10984,
    #11011,#11038,#11065,#11092,#11119,#11146,#11173,#11198));
#10038 = ORIENTED_EDGE('',*,*,#3705,.F.);
#10039 = ORIENTED_EDGE('',*,*,#10040,.T.);
#10040 = EDGE_CURVE('',#3706,#10041,#10043,.T.);
#10041 = VERTEX_POINT('',#10042);
#10042 = CARTESIAN_POINT('',(78.2,-2.8,3.10862446895E-16));
#10043 = SEAM_CURVE('',#10044,(#10048,#10055),.PCURVE_S1.);
#10044 = LINE('',#10045,#10046);
#10045 = CARTESIAN_POINT('',(78.2,36.0000003,-3.552713678801E-15));
#10046 = VECTOR('',#10047,1.);
#10047 = DIRECTION('',(0.,-1.,1.110223024625E-16));
#10048 = PCURVE('',#3722,#10049);
#10049 = DEFINITIONAL_REPRESENTATION('',(#10050),#10054);
#10050 = LINE('',#10051,#10052);
#10051 = CARTESIAN_POINT('',(-0.,0.));
#10052 = VECTOR('',#10053,1.);
#10053 = DIRECTION('',(-0.,-1.));
#10054 = ( GEOMETRIC_REPRESENTATION_CONTEXT(2) 
PARAMETRIC_REPRESENTATION_CONTEXT() REPRESENTATION_CONTEXT('2D SPACE',''
  ) );
#10055 = PCURVE('',#3722,#10056);
#10056 = DEFINITIONAL_REPRESENTATION('',(#10057),#10061);
#10057 = LINE('',#10058,#10059);
#10058 = CARTESIAN_POINT('',(-6.28318530718,0.));
#10059 = VECTOR('',#10060,1.);
#10060 = DIRECTION('',(-0.,-1.));
#10061 = ( GEOMETRIC_REPRESENTATION_CONTEXT(2) 
PARAMETRIC_REPRESENTATION_CONTEXT() REPRESENTATION_CONTEXT('2D SPACE',''
  ) );
#10062 = ORIENTED_EDGE('',*,*,#10063,.T.);
#10063 = EDGE_CURVE('',#10041,#10064,#10066,.T.);
#10064 = VERTEX_POINT('',#10065);
#10065 = CARTESIAN_POINT('',(78.172623556396,-3.234391167708,
    0.417683815104));
#10066 = SURFACE_CURVE('',#10067,(#10072,#10082),.PCURVE_S1.);
#10067 = ELLIPSE('',#10068,4.616880331999,3.2);
#10068 = AXIS2_PLACEMENT_3D('',#10069,#10070,#10071);
#10069 = CARTESIAN_POINT('',(75.,-2.8,3.10862446895E-16));
#10070 = DIRECTION('',(0.,-0.693108716252,-0.720833064902));
#10071 = DIRECTION('',(0.,0.720833064902,-0.693108716252));
#10072 = PCURVE('',#3722,#10073);
#10073 = DEFINITIONAL_REPRESENTATION('',(#10074),#10081);
#10074 = B_SPLINE_CURVE_WITH_KNOTS('',5,(#10075,#10076,#10077,#10078,
    #10079,#10080),.UNSPECIFIED.,.F.,.F.,(6,6),(1.570796326795,
    1.978644166538),.PIECEWISE_BEZIER_KNOTS.);
#10075 = CARTESIAN_POINT('',(0.,-38.8000003));
#10076 = CARTESIAN_POINT('',(-8.156956794859E-02,-39.07146382213));
#10077 = CARTESIAN_POINT('',(-0.163139135897,-39.34292742792));
#10078 = CARTESIAN_POINT('',(-0.244708703846,-39.61062766824));
#10079 = CARTESIAN_POINT('',(-0.326278271794,-39.87080314724));
#10080 = CARTESIAN_POINT('',(-0.407847839743,-40.1200003));
#10081 = ( GEOMETRIC_REPRESENTATION_CONTEXT(2) 
PARAMETRIC_REPRESENTATION_CONTEXT() REPRESENTATION_CONTEXT('2D SPACE',''
  ) );
#10082 = PCURVE('',#3787,#10083);
#10083 = DEFINITIONAL_REPRESENTATION('',(#10084),#10088);
#10084 = ELLIPSE('',#10085,4.616880331999,3.2);
#10085 = AXIS2_PLACEMENT_2D('',#10086,#10087);
#10086 = CARTESIAN_POINT('',(-1.88303909853E-15,0.));
#10087 = DIRECTION('',(-1.,0.));
#10088 = ( GEOMETRIC_REPRESENTATION_CONTEXT(2) 
PARAMETRIC_REPRESENTATION_CONTEXT() REPRESENTATION_CONTEXT('2D SPACE',''
  ) );
#10089 = ORIENTED_EDGE('',*,*,#10090,.T.);
#10090 = EDGE_CURVE('',#10064,#10091,#10093,.T.);
#10091 = VERTEX_POINT('',#10092);
#10092 = CARTESIAN_POINT('',(78.090962644125,-2.8,0.828220944328));
#10093 = SURFACE_CURVE('',#10094,(#10099,#10109),.PCURVE_S1.);
#10094 = ELLIPSE('',#10095,4.616880331999,3.2);
#10095 = AXIS2_PLACEMENT_3D('',#10096,#10097,#10098);
#10096 = CARTESIAN_POINT('',(75.,-2.8,3.10862446895E-16));
#10097 = DIRECTION('',(-0.186565325536,-0.693108716252,0.696271273832));
#10098 = DIRECTION('',(-0.179389736093,0.720833064902,0.669491609454));
#10099 = PCURVE('',#3722,#10100);
#10100 = DEFINITIONAL_REPRESENTATION('',(#10101),#10108);
#10101 = B_SPLINE_CURVE_WITH_KNOTS('',5,(#10102,#10103,#10104,#10105,
    #10106,#10107),.UNSPECIFIED.,.F.,.F.,(6,6),(4.450589592586,
    4.748454490712),.PIECEWISE_BEZIER_KNOTS.);
#10102 = CARTESIAN_POINT('',(8.881784197001E-16,-39.6613500821));
#10103 = CARTESIAN_POINT('',(-5.957297962527E-02,-39.46984671329));
#10104 = CARTESIAN_POINT('',(-0.119145959251,-39.27452225535));
#10105 = CARTESIAN_POINT('',(-0.178718938876,-39.0767925486));
#10106 = CARTESIAN_POINT('',(-0.238291918501,-38.87813025042));
#10107 = CARTESIAN_POINT('',(-0.297864898126,-38.6800003));
#10108 = ( GEOMETRIC_REPRESENTATION_CONTEXT(2) 
PARAMETRIC_REPRESENTATION_CONTEXT() REPRESENTATION_CONTEXT('2D SPACE',''
  ) );
#10109 = PCURVE('',#5676,#10110);
#10110 = DEFINITIONAL_REPRESENTATION('',(#10111),#10115);
#10111 = ELLIPSE('',#10112,4.616880331999,3.2);
#10112 = AXIS2_PLACEMENT_2D('',#10113,#10114);
#10113 = CARTESIAN_POINT('',(1.803468879687,-3.219646771413E-15));
#10114 = DIRECTION('',(1.,-2.775557561563E-17));
#10115 = ( GEOMETRIC_REPRESENTATION_CONTEXT(2) 
PARAMETRIC_REPRESENTATION_CONTEXT() REPRESENTATION_CONTEXT('2D SPACE',''
  ) );
#10116 = ORIENTED_EDGE('',*,*,#10117,.T.);
#10117 = EDGE_CURVE('',#10091,#10118,#10120,.T.);
#10118 = VERTEX_POINT('',#10119);
#10119 = CARTESIAN_POINT('',(77.956414504036,-3.234391167708,
    1.224586983568));
#10120 = SURFACE_CURVE('',#10121,(#10126,#10136),.PCURVE_S1.);
#10121 = ELLIPSE('',#10122,4.616880331999,3.2);
#10122 = AXIS2_PLACEMENT_3D('',#10123,#10124,#10125);
#10123 = CARTESIAN_POINT('',(75.,-2.8,3.10862446895E-16));
#10124 = DIRECTION('',(0.186565325536,-0.693108716252,-0.696271273832));
#10125 = DIRECTION('',(0.179389736093,0.720833064902,-0.669491609454));
#10126 = PCURVE('',#3722,#10127);
#10127 = DEFINITIONAL_REPRESENTATION('',(#10128),#10135);
#10128 = B_SPLINE_CURVE_WITH_KNOTS('',5,(#10129,#10130,#10131,#10132,
    #10133,#10134),.UNSPECIFIED.,.F.,.F.,(6,6),(1.534730816468,
    1.978644166538),.PIECEWISE_BEZIER_KNOTS.);
#10129 = CARTESIAN_POINT('',(-0.225733877472,-38.6800003));
#10130 = CARTESIAN_POINT('',(-0.314516547486,-38.97527688544));
#10131 = CARTESIAN_POINT('',(-0.4032992175,-39.27173594902));
#10132 = CARTESIAN_POINT('',(-0.492081887514,-39.56452782901));
#10133 = CARTESIAN_POINT('',(-0.580864557528,-39.84876693273));
#10134 = CARTESIAN_POINT('',(-0.669647227542,-40.1200003));
#10135 = ( GEOMETRIC_REPRESENTATION_CONTEXT(2) 
PARAMETRIC_REPRESENTATION_CONTEXT() REPRESENTATION_CONTEXT('2D SPACE',''
  ) );
#10136 = PCURVE('',#5646,#10137);
#10137 = DEFINITIONAL_REPRESENTATION('',(#10138),#10142);
#10138 = ELLIPSE('',#10139,4.616880331999,3.2);
#10139 = AXIS2_PLACEMENT_2D('',#10140,#10141);
#10140 = CARTESIAN_POINT('',(-1.821230150352E-15,3.328108990037E-16));
#10141 = DIRECTION('',(-1.,-2.775557561563E-17));
#10142 = ( GEOMETRIC_REPRESENTATION_CONTEXT(2) 
PARAMETRIC_REPRESENTATION_CONTEXT() REPRESENTATION_CONTEXT('2D SPACE',''
  ) );
#10143 = ORIENTED_EDGE('',*,*,#10144,.T.);
#10144 = EDGE_CURVE('',#10118,#10145,#10147,.T.);
#10145 = VERTEX_POINT('',#10146);
#10146 = CARTESIAN_POINT('',(77.77128129211,-2.8,1.6));
#10147 = SURFACE_CURVE('',#10148,(#10153,#10163),.PCURVE_S1.);
#10148 = ELLIPSE('',#10149,4.616880331999,3.2);
#10149 = AXIS2_PLACEMENT_3D('',#10150,#10151,#10152);
#10150 = CARTESIAN_POINT('',(75.,-2.8,3.10862446895E-16));
#10151 = DIRECTION('',(-0.360416532451,-0.693108716252,0.624259746093));
#10152 = DIRECTION('',(-0.346554358126,0.720833064902,0.600249755858));
#10153 = PCURVE('',#3722,#10154);
#10154 = DEFINITIONAL_REPRESENTATION('',(#10155),#10162);
#10155 = B_SPLINE_CURVE_WITH_KNOTS('',5,(#10156,#10157,#10158,#10159,
    #10160,#10161),.UNSPECIFIED.,.F.,.F.,(6,6),(4.304541140642,
    4.748454490712),.PIECEWISE_BEZIER_KNOTS.);
#10156 = CARTESIAN_POINT('',(-0.115750935855,-40.1200003));
#10157 = CARTESIAN_POINT('',(-0.204533605869,-39.84876693273));
#10158 = CARTESIAN_POINT('',(-0.293316275883,-39.56452782901));
#10159 = CARTESIAN_POINT('',(-0.382098945897,-39.27173594902));
#10160 = CARTESIAN_POINT('',(-0.470881615911,-38.97527688544));
#10161 = CARTESIAN_POINT('',(-0.559664285926,-38.6800003));
#10162 = ( GEOMETRIC_REPRESENTATION_CONTEXT(2) 
PARAMETRIC_REPRESENTATION_CONTEXT() REPRESENTATION_CONTEXT('2D SPACE',''
  ) );
#10163 = PCURVE('',#5586,#10164);
#10164 = DEFINITIONAL_REPRESENTATION('',(#10165),#10169);
#10165 = ELLIPSE('',#10166,4.616880331999,3.2);
#10166 = AXIS2_PLACEMENT_2D('',#10167,#10168);
#10167 = CARTESIAN_POINT('',(1.803468879687,-4.440892098501E-16));
#10168 = DIRECTION('',(1.,0.));
#10169 = ( GEOMETRIC_REPRESENTATION_CONTEXT(2) 
PARAMETRIC_REPRESENTATION_CONTEXT() REPRESENTATION_CONTEXT('2D SPACE',''
  ) );
#10170 = ORIENTED_EDGE('',*,*,#10171,.T.);
#10171 = EDGE_CURVE('',#10145,#10172,#10174,.T.);
#10172 = VERTEX_POINT('',#10173);
#10173 = CARTESIAN_POINT('',(77.538730688932,-3.234391167708,
    1.948036572828));
#10174 = SURFACE_CURVE('',#10175,(#10180,#10190),.PCURVE_S1.);
#10175 = ELLIPSE('',#10176,4.616880331999,3.2);
#10176 = AXIS2_PLACEMENT_3D('',#10177,#10178,#10179);
#10177 = CARTESIAN_POINT('',(75.,-2.8,3.10862446895E-16));
#10178 = DIRECTION('',(0.360416532451,-0.693108716252,-0.624259746093));
#10179 = DIRECTION('',(0.346554358126,0.720833064902,-0.600249755858));
#10180 = PCURVE('',#3722,#10181);
#10181 = DEFINITIONAL_REPRESENTATION('',(#10182),#10189);
#10182 = B_SPLINE_CURVE_WITH_KNOTS('',5,(#10183,#10184,#10185,#10186,
    #10187,#10188),.UNSPECIFIED.,.F.,.F.,(6,6),(1.534730816468,
    1.978644166538),.PIECEWISE_BEZIER_KNOTS.);
#10183 = CARTESIAN_POINT('',(-0.487533265271,-38.6800003));
#10184 = CARTESIAN_POINT('',(-0.576315935285,-38.97527688544));
#10185 = CARTESIAN_POINT('',(-0.665098605299,-39.27173594902));
#10186 = CARTESIAN_POINT('',(-0.753881275313,-39.56452782901));
#10187 = CARTESIAN_POINT('',(-0.842663945327,-39.84876693273));
#10188 = CARTESIAN_POINT('',(-0.931446615341,-40.1200003));
#10189 = ( GEOMETRIC_REPRESENTATION_CONTEXT(2) 
PARAMETRIC_REPRESENTATION_CONTEXT() REPRESENTATION_CONTEXT('2D SPACE',''
  ) );
#10190 = PCURVE('',#5554,#10191);
#10191 = DEFINITIONAL_REPRESENTATION('',(#10192),#10196);
#10192 = ELLIPSE('',#10193,4.616880331999,3.2);
#10193 = AXIS2_PLACEMENT_2D('',#10194,#10195);
#10194 = CARTESIAN_POINT('',(-1.652364963567E-15,5.764453863871E-16));
#10195 = DIRECTION('',(-1.,-5.551115123126E-17));
#10196 = ( GEOMETRIC_REPRESENTATION_CONTEXT(2) 
PARAMETRIC_REPRESENTATION_CONTEXT() REPRESENTATION_CONTEXT('2D SPACE',''
  ) );
#10197 = ORIENTED_EDGE('',*,*,#10198,.T.);
#10198 = EDGE_CURVE('',#10172,#10199,#10201,.T.);
#10199 = VERTEX_POINT('',#10200);
#10200 = CARTESIAN_POINT('',(77.262741699797,-2.8,2.262741699797));
#10201 = SURFACE_CURVE('',#10202,(#10207,#10217),.PCURVE_S1.);
#10202 = ELLIPSE('',#10203,4.616880331999,3.2);
#10203 = AXIS2_PLACEMENT_3D('',#10204,#10205,#10206);
#10204 = CARTESIAN_POINT('',(75.,-2.8,3.10862446895E-16));
#10205 = DIRECTION('',(-0.509705948296,-0.693108716252,0.509705948296));
#10206 = DIRECTION('',(-0.490101873361,0.720833064902,0.490101873361));
#10207 = PCURVE('',#3722,#10208);
#10208 = DEFINITIONAL_REPRESENTATION('',(#10209),#10216);
#10209 = B_SPLINE_CURVE_WITH_KNOTS('',5,(#10210,#10211,#10212,#10213,
    #10214,#10215),.UNSPECIFIED.,.F.,.F.,(6,6),(4.304541140642,
    4.748454490712),.PIECEWISE_BEZIER_KNOTS.);
#10210 = CARTESIAN_POINT('',(-0.377550323654,-40.1200003));
#10211 = CARTESIAN_POINT('',(-0.466332993669,-39.84876693273));
#10212 = CARTESIAN_POINT('',(-0.555115663683,-39.56452782901));
#10213 = CARTESIAN_POINT('',(-0.643898333697,-39.27173594902));
#10214 = CARTESIAN_POINT('',(-0.732681003711,-38.97527688544));
#10215 = CARTESIAN_POINT('',(-0.821463673725,-38.6800003));
#10216 = ( GEOMETRIC_REPRESENTATION_CONTEXT(2) 
PARAMETRIC_REPRESENTATION_CONTEXT() REPRESENTATION_CONTEXT('2D SPACE',''
  ) );
#10217 = PCURVE('',#5494,#10218);
#10218 = DEFINITIONAL_REPRESENTATION('',(#10219),#10223);
#10219 = ELLIPSE('',#10220,4.616880331999,3.2);
#10220 = AXIS2_PLACEMENT_2D('',#10221,#10222);
#10221 = CARTESIAN_POINT('',(1.803468879687,-6.883382752676E-15));
#10222 = DIRECTION('',(1.,0.));
#10223 = ( GEOMETRIC_REPRESENTATION_CONTEXT(2) 
PARAMETRIC_REPRESENTATION_CONTEXT() REPRESENTATION_CONTEXT('2D SPACE',''
  ) );
#10224 = ORIENTED_EDGE('',*,*,#10225,.T.);
#10225 = EDGE_CURVE('',#10199,#10226,#10228,.T.);
#10226 = VERTEX_POINT('',#10227);
#10227 = CARTESIAN_POINT('',(76.948036572828,-3.234391167708,
    2.538730688932));
#10228 = SURFACE_CURVE('',#10229,(#10234,#10244),.PCURVE_S1.);
#10229 = ELLIPSE('',#10230,4.616880331999,3.2);
#10230 = AXIS2_PLACEMENT_3D('',#10231,#10232,#10233);
#10231 = CARTESIAN_POINT('',(75.,-2.8,3.10862446895E-16));
#10232 = DIRECTION('',(0.509705948296,-0.693108716252,-0.509705948296));
#10233 = DIRECTION('',(0.490101873361,0.720833064902,-0.490101873361));
#10234 = PCURVE('',#3722,#10235);
#10235 = DEFINITIONAL_REPRESENTATION('',(#10236),#10243);
#10236 = B_SPLINE_CURVE_WITH_KNOTS('',5,(#10237,#10238,#10239,#10240,
    #10241,#10242),.UNSPECIFIED.,.F.,.F.,(6,6),(1.534730816468,
    1.978644166538),.PIECEWISE_BEZIER_KNOTS.);
#10237 = CARTESIAN_POINT('',(-0.74933265307,-38.6800003));
#10238 = CARTESIAN_POINT('',(-0.838115323084,-38.97527688544));
#10239 = CARTESIAN_POINT('',(-0.926897993098,-39.27173594902));
#10240 = CARTESIAN_POINT('',(-1.015680663112,-39.56452782901));
#10241 = CARTESIAN_POINT('',(-1.104463333126,-39.84876693273));
#10242 = CARTESIAN_POINT('',(-1.19324600314,-40.1200003));
#10243 = ( GEOMETRIC_REPRESENTATION_CONTEXT(2) 
PARAMETRIC_REPRESENTATION_CONTEXT() REPRESENTATION_CONTEXT('2D SPACE',''
  ) );
#10244 = PCURVE('',#5462,#10245);
#10245 = DEFINITIONAL_REPRESENTATION('',(#10246),#10250);
#10246 = ELLIPSE('',#10247,4.616880331999,3.2);
#10247 = AXIS2_PLACEMENT_2D('',#10248,#10249);
#10248 = CARTESIAN_POINT('',(-1.421690828604E-15,6.656217980074E-16));
#10249 = DIRECTION('',(-1.,-1.110223024625E-16));
#10250 = ( GEOMETRIC_REPRESENTATION_CONTEXT(2) 
PARAMETRIC_REPRESENTATION_CONTEXT() REPRESENTATION_CONTEXT('2D SPACE',''
  ) );
#10251 = ORIENTED_EDGE('',*,*,#10252,.T.);
#10252 = EDGE_CURVE('',#10226,#10253,#10255,.T.);
#10253 = VERTEX_POINT('',#10254);
#10254 = CARTESIAN_POINT('',(76.6,-2.8,2.77128129211));
#10255 = SURFACE_CURVE('',#10256,(#10261,#10271),.PCURVE_S1.);
#10256 = ELLIPSE('',#10257,4.616880331999,3.2);
#10257 = AXIS2_PLACEMENT_3D('',#10258,#10259,#10260);
#10258 = CARTESIAN_POINT('',(75.,-2.8,3.10862446895E-16));
#10259 = DIRECTION('',(-0.624259746093,-0.693108716252,0.360416532451));
#10260 = DIRECTION('',(-0.600249755858,0.720833064902,0.346554358126));
#10261 = PCURVE('',#3722,#10262);
#10262 = DEFINITIONAL_REPRESENTATION('',(#10263),#10270);
#10263 = B_SPLINE_CURVE_WITH_KNOTS('',5,(#10264,#10265,#10266,#10267,
    #10268,#10269),.UNSPECIFIED.,.F.,.F.,(6,6),(4.304541140642,
    4.748454490712),.PIECEWISE_BEZIER_KNOTS.);
#10264 = CARTESIAN_POINT('',(-0.639349711454,-40.1200003));
#10265 = CARTESIAN_POINT('',(-0.728132381468,-39.84876693273));
#10266 = CARTESIAN_POINT('',(-0.816915051482,-39.56452782901));
#10267 = CARTESIAN_POINT('',(-0.905697721496,-39.27173594902));
#10268 = CARTESIAN_POINT('',(-0.99448039151,-38.97527688544));
#10269 = CARTESIAN_POINT('',(-1.083263061524,-38.6800003));
#10270 = ( GEOMETRIC_REPRESENTATION_CONTEXT(2) 
PARAMETRIC_REPRESENTATION_CONTEXT() REPRESENTATION_CONTEXT('2D SPACE',''
  ) );
#10271 = PCURVE('',#5402,#10272);
#10272 = DEFINITIONAL_REPRESENTATION('',(#10273),#10277);
#10273 = ELLIPSE('',#10274,4.616880331999,3.2);
#10274 = AXIS2_PLACEMENT_2D('',#10275,#10276);
#10275 = CARTESIAN_POINT('',(1.803468879687,2.775557561563E-15));
#10276 = DIRECTION('',(1.,0.));
#10277 = ( GEOMETRIC_REPRESENTATION_CONTEXT(2) 
PARAMETRIC_REPRESENTATION_CONTEXT() REPRESENTATION_CONTEXT('2D SPACE',''
  ) );
#10278 = ORIENTED_EDGE('',*,*,#10279,.T.);
#10279 = EDGE_CURVE('',#10253,#10280,#10282,.T.);
#10280 = VERTEX_POINT('',#10281);
#10281 = CARTESIAN_POINT('',(76.224586983568,-3.234391167708,
    2.956414504036));
#10282 = SURFACE_CURVE('',#10283,(#10288,#10298),.PCURVE_S1.);
#10283 = ELLIPSE('',#10284,4.616880331999,3.2);
#10284 = AXIS2_PLACEMENT_3D('',#10285,#10286,#10287);
#10285 = CARTESIAN_POINT('',(75.,-2.8,3.10862446895E-16));
#10286 = DIRECTION('',(0.624259746093,-0.693108716252,-0.360416532451));
#10287 = DIRECTION('',(0.600249755858,0.720833064902,-0.346554358126));
#10288 = PCURVE('',#3722,#10289);
#10289 = DEFINITIONAL_REPRESENTATION('',(#10290),#10297);
#10290 = B_SPLINE_CURVE_WITH_KNOTS('',5,(#10291,#10292,#10293,#10294,
    #10295,#10296),.UNSPECIFIED.,.F.,.F.,(6,6),(1.534730816468,
    1.978644166538),.PIECEWISE_BEZIER_KNOTS.);
#10291 = CARTESIAN_POINT('',(-1.011132040869,-38.6800003));
#10292 = CARTESIAN_POINT('',(-1.099914710883,-38.97527688544));
#10293 = CARTESIAN_POINT('',(-1.188697380897,-39.27173594902));
#10294 = CARTESIAN_POINT('',(-1.277480050911,-39.56452782901));
#10295 = CARTESIAN_POINT('',(-1.366262720926,-39.84876693273));
#10296 = CARTESIAN_POINT('',(-1.45504539094,-40.1200003));
#10297 = ( GEOMETRIC_REPRESENTATION_CONTEXT(2) 
PARAMETRIC_REPRESENTATION_CONTEXT() REPRESENTATION_CONTEXT('2D SPACE',''
  ) );
#10298 = PCURVE('',#5370,#10299);
#10299 = DEFINITIONAL_REPRESENTATION('',(#10300),#10304);
#10300 = ELLIPSE('',#10301,4.616880331999,3.2);
#10301 = AXIS2_PLACEMENT_2D('',#10302,#10303);
#10302 = CARTESIAN_POINT('',(-1.191016693641E-15,5.764453863871E-16));
#10303 = DIRECTION('',(-1.,5.551115123126E-17));
#10304 = ( GEOMETRIC_REPRESENTATION_CONTEXT(2) 
PARAMETRIC_REPRESENTATION_CONTEXT() REPRESENTATION_CONTEXT('2D SPACE',''
  ) );
#10305 = ORIENTED_EDGE('',*,*,#10306,.T.);
#10306 = EDGE_CURVE('',#10280,#10307,#10309,.T.);
#10307 = VERTEX_POINT('',#10308);
#10308 = CARTESIAN_POINT('',(75.828220944328,-2.8,3.090962644125));
#10309 = SURFACE_CURVE('',#10310,(#10315,#10325),.PCURVE_S1.);
#10310 = ELLIPSE('',#10311,4.616880331999,3.2);
#10311 = AXIS2_PLACEMENT_3D('',#10312,#10313,#10314);
#10312 = CARTESIAN_POINT('',(75.,-2.8,3.10862446895E-16));
#10313 = DIRECTION('',(-0.696271273832,-0.693108716252,0.186565325536));
#10314 = DIRECTION('',(-0.669491609454,0.720833064902,0.179389736093));
#10315 = PCURVE('',#3722,#10316);
#10316 = DEFINITIONAL_REPRESENTATION('',(#10317),#10324);
#10317 = B_SPLINE_CURVE_WITH_KNOTS('',5,(#10318,#10319,#10320,#10321,
    #10322,#10323),.UNSPECIFIED.,.F.,.F.,(6,6),(4.304541140642,
    4.748454490712),.PIECEWISE_BEZIER_KNOTS.);
#10318 = CARTESIAN_POINT('',(-0.901149099253,-40.1200003));
#10319 = CARTESIAN_POINT('',(-0.989931769267,-39.84876693273));
#10320 = CARTESIAN_POINT('',(-1.078714439281,-39.56452782901));
#10321 = CARTESIAN_POINT('',(-1.167497109295,-39.27173594902));
#10322 = CARTESIAN_POINT('',(-1.256279779309,-38.97527688544));
#10323 = CARTESIAN_POINT('',(-1.345062449323,-38.6800003));
#10324 = ( GEOMETRIC_REPRESENTATION_CONTEXT(2) 
PARAMETRIC_REPRESENTATION_CONTEXT() REPRESENTATION_CONTEXT('2D SPACE',''
  ) );
#10325 = PCURVE('',#5310,#10326);
#10326 = DEFINITIONAL_REPRESENTATION('',(#10327),#10331);
#10327 = ELLIPSE('',#10328,4.616880331999,3.2);
#10328 = AXIS2_PLACEMENT_2D('',#10329,#10330);
#10329 = CARTESIAN_POINT('',(1.803468879687,1.221245327088E-15));
#10330 = DIRECTION('',(1.,0.));
#10331 = ( GEOMETRIC_REPRESENTATION_CONTEXT(2) 
PARAMETRIC_REPRESENTATION_CONTEXT() REPRESENTATION_CONTEXT('2D SPACE',''
  ) );
#10332 = ORIENTED_EDGE('',*,*,#10333,.T.);
#10333 = EDGE_CURVE('',#10307,#10334,#10336,.T.);
#10334 = VERTEX_POINT('',#10335);
#10335 = CARTESIAN_POINT('',(75.417683815104,-3.234391167708,
    3.172623556396));
#10336 = SURFACE_CURVE('',#10337,(#10342,#10352),.PCURVE_S1.);
#10337 = ELLIPSE('',#10338,4.616880331999,3.2);
#10338 = AXIS2_PLACEMENT_3D('',#10339,#10340,#10341);
#10339 = CARTESIAN_POINT('',(75.,-2.8,3.10862446895E-16));
#10340 = DIRECTION('',(0.696271273832,-0.693108716252,-0.186565325536));
#10341 = DIRECTION('',(0.669491609454,0.720833064902,-0.179389736093));
#10342 = PCURVE('',#3722,#10343);
#10343 = DEFINITIONAL_REPRESENTATION('',(#10344),#10351);
#10344 = B_SPLINE_CURVE_WITH_KNOTS('',5,(#10345,#10346,#10347,#10348,
    #10349,#10350),.UNSPECIFIED.,.F.,.F.,(6,6),(1.534730816468,
    1.978644166538),.PIECEWISE_BEZIER_KNOTS.);
#10345 = CARTESIAN_POINT('',(-1.272931428669,-38.6800003));
#10346 = CARTESIAN_POINT('',(-1.361714098683,-38.97527688544));
#10347 = CARTESIAN_POINT('',(-1.450496768697,-39.27173594902));
#10348 = CARTESIAN_POINT('',(-1.539279438711,-39.56452782901));
#10349 = CARTESIAN_POINT('',(-1.628062108725,-39.84876693273));
#10350 = CARTESIAN_POINT('',(-1.716844778739,-40.1200003));
#10351 = ( GEOMETRIC_REPRESENTATION_CONTEXT(2) 
PARAMETRIC_REPRESENTATION_CONTEXT() REPRESENTATION_CONTEXT('2D SPACE',''
  ) );
#10352 = PCURVE('',#5278,#10353);
#10353 = DEFINITIONAL_REPRESENTATION('',(#10354),#10358);
#10354 = ELLIPSE('',#10355,4.616880331999,3.2);
#10355 = AXIS2_PLACEMENT_2D('',#10356,#10357);
#10356 = CARTESIAN_POINT('',(-1.022151506856E-15,3.328108990037E-16));
#10357 = DIRECTION('',(-1.,-2.775557561563E-17));
#10358 = ( GEOMETRIC_REPRESENTATION_CONTEXT(2) 
PARAMETRIC_REPRESENTATION_CONTEXT() REPRESENTATION_CONTEXT('2D SPACE',''
  ) );
#10359 = ORIENTED_EDGE('',*,*,#10360,.T.);
#10360 = EDGE_CURVE('',#10334,#10361,#10363,.T.);
#10361 = VERTEX_POINT('',#10362);
#10362 = CARTESIAN_POINT('',(75.,-2.8,3.2));
#10363 = SURFACE_CURVE('',#10364,(#10369,#10379),.PCURVE_S1.);
#10364 = ELLIPSE('',#10365,4.616880331999,3.2);
#10365 = AXIS2_PLACEMENT_3D('',#10366,#10367,#10368);
#10366 = CARTESIAN_POINT('',(75.,-2.8,3.10862446895E-16));
#10367 = DIRECTION('',(-0.720833064902,-0.693108716252,
    1.569790720916E-16));
#10368 = DIRECTION('',(-0.693108716252,0.720833064902,
    -3.078021021404E-18));
#10369 = PCURVE('',#3722,#10370);
#10370 = DEFINITIONAL_REPRESENTATION('',(#10371),#10378);
#10371 = B_SPLINE_CURVE_WITH_KNOTS('',5,(#10372,#10373,#10374,#10375,
    #10376,#10377),.UNSPECIFIED.,.F.,.F.,(6,6),(4.304541140642,
    4.748454490712),.PIECEWISE_BEZIER_KNOTS.);
#10372 = CARTESIAN_POINT('',(-1.162948487052,-40.1200003));
#10373 = CARTESIAN_POINT('',(-1.251731157066,-39.84876693273));
#10374 = CARTESIAN_POINT('',(-1.34051382708,-39.56452782901));
#10375 = CARTESIAN_POINT('',(-1.429296497094,-39.27173594902));
#10376 = CARTESIAN_POINT('',(-1.518079167108,-38.97527688544));
#10377 = CARTESIAN_POINT('',(-1.606861837122,-38.6800003));
#10378 = ( GEOMETRIC_REPRESENTATION_CONTEXT(2) 
PARAMETRIC_REPRESENTATION_CONTEXT() REPRESENTATION_CONTEXT('2D SPACE',''
  ) );
#10379 = PCURVE('',#5218,#10380);
#10380 = DEFINITIONAL_REPRESENTATION('',(#10381),#10385);
#10381 = ELLIPSE('',#10382,4.616880331999,3.2);
#10382 = AXIS2_PLACEMENT_2D('',#10383,#10384);
#10383 = CARTESIAN_POINT('',(1.803468879687,-1.479114197289E-31));
#10384 = DIRECTION('',(1.,0.));
#10385 = ( GEOMETRIC_REPRESENTATION_CONTEXT(2) 
PARAMETRIC_REPRESENTATION_CONTEXT() REPRESENTATION_CONTEXT('2D SPACE',''
  ) );
#10386 = ORIENTED_EDGE('',*,*,#10387,.T.);
#10387 = EDGE_CURVE('',#10361,#10388,#10390,.T.);
#10388 = VERTEX_POINT('',#10389);
#10389 = CARTESIAN_POINT('',(74.582316184896,-3.234391167708,
    3.172623556396));
#10390 = SURFACE_CURVE('',#10391,(#10396,#10406),.PCURVE_S1.);
#10391 = ELLIPSE('',#10392,4.616880331999,3.2);
#10392 = AXIS2_PLACEMENT_3D('',#10393,#10394,#10395);
#10393 = CARTESIAN_POINT('',(75.,-2.8,3.10862446895E-16));
#10394 = DIRECTION('',(0.720833064902,-0.693108716252,
    -3.078021021404E-18));
#10395 = DIRECTION('',(0.693108716252,0.720833064902,-1.569790720916E-16
    ));
#10396 = PCURVE('',#3722,#10397);
#10397 = DEFINITIONAL_REPRESENTATION('',(#10398),#10405);
#10398 = B_SPLINE_CURVE_WITH_KNOTS('',5,(#10399,#10400,#10401,#10402,
    #10403,#10404),.UNSPECIFIED.,.F.,.F.,(6,6),(1.534730816468,
    1.978644166538),.PIECEWISE_BEZIER_KNOTS.);
#10399 = CARTESIAN_POINT('',(-1.534730816468,-38.6800003));
#10400 = CARTESIAN_POINT('',(-1.623513486482,-38.97527688544));
#10401 = CARTESIAN_POINT('',(-1.712296156496,-39.27173594902));
#10402 = CARTESIAN_POINT('',(-1.80107882651,-39.56452782901));
#10403 = CARTESIAN_POINT('',(-1.889861496524,-39.84876693273));
#10404 = CARTESIAN_POINT('',(-1.978644166538,-40.1200003));
#10405 = ( GEOMETRIC_REPRESENTATION_CONTEXT(2) 
PARAMETRIC_REPRESENTATION_CONTEXT() REPRESENTATION_CONTEXT('2D SPACE',''
  ) );
#10406 = PCURVE('',#5186,#10407);
#10407 = DEFINITIONAL_REPRESENTATION('',(#10408),#10412);
#10408 = ELLIPSE('',#10409,4.616880331999,3.2);
#10409 = AXIS2_PLACEMENT_2D('',#10410,#10411);
#10410 = CARTESIAN_POINT('',(-9.603425586782E-16,1.479114197289E-31));
#10411 = DIRECTION('',(-1.,0.));
#10412 = ( GEOMETRIC_REPRESENTATION_CONTEXT(2) 
PARAMETRIC_REPRESENTATION_CONTEXT() REPRESENTATION_CONTEXT('2D SPACE',''
  ) );
#10413 = ORIENTED_EDGE('',*,*,#10414,.T.);
#10414 = EDGE_CURVE('',#10388,#10415,#10417,.T.);
#10415 = VERTEX_POINT('',#10416);
#10416 = CARTESIAN_POINT('',(74.171779055672,-2.8,3.090962644125));
#10417 = SURFACE_CURVE('',#10418,(#10423,#10433),.PCURVE_S1.);
#10418 = ELLIPSE('',#10419,4.616880331999,3.2);
#10419 = AXIS2_PLACEMENT_3D('',#10420,#10421,#10422);
#10420 = CARTESIAN_POINT('',(75.,-2.8,3.10862446895E-16));
#10421 = DIRECTION('',(-0.696271273832,-0.693108716252,-0.186565325536)
  );
#10422 = DIRECTION('',(-0.669491609454,0.720833064902,-0.179389736093));
#10423 = PCURVE('',#3722,#10424);
#10424 = DEFINITIONAL_REPRESENTATION('',(#10425),#10432);
#10425 = B_SPLINE_CURVE_WITH_KNOTS('',5,(#10426,#10427,#10428,#10429,
    #10430,#10431),.UNSPECIFIED.,.F.,.F.,(6,6),(4.304541140642,
    4.748454490712),.PIECEWISE_BEZIER_KNOTS.);
#10426 = CARTESIAN_POINT('',(-1.424747874851,-40.1200003));
#10427 = CARTESIAN_POINT('',(-1.513530544865,-39.84876693273));
#10428 = CARTESIAN_POINT('',(-1.602313214879,-39.56452782901));
#10429 = CARTESIAN_POINT('',(-1.691095884893,-39.27173594902));
#10430 = CARTESIAN_POINT('',(-1.779878554907,-38.97527688544));
#10431 = CARTESIAN_POINT('',(-1.868661224921,-38.6800003));
#10432 = ( GEOMETRIC_REPRESENTATION_CONTEXT(2) 
PARAMETRIC_REPRESENTATION_CONTEXT() REPRESENTATION_CONTEXT('2D SPACE',''
  ) );
#10433 = PCURVE('',#5126,#10434);
#10434 = DEFINITIONAL_REPRESENTATION('',(#10435),#10439);
#10435 = ELLIPSE('',#10436,4.616880331999,3.2);
#10436 = AXIS2_PLACEMENT_2D('',#10437,#10438);
#10437 = CARTESIAN_POINT('',(1.803468879687,-1.276756478319E-15));
#10438 = DIRECTION('',(1.,-2.775557561563E-17));
#10439 = ( GEOMETRIC_REPRESENTATION_CONTEXT(2) 
PARAMETRIC_REPRESENTATION_CONTEXT() REPRESENTATION_CONTEXT('2D SPACE',''
  ) );
#10440 = ORIENTED_EDGE('',*,*,#10441,.T.);
#10441 = EDGE_CURVE('',#10415,#10442,#10444,.T.);
#10442 = VERTEX_POINT('',#10443);
#10443 = CARTESIAN_POINT('',(73.775413016432,-3.234391167708,
    2.956414504036));
#10444 = SURFACE_CURVE('',#10445,(#10450,#10460),.PCURVE_S1.);
#10445 = ELLIPSE('',#10446,4.616880331999,3.2);
#10446 = AXIS2_PLACEMENT_3D('',#10447,#10448,#10449);
#10447 = CARTESIAN_POINT('',(75.,-2.8,3.10862446895E-16));
#10448 = DIRECTION('',(0.696271273832,-0.693108716252,0.186565325536));
#10449 = DIRECTION('',(0.669491609454,0.720833064902,0.179389736093));
#10450 = PCURVE('',#3722,#10451);
#10451 = DEFINITIONAL_REPRESENTATION('',(#10452),#10459);
#10452 = B_SPLINE_CURVE_WITH_KNOTS('',5,(#10453,#10454,#10455,#10456,
    #10457,#10458),.UNSPECIFIED.,.F.,.F.,(6,6),(1.534730816468,
    1.832595714594),.PIECEWISE_BEZIER_KNOTS.);
#10453 = CARTESIAN_POINT('',(-1.796530204267,-38.6800003));
#10454 = CARTESIAN_POINT('',(-1.856103183892,-38.87813025042));
#10455 = CARTESIAN_POINT('',(-1.915676163517,-39.0767925486));
#10456 = CARTESIAN_POINT('',(-1.975249143143,-39.27452225535));
#10457 = CARTESIAN_POINT('',(-2.034822122768,-39.46984671329));
#10458 = CARTESIAN_POINT('',(-2.094395102393,-39.6613500821));
#10459 = ( GEOMETRIC_REPRESENTATION_CONTEXT(2) 
PARAMETRIC_REPRESENTATION_CONTEXT() REPRESENTATION_CONTEXT('2D SPACE',''
  ) );
#10460 = PCURVE('',#5094,#10461);
#10461 = DEFINITIONAL_REPRESENTATION('',(#10462),#10466);
#10462 = ELLIPSE('',#10463,4.616880331999,3.2);
#10463 = AXIS2_PLACEMENT_2D('',#10464,#10465);
#10464 = CARTESIAN_POINT('',(-1.022151506856E-15,-3.328108990037E-16));
#10465 = DIRECTION('',(-1.,0.));
#10466 = ( GEOMETRIC_REPRESENTATION_CONTEXT(2) 
PARAMETRIC_REPRESENTATION_CONTEXT() REPRESENTATION_CONTEXT('2D SPACE',''
  ) );
#10467 = ORIENTED_EDGE('',*,*,#10468,.T.);
#10468 = EDGE_CURVE('',#10442,#10469,#10471,.T.);
#10469 = VERTEX_POINT('',#10470);
#10470 = CARTESIAN_POINT('',(73.4,-2.8,2.77128129211));
#10471 = SURFACE_CURVE('',#10472,(#10477,#10487),.PCURVE_S1.);
#10472 = ELLIPSE('',#10473,4.616880331999,3.2);
#10473 = AXIS2_PLACEMENT_3D('',#10474,#10475,#10476);
#10474 = CARTESIAN_POINT('',(75.,-2.8,3.10862446895E-16));
#10475 = DIRECTION('',(-0.624259746093,-0.693108716252,-0.360416532451)
  );
#10476 = DIRECTION('',(-0.600249755858,0.720833064902,-0.346554358126));
#10477 = PCURVE('',#3722,#10478);
#10478 = DEFINITIONAL_REPRESENTATION('',(#10479),#10486);
#10479 = B_SPLINE_CURVE_WITH_KNOTS('',5,(#10480,#10481,#10482,#10483,
    #10484,#10485),.UNSPECIFIED.,.F.,.F.,(6,6),(4.304541140642,
    4.712388980385),.PIECEWISE_BEZIER_KNOTS.);
#10480 = CARTESIAN_POINT('',(-1.68654726265,-40.1200003));
#10481 = CARTESIAN_POINT('',(-1.768116830599,-39.87080314724));
#10482 = CARTESIAN_POINT('',(-1.849686398547,-39.61062766824));
#10483 = CARTESIAN_POINT('',(-1.931255966496,-39.34292742792));
#10484 = CARTESIAN_POINT('',(-2.012825534445,-39.07146382213));
#10485 = CARTESIAN_POINT('',(-2.094395102393,-38.8000003));
#10486 = ( GEOMETRIC_REPRESENTATION_CONTEXT(2) 
PARAMETRIC_REPRESENTATION_CONTEXT() REPRESENTATION_CONTEXT('2D SPACE',''
  ) );
#10487 = PCURVE('',#5034,#10488);
#10488 = DEFINITIONAL_REPRESENTATION('',(#10489),#10493);
#10489 = ELLIPSE('',#10490,4.616880331999,3.2);
#10490 = AXIS2_PLACEMENT_2D('',#10491,#10492);
#10491 = CARTESIAN_POINT('',(1.803468879687,-2.553512956638E-15));
#10492 = DIRECTION('',(1.,0.));
#10493 = ( GEOMETRIC_REPRESENTATION_CONTEXT(2) 
PARAMETRIC_REPRESENTATION_CONTEXT() REPRESENTATION_CONTEXT('2D SPACE',''
  ) );
#10494 = ORIENTED_EDGE('',*,*,#10495,.T.);
#10495 = EDGE_CURVE('',#10469,#10496,#10498,.T.);
#10496 = VERTEX_POINT('',#10497);
#10497 = CARTESIAN_POINT('',(73.051963427172,-3.234391167708,
    2.538730688932));
#10498 = SURFACE_CURVE('',#10499,(#10504,#10514),.PCURVE_S1.);
#10499 = ELLIPSE('',#10500,4.616880331999,3.2);
#10500 = AXIS2_PLACEMENT_3D('',#10501,#10502,#10503);
#10501 = CARTESIAN_POINT('',(75.,-2.8,3.10862446895E-16));
#10502 = DIRECTION('',(0.624259746093,-0.693108716252,0.360416532451));
#10503 = DIRECTION('',(0.600249755858,0.720833064902,0.346554358126));
#10504 = PCURVE('',#3722,#10505);
#10505 = DEFINITIONAL_REPRESENTATION('',(#10506),#10513);
#10506 = B_SPLINE_CURVE_WITH_KNOTS('',5,(#10507,#10508,#10509,#10510,
    #10511,#10512),.UNSPECIFIED.,.F.,.F.,(6,6),(1.570796326795,
    1.978644166538),.PIECEWISE_BEZIER_KNOTS.);
#10507 = CARTESIAN_POINT('',(-2.094395102393,-38.8000003));
#10508 = CARTESIAN_POINT('',(-2.175964670342,-39.07146382213));
#10509 = CARTESIAN_POINT('',(-2.25753423829,-39.34292742792));
#10510 = CARTESIAN_POINT('',(-2.339103806239,-39.61062766824));
#10511 = CARTESIAN_POINT('',(-2.420673374188,-39.87080314724));
#10512 = CARTESIAN_POINT('',(-2.502242942136,-40.1200003));
#10513 = ( GEOMETRIC_REPRESENTATION_CONTEXT(2) 
PARAMETRIC_REPRESENTATION_CONTEXT() REPRESENTATION_CONTEXT('2D SPACE',''
  ) );
#10514 = PCURVE('',#5002,#10515);
#10515 = DEFINITIONAL_REPRESENTATION('',(#10516),#10520);
#10516 = ELLIPSE('',#10517,4.616880331999,3.2);
#10517 = AXIS2_PLACEMENT_2D('',#10518,#10519);
#10518 = CARTESIAN_POINT('',(-1.191016693641E-15,-5.764453863871E-16));
#10519 = DIRECTION('',(-1.,0.));
#10520 = ( GEOMETRIC_REPRESENTATION_CONTEXT(2) 
PARAMETRIC_REPRESENTATION_CONTEXT() REPRESENTATION_CONTEXT('2D SPACE',''
  ) );
#10521 = ORIENTED_EDGE('',*,*,#10522,.T.);
#10522 = EDGE_CURVE('',#10496,#10523,#10525,.T.);
#10523 = VERTEX_POINT('',#10524);
#10524 = CARTESIAN_POINT('',(72.737258300203,-2.8,2.262741699797));
#10525 = SURFACE_CURVE('',#10526,(#10531,#10541),.PCURVE_S1.);
#10526 = ELLIPSE('',#10527,4.616880331999,3.2);
#10527 = AXIS2_PLACEMENT_3D('',#10528,#10529,#10530);
#10528 = CARTESIAN_POINT('',(75.,-2.8,3.10862446895E-16));
#10529 = DIRECTION('',(-0.509705948296,-0.693108716252,-0.509705948296)
  );
#10530 = DIRECTION('',(-0.490101873361,0.720833064902,-0.490101873361));
#10531 = PCURVE('',#3722,#10532);
#10532 = DEFINITIONAL_REPRESENTATION('',(#10533),#10540);
#10533 = B_SPLINE_CURVE_WITH_KNOTS('',5,(#10534,#10535,#10536,#10537,
    #10538,#10539),.UNSPECIFIED.,.F.,.F.,(6,6),(4.450589592586,
    4.748454490712),.PIECEWISE_BEZIER_KNOTS.);
#10534 = CARTESIAN_POINT('',(-2.094395102393,-39.6613500821));
#10535 = CARTESIAN_POINT('',(-2.153968082018,-39.46984671329));
#10536 = CARTESIAN_POINT('',(-2.213541061644,-39.27452225535));
#10537 = CARTESIAN_POINT('',(-2.273114041269,-39.0767925486));
#10538 = CARTESIAN_POINT('',(-2.332687020894,-38.87813025042));
#10539 = CARTESIAN_POINT('',(-2.39226000052,-38.6800003));
#10540 = ( GEOMETRIC_REPRESENTATION_CONTEXT(2) 
PARAMETRIC_REPRESENTATION_CONTEXT() REPRESENTATION_CONTEXT('2D SPACE',''
  ) );
#10541 = PCURVE('',#4942,#10542);
#10542 = DEFINITIONAL_REPRESENTATION('',(#10543),#10547);
#10543 = ELLIPSE('',#10544,4.616880331999,3.2);
#10544 = AXIS2_PLACEMENT_2D('',#10545,#10546);
#10545 = CARTESIAN_POINT('',(1.803468879687,-5.551115123126E-15));
#10546 = DIRECTION('',(1.,0.));
#10547 = ( GEOMETRIC_REPRESENTATION_CONTEXT(2) 
PARAMETRIC_REPRESENTATION_CONTEXT() REPRESENTATION_CONTEXT('2D SPACE',''
  ) );
#10548 = ORIENTED_EDGE('',*,*,#10549,.T.);
#10549 = EDGE_CURVE('',#10523,#10550,#10552,.T.);
#10550 = VERTEX_POINT('',#10551);
#10551 = CARTESIAN_POINT('',(72.461269311068,-3.234391167708,
    1.948036572828));
#10552 = SURFACE_CURVE('',#10553,(#10558,#10568),.PCURVE_S1.);
#10553 = ELLIPSE('',#10554,4.616880331999,3.2);
#10554 = AXIS2_PLACEMENT_3D('',#10555,#10556,#10557);
#10555 = CARTESIAN_POINT('',(75.,-2.8,3.10862446895E-16));
#10556 = DIRECTION('',(0.509705948296,-0.693108716252,0.509705948296));
#10557 = DIRECTION('',(0.490101873361,0.720833064902,0.490101873361));
#10558 = PCURVE('',#3722,#10559);
#10559 = DEFINITIONAL_REPRESENTATION('',(#10560),#10567);
#10560 = B_SPLINE_CURVE_WITH_KNOTS('',5,(#10561,#10562,#10563,#10564,
    #10565,#10566),.UNSPECIFIED.,.F.,.F.,(6,6),(1.534730816468,
    1.978644166538),.PIECEWISE_BEZIER_KNOTS.);
#10561 = CARTESIAN_POINT('',(-2.320128979865,-38.6800003));
#10562 = CARTESIAN_POINT('',(-2.408911649879,-38.97527688544));
#10563 = CARTESIAN_POINT('',(-2.497694319893,-39.27173594902));
#10564 = CARTESIAN_POINT('',(-2.586476989907,-39.56452782901));
#10565 = CARTESIAN_POINT('',(-2.675259659921,-39.84876693273));
#10566 = CARTESIAN_POINT('',(-2.764042329935,-40.1200003));
#10567 = ( GEOMETRIC_REPRESENTATION_CONTEXT(2) 
PARAMETRIC_REPRESENTATION_CONTEXT() REPRESENTATION_CONTEXT('2D SPACE',''
  ) );
#10568 = PCURVE('',#4910,#10569);
#10569 = DEFINITIONAL_REPRESENTATION('',(#10570),#10574);
#10570 = ELLIPSE('',#10571,4.616880331999,3.2);
#10571 = AXIS2_PLACEMENT_2D('',#10572,#10573);
#10572 = CARTESIAN_POINT('',(-1.421690828604E-15,-6.656217980074E-16));
#10573 = DIRECTION('',(-1.,-5.551115123126E-17));
#10574 = ( GEOMETRIC_REPRESENTATION_CONTEXT(2) 
PARAMETRIC_REPRESENTATION_CONTEXT() REPRESENTATION_CONTEXT('2D SPACE',''
  ) );
#10575 = ORIENTED_EDGE('',*,*,#10576,.T.);
#10576 = EDGE_CURVE('',#10550,#10577,#10579,.T.);
#10577 = VERTEX_POINT('',#10578);
#10578 = CARTESIAN_POINT('',(72.22871870789,-2.8,1.6));
#10579 = SURFACE_CURVE('',#10580,(#10585,#10595),.PCURVE_S1.);
#10580 = ELLIPSE('',#10581,4.616880331999,3.2);
#10581 = AXIS2_PLACEMENT_3D('',#10582,#10583,#10584);
#10582 = CARTESIAN_POINT('',(75.,-2.8,3.10862446895E-16));
#10583 = DIRECTION('',(-0.360416532451,-0.693108716252,-0.624259746093)
  );
#10584 = DIRECTION('',(-0.346554358126,0.720833064902,-0.600249755858));
#10585 = PCURVE('',#3722,#10586);
#10586 = DEFINITIONAL_REPRESENTATION('',(#10587),#10594);
#10587 = B_SPLINE_CURVE_WITH_KNOTS('',5,(#10588,#10589,#10590,#10591,
    #10592,#10593),.UNSPECIFIED.,.F.,.F.,(6,6),(4.304541140642,
    4.748454490712),.PIECEWISE_BEZIER_KNOTS.);
#10588 = CARTESIAN_POINT('',(-2.210146038249,-40.1200003));
#10589 = CARTESIAN_POINT('',(-2.298928708263,-39.84876693273));
#10590 = CARTESIAN_POINT('',(-2.387711378277,-39.56452782901));
#10591 = CARTESIAN_POINT('',(-2.476494048291,-39.27173594902));
#10592 = CARTESIAN_POINT('',(-2.565276718305,-38.97527688544));
#10593 = CARTESIAN_POINT('',(-2.654059388319,-38.6800003));
#10594 = ( GEOMETRIC_REPRESENTATION_CONTEXT(2) 
PARAMETRIC_REPRESENTATION_CONTEXT() REPRESENTATION_CONTEXT('2D SPACE',''
  ) );
#10595 = PCURVE('',#4850,#10596);
#10596 = DEFINITIONAL_REPRESENTATION('',(#10597),#10601);
#10597 = ELLIPSE('',#10598,4.616880331999,3.2);
#10598 = AXIS2_PLACEMENT_2D('',#10599,#10600);
#10599 = CARTESIAN_POINT('',(1.803468879687,4.440892098501E-16));
#10600 = DIRECTION('',(1.,-1.110223024625E-16));
#10601 = ( GEOMETRIC_REPRESENTATION_CONTEXT(2) 
PARAMETRIC_REPRESENTATION_CONTEXT() REPRESENTATION_CONTEXT('2D SPACE',''
  ) );
#10602 = ORIENTED_EDGE('',*,*,#10603,.T.);
#10603 = EDGE_CURVE('',#10577,#7214,#10604,.T.);
#10604 = SURFACE_CURVE('',#10605,(#10610,#10620),.PCURVE_S1.);
#10605 = ELLIPSE('',#10606,4.616880331999,3.2);
#10606 = AXIS2_PLACEMENT_3D('',#10607,#10608,#10609);
#10607 = CARTESIAN_POINT('',(75.,-2.8,3.10862446895E-16));
#10608 = DIRECTION('',(0.360416532451,-0.693108716252,0.624259746093));
#10609 = DIRECTION('',(0.346554358126,0.720833064902,0.600249755858));
#10610 = PCURVE('',#3722,#10611);
#10611 = DEFINITIONAL_REPRESENTATION('',(#10612),#10619);
#10612 = B_SPLINE_CURVE_WITH_KNOTS('',5,(#10613,#10614,#10615,#10616,
    #10617,#10618),.UNSPECIFIED.,.F.,.F.,(6,6),(1.534730816468,
    1.978644166538),.PIECEWISE_BEZIER_KNOTS.);
#10613 = CARTESIAN_POINT('',(-2.581928367664,-38.6800003));
#10614 = CARTESIAN_POINT('',(-2.670711037678,-38.97527688544));
#10615 = CARTESIAN_POINT('',(-2.759493707692,-39.27173594902));
#10616 = CARTESIAN_POINT('',(-2.848276377706,-39.56452782901));
#10617 = CARTESIAN_POINT('',(-2.93705904772,-39.84876693273));
#10618 = CARTESIAN_POINT('',(-3.025841717734,-40.1200003));
#10619 = ( GEOMETRIC_REPRESENTATION_CONTEXT(2) 
PARAMETRIC_REPRESENTATION_CONTEXT() REPRESENTATION_CONTEXT('2D SPACE',''
  ) );
#10620 = PCURVE('',#4818,#10621);
#10621 = DEFINITIONAL_REPRESENTATION('',(#10622),#10626);
#10622 = ELLIPSE('',#10623,4.616880331999,3.2);
#10623 = AXIS2_PLACEMENT_2D('',#10624,#10625);
#10624 = CARTESIAN_POINT('',(-1.652364963567E-15,-5.764453863871E-16));
#10625 = DIRECTION('',(-1.,5.551115123126E-17));
#10626 = ( GEOMETRIC_REPRESENTATION_CONTEXT(2) 
PARAMETRIC_REPRESENTATION_CONTEXT() REPRESENTATION_CONTEXT('2D SPACE',''
  ) );
#10627 = ORIENTED_EDGE('',*,*,#7213,.T.);
#10628 = ORIENTED_EDGE('',*,*,#7312,.T.);
#10629 = ORIENTED_EDGE('',*,*,#7391,.T.);
#10630 = ORIENTED_EDGE('',*,*,#7422,.T.);
#10631 = ORIENTED_EDGE('',*,*,#7547,.T.);
#10632 = ORIENTED_EDGE('',*,*,#7602,.T.);
#10633 = ORIENTED_EDGE('',*,*,#10634,.T.);
#10634 = EDGE_CURVE('',#7580,#10635,#10637,.T.);
#10635 = VERTEX_POINT('',#10636);
#10636 = CARTESIAN_POINT('',(72.22871870789,-2.8,-1.6));
#10637 = SURFACE_CURVE('',#10638,(#10643,#10653),.PCURVE_S1.);
#10638 = ELLIPSE('',#10639,4.616880331999,3.2);
#10639 = AXIS2_PLACEMENT_3D('',#10640,#10641,#10642);
#10640 = CARTESIAN_POINT('',(75.,-2.8,3.10862446895E-16));
#10641 = DIRECTION('',(0.360416532451,-0.693108716252,-0.624259746093));
#10642 = DIRECTION('',(0.346554358126,0.720833064902,-0.600249755858));
#10643 = PCURVE('',#3722,#10644);
#10644 = DEFINITIONAL_REPRESENTATION('',(#10645),#10652);
#10645 = B_SPLINE_CURVE_WITH_KNOTS('',5,(#10646,#10647,#10648,#10649,
    #10650,#10651),.UNSPECIFIED.,.F.,.F.,(6,6),(4.304541140642,
    4.748454490712),.PIECEWISE_BEZIER_KNOTS.);
#10646 = CARTESIAN_POINT('',(-3.257343589445,-40.1200003));
#10647 = CARTESIAN_POINT('',(-3.346126259459,-39.84876693273));
#10648 = CARTESIAN_POINT('',(-3.434908929473,-39.56452782901));
#10649 = CARTESIAN_POINT('',(-3.523691599487,-39.27173594902));
#10650 = CARTESIAN_POINT('',(-3.612474269501,-38.97527688544));
#10651 = CARTESIAN_POINT('',(-3.701256939515,-38.6800003));
#10652 = ( GEOMETRIC_REPRESENTATION_CONTEXT(2) 
PARAMETRIC_REPRESENTATION_CONTEXT() REPRESENTATION_CONTEXT('2D SPACE',''
  ) );
#10653 = PCURVE('',#4739,#10654);
#10654 = DEFINITIONAL_REPRESENTATION('',(#10655),#10659);
#10655 = ELLIPSE('',#10656,4.616880331999,3.2);
#10656 = AXIS2_PLACEMENT_2D('',#10657,#10658);
#10657 = CARTESIAN_POINT('',(1.803468879687,-7.771561172376E-16));
#10658 = DIRECTION('',(1.,0.));
#10659 = ( GEOMETRIC_REPRESENTATION_CONTEXT(2) 
PARAMETRIC_REPRESENTATION_CONTEXT() REPRESENTATION_CONTEXT('2D SPACE',''
  ) );
#10660 = ORIENTED_EDGE('',*,*,#10661,.T.);
#10661 = EDGE_CURVE('',#10635,#10662,#10664,.T.);
#10662 = VERTEX_POINT('',#10663);
#10663 = CARTESIAN_POINT('',(72.461269311068,-3.234391167708,
    -1.948036572828));
#10664 = SURFACE_CURVE('',#10665,(#10670,#10680),.PCURVE_S1.);
#10665 = ELLIPSE('',#10666,4.616880331999,3.2);
#10666 = AXIS2_PLACEMENT_3D('',#10667,#10668,#10669);
#10667 = CARTESIAN_POINT('',(75.,-2.8,3.10862446895E-16));
#10668 = DIRECTION('',(-0.360416532451,-0.693108716252,0.624259746093));
#10669 = DIRECTION('',(-0.346554358126,0.720833064902,0.600249755858));
#10670 = PCURVE('',#3722,#10671);
#10671 = DEFINITIONAL_REPRESENTATION('',(#10672),#10679);
#10672 = B_SPLINE_CURVE_WITH_KNOTS('',5,(#10673,#10674,#10675,#10676,
    #10677,#10678),.UNSPECIFIED.,.F.,.F.,(6,6),(1.534730816468,
    1.978644166538),.PIECEWISE_BEZIER_KNOTS.);
#10673 = CARTESIAN_POINT('',(-3.629125918861,-38.6800003));
#10674 = CARTESIAN_POINT('',(-3.717908588875,-38.97527688544));
#10675 = CARTESIAN_POINT('',(-3.806691258889,-39.27173594902));
#10676 = CARTESIAN_POINT('',(-3.895473928903,-39.56452782901));
#10677 = CARTESIAN_POINT('',(-3.984256598917,-39.84876693273));
#10678 = CARTESIAN_POINT('',(-4.073039268931,-40.1200003));
#10679 = ( GEOMETRIC_REPRESENTATION_CONTEXT(2) 
PARAMETRIC_REPRESENTATION_CONTEXT() REPRESENTATION_CONTEXT('2D SPACE',''
  ) );
#10680 = PCURVE('',#4707,#10681);
#10681 = DEFINITIONAL_REPRESENTATION('',(#10682),#10686);
#10682 = ELLIPSE('',#10683,4.616880331999,3.2);
#10683 = AXIS2_PLACEMENT_2D('',#10684,#10685);
#10684 = CARTESIAN_POINT('',(-1.652364963567E-15,5.764453863871E-16));
#10685 = DIRECTION('',(-1.,0.));
#10686 = ( GEOMETRIC_REPRESENTATION_CONTEXT(2) 
PARAMETRIC_REPRESENTATION_CONTEXT() REPRESENTATION_CONTEXT('2D SPACE',''
  ) );
#10687 = ORIENTED_EDGE('',*,*,#10688,.T.);
#10688 = EDGE_CURVE('',#10662,#10689,#10691,.T.);
#10689 = VERTEX_POINT('',#10690);
#10690 = CARTESIAN_POINT('',(72.737258300203,-2.8,-2.262741699797));
#10691 = SURFACE_CURVE('',#10692,(#10697,#10707),.PCURVE_S1.);
#10692 = ELLIPSE('',#10693,4.616880331999,3.2);
#10693 = AXIS2_PLACEMENT_3D('',#10694,#10695,#10696);
#10694 = CARTESIAN_POINT('',(75.,-2.8,3.10862446895E-16));
#10695 = DIRECTION('',(0.509705948296,-0.693108716252,-0.509705948296));
#10696 = DIRECTION('',(0.490101873361,0.720833064902,-0.490101873361));
#10697 = PCURVE('',#3722,#10698);
#10698 = DEFINITIONAL_REPRESENTATION('',(#10699),#10706);
#10699 = B_SPLINE_CURVE_WITH_KNOTS('',5,(#10700,#10701,#10702,#10703,
    #10704,#10705),.UNSPECIFIED.,.F.,.F.,(6,6),(4.304541140642,
    4.748454490712),.PIECEWISE_BEZIER_KNOTS.);
#10700 = CARTESIAN_POINT('',(-3.519142977244,-40.1200003));
#10701 = CARTESIAN_POINT('',(-3.607925647258,-39.84876693273));
#10702 = CARTESIAN_POINT('',(-3.696708317272,-39.56452782901));
#10703 = CARTESIAN_POINT('',(-3.785490987286,-39.27173594902));
#10704 = CARTESIAN_POINT('',(-3.8742736573,-38.97527688544));
#10705 = CARTESIAN_POINT('',(-3.963056327314,-38.6800003));
#10706 = ( GEOMETRIC_REPRESENTATION_CONTEXT(2) 
PARAMETRIC_REPRESENTATION_CONTEXT() REPRESENTATION_CONTEXT('2D SPACE',''
  ) );
#10707 = PCURVE('',#4647,#10708);
#10708 = DEFINITIONAL_REPRESENTATION('',(#10709),#10713);
#10709 = ELLIPSE('',#10710,4.616880331999,3.2);
#10710 = AXIS2_PLACEMENT_2D('',#10711,#10712);
#10711 = CARTESIAN_POINT('',(1.803468879687,-6.994405055138E-15));
#10712 = DIRECTION('',(1.,-5.551115123126E-17));
#10713 = ( GEOMETRIC_REPRESENTATION_CONTEXT(2) 
PARAMETRIC_REPRESENTATION_CONTEXT() REPRESENTATION_CONTEXT('2D SPACE',''
  ) );
#10714 = ORIENTED_EDGE('',*,*,#10715,.T.);
#10715 = EDGE_CURVE('',#10689,#10716,#10718,.T.);
#10716 = VERTEX_POINT('',#10717);
#10717 = CARTESIAN_POINT('',(73.051963427172,-3.234391167708,
    -2.538730688932));
#10718 = SURFACE_CURVE('',#10719,(#10724,#10734),.PCURVE_S1.);
#10719 = ELLIPSE('',#10720,4.616880331999,3.2);
#10720 = AXIS2_PLACEMENT_3D('',#10721,#10722,#10723);
#10721 = CARTESIAN_POINT('',(75.,-2.8,3.10862446895E-16));
#10722 = DIRECTION('',(-0.509705948296,-0.693108716252,0.509705948296));
#10723 = DIRECTION('',(-0.490101873361,0.720833064902,0.490101873361));
#10724 = PCURVE('',#3722,#10725);
#10725 = DEFINITIONAL_REPRESENTATION('',(#10726),#10733);
#10726 = B_SPLINE_CURVE_WITH_KNOTS('',5,(#10727,#10728,#10729,#10730,
    #10731,#10732),.UNSPECIFIED.,.F.,.F.,(6,6),(1.534730816468,
    1.832595714594),.PIECEWISE_BEZIER_KNOTS.);
#10727 = CARTESIAN_POINT('',(-3.89092530666,-38.6800003));
#10728 = CARTESIAN_POINT('',(-3.950498286285,-38.87813025042));
#10729 = CARTESIAN_POINT('',(-4.010071265911,-39.0767925486));
#10730 = CARTESIAN_POINT('',(-4.069644245536,-39.27452225535));
#10731 = CARTESIAN_POINT('',(-4.129217225161,-39.46984671329));
#10732 = CARTESIAN_POINT('',(-4.188790204786,-39.6613500821));
#10733 = ( GEOMETRIC_REPRESENTATION_CONTEXT(2) 
PARAMETRIC_REPRESENTATION_CONTEXT() REPRESENTATION_CONTEXT('2D SPACE',''
  ) );
#10734 = PCURVE('',#4615,#10735);
#10735 = DEFINITIONAL_REPRESENTATION('',(#10736),#10740);
#10736 = ELLIPSE('',#10737,4.616880331999,3.2);
#10737 = AXIS2_PLACEMENT_2D('',#10738,#10739);
#10738 = CARTESIAN_POINT('',(-1.421690828604E-15,6.656217980074E-16));
#10739 = DIRECTION('',(-1.,-5.551115123126E-17));
#10740 = ( GEOMETRIC_REPRESENTATION_CONTEXT(2) 
PARAMETRIC_REPRESENTATION_CONTEXT() REPRESENTATION_CONTEXT('2D SPACE',''
  ) );
#10741 = ORIENTED_EDGE('',*,*,#10742,.T.);
#10742 = EDGE_CURVE('',#10716,#10743,#10745,.T.);
#10743 = VERTEX_POINT('',#10744);
#10744 = CARTESIAN_POINT('',(73.4,-2.8,-2.77128129211));
#10745 = SURFACE_CURVE('',#10746,(#10751,#10761),.PCURVE_S1.);
#10746 = ELLIPSE('',#10747,4.616880331999,3.2);
#10747 = AXIS2_PLACEMENT_3D('',#10748,#10749,#10750);
#10748 = CARTESIAN_POINT('',(75.,-2.8,3.10862446895E-16));
#10749 = DIRECTION('',(0.624259746093,-0.693108716252,-0.360416532451));
#10750 = DIRECTION('',(0.600249755858,0.720833064902,-0.346554358126));
#10751 = PCURVE('',#3722,#10752);
#10752 = DEFINITIONAL_REPRESENTATION('',(#10753),#10760);
#10753 = B_SPLINE_CURVE_WITH_KNOTS('',5,(#10754,#10755,#10756,#10757,
    #10758,#10759),.UNSPECIFIED.,.F.,.F.,(6,6),(4.304541140642,
    4.712388980385),.PIECEWISE_BEZIER_KNOTS.);
#10754 = CARTESIAN_POINT('',(-3.780942365043,-40.1200003));
#10755 = CARTESIAN_POINT('',(-3.862511932992,-39.87080314724));
#10756 = CARTESIAN_POINT('',(-3.944081500941,-39.61062766824));
#10757 = CARTESIAN_POINT('',(-4.025651068889,-39.34292742792));
#10758 = CARTESIAN_POINT('',(-4.107220636838,-39.07146382213));
#10759 = CARTESIAN_POINT('',(-4.188790204786,-38.8000003));
#10760 = ( GEOMETRIC_REPRESENTATION_CONTEXT(2) 
PARAMETRIC_REPRESENTATION_CONTEXT() REPRESENTATION_CONTEXT('2D SPACE',''
  ) );
#10761 = PCURVE('',#4555,#10762);
#10762 = DEFINITIONAL_REPRESENTATION('',(#10763),#10767);
#10763 = ELLIPSE('',#10764,4.616880331999,3.2);
#10764 = AXIS2_PLACEMENT_2D('',#10765,#10766);
#10765 = CARTESIAN_POINT('',(1.803468879687,2.886579864025E-15));
#10766 = DIRECTION('',(1.,5.551115123126E-17));
#10767 = ( GEOMETRIC_REPRESENTATION_CONTEXT(2) 
PARAMETRIC_REPRESENTATION_CONTEXT() REPRESENTATION_CONTEXT('2D SPACE',''
  ) );
#10768 = ORIENTED_EDGE('',*,*,#10769,.T.);
#10769 = EDGE_CURVE('',#10743,#10770,#10772,.T.);
#10770 = VERTEX_POINT('',#10771);
#10771 = CARTESIAN_POINT('',(73.775413016432,-3.234391167708,
    -2.956414504036));
#10772 = SURFACE_CURVE('',#10773,(#10778,#10788),.PCURVE_S1.);
#10773 = ELLIPSE('',#10774,4.616880331999,3.2);
#10774 = AXIS2_PLACEMENT_3D('',#10775,#10776,#10777);
#10775 = CARTESIAN_POINT('',(75.,-2.8,3.10862446895E-16));
#10776 = DIRECTION('',(-0.624259746093,-0.693108716252,0.360416532451));
#10777 = DIRECTION('',(-0.600249755858,0.720833064902,0.346554358126));
#10778 = PCURVE('',#3722,#10779);
#10779 = DEFINITIONAL_REPRESENTATION('',(#10780),#10787);
#10780 = B_SPLINE_CURVE_WITH_KNOTS('',5,(#10781,#10782,#10783,#10784,
    #10785,#10786),.UNSPECIFIED.,.F.,.F.,(6,6),(1.570796326795,
    1.978644166538),.PIECEWISE_BEZIER_KNOTS.);
#10781 = CARTESIAN_POINT('',(-4.188790204786,-38.8000003));
#10782 = CARTESIAN_POINT('',(-4.270359772735,-39.07146382213));
#10783 = CARTESIAN_POINT('',(-4.351929340684,-39.34292742792));
#10784 = CARTESIAN_POINT('',(-4.433498908632,-39.61062766824));
#10785 = CARTESIAN_POINT('',(-4.515068476581,-39.87080314724));
#10786 = CARTESIAN_POINT('',(-4.596638044529,-40.1200003));
#10787 = ( GEOMETRIC_REPRESENTATION_CONTEXT(2) 
PARAMETRIC_REPRESENTATION_CONTEXT() REPRESENTATION_CONTEXT('2D SPACE',''
  ) );
#10788 = PCURVE('',#4523,#10789);
#10789 = DEFINITIONAL_REPRESENTATION('',(#10790),#10794);
#10790 = ELLIPSE('',#10791,4.616880331999,3.2);
#10791 = AXIS2_PLACEMENT_2D('',#10792,#10793);
#10792 = CARTESIAN_POINT('',(-1.191016693641E-15,5.764453863871E-16));
#10793 = DIRECTION('',(-1.,0.));
#10794 = ( GEOMETRIC_REPRESENTATION_CONTEXT(2) 
PARAMETRIC_REPRESENTATION_CONTEXT() REPRESENTATION_CONTEXT('2D SPACE',''
  ) );
#10795 = ORIENTED_EDGE('',*,*,#10796,.T.);
#10796 = EDGE_CURVE('',#10770,#10797,#10799,.T.);
#10797 = VERTEX_POINT('',#10798);
#10798 = CARTESIAN_POINT('',(74.171779055672,-2.8,-3.090962644125));
#10799 = SURFACE_CURVE('',#10800,(#10805,#10815),.PCURVE_S1.);
#10800 = ELLIPSE('',#10801,4.616880331999,3.2);
#10801 = AXIS2_PLACEMENT_3D('',#10802,#10803,#10804);
#10802 = CARTESIAN_POINT('',(75.,-2.8,3.10862446895E-16));
#10803 = DIRECTION('',(0.696271273832,-0.693108716252,-0.186565325536));
#10804 = DIRECTION('',(0.669491609454,0.720833064902,-0.179389736093));
#10805 = PCURVE('',#3722,#10806);
#10806 = DEFINITIONAL_REPRESENTATION('',(#10807),#10814);
#10807 = B_SPLINE_CURVE_WITH_KNOTS('',5,(#10808,#10809,#10810,#10811,
    #10812,#10813),.UNSPECIFIED.,.F.,.F.,(6,6),(4.450589592586,
    4.748454490712),.PIECEWISE_BEZIER_KNOTS.);
#10808 = CARTESIAN_POINT('',(-4.188790204786,-39.6613500821));
#10809 = CARTESIAN_POINT('',(-4.248363184412,-39.46984671329));
#10810 = CARTESIAN_POINT('',(-4.307936164037,-39.27452225535));
#10811 = CARTESIAN_POINT('',(-4.367509143662,-39.0767925486));
#10812 = CARTESIAN_POINT('',(-4.427082123287,-38.87813025042));
#10813 = CARTESIAN_POINT('',(-4.486655102913,-38.6800003));
#10814 = ( GEOMETRIC_REPRESENTATION_CONTEXT(2) 
PARAMETRIC_REPRESENTATION_CONTEXT() REPRESENTATION_CONTEXT('2D SPACE',''
  ) );
#10815 = PCURVE('',#4463,#10816);
#10816 = DEFINITIONAL_REPRESENTATION('',(#10817),#10821);
#10817 = ELLIPSE('',#10818,4.616880331999,3.2);
#10818 = AXIS2_PLACEMENT_2D('',#10819,#10820);
#10819 = CARTESIAN_POINT('',(1.803468879687,1.276756478319E-15));
#10820 = DIRECTION('',(1.,2.775557561563E-17));
#10821 = ( GEOMETRIC_REPRESENTATION_CONTEXT(2) 
PARAMETRIC_REPRESENTATION_CONTEXT() REPRESENTATION_CONTEXT('2D SPACE',''
  ) );
#10822 = ORIENTED_EDGE('',*,*,#10823,.T.);
#10823 = EDGE_CURVE('',#10797,#10824,#10826,.T.);
#10824 = VERTEX_POINT('',#10825);
#10825 = CARTESIAN_POINT('',(74.582316184896,-3.234391167708,
    -3.172623556396));
#10826 = SURFACE_CURVE('',#10827,(#10832,#10842),.PCURVE_S1.);
#10827 = ELLIPSE('',#10828,4.616880331999,3.2);
#10828 = AXIS2_PLACEMENT_3D('',#10829,#10830,#10831);
#10829 = CARTESIAN_POINT('',(75.,-2.8,3.10862446895E-16));
#10830 = DIRECTION('',(-0.696271273832,-0.693108716252,0.186565325536));
#10831 = DIRECTION('',(-0.669491609454,0.720833064902,0.179389736093));
#10832 = PCURVE('',#3722,#10833);
#10833 = DEFINITIONAL_REPRESENTATION('',(#10834),#10841);
#10834 = B_SPLINE_CURVE_WITH_KNOTS('',5,(#10835,#10836,#10837,#10838,
    #10839,#10840),.UNSPECIFIED.,.F.,.F.,(6,6),(1.534730816468,
    1.978644166538),.PIECEWISE_BEZIER_KNOTS.);
#10835 = CARTESIAN_POINT('',(-4.414524082258,-38.6800003));
#10836 = CARTESIAN_POINT('',(-4.503306752272,-38.97527688544));
#10837 = CARTESIAN_POINT('',(-4.592089422286,-39.27173594902));
#10838 = CARTESIAN_POINT('',(-4.6808720923,-39.56452782901));
#10839 = CARTESIAN_POINT('',(-4.769654762314,-39.84876693273));
#10840 = CARTESIAN_POINT('',(-4.858437432329,-40.1200003));
#10841 = ( GEOMETRIC_REPRESENTATION_CONTEXT(2) 
PARAMETRIC_REPRESENTATION_CONTEXT() REPRESENTATION_CONTEXT('2D SPACE',''
  ) );
#10842 = PCURVE('',#4431,#10843);
#10843 = DEFINITIONAL_REPRESENTATION('',(#10844),#10848);
#10844 = ELLIPSE('',#10845,4.616880331999,3.2);
#10845 = AXIS2_PLACEMENT_2D('',#10846,#10847);
#10846 = CARTESIAN_POINT('',(-1.022151506856E-15,3.328108990037E-16));
#10847 = DIRECTION('',(-1.,0.));
#10848 = ( GEOMETRIC_REPRESENTATION_CONTEXT(2) 
PARAMETRIC_REPRESENTATION_CONTEXT() REPRESENTATION_CONTEXT('2D SPACE',''
  ) );
#10849 = ORIENTED_EDGE('',*,*,#10850,.T.);
#10850 = EDGE_CURVE('',#10824,#10851,#10853,.T.);
#10851 = VERTEX_POINT('',#10852);
#10852 = CARTESIAN_POINT('',(75.,-2.8,-3.2));
#10853 = SURFACE_CURVE('',#10854,(#10859,#10869),.PCURVE_S1.);
#10854 = ELLIPSE('',#10855,4.616880331999,3.2);
#10855 = AXIS2_PLACEMENT_3D('',#10856,#10857,#10858);
#10856 = CARTESIAN_POINT('',(75.,-2.8,3.10862446895E-16));
#10857 = DIRECTION('',(0.720833064902,-0.693108716252,
    -8.310656757792E-17));
#10858 = DIRECTION('',(0.693108716252,0.720833064902,-2.339295976267E-16
    ));
#10859 = PCURVE('',#3722,#10860);
#10860 = DEFINITIONAL_REPRESENTATION('',(#10861),#10868);
#10861 = B_SPLINE_CURVE_WITH_KNOTS('',5,(#10862,#10863,#10864,#10865,
    #10866,#10867),.UNSPECIFIED.,.F.,.F.,(6,6),(4.304541140642,
    4.748454490712),.PIECEWISE_BEZIER_KNOTS.);
#10862 = CARTESIAN_POINT('',(-4.304541140642,-40.1200003));
#10863 = CARTESIAN_POINT('',(-4.393323810656,-39.84876693273));
#10864 = CARTESIAN_POINT('',(-4.48210648067,-39.56452782901));
#10865 = CARTESIAN_POINT('',(-4.570889150684,-39.27173594902));
#10866 = CARTESIAN_POINT('',(-4.659671820698,-38.97527688544));
#10867 = CARTESIAN_POINT('',(-4.748454490712,-38.6800003));
#10868 = ( GEOMETRIC_REPRESENTATION_CONTEXT(2) 
PARAMETRIC_REPRESENTATION_CONTEXT() REPRESENTATION_CONTEXT('2D SPACE',''
  ) );
#10869 = PCURVE('',#4371,#10870);
#10870 = DEFINITIONAL_REPRESENTATION('',(#10871),#10875);
#10871 = ELLIPSE('',#10872,4.616880331999,3.2);
#10872 = AXIS2_PLACEMENT_2D('',#10873,#10874);
#10873 = CARTESIAN_POINT('',(1.803468879687,-2.958228394579E-31));
#10874 = DIRECTION('',(1.,0.));
#10875 = ( GEOMETRIC_REPRESENTATION_CONTEXT(2) 
PARAMETRIC_REPRESENTATION_CONTEXT() REPRESENTATION_CONTEXT('2D SPACE',''
  ) );
#10876 = ORIENTED_EDGE('',*,*,#10877,.T.);
#10877 = EDGE_CURVE('',#10851,#10878,#10880,.T.);
#10878 = VERTEX_POINT('',#10879);
#10879 = CARTESIAN_POINT('',(75.417683815104,-3.234391167708,
    -3.172623556396));
#10880 = SURFACE_CURVE('',#10881,(#10886,#10896),.PCURVE_S1.);
#10881 = ELLIPSE('',#10882,4.616880331999,3.2);
#10882 = AXIS2_PLACEMENT_3D('',#10883,#10884,#10885);
#10883 = CARTESIAN_POINT('',(75.,-2.8,3.10862446895E-16));
#10884 = DIRECTION('',(-0.720833064902,-0.693108716252,
    2.370076186481E-16));
#10885 = DIRECTION('',(-0.693108716252,0.720833064902,7.387250451371E-17
    ));
#10886 = PCURVE('',#3722,#10887);
#10887 = DEFINITIONAL_REPRESENTATION('',(#10888),#10895);
#10888 = B_SPLINE_CURVE_WITH_KNOTS('',5,(#10889,#10890,#10891,#10892,
    #10893,#10894),.UNSPECIFIED.,.F.,.F.,(6,6),(1.534730816468,
    1.978644166538),.PIECEWISE_BEZIER_KNOTS.);
#10889 = CARTESIAN_POINT('',(-4.676323470057,-38.6800003));
#10890 = CARTESIAN_POINT('',(-4.765106140072,-38.97527688544));
#10891 = CARTESIAN_POINT('',(-4.853888810086,-39.27173594902));
#10892 = CARTESIAN_POINT('',(-4.9426714801,-39.56452782901));
#10893 = CARTESIAN_POINT('',(-5.031454150114,-39.84876693273));
#10894 = CARTESIAN_POINT('',(-5.120236820128,-40.1200003));
#10895 = ( GEOMETRIC_REPRESENTATION_CONTEXT(2) 
PARAMETRIC_REPRESENTATION_CONTEXT() REPRESENTATION_CONTEXT('2D SPACE',''
  ) );
#10896 = PCURVE('',#4339,#10897);
#10897 = DEFINITIONAL_REPRESENTATION('',(#10898),#10902);
#10898 = ELLIPSE('',#10899,4.616880331999,3.2);
#10899 = AXIS2_PLACEMENT_2D('',#10900,#10901);
#10900 = CARTESIAN_POINT('',(-9.603425586782E-16,2.958228394579E-31));
#10901 = DIRECTION('',(-1.,1.232595164408E-32));
#10902 = ( GEOMETRIC_REPRESENTATION_CONTEXT(2) 
PARAMETRIC_REPRESENTATION_CONTEXT() REPRESENTATION_CONTEXT('2D SPACE',''
  ) );
#10903 = ORIENTED_EDGE('',*,*,#10904,.T.);
#10904 = EDGE_CURVE('',#10878,#10905,#10907,.T.);
#10905 = VERTEX_POINT('',#10906);
#10906 = CARTESIAN_POINT('',(75.828220944328,-2.8,-3.090962644125));
#10907 = SURFACE_CURVE('',#10908,(#10913,#10923),.PCURVE_S1.);
#10908 = ELLIPSE('',#10909,4.616880331999,3.2);
#10909 = AXIS2_PLACEMENT_3D('',#10910,#10911,#10912);
#10910 = CARTESIAN_POINT('',(75.,-2.8,3.10862446895E-16));
#10911 = DIRECTION('',(0.696271273832,-0.693108716252,0.186565325536));
#10912 = DIRECTION('',(0.669491609454,0.720833064902,0.179389736093));
#10913 = PCURVE('',#3722,#10914);
#10914 = DEFINITIONAL_REPRESENTATION('',(#10915),#10922);
#10915 = B_SPLINE_CURVE_WITH_KNOTS('',5,(#10916,#10917,#10918,#10919,
    #10920,#10921),.UNSPECIFIED.,.F.,.F.,(6,6),(4.304541140642,
    4.748454490712),.PIECEWISE_BEZIER_KNOTS.);
#10916 = CARTESIAN_POINT('',(-4.566340528441,-40.1200003));
#10917 = CARTESIAN_POINT('',(-4.655123198455,-39.84876693273));
#10918 = CARTESIAN_POINT('',(-4.743905868469,-39.56452782901));
#10919 = CARTESIAN_POINT('',(-4.832688538483,-39.27173594902));
#10920 = CARTESIAN_POINT('',(-4.921471208497,-38.97527688544));
#10921 = CARTESIAN_POINT('',(-5.010253878511,-38.6800003));
#10922 = ( GEOMETRIC_REPRESENTATION_CONTEXT(2) 
PARAMETRIC_REPRESENTATION_CONTEXT() REPRESENTATION_CONTEXT('2D SPACE',''
  ) );
#10923 = PCURVE('',#4279,#10924);
#10924 = DEFINITIONAL_REPRESENTATION('',(#10925),#10929);
#10925 = ELLIPSE('',#10926,4.616880331999,3.2);
#10926 = AXIS2_PLACEMENT_2D('',#10927,#10928);
#10927 = CARTESIAN_POINT('',(1.803468879687,-1.165734175856E-15));
#10928 = DIRECTION('',(1.,0.));
#10929 = ( GEOMETRIC_REPRESENTATION_CONTEXT(2) 
PARAMETRIC_REPRESENTATION_CONTEXT() REPRESENTATION_CONTEXT('2D SPACE',''
  ) );
#10930 = ORIENTED_EDGE('',*,*,#10931,.T.);
#10931 = EDGE_CURVE('',#10905,#10932,#10934,.T.);
#10932 = VERTEX_POINT('',#10933);
#10933 = CARTESIAN_POINT('',(76.224586983568,-3.234391167708,
    -2.956414504036));
#10934 = SURFACE_CURVE('',#10935,(#10940,#10950),.PCURVE_S1.);
#10935 = ELLIPSE('',#10936,4.616880331999,3.2);
#10936 = AXIS2_PLACEMENT_3D('',#10937,#10938,#10939);
#10937 = CARTESIAN_POINT('',(75.,-2.8,3.10862446895E-16));
#10938 = DIRECTION('',(-0.696271273832,-0.693108716252,-0.186565325536)
  );
#10939 = DIRECTION('',(-0.669491609454,0.720833064902,-0.179389736093));
#10940 = PCURVE('',#3722,#10941);
#10941 = DEFINITIONAL_REPRESENTATION('',(#10942),#10949);
#10942 = B_SPLINE_CURVE_WITH_KNOTS('',5,(#10943,#10944,#10945,#10946,
    #10947,#10948),.UNSPECIFIED.,.F.,.F.,(6,6),(1.534730816468,
    1.978644166538),.PIECEWISE_BEZIER_KNOTS.);
#10943 = CARTESIAN_POINT('',(-4.938122857857,-38.6800003));
#10944 = CARTESIAN_POINT('',(-5.026905527871,-38.97527688544));
#10945 = CARTESIAN_POINT('',(-5.115688197885,-39.27173594902));
#10946 = CARTESIAN_POINT('',(-5.204470867899,-39.56452782901));
#10947 = CARTESIAN_POINT('',(-5.293253537913,-39.84876693273));
#10948 = CARTESIAN_POINT('',(-5.382036207927,-40.1200003));
#10949 = ( GEOMETRIC_REPRESENTATION_CONTEXT(2) 
PARAMETRIC_REPRESENTATION_CONTEXT() REPRESENTATION_CONTEXT('2D SPACE',''
  ) );
#10950 = PCURVE('',#4247,#10951);
#10951 = DEFINITIONAL_REPRESENTATION('',(#10952),#10956);
#10952 = ELLIPSE('',#10953,4.616880331999,3.2);
#10953 = AXIS2_PLACEMENT_2D('',#10954,#10955);
#10954 = CARTESIAN_POINT('',(-1.022151506856E-15,-3.328108990037E-16));
#10955 = DIRECTION('',(-1.,0.));
#10956 = ( GEOMETRIC_REPRESENTATION_CONTEXT(2) 
PARAMETRIC_REPRESENTATION_CONTEXT() REPRESENTATION_CONTEXT('2D SPACE',''
  ) );
#10957 = ORIENTED_EDGE('',*,*,#10958,.T.);
#10958 = EDGE_CURVE('',#10932,#10959,#10961,.T.);
#10959 = VERTEX_POINT('',#10960);
#10960 = CARTESIAN_POINT('',(76.6,-2.8,-2.77128129211));
#10961 = SURFACE_CURVE('',#10962,(#10967,#10977),.PCURVE_S1.);
#10962 = ELLIPSE('',#10963,4.616880331999,3.2);
#10963 = AXIS2_PLACEMENT_3D('',#10964,#10965,#10966);
#10964 = CARTESIAN_POINT('',(75.,-2.8,3.10862446895E-16));
#10965 = DIRECTION('',(0.624259746093,-0.693108716252,0.360416532451));
#10966 = DIRECTION('',(0.600249755858,0.720833064902,0.346554358126));
#10967 = PCURVE('',#3722,#10968);
#10968 = DEFINITIONAL_REPRESENTATION('',(#10969),#10976);
#10969 = B_SPLINE_CURVE_WITH_KNOTS('',5,(#10970,#10971,#10972,#10973,
    #10974,#10975),.UNSPECIFIED.,.F.,.F.,(6,6),(4.304541140642,
    4.748454490712),.PIECEWISE_BEZIER_KNOTS.);
#10970 = CARTESIAN_POINT('',(-4.82813991624,-40.1200003));
#10971 = CARTESIAN_POINT('',(-4.916922586254,-39.84876693273));
#10972 = CARTESIAN_POINT('',(-5.005705256268,-39.56452782901));
#10973 = CARTESIAN_POINT('',(-5.094487926282,-39.27173594902));
#10974 = CARTESIAN_POINT('',(-5.183270596296,-38.97527688544));
#10975 = CARTESIAN_POINT('',(-5.27205326631,-38.6800003));
#10976 = ( GEOMETRIC_REPRESENTATION_CONTEXT(2) 
PARAMETRIC_REPRESENTATION_CONTEXT() REPRESENTATION_CONTEXT('2D SPACE',''
  ) );
#10977 = PCURVE('',#4187,#10978);
#10978 = DEFINITIONAL_REPRESENTATION('',(#10979),#10983);
#10979 = ELLIPSE('',#10980,4.616880331999,3.2);
#10980 = AXIS2_PLACEMENT_2D('',#10981,#10982);
#10981 = CARTESIAN_POINT('',(1.803468879687,-2.775557561563E-15));
#10982 = DIRECTION('',(1.,0.));
#10983 = ( GEOMETRIC_REPRESENTATION_CONTEXT(2) 
PARAMETRIC_REPRESENTATION_CONTEXT() REPRESENTATION_CONTEXT('2D SPACE',''
  ) );
#10984 = ORIENTED_EDGE('',*,*,#10985,.T.);
#10985 = EDGE_CURVE('',#10959,#10986,#10988,.T.);
#10986 = VERTEX_POINT('',#10987);
#10987 = CARTESIAN_POINT('',(76.948036572828,-3.234391167708,
    -2.538730688932));
#10988 = SURFACE_CURVE('',#10989,(#10994,#11004),.PCURVE_S1.);
#10989 = ELLIPSE('',#10990,4.616880331999,3.2);
#10990 = AXIS2_PLACEMENT_3D('',#10991,#10992,#10993);
#10991 = CARTESIAN_POINT('',(75.,-2.8,3.10862446895E-16));
#10992 = DIRECTION('',(-0.624259746093,-0.693108716252,-0.360416532451)
  );
#10993 = DIRECTION('',(-0.600249755858,0.720833064902,-0.346554358126));
#10994 = PCURVE('',#3722,#10995);
#10995 = DEFINITIONAL_REPRESENTATION('',(#10996),#11003);
#10996 = B_SPLINE_CURVE_WITH_KNOTS('',5,(#10997,#10998,#10999,#11000,
    #11001,#11002),.UNSPECIFIED.,.F.,.F.,(6,6),(1.534730816468,
    1.978644166538),.PIECEWISE_BEZIER_KNOTS.);
#10997 = CARTESIAN_POINT('',(-5.199922245656,-38.6800003));
#10998 = CARTESIAN_POINT('',(-5.28870491567,-38.97527688544));
#10999 = CARTESIAN_POINT('',(-5.377487585684,-39.27173594902));
#11000 = CARTESIAN_POINT('',(-5.466270255698,-39.56452782901));
#11001 = CARTESIAN_POINT('',(-5.555052925712,-39.84876693273));
#11002 = CARTESIAN_POINT('',(-5.643835595726,-40.1200003));
#11003 = ( GEOMETRIC_REPRESENTATION_CONTEXT(2) 
PARAMETRIC_REPRESENTATION_CONTEXT() REPRESENTATION_CONTEXT('2D SPACE',''
  ) );
#11004 = PCURVE('',#4155,#11005);
#11005 = DEFINITIONAL_REPRESENTATION('',(#11006),#11010);
#11006 = ELLIPSE('',#11007,4.616880331999,3.2);
#11007 = AXIS2_PLACEMENT_2D('',#11008,#11009);
#11008 = CARTESIAN_POINT('',(-1.191016693641E-15,-5.764453863871E-16));
#11009 = DIRECTION('',(-1.,-5.551115123126E-17));
#11010 = ( GEOMETRIC_REPRESENTATION_CONTEXT(2) 
PARAMETRIC_REPRESENTATION_CONTEXT() REPRESENTATION_CONTEXT('2D SPACE',''
  ) );
#11011 = ORIENTED_EDGE('',*,*,#11012,.T.);
#11012 = EDGE_CURVE('',#10986,#11013,#11015,.T.);
#11013 = VERTEX_POINT('',#11014);
#11014 = CARTESIAN_POINT('',(77.262741699797,-2.8,-2.262741699797));
#11015 = SURFACE_CURVE('',#11016,(#11021,#11031),.PCURVE_S1.);
#11016 = ELLIPSE('',#11017,4.616880331999,3.2);
#11017 = AXIS2_PLACEMENT_3D('',#11018,#11019,#11020);
#11018 = CARTESIAN_POINT('',(75.,-2.8,3.10862446895E-16));
#11019 = DIRECTION('',(0.509705948296,-0.693108716252,0.509705948296));
#11020 = DIRECTION('',(0.490101873361,0.720833064902,0.490101873361));
#11021 = PCURVE('',#3722,#11022);
#11022 = DEFINITIONAL_REPRESENTATION('',(#11023),#11030);
#11023 = B_SPLINE_CURVE_WITH_KNOTS('',5,(#11024,#11025,#11026,#11027,
    #11028,#11029),.UNSPECIFIED.,.F.,.F.,(6,6),(4.304541140642,
    4.748454490712),.PIECEWISE_BEZIER_KNOTS.);
#11024 = CARTESIAN_POINT('',(-5.089939304039,-40.1200003));
#11025 = CARTESIAN_POINT('',(-5.178721974053,-39.84876693273));
#11026 = CARTESIAN_POINT('',(-5.267504644067,-39.56452782901));
#11027 = CARTESIAN_POINT('',(-5.356287314081,-39.27173594902));
#11028 = CARTESIAN_POINT('',(-5.445069984095,-38.97527688544));
#11029 = CARTESIAN_POINT('',(-5.533852654109,-38.6800003));
#11030 = ( GEOMETRIC_REPRESENTATION_CONTEXT(2) 
PARAMETRIC_REPRESENTATION_CONTEXT() REPRESENTATION_CONTEXT('2D SPACE',''
  ) );
#11031 = PCURVE('',#4095,#11032);
#11032 = DEFINITIONAL_REPRESENTATION('',(#11033),#11037);
#11033 = ELLIPSE('',#11034,4.616880331999,3.2);
#11034 = AXIS2_PLACEMENT_2D('',#11035,#11036);
#11035 = CARTESIAN_POINT('',(1.803468879687,-5.551115123126E-15));
#11036 = DIRECTION('',(1.,5.551115123126E-17));
#11037 = ( GEOMETRIC_REPRESENTATION_CONTEXT(2) 
PARAMETRIC_REPRESENTATION_CONTEXT() REPRESENTATION_CONTEXT('2D SPACE',''
  ) );
#11038 = ORIENTED_EDGE('',*,*,#11039,.T.);
#11039 = EDGE_CURVE('',#11013,#11040,#11042,.T.);
#11040 = VERTEX_POINT('',#11041);
#11041 = CARTESIAN_POINT('',(77.538730688932,-3.234391167708,
    -1.948036572828));
#11042 = SURFACE_CURVE('',#11043,(#11048,#11058),.PCURVE_S1.);
#11043 = ELLIPSE('',#11044,4.616880331999,3.2);
#11044 = AXIS2_PLACEMENT_3D('',#11045,#11046,#11047);
#11045 = CARTESIAN_POINT('',(75.,-2.8,3.10862446895E-16));
#11046 = DIRECTION('',(-0.509705948296,-0.693108716252,-0.509705948296)
  );
#11047 = DIRECTION('',(-0.490101873361,0.720833064902,-0.490101873361));
#11048 = PCURVE('',#3722,#11049);
#11049 = DEFINITIONAL_REPRESENTATION('',(#11050),#11057);
#11050 = B_SPLINE_CURVE_WITH_KNOTS('',5,(#11051,#11052,#11053,#11054,
    #11055,#11056),.UNSPECIFIED.,.F.,.F.,(6,6),(1.534730816468,
    1.978644166538),.PIECEWISE_BEZIER_KNOTS.);
#11051 = CARTESIAN_POINT('',(-5.461721633455,-38.6800003));
#11052 = CARTESIAN_POINT('',(-5.550504303469,-38.97527688544));
#11053 = CARTESIAN_POINT('',(-5.639286973483,-39.27173594902));
#11054 = CARTESIAN_POINT('',(-5.728069643497,-39.56452782901));
#11055 = CARTESIAN_POINT('',(-5.816852313511,-39.84876693273));
#11056 = CARTESIAN_POINT('',(-5.905634983525,-40.1200003));
#11057 = ( GEOMETRIC_REPRESENTATION_CONTEXT(2) 
PARAMETRIC_REPRESENTATION_CONTEXT() REPRESENTATION_CONTEXT('2D SPACE',''
  ) );
#11058 = PCURVE('',#4063,#11059);
#11059 = DEFINITIONAL_REPRESENTATION('',(#11060),#11064);
#11060 = ELLIPSE('',#11061,4.616880331999,3.2);
#11061 = AXIS2_PLACEMENT_2D('',#11062,#11063);
#11062 = CARTESIAN_POINT('',(-1.421690828604E-15,-6.656217980074E-16));
#11063 = DIRECTION('',(-1.,5.551115123126E-17));
#11064 = ( GEOMETRIC_REPRESENTATION_CONTEXT(2) 
PARAMETRIC_REPRESENTATION_CONTEXT() REPRESENTATION_CONTEXT('2D SPACE',''
  ) );
#11065 = ORIENTED_EDGE('',*,*,#11066,.T.);
#11066 = EDGE_CURVE('',#11040,#11067,#11069,.T.);
#11067 = VERTEX_POINT('',#11068);
#11068 = CARTESIAN_POINT('',(77.77128129211,-2.8,-1.6));
#11069 = SURFACE_CURVE('',#11070,(#11075,#11085),.PCURVE_S1.);
#11070 = ELLIPSE('',#11071,4.616880331999,3.2);
#11071 = AXIS2_PLACEMENT_3D('',#11072,#11073,#11074);
#11072 = CARTESIAN_POINT('',(75.,-2.8,3.10862446895E-16));
#11073 = DIRECTION('',(0.360416532451,-0.693108716252,0.624259746093));
#11074 = DIRECTION('',(0.346554358126,0.720833064902,0.600249755858));
#11075 = PCURVE('',#3722,#11076);
#11076 = DEFINITIONAL_REPRESENTATION('',(#11077),#11084);
#11077 = B_SPLINE_CURVE_WITH_KNOTS('',5,(#11078,#11079,#11080,#11081,
    #11082,#11083),.UNSPECIFIED.,.F.,.F.,(6,6),(4.304541140642,
    4.748454490712),.PIECEWISE_BEZIER_KNOTS.);
#11078 = CARTESIAN_POINT('',(-5.351738691838,-40.1200003));
#11079 = CARTESIAN_POINT('',(-5.440521361852,-39.84876693273));
#11080 = CARTESIAN_POINT('',(-5.529304031866,-39.56452782901));
#11081 = CARTESIAN_POINT('',(-5.61808670188,-39.27173594902));
#11082 = CARTESIAN_POINT('',(-5.706869371894,-38.97527688544));
#11083 = CARTESIAN_POINT('',(-5.795652041908,-38.6800003));
#11084 = ( GEOMETRIC_REPRESENTATION_CONTEXT(2) 
PARAMETRIC_REPRESENTATION_CONTEXT() REPRESENTATION_CONTEXT('2D SPACE',''
  ) );
#11085 = PCURVE('',#4003,#11086);
#11086 = DEFINITIONAL_REPRESENTATION('',(#11087),#11091);
#11087 = ELLIPSE('',#11088,4.616880331999,3.2);
#11088 = AXIS2_PLACEMENT_2D('',#11089,#11090);
#11089 = CARTESIAN_POINT('',(1.803468879687,1.110223024625E-15));
#11090 = DIRECTION('',(1.,0.));
#11091 = ( GEOMETRIC_REPRESENTATION_CONTEXT(2) 
PARAMETRIC_REPRESENTATION_CONTEXT() REPRESENTATION_CONTEXT('2D SPACE',''
  ) );
#11092 = ORIENTED_EDGE('',*,*,#11093,.T.);
#11093 = EDGE_CURVE('',#11067,#11094,#11096,.T.);
#11094 = VERTEX_POINT('',#11095);
#11095 = CARTESIAN_POINT('',(77.956414504036,-3.234391167708,
    -1.224586983568));
#11096 = SURFACE_CURVE('',#11097,(#11102,#11112),.PCURVE_S1.);
#11097 = ELLIPSE('',#11098,4.616880331999,3.2);
#11098 = AXIS2_PLACEMENT_3D('',#11099,#11100,#11101);
#11099 = CARTESIAN_POINT('',(75.,-2.8,3.10862446895E-16));
#11100 = DIRECTION('',(-0.360416532451,-0.693108716252,-0.624259746093)
  );
#11101 = DIRECTION('',(-0.346554358126,0.720833064902,-0.600249755858));
#11102 = PCURVE('',#3722,#11103);
#11103 = DEFINITIONAL_REPRESENTATION('',(#11104),#11111);
#11104 = B_SPLINE_CURVE_WITH_KNOTS('',5,(#11105,#11106,#11107,#11108,
    #11109,#11110),.UNSPECIFIED.,.F.,.F.,(6,6),(1.534730816468,
    1.978644166538),.PIECEWISE_BEZIER_KNOTS.);
#11105 = CARTESIAN_POINT('',(-5.723521021254,-38.6800003));
#11106 = CARTESIAN_POINT('',(-5.812303691268,-38.97527688544));
#11107 = CARTESIAN_POINT('',(-5.901086361282,-39.27173594902));
#11108 = CARTESIAN_POINT('',(-5.989869031296,-39.56452782901));
#11109 = CARTESIAN_POINT('',(-6.07865170131,-39.84876693273));
#11110 = CARTESIAN_POINT('',(-6.167434371324,-40.1200003));
#11111 = ( GEOMETRIC_REPRESENTATION_CONTEXT(2) 
PARAMETRIC_REPRESENTATION_CONTEXT() REPRESENTATION_CONTEXT('2D SPACE',''
  ) );
#11112 = PCURVE('',#3971,#11113);
#11113 = DEFINITIONAL_REPRESENTATION('',(#11114),#11118);
#11114 = ELLIPSE('',#11115,4.616880331999,3.2);
#11115 = AXIS2_PLACEMENT_2D('',#11116,#11117);
#11116 = CARTESIAN_POINT('',(-1.652364963567E-15,-5.764453863871E-16));
#11117 = DIRECTION('',(-1.,0.));
#11118 = ( GEOMETRIC_REPRESENTATION_CONTEXT(2) 
PARAMETRIC_REPRESENTATION_CONTEXT() REPRESENTATION_CONTEXT('2D SPACE',''
  ) );
#11119 = ORIENTED_EDGE('',*,*,#11120,.T.);
#11120 = EDGE_CURVE('',#11094,#11121,#11123,.T.);
#11121 = VERTEX_POINT('',#11122);
#11122 = CARTESIAN_POINT('',(78.090962644125,-2.8,-0.828220944328));
#11123 = SURFACE_CURVE('',#11124,(#11129,#11139),.PCURVE_S1.);
#11124 = ELLIPSE('',#11125,4.616880331999,3.2);
#11125 = AXIS2_PLACEMENT_3D('',#11126,#11127,#11128);
#11126 = CARTESIAN_POINT('',(75.,-2.8,3.10862446895E-16));
#11127 = DIRECTION('',(0.186565325536,-0.693108716252,0.696271273832));
#11128 = DIRECTION('',(0.179389736093,0.720833064902,0.669491609454));
#11129 = PCURVE('',#3722,#11130);
#11130 = DEFINITIONAL_REPRESENTATION('',(#11131),#11138);
#11131 = B_SPLINE_CURVE_WITH_KNOTS('',5,(#11132,#11133,#11134,#11135,
    #11136,#11137),.UNSPECIFIED.,.F.,.F.,(6,6),(4.304541140642,
    4.748454490712),.PIECEWISE_BEZIER_KNOTS.);
#11132 = CARTESIAN_POINT('',(-5.613538079637,-40.1200003));
#11133 = CARTESIAN_POINT('',(-5.702320749652,-39.84876693273));
#11134 = CARTESIAN_POINT('',(-5.791103419666,-39.56452782901));
#11135 = CARTESIAN_POINT('',(-5.87988608968,-39.27173594902));
#11136 = CARTESIAN_POINT('',(-5.968668759694,-38.97527688544));
#11137 = CARTESIAN_POINT('',(-6.057451429708,-38.6800003));
#11138 = ( GEOMETRIC_REPRESENTATION_CONTEXT(2) 
PARAMETRIC_REPRESENTATION_CONTEXT() REPRESENTATION_CONTEXT('2D SPACE',''
  ) );
#11139 = PCURVE('',#3911,#11140);
#11140 = DEFINITIONAL_REPRESENTATION('',(#11141),#11145);
#11141 = ELLIPSE('',#11142,4.616880331999,3.2);
#11142 = AXIS2_PLACEMENT_2D('',#11143,#11144);
#11143 = CARTESIAN_POINT('',(1.803468879687,3.219646771413E-15));
#11144 = DIRECTION('',(1.,5.551115123126E-17));
#11145 = ( GEOMETRIC_REPRESENTATION_CONTEXT(2) 
PARAMETRIC_REPRESENTATION_CONTEXT() REPRESENTATION_CONTEXT('2D SPACE',''
  ) );
#11146 = ORIENTED_EDGE('',*,*,#11147,.T.);
#11147 = EDGE_CURVE('',#11121,#11148,#11150,.T.);
#11148 = VERTEX_POINT('',#11149);
#11149 = CARTESIAN_POINT('',(78.172623556396,-3.234391167708,
    -0.417683815104));
#11150 = SURFACE_CURVE('',#11151,(#11156,#11166),.PCURVE_S1.);
#11151 = ELLIPSE('',#11152,4.616880331999,3.2);
#11152 = AXIS2_PLACEMENT_3D('',#11153,#11154,#11155);
#11153 = CARTESIAN_POINT('',(75.,-2.8,3.10862446895E-16));
#11154 = DIRECTION('',(-0.186565325536,-0.693108716252,-0.696271273832)
  );
#11155 = DIRECTION('',(-0.179389736093,0.720833064902,-0.669491609454));
#11156 = PCURVE('',#3722,#11157);
#11157 = DEFINITIONAL_REPRESENTATION('',(#11158),#11165);
#11158 = B_SPLINE_CURVE_WITH_KNOTS('',5,(#11159,#11160,#11161,#11162,
    #11163,#11164),.UNSPECIFIED.,.F.,.F.,(6,6),(1.534730816468,
    1.832595714594),.PIECEWISE_BEZIER_KNOTS.);
#11159 = CARTESIAN_POINT('',(-5.985320409053,-38.6800003));
#11160 = CARTESIAN_POINT('',(-6.044893388678,-38.87813025042));
#11161 = CARTESIAN_POINT('',(-6.104466368304,-39.0767925486));
#11162 = CARTESIAN_POINT('',(-6.164039347929,-39.27452225535));
#11163 = CARTESIAN_POINT('',(-6.223612327554,-39.46984671329));
#11164 = CARTESIAN_POINT('',(-6.28318530718,-39.6613500821));
#11165 = ( GEOMETRIC_REPRESENTATION_CONTEXT(2) 
PARAMETRIC_REPRESENTATION_CONTEXT() REPRESENTATION_CONTEXT('2D SPACE',''
  ) );
#11166 = PCURVE('',#3879,#11167);
#11167 = DEFINITIONAL_REPRESENTATION('',(#11168),#11172);
#11168 = ELLIPSE('',#11169,4.616880331999,3.2);
#11169 = AXIS2_PLACEMENT_2D('',#11170,#11171);
#11170 = CARTESIAN_POINT('',(-1.821230150352E-15,-3.328108990037E-16));
#11171 = DIRECTION('',(-1.,-5.551115123126E-17));
#11172 = ( GEOMETRIC_REPRESENTATION_CONTEXT(2) 
PARAMETRIC_REPRESENTATION_CONTEXT() REPRESENTATION_CONTEXT('2D SPACE',''
  ) );
#11173 = ORIENTED_EDGE('',*,*,#11174,.T.);
#11174 = EDGE_CURVE('',#11148,#10041,#11175,.T.);
#11175 = SURFACE_CURVE('',#11176,(#11181,#11191),.PCURVE_S1.);
#11176 = ELLIPSE('',#11177,4.616880331999,3.2);
#11177 = AXIS2_PLACEMENT_3D('',#11178,#11179,#11180);
#11178 = CARTESIAN_POINT('',(75.,-2.8,3.10862446895E-16));
#11179 = DIRECTION('',(8.827659056516E-17,-0.693108716252,0.720833064902
    ));
#11180 = DIRECTION('',(8.488133708189E-17,0.720833064902,0.693108716252)
  );
#11181 = PCURVE('',#3722,#11182);
#11182 = DEFINITIONAL_REPRESENTATION('',(#11183),#11190);
#11183 = B_SPLINE_CURVE_WITH_KNOTS('',5,(#11184,#11185,#11186,#11187,
    #11188,#11189),.UNSPECIFIED.,.F.,.F.,(6,6),(4.304541140642,
    4.712388980385),.PIECEWISE_BEZIER_KNOTS.);
#11184 = CARTESIAN_POINT('',(-5.875337467437,-40.1200003));
#11185 = CARTESIAN_POINT('',(-5.956907035385,-39.87080314724));
#11186 = CARTESIAN_POINT('',(-6.038476603334,-39.61062766824));
#11187 = CARTESIAN_POINT('',(-6.120046171282,-39.34292742792));
#11188 = CARTESIAN_POINT('',(-6.201615739231,-39.07146382213));
#11189 = CARTESIAN_POINT('',(-6.28318530718,-38.8000003));
#11190 = ( GEOMETRIC_REPRESENTATION_CONTEXT(2) 
PARAMETRIC_REPRESENTATION_CONTEXT() REPRESENTATION_CONTEXT('2D SPACE',''
  ) );
#11191 = PCURVE('',#3819,#11192);
#11192 = DEFINITIONAL_REPRESENTATION('',(#11193),#11197);
#11193 = ELLIPSE('',#11194,4.616880331999,3.2);
#11194 = AXIS2_PLACEMENT_2D('',#11195,#11196);
#11195 = CARTESIAN_POINT('',(-1.88303909853E-15,-1.630303208745E-31));
#11196 = DIRECTION('',(-1.,-2.465190328816E-32));
#11197 = ( GEOMETRIC_REPRESENTATION_CONTEXT(2) 
PARAMETRIC_REPRESENTATION_CONTEXT() REPRESENTATION_CONTEXT('2D SPACE',''
  ) );
#11198 = ORIENTED_EDGE('',*,*,#10040,.F.);
#11199 = ADVANCED_FACE('',(#11200),#3755,.T.);
#11200 = FACE_BOUND('',#11201,.T.);
#11201 = EDGE_LOOP('',(#11202,#11225,#11246));
#11202 = ORIENTED_EDGE('',*,*,#11203,.T.);
#11203 = EDGE_CURVE('',#3740,#11204,#11206,.T.);
#11204 = VERTEX_POINT('',#11205);
#11205 = CARTESIAN_POINT('',(83.764331668529,-4.,1.153846153846));
#11206 = SURFACE_CURVE('',#11207,(#11211,#11218),.PCURVE_S1.);
#11207 = LINE('',#11208,#11209);
#11208 = CARTESIAN_POINT('',(75.298637359734,-4.,-1.114529799564));
#11209 = VECTOR('',#11210,1.);
#11210 = DIRECTION('',(-0.965925826289,-2.873468630843E-17,
    -0.258819045103));
#11211 = PCURVE('',#3755,#11212);
#11212 = DEFINITIONAL_REPRESENTATION('',(#11213),#11217);
#11213 = LINE('',#11214,#11215);
#11214 = CARTESIAN_POINT('',(0.298637359734,-1.114529799564));
#11215 = VECTOR('',#11216,1.);
#11216 = DIRECTION('',(-0.965925826289,-0.258819045103));
#11217 = ( GEOMETRIC_REPRESENTATION_CONTEXT(2) 
PARAMETRIC_REPRESENTATION_CONTEXT() REPRESENTATION_CONTEXT('2D SPACE',''
  ) );
#11218 = PCURVE('',#5676,#11219);
#11219 = DEFINITIONAL_REPRESENTATION('',(#11220),#11224);
#11220 = LINE('',#11221,#11222);
#11221 = CARTESIAN_POINT('',(0.138728375361,-5.551115123126E-17));
#11222 = VECTOR('',#11223,1.);
#11223 = DIRECTION('',(0.,1.));
#11224 = ( GEOMETRIC_REPRESENTATION_CONTEXT(2) 
PARAMETRIC_REPRESENTATION_CONTEXT() REPRESENTATION_CONTEXT('2D SPACE',''
  ) );
#11225 = ORIENTED_EDGE('',*,*,#11226,.T.);
#11226 = EDGE_CURVE('',#11204,#3738,#11227,.T.);
#11227 = SURFACE_CURVE('',#11228,(#11232,#11239),.PCURVE_S1.);
#11228 = LINE('',#11229,#11230);
#11229 = CARTESIAN_POINT('',(75.,-4.,1.153846153846));
#11230 = VECTOR('',#11231,1.);
#11231 = DIRECTION('',(1.,0.,0.));
#11232 = PCURVE('',#3755,#11233);
#11233 = DEFINITIONAL_REPRESENTATION('',(#11234),#11238);
#11234 = LINE('',#11235,#11236);
#11235 = CARTESIAN_POINT('',(0.,1.153846153846));
#11236 = VECTOR('',#11237,1.);
#11237 = DIRECTION('',(1.,0.));
#11238 = ( GEOMETRIC_REPRESENTATION_CONTEXT(2) 
PARAMETRIC_REPRESENTATION_CONTEXT() REPRESENTATION_CONTEXT('2D SPACE',''
  ) );
#11239 = PCURVE('',#3787,#11240);
#11240 = DEFINITIONAL_REPRESENTATION('',(#11241),#11245);
#11241 = LINE('',#11242,#11243);
#11242 = CARTESIAN_POINT('',(1.664740504327,0.));
#11243 = VECTOR('',#11244,1.);
#11244 = DIRECTION('',(0.,-1.));
#11245 = ( GEOMETRIC_REPRESENTATION_CONTEXT(2) 
PARAMETRIC_REPRESENTATION_CONTEXT() REPRESENTATION_CONTEXT('2D SPACE',''
  ) );
#11246 = ORIENTED_EDGE('',*,*,#3737,.T.);
#11247 = ADVANCED_FACE('',(#11248),#5676,.T.);
#11248 = FACE_BOUND('',#11249,.T.);
#11249 = EDGE_LOOP('',(#11250,#11271,#11272,#11293,#11294));
#11250 = ORIENTED_EDGE('',*,*,#11251,.F.);
#11251 = EDGE_CURVE('',#10091,#5627,#11252,.T.);
#11252 = SURFACE_CURVE('',#11253,(#11257,#11264),.PCURVE_S1.);
#11253 = LINE('',#11254,#11255);
#11254 = CARTESIAN_POINT('',(75.,-2.8,3.10862446895E-16));
#11255 = VECTOR('',#11256,1.);
#11256 = DIRECTION('',(0.965925826289,2.873468630843E-17,0.258819045103)
  );
#11257 = PCURVE('',#5676,#11258);
#11258 = DEFINITIONAL_REPRESENTATION('',(#11259),#11263);
#11259 = LINE('',#11260,#11261);
#11260 = CARTESIAN_POINT('',(1.803468879687,-2.942091015257E-15));
#11261 = VECTOR('',#11262,1.);
#11262 = DIRECTION('',(0.,-1.));
#11263 = ( GEOMETRIC_REPRESENTATION_CONTEXT(2) 
PARAMETRIC_REPRESENTATION_CONTEXT() REPRESENTATION_CONTEXT('2D SPACE',''
  ) );
#11264 = PCURVE('',#5646,#11265);
#11265 = DEFINITIONAL_REPRESENTATION('',(#11266),#11270);
#11266 = LINE('',#11267,#11268);
#11267 = CARTESIAN_POINT('',(0.,-0.));
#11268 = VECTOR('',#11269,1.);
#11269 = DIRECTION('',(0.,-1.));
#11270 = ( GEOMETRIC_REPRESENTATION_CONTEXT(2) 
PARAMETRIC_REPRESENTATION_CONTEXT() REPRESENTATION_CONTEXT('2D SPACE',''
  ) );
#11271 = ORIENTED_EDGE('',*,*,#10090,.F.);
#11272 = ORIENTED_EDGE('',*,*,#11273,.F.);
#11273 = EDGE_CURVE('',#11204,#10064,#11274,.T.);
#11274 = SURFACE_CURVE('',#11275,(#11279,#11286),.PCURVE_S1.);
#11275 = LINE('',#11276,#11277);
#11276 = CARTESIAN_POINT('',(75.165315468926,-2.822634762149,
    2.176419437393E-02));
#11277 = VECTOR('',#11278,1.);
#11278 = DIRECTION('',(-0.982434368801,0.134513535903,-0.129339938368));
#11279 = PCURVE('',#5676,#11280);
#11280 = DEFINITIONAL_REPRESENTATION('',(#11281),#11285);
#11281 = LINE('',#11282,#11283);
#11282 = CARTESIAN_POINT('',(1.772068041891,-0.165315468926));
#11283 = VECTOR('',#11284,1.);
#11284 = DIRECTION('',(0.186608442998,0.982434368801));
#11285 = ( GEOMETRIC_REPRESENTATION_CONTEXT(2) 
PARAMETRIC_REPRESENTATION_CONTEXT() REPRESENTATION_CONTEXT('2D SPACE',''
  ) );
#11286 = PCURVE('',#3787,#11287);
#11287 = DEFINITIONAL_REPRESENTATION('',(#11288),#11292);
#11288 = LINE('',#11289,#11290);
#11289 = CARTESIAN_POINT('',(3.140083779588E-02,-0.165315468926));
#11290 = VECTOR('',#11291,1.);
#11291 = DIRECTION('',(-0.186608442998,0.982434368801));
#11292 = ( GEOMETRIC_REPRESENTATION_CONTEXT(2) 
PARAMETRIC_REPRESENTATION_CONTEXT() REPRESENTATION_CONTEXT('2D SPACE',''
  ) );
#11293 = ORIENTED_EDGE('',*,*,#11203,.F.);
#11294 = ORIENTED_EDGE('',*,*,#5658,.T.);
#11295 = ADVANCED_FACE('',(#11296),#5646,.T.);
#11296 = FACE_BOUND('',#11297,.T.);
#11297 = EDGE_LOOP('',(#11298,#11321,#11342,#11343,#11344));
#11298 = ORIENTED_EDGE('',*,*,#11299,.F.);
#11299 = EDGE_CURVE('',#11300,#5599,#11302,.T.);
#11300 = VERTEX_POINT('',#11301);
#11301 = CARTESIAN_POINT('',(83.167056949062,-4.,3.382905752975));
#11302 = SURFACE_CURVE('',#11303,(#11307,#11314),.PCURVE_S1.);
#11303 = LINE('',#11304,#11305);
#11304 = CARTESIAN_POINT('',(74.701362640266,-4.,1.114529799564));
#11305 = VECTOR('',#11306,1.);
#11306 = DIRECTION('',(0.965925826289,2.873468630843E-17,0.258819045103)
  );
#11307 = PCURVE('',#5646,#11308);
#11308 = DEFINITIONAL_REPRESENTATION('',(#11309),#11313);
#11309 = LINE('',#11310,#11311);
#11310 = CARTESIAN_POINT('',(1.664740504327,-2.720046410332E-15));
#11311 = VECTOR('',#11312,1.);
#11312 = DIRECTION('',(0.,-1.));
#11313 = ( GEOMETRIC_REPRESENTATION_CONTEXT(2) 
PARAMETRIC_REPRESENTATION_CONTEXT() REPRESENTATION_CONTEXT('2D SPACE',''
  ) );
#11314 = PCURVE('',#5614,#11315);
#11315 = DEFINITIONAL_REPRESENTATION('',(#11316),#11320);
#11316 = LINE('',#11317,#11318);
#11317 = CARTESIAN_POINT('',(-0.298637359734,1.114529799564));
#11318 = VECTOR('',#11319,1.);
#11319 = DIRECTION('',(0.965925826289,0.258819045103));
#11320 = ( GEOMETRIC_REPRESENTATION_CONTEXT(2) 
PARAMETRIC_REPRESENTATION_CONTEXT() REPRESENTATION_CONTEXT('2D SPACE',''
  ) );
#11321 = ORIENTED_EDGE('',*,*,#11322,.T.);
#11322 = EDGE_CURVE('',#11300,#10118,#11323,.T.);
#11323 = SURFACE_CURVE('',#11324,(#11328,#11335),.PCURVE_S1.);
#11324 = LINE('',#11325,#11326);
#11325 = CARTESIAN_POINT('',(75.154049492915,-2.822634762149,
    6.380938924224E-02));
#11326 = VECTOR('',#11327,1.);
#11327 = DIRECTION('',(-0.915483090117,0.134513535903,-0.37920551205));
#11328 = PCURVE('',#5646,#11329);
#11329 = DEFINITIONAL_REPRESENTATION('',(#11330),#11334);
#11330 = LINE('',#11331,#11332);
#11331 = CARTESIAN_POINT('',(3.140083779588E-02,-0.165315468926));
#11332 = VECTOR('',#11333,1.);
#11333 = DIRECTION('',(-0.186608442998,0.982434368801));
#11334 = ( GEOMETRIC_REPRESENTATION_CONTEXT(2) 
PARAMETRIC_REPRESENTATION_CONTEXT() REPRESENTATION_CONTEXT('2D SPACE',''
  ) );
#11335 = PCURVE('',#5586,#11336);
#11336 = DEFINITIONAL_REPRESENTATION('',(#11337),#11341);
#11337 = LINE('',#11338,#11339);
#11338 = CARTESIAN_POINT('',(1.772068041891,-0.165315468926));
#11339 = VECTOR('',#11340,1.);
#11340 = DIRECTION('',(0.186608442998,0.982434368801));
#11341 = ( GEOMETRIC_REPRESENTATION_CONTEXT(2) 
PARAMETRIC_REPRESENTATION_CONTEXT() REPRESENTATION_CONTEXT('2D SPACE',''
  ) );
#11342 = ORIENTED_EDGE('',*,*,#10117,.F.);
#11343 = ORIENTED_EDGE('',*,*,#11251,.T.);
#11344 = ORIENTED_EDGE('',*,*,#5626,.T.);
#11345 = ADVANCED_FACE('',(#11346),#5614,.T.);
#11346 = FACE_BOUND('',#11347,.T.);
#11347 = EDGE_LOOP('',(#11348,#11369,#11370));
#11348 = ORIENTED_EDGE('',*,*,#11349,.T.);
#11349 = EDGE_CURVE('',#5567,#11300,#11350,.T.);
#11350 = SURFACE_CURVE('',#11351,(#11355,#11362),.PCURVE_S1.);
#11351 = LINE('',#11352,#11353);
#11352 = CARTESIAN_POINT('',(75.576923076923,-4.,-0.99926008129));
#11353 = VECTOR('',#11354,1.);
#11354 = DIRECTION('',(-0.866025403784,-5.551115123126E-17,-0.5));
#11355 = PCURVE('',#5614,#11356);
#11356 = DEFINITIONAL_REPRESENTATION('',(#11357),#11361);
#11357 = LINE('',#11358,#11359);
#11358 = CARTESIAN_POINT('',(0.576923076923,-0.99926008129));
#11359 = VECTOR('',#11360,1.);
#11360 = DIRECTION('',(-0.866025403784,-0.5));
#11361 = ( GEOMETRIC_REPRESENTATION_CONTEXT(2) 
PARAMETRIC_REPRESENTATION_CONTEXT() REPRESENTATION_CONTEXT('2D SPACE',''
  ) );
#11362 = PCURVE('',#5586,#11363);
#11363 = DEFINITIONAL_REPRESENTATION('',(#11364),#11368);
#11364 = LINE('',#11365,#11366);
#11365 = CARTESIAN_POINT('',(0.138728375361,-2.962907696968E-15));
#11366 = VECTOR('',#11367,1.);
#11367 = DIRECTION('',(0.,1.));
#11368 = ( GEOMETRIC_REPRESENTATION_CONTEXT(2) 
PARAMETRIC_REPRESENTATION_CONTEXT() REPRESENTATION_CONTEXT('2D SPACE',''
  ) );
#11369 = ORIENTED_EDGE('',*,*,#11299,.T.);
#11370 = ORIENTED_EDGE('',*,*,#5598,.T.);
#11371 = ADVANCED_FACE('',(#11372),#5586,.T.);
#11372 = FACE_BOUND('',#11373,.T.);
#11373 = EDGE_LOOP('',(#11374,#11395,#11396,#11397,#11398));
#11374 = ORIENTED_EDGE('',*,*,#11375,.F.);
#11375 = EDGE_CURVE('',#10145,#5535,#11376,.T.);
#11376 = SURFACE_CURVE('',#11377,(#11381,#11388),.PCURVE_S1.);
#11377 = LINE('',#11378,#11379);
#11378 = CARTESIAN_POINT('',(75.,-2.8,3.10862446895E-16));
#11379 = VECTOR('',#11380,1.);
#11380 = DIRECTION('',(0.866025403784,5.551115123126E-17,0.5));
#11381 = PCURVE('',#5586,#11382);
#11382 = DEFINITIONAL_REPRESENTATION('',(#11383),#11387);
#11383 = LINE('',#11384,#11385);
#11384 = CARTESIAN_POINT('',(1.803468879687,1.110223024625E-16));
#11385 = VECTOR('',#11386,1.);
#11386 = DIRECTION('',(0.,-1.));
#11387 = ( GEOMETRIC_REPRESENTATION_CONTEXT(2) 
PARAMETRIC_REPRESENTATION_CONTEXT() REPRESENTATION_CONTEXT('2D SPACE',''
  ) );
#11388 = PCURVE('',#5554,#11389);
#11389 = DEFINITIONAL_REPRESENTATION('',(#11390),#11394);
#11390 = LINE('',#11391,#11392);
#11391 = CARTESIAN_POINT('',(0.,-0.));
#11392 = VECTOR('',#11393,1.);
#11393 = DIRECTION('',(0.,-1.));
#11394 = ( GEOMETRIC_REPRESENTATION_CONTEXT(2) 
PARAMETRIC_REPRESENTATION_CONTEXT() REPRESENTATION_CONTEXT('2D SPACE',''
  ) );
#11395 = ORIENTED_EDGE('',*,*,#10144,.F.);
#11396 = ORIENTED_EDGE('',*,*,#11322,.F.);
#11397 = ORIENTED_EDGE('',*,*,#11349,.F.);
#11398 = ORIENTED_EDGE('',*,*,#5566,.T.);
#11399 = ADVANCED_FACE('',(#11400),#5554,.T.);
#11400 = FACE_BOUND('',#11401,.T.);
#11401 = EDGE_LOOP('',(#11402,#11425,#11446,#11447,#11448));
#11402 = ORIENTED_EDGE('',*,*,#11403,.F.);
#11403 = EDGE_CURVE('',#11404,#5507,#11406,.T.);
#11404 = VERTEX_POINT('',#11405);
#11405 = CARTESIAN_POINT('',(82.013210795216,-4.,5.381425915554));
#11406 = SURFACE_CURVE('',#11407,(#11411,#11418),.PCURVE_S1.);
#11407 = LINE('',#11408,#11409);
#11408 = CARTESIAN_POINT('',(74.423076923077,-4.,0.99926008129));
#11409 = VECTOR('',#11410,1.);
#11410 = DIRECTION('',(0.866025403784,5.551115123126E-17,0.5));
#11411 = PCURVE('',#5554,#11412);
#11412 = DEFINITIONAL_REPRESENTATION('',(#11413),#11417);
#11413 = LINE('',#11414,#11415);
#11414 = CARTESIAN_POINT('',(1.664740504327,2.997602166488E-15));
#11415 = VECTOR('',#11416,1.);
#11416 = DIRECTION('',(0.,-1.));
#11417 = ( GEOMETRIC_REPRESENTATION_CONTEXT(2) 
PARAMETRIC_REPRESENTATION_CONTEXT() REPRESENTATION_CONTEXT('2D SPACE',''
  ) );
#11418 = PCURVE('',#5522,#11419);
#11419 = DEFINITIONAL_REPRESENTATION('',(#11420),#11424);
#11420 = LINE('',#11421,#11422);
#11421 = CARTESIAN_POINT('',(-0.576923076923,0.99926008129));
#11422 = VECTOR('',#11423,1.);
#11423 = DIRECTION('',(0.866025403784,0.5));
#11424 = ( GEOMETRIC_REPRESENTATION_CONTEXT(2) 
PARAMETRIC_REPRESENTATION_CONTEXT() REPRESENTATION_CONTEXT('2D SPACE',''
  ) );
#11425 = ORIENTED_EDGE('',*,*,#11426,.T.);
#11426 = EDGE_CURVE('',#11404,#10172,#11427,.T.);
#11427 = SURFACE_CURVE('',#11428,(#11432,#11439),.PCURVE_S1.);
#11428 = LINE('',#11429,#11430);
#11429 = CARTESIAN_POINT('',(75.132285298541,-2.822634762149,
    0.101506079684));
#11430 = VECTOR('',#11431,1.);
#11431 = DIRECTION('',(-0.786143151749,0.134513535903,-0.603228856751));
#11432 = PCURVE('',#5554,#11433);
#11433 = DEFINITIONAL_REPRESENTATION('',(#11434),#11438);
#11434 = LINE('',#11435,#11436);
#11435 = CARTESIAN_POINT('',(3.140083779587E-02,-0.165315468926));
#11436 = VECTOR('',#11437,1.);
#11437 = DIRECTION('',(-0.186608442998,0.982434368801));
#11438 = ( GEOMETRIC_REPRESENTATION_CONTEXT(2) 
PARAMETRIC_REPRESENTATION_CONTEXT() REPRESENTATION_CONTEXT('2D SPACE',''
  ) );
#11439 = PCURVE('',#5494,#11440);
#11440 = DEFINITIONAL_REPRESENTATION('',(#11441),#11445);
#11441 = LINE('',#11442,#11443);
#11442 = CARTESIAN_POINT('',(1.772068041891,-0.165315468926));
#11443 = VECTOR('',#11444,1.);
#11444 = DIRECTION('',(0.186608442998,0.982434368801));
#11445 = ( GEOMETRIC_REPRESENTATION_CONTEXT(2) 
PARAMETRIC_REPRESENTATION_CONTEXT() REPRESENTATION_CONTEXT('2D SPACE',''
  ) );
#11446 = ORIENTED_EDGE('',*,*,#10171,.F.);
#11447 = ORIENTED_EDGE('',*,*,#11375,.T.);
#11448 = ORIENTED_EDGE('',*,*,#5534,.T.);
#11449 = ADVANCED_FACE('',(#11450),#5522,.T.);
#11450 = FACE_BOUND('',#11451,.T.);
#11451 = EDGE_LOOP('',(#11452,#11453,#11474));
#11452 = ORIENTED_EDGE('',*,*,#5506,.T.);
#11453 = ORIENTED_EDGE('',*,*,#11454,.T.);
#11454 = EDGE_CURVE('',#5475,#11404,#11455,.T.);
#11455 = SURFACE_CURVE('',#11456,(#11460,#11467),.PCURVE_S1.);
#11456 = LINE('',#11457,#11458);
#11457 = CARTESIAN_POINT('',(75.815892439831,-4.,-0.815892439831));
#11458 = VECTOR('',#11459,1.);
#11459 = DIRECTION('',(-0.707106781187,-7.850462293419E-17,
    -0.707106781187));
#11460 = PCURVE('',#5522,#11461);
#11461 = DEFINITIONAL_REPRESENTATION('',(#11462),#11466);
#11462 = LINE('',#11463,#11464);
#11463 = CARTESIAN_POINT('',(0.815892439831,-0.815892439831));
#11464 = VECTOR('',#11465,1.);
#11465 = DIRECTION('',(-0.707106781187,-0.707106781187));
#11466 = ( GEOMETRIC_REPRESENTATION_CONTEXT(2) 
PARAMETRIC_REPRESENTATION_CONTEXT() REPRESENTATION_CONTEXT('2D SPACE',''
  ) );
#11467 = PCURVE('',#5494,#11468);
#11468 = DEFINITIONAL_REPRESENTATION('',(#11469),#11473);
#11469 = LINE('',#11470,#11471);
#11470 = CARTESIAN_POINT('',(0.138728375361,-8.007483565109E-15));
#11471 = VECTOR('',#11472,1.);
#11472 = DIRECTION('',(-5.551115123126E-17,1.));
#11473 = ( GEOMETRIC_REPRESENTATION_CONTEXT(2) 
PARAMETRIC_REPRESENTATION_CONTEXT() REPRESENTATION_CONTEXT('2D SPACE',''
  ) );
#11474 = ORIENTED_EDGE('',*,*,#11403,.T.);
#11475 = ADVANCED_FACE('',(#11476),#5494,.T.);
#11476 = FACE_BOUND('',#11477,.T.);
#11477 = EDGE_LOOP('',(#11478,#11499,#11500,#11501,#11502));
#11478 = ORIENTED_EDGE('',*,*,#11479,.F.);
#11479 = EDGE_CURVE('',#10199,#5443,#11480,.T.);
#11480 = SURFACE_CURVE('',#11481,(#11485,#11492),.PCURVE_S1.);
#11481 = LINE('',#11482,#11483);
#11482 = CARTESIAN_POINT('',(75.,-2.8,3.10862446895E-16));
#11483 = VECTOR('',#11484,1.);
#11484 = DIRECTION('',(0.707106781187,7.850462293419E-17,0.707106781187)
  );
#11485 = PCURVE('',#5494,#11486);
#11486 = DEFINITIONAL_REPRESENTATION('',(#11487),#11491);
#11487 = LINE('',#11488,#11489);
#11488 = CARTESIAN_POINT('',(1.803468879687,-6.217248937901E-15));
#11489 = VECTOR('',#11490,1.);
#11490 = DIRECTION('',(5.551115123126E-17,-1.));
#11491 = ( GEOMETRIC_REPRESENTATION_CONTEXT(2) 
PARAMETRIC_REPRESENTATION_CONTEXT() REPRESENTATION_CONTEXT('2D SPACE',''
  ) );
#11492 = PCURVE('',#5462,#11493);
#11493 = DEFINITIONAL_REPRESENTATION('',(#11494),#11498);
#11494 = LINE('',#11495,#11496);
#11495 = CARTESIAN_POINT('',(0.,-0.));
#11496 = VECTOR('',#11497,1.);
#11497 = DIRECTION('',(-5.551115123126E-17,-1.));
#11498 = ( GEOMETRIC_REPRESENTATION_CONTEXT(2) 
PARAMETRIC_REPRESENTATION_CONTEXT() REPRESENTATION_CONTEXT('2D SPACE',''
  ) );
#11499 = ORIENTED_EDGE('',*,*,#10198,.F.);
#11500 = ORIENTED_EDGE('',*,*,#11426,.F.);
#11501 = ORIENTED_EDGE('',*,*,#11454,.F.);
#11502 = ORIENTED_EDGE('',*,*,#5474,.T.);
#11503 = ADVANCED_FACE('',(#11504),#5462,.T.);
#11504 = FACE_BOUND('',#11505,.T.);
#11505 = EDGE_LOOP('',(#11506,#11529,#11550,#11551,#11552));
#11506 = ORIENTED_EDGE('',*,*,#11507,.F.);
#11507 = EDGE_CURVE('',#11508,#5415,#11510,.T.);
#11508 = VERTEX_POINT('',#11509);
#11509 = CARTESIAN_POINT('',(80.381425915554,-4.,7.013210795216));
#11510 = SURFACE_CURVE('',#11511,(#11515,#11522),.PCURVE_S1.);
#11511 = LINE('',#11512,#11513);
#11512 = CARTESIAN_POINT('',(74.184107560169,-4.,0.815892439831));
#11513 = VECTOR('',#11514,1.);
#11514 = DIRECTION('',(0.707106781187,7.850462293419E-17,0.707106781187)
  );
#11515 = PCURVE('',#5462,#11516);
#11516 = DEFINITIONAL_REPRESENTATION('',(#11517),#11521);
#11517 = LINE('',#11518,#11519);
#11518 = CARTESIAN_POINT('',(1.664740504327,1.665334536938E-15));
#11519 = VECTOR('',#11520,1.);
#11520 = DIRECTION('',(-5.551115123126E-17,-1.));
#11521 = ( GEOMETRIC_REPRESENTATION_CONTEXT(2) 
PARAMETRIC_REPRESENTATION_CONTEXT() REPRESENTATION_CONTEXT('2D SPACE',''
  ) );
#11522 = PCURVE('',#5430,#11523);
#11523 = DEFINITIONAL_REPRESENTATION('',(#11524),#11528);
#11524 = LINE('',#11525,#11526);
#11525 = CARTESIAN_POINT('',(-0.815892439831,0.815892439831));
#11526 = VECTOR('',#11527,1.);
#11527 = DIRECTION('',(0.707106781187,0.707106781187));
#11528 = ( GEOMETRIC_REPRESENTATION_CONTEXT(2) 
PARAMETRIC_REPRESENTATION_CONTEXT() REPRESENTATION_CONTEXT('2D SPACE',''
  ) );
#11529 = ORIENTED_EDGE('',*,*,#11530,.T.);
#11530 = EDGE_CURVE('',#11508,#10226,#11531,.T.);
#11531 = SURFACE_CURVE('',#11532,(#11536,#11543),.PCURVE_S1.);
#11532 = LINE('',#11533,#11534);
#11533 = CARTESIAN_POINT('',(75.101506079684,-2.822634762149,
    0.132285298541));
#11534 = VECTOR('',#11535,1.);
#11535 = DIRECTION('',(-0.603228856751,0.134513535903,-0.786143151749));
#11536 = PCURVE('',#5462,#11537);
#11537 = DEFINITIONAL_REPRESENTATION('',(#11538),#11542);
#11538 = LINE('',#11539,#11540);
#11539 = CARTESIAN_POINT('',(3.140083779588E-02,-0.165315468926));
#11540 = VECTOR('',#11541,1.);
#11541 = DIRECTION('',(-0.186608442998,0.982434368801));
#11542 = ( GEOMETRIC_REPRESENTATION_CONTEXT(2) 
PARAMETRIC_REPRESENTATION_CONTEXT() REPRESENTATION_CONTEXT('2D SPACE',''
  ) );
#11543 = PCURVE('',#5402,#11544);
#11544 = DEFINITIONAL_REPRESENTATION('',(#11545),#11549);
#11545 = LINE('',#11546,#11547);
#11546 = CARTESIAN_POINT('',(1.772068041891,-0.165315468926));
#11547 = VECTOR('',#11548,1.);
#11548 = DIRECTION('',(0.186608442998,0.982434368801));
#11549 = ( GEOMETRIC_REPRESENTATION_CONTEXT(2) 
PARAMETRIC_REPRESENTATION_CONTEXT() REPRESENTATION_CONTEXT('2D SPACE',''
  ) );
#11550 = ORIENTED_EDGE('',*,*,#10225,.F.);
#11551 = ORIENTED_EDGE('',*,*,#11479,.T.);
#11552 = ORIENTED_EDGE('',*,*,#5442,.T.);
#11553 = ADVANCED_FACE('',(#11554),#5430,.T.);
#11554 = FACE_BOUND('',#11555,.T.);
#11555 = EDGE_LOOP('',(#11556,#11557,#11558));
#11556 = ORIENTED_EDGE('',*,*,#11507,.T.);
#11557 = ORIENTED_EDGE('',*,*,#5414,.T.);
#11558 = ORIENTED_EDGE('',*,*,#11559,.T.);
#11559 = EDGE_CURVE('',#5383,#11508,#11560,.T.);
#11560 = SURFACE_CURVE('',#11561,(#11565,#11572),.PCURVE_S1.);
#11561 = LINE('',#11562,#11563);
#11562 = CARTESIAN_POINT('',(75.99926008129,-4.,-0.576923076923));
#11563 = VECTOR('',#11564,1.);
#11564 = DIRECTION('',(-0.5,-9.614813431918E-17,-0.866025403784));
#11565 = PCURVE('',#5430,#11566);
#11566 = DEFINITIONAL_REPRESENTATION('',(#11567),#11571);
#11567 = LINE('',#11568,#11569);
#11568 = CARTESIAN_POINT('',(0.99926008129,-0.576923076923));
#11569 = VECTOR('',#11570,1.);
#11570 = DIRECTION('',(-0.5,-0.866025403784));
#11571 = ( GEOMETRIC_REPRESENTATION_CONTEXT(2) 
PARAMETRIC_REPRESENTATION_CONTEXT() REPRESENTATION_CONTEXT('2D SPACE',''
  ) );
#11572 = PCURVE('',#5402,#11573);
#11573 = DEFINITIONAL_REPRESENTATION('',(#11574),#11578);
#11574 = LINE('',#11575,#11576);
#11575 = CARTESIAN_POINT('',(0.138728375361,5.696831895108E-15));
#11576 = VECTOR('',#11577,1.);
#11577 = DIRECTION('',(0.,1.));
#11578 = ( GEOMETRIC_REPRESENTATION_CONTEXT(2) 
PARAMETRIC_REPRESENTATION_CONTEXT() REPRESENTATION_CONTEXT('2D SPACE',''
  ) );
#11579 = ADVANCED_FACE('',(#11580),#5402,.T.);
#11580 = FACE_BOUND('',#11581,.T.);
#11581 = EDGE_LOOP('',(#11582,#11603,#11604,#11605,#11606));
#11582 = ORIENTED_EDGE('',*,*,#11583,.F.);
#11583 = EDGE_CURVE('',#10253,#5351,#11584,.T.);
#11584 = SURFACE_CURVE('',#11585,(#11589,#11596),.PCURVE_S1.);
#11585 = LINE('',#11586,#11587);
#11586 = CARTESIAN_POINT('',(75.,-2.8,3.10862446895E-16));
#11587 = VECTOR('',#11588,1.);
#11588 = DIRECTION('',(0.5,9.614813431918E-17,0.866025403784));
#11589 = PCURVE('',#5402,#11590);
#11590 = DEFINITIONAL_REPRESENTATION('',(#11591),#11595);
#11591 = LINE('',#11592,#11593);
#11592 = CARTESIAN_POINT('',(1.803468879687,3.330669073875E-15));
#11593 = VECTOR('',#11594,1.);
#11594 = DIRECTION('',(0.,-1.));
#11595 = ( GEOMETRIC_REPRESENTATION_CONTEXT(2) 
PARAMETRIC_REPRESENTATION_CONTEXT() REPRESENTATION_CONTEXT('2D SPACE',''
  ) );
#11596 = PCURVE('',#5370,#11597);
#11597 = DEFINITIONAL_REPRESENTATION('',(#11598),#11602);
#11598 = LINE('',#11599,#11600);
#11599 = CARTESIAN_POINT('',(0.,-0.));
#11600 = VECTOR('',#11601,1.);
#11601 = DIRECTION('',(0.,-1.));
#11602 = ( GEOMETRIC_REPRESENTATION_CONTEXT(2) 
PARAMETRIC_REPRESENTATION_CONTEXT() REPRESENTATION_CONTEXT('2D SPACE',''
  ) );
#11603 = ORIENTED_EDGE('',*,*,#10252,.F.);
#11604 = ORIENTED_EDGE('',*,*,#11530,.F.);
#11605 = ORIENTED_EDGE('',*,*,#11559,.F.);
#11606 = ORIENTED_EDGE('',*,*,#5382,.T.);
#11607 = ADVANCED_FACE('',(#11608),#5370,.T.);
#11608 = FACE_BOUND('',#11609,.T.);
#11609 = EDGE_LOOP('',(#11610,#11633,#11654,#11655,#11656));
#11610 = ORIENTED_EDGE('',*,*,#11611,.F.);
#11611 = EDGE_CURVE('',#11612,#5323,#11614,.T.);
#11612 = VERTEX_POINT('',#11613);
#11613 = CARTESIAN_POINT('',(78.382905752975,-4.,8.167056949062));
#11614 = SURFACE_CURVE('',#11615,(#11619,#11626),.PCURVE_S1.);
#11615 = LINE('',#11616,#11617);
#11616 = CARTESIAN_POINT('',(74.00073991871,-4.,0.576923076923));
#11617 = VECTOR('',#11618,1.);
#11618 = DIRECTION('',(0.5,9.614813431918E-17,0.866025403784));
#11619 = PCURVE('',#5370,#11620);
#11620 = DEFINITIONAL_REPRESENTATION('',(#11621),#11625);
#11621 = LINE('',#11622,#11623);
#11622 = CARTESIAN_POINT('',(1.664740504327,-2.498001805407E-15));
#11623 = VECTOR('',#11624,1.);
#11624 = DIRECTION('',(0.,-1.));
#11625 = ( GEOMETRIC_REPRESENTATION_CONTEXT(2) 
PARAMETRIC_REPRESENTATION_CONTEXT() REPRESENTATION_CONTEXT('2D SPACE',''
  ) );
#11626 = PCURVE('',#5338,#11627);
#11627 = DEFINITIONAL_REPRESENTATION('',(#11628),#11632);
#11628 = LINE('',#11629,#11630);
#11629 = CARTESIAN_POINT('',(-0.99926008129,0.576923076923));
#11630 = VECTOR('',#11631,1.);
#11631 = DIRECTION('',(0.5,0.866025403784));
#11632 = ( GEOMETRIC_REPRESENTATION_CONTEXT(2) 
PARAMETRIC_REPRESENTATION_CONTEXT() REPRESENTATION_CONTEXT('2D SPACE',''
  ) );
#11633 = ORIENTED_EDGE('',*,*,#11634,.T.);
#11634 = EDGE_CURVE('',#11612,#10280,#11635,.T.);
#11635 = SURFACE_CURVE('',#11636,(#11640,#11647),.PCURVE_S1.);
#11636 = LINE('',#11637,#11638);
#11637 = CARTESIAN_POINT('',(75.063809389242,-2.822634762149,
    0.154049492915));
#11638 = VECTOR('',#11639,1.);
#11639 = DIRECTION('',(-0.37920551205,0.134513535903,-0.915483090117));
#11640 = PCURVE('',#5370,#11641);
#11641 = DEFINITIONAL_REPRESENTATION('',(#11642),#11646);
#11642 = LINE('',#11643,#11644);
#11643 = CARTESIAN_POINT('',(3.140083779588E-02,-0.165315468926));
#11644 = VECTOR('',#11645,1.);
#11645 = DIRECTION('',(-0.186608442998,0.982434368801));
#11646 = ( GEOMETRIC_REPRESENTATION_CONTEXT(2) 
PARAMETRIC_REPRESENTATION_CONTEXT() REPRESENTATION_CONTEXT('2D SPACE',''
  ) );
#11647 = PCURVE('',#5310,#11648);
#11648 = DEFINITIONAL_REPRESENTATION('',(#11649),#11653);
#11649 = LINE('',#11650,#11651);
#11650 = CARTESIAN_POINT('',(1.772068041891,-0.165315468926));
#11651 = VECTOR('',#11652,1.);
#11652 = DIRECTION('',(0.186608442998,0.982434368801));
#11653 = ( GEOMETRIC_REPRESENTATION_CONTEXT(2) 
PARAMETRIC_REPRESENTATION_CONTEXT() REPRESENTATION_CONTEXT('2D SPACE',''
  ) );
#11654 = ORIENTED_EDGE('',*,*,#10279,.F.);
#11655 = ORIENTED_EDGE('',*,*,#11583,.T.);
#11656 = ORIENTED_EDGE('',*,*,#5350,.T.);
#11657 = ADVANCED_FACE('',(#11658),#5338,.T.);
#11658 = FACE_BOUND('',#11659,.T.);
#11659 = EDGE_LOOP('',(#11660,#11681,#11682));
#11660 = ORIENTED_EDGE('',*,*,#11661,.T.);
#11661 = EDGE_CURVE('',#5291,#11612,#11662,.T.);
#11662 = SURFACE_CURVE('',#11663,(#11667,#11674),.PCURVE_S1.);
#11663 = LINE('',#11664,#11665);
#11664 = CARTESIAN_POINT('',(76.114529799564,-4.,-0.298637359734));
#11665 = VECTOR('',#11666,1.);
#11666 = DIRECTION('',(-0.258819045103,-1.072393092426E-16,
    -0.965925826289));
#11667 = PCURVE('',#5338,#11668);
#11668 = DEFINITIONAL_REPRESENTATION('',(#11669),#11673);
#11669 = LINE('',#11670,#11671);
#11670 = CARTESIAN_POINT('',(1.114529799564,-0.298637359734));
#11671 = VECTOR('',#11672,1.);
#11672 = DIRECTION('',(-0.258819045103,-0.965925826289));
#11673 = ( GEOMETRIC_REPRESENTATION_CONTEXT(2) 
PARAMETRIC_REPRESENTATION_CONTEXT() REPRESENTATION_CONTEXT('2D SPACE',''
  ) );
#11674 = PCURVE('',#5310,#11675);
#11675 = DEFINITIONAL_REPRESENTATION('',(#11676),#11680);
#11676 = LINE('',#11677,#11678);
#11677 = CARTESIAN_POINT('',(0.138728375361,2.008809785181E-15));
#11678 = VECTOR('',#11679,1.);
#11679 = DIRECTION('',(2.775557561563E-17,1.));
#11680 = ( GEOMETRIC_REPRESENTATION_CONTEXT(2) 
PARAMETRIC_REPRESENTATION_CONTEXT() REPRESENTATION_CONTEXT('2D SPACE',''
  ) );
#11681 = ORIENTED_EDGE('',*,*,#11611,.T.);
#11682 = ORIENTED_EDGE('',*,*,#5322,.T.);
#11683 = ADVANCED_FACE('',(#11684),#5310,.T.);
#11684 = FACE_BOUND('',#11685,.T.);
#11685 = EDGE_LOOP('',(#11686,#11707,#11708,#11709,#11710));
#11686 = ORIENTED_EDGE('',*,*,#11687,.F.);
#11687 = EDGE_CURVE('',#10307,#5259,#11688,.T.);
#11688 = SURFACE_CURVE('',#11689,(#11693,#11700),.PCURVE_S1.);
#11689 = LINE('',#11690,#11691);
#11690 = CARTESIAN_POINT('',(75.,-2.8,3.10862446895E-16));
#11691 = VECTOR('',#11692,1.);
#11692 = DIRECTION('',(0.258819045103,1.072393092426E-16,0.965925826289)
  );
#11693 = PCURVE('',#5310,#11694);
#11694 = DEFINITIONAL_REPRESENTATION('',(#11695),#11699);
#11695 = LINE('',#11696,#11697);
#11696 = CARTESIAN_POINT('',(1.803468879687,1.554312234475E-15));
#11697 = VECTOR('',#11698,1.);
#11698 = DIRECTION('',(-2.775557561563E-17,-1.));
#11699 = ( GEOMETRIC_REPRESENTATION_CONTEXT(2) 
PARAMETRIC_REPRESENTATION_CONTEXT() REPRESENTATION_CONTEXT('2D SPACE',''
  ) );
#11700 = PCURVE('',#5278,#11701);
#11701 = DEFINITIONAL_REPRESENTATION('',(#11702),#11706);
#11702 = LINE('',#11703,#11704);
#11703 = CARTESIAN_POINT('',(0.,-0.));
#11704 = VECTOR('',#11705,1.);
#11705 = DIRECTION('',(0.,-1.));
#11706 = ( GEOMETRIC_REPRESENTATION_CONTEXT(2) 
PARAMETRIC_REPRESENTATION_CONTEXT() REPRESENTATION_CONTEXT('2D SPACE',''
  ) );
#11707 = ORIENTED_EDGE('',*,*,#10306,.F.);
#11708 = ORIENTED_EDGE('',*,*,#11634,.F.);
#11709 = ORIENTED_EDGE('',*,*,#11661,.F.);
#11710 = ORIENTED_EDGE('',*,*,#5290,.T.);
#11711 = ADVANCED_FACE('',(#11712),#5278,.T.);
#11712 = FACE_BOUND('',#11713,.T.);
#11713 = EDGE_LOOP('',(#11714,#11737,#11758,#11759,#11760));
#11714 = ORIENTED_EDGE('',*,*,#11715,.F.);
#11715 = EDGE_CURVE('',#11716,#5231,#11718,.T.);
#11716 = VERTEX_POINT('',#11717);
#11717 = CARTESIAN_POINT('',(76.153846153846,-4.,8.764331668529));
#11718 = SURFACE_CURVE('',#11719,(#11723,#11730),.PCURVE_S1.);
#11719 = LINE('',#11720,#11721);
#11720 = CARTESIAN_POINT('',(73.885470200436,-4.,0.298637359734));
#11721 = VECTOR('',#11722,1.);
#11722 = DIRECTION('',(0.258819045103,1.072393092426E-16,0.965925826289)
  );
#11723 = PCURVE('',#5278,#11724);
#11724 = DEFINITIONAL_REPRESENTATION('',(#11725),#11729);
#11725 = LINE('',#11726,#11727);
#11726 = CARTESIAN_POINT('',(1.664740504327,-3.330669073875E-16));
#11727 = VECTOR('',#11728,1.);
#11728 = DIRECTION('',(0.,-1.));
#11729 = ( GEOMETRIC_REPRESENTATION_CONTEXT(2) 
PARAMETRIC_REPRESENTATION_CONTEXT() REPRESENTATION_CONTEXT('2D SPACE',''
  ) );
#11730 = PCURVE('',#5246,#11731);
#11731 = DEFINITIONAL_REPRESENTATION('',(#11732),#11736);
#11732 = LINE('',#11733,#11734);
#11733 = CARTESIAN_POINT('',(-1.114529799564,0.298637359734));
#11734 = VECTOR('',#11735,1.);
#11735 = DIRECTION('',(0.258819045103,0.965925826289));
#11736 = ( GEOMETRIC_REPRESENTATION_CONTEXT(2) 
PARAMETRIC_REPRESENTATION_CONTEXT() REPRESENTATION_CONTEXT('2D SPACE',''
  ) );
#11737 = ORIENTED_EDGE('',*,*,#11738,.T.);
#11738 = EDGE_CURVE('',#11716,#10334,#11739,.T.);
#11739 = SURFACE_CURVE('',#11740,(#11744,#11751),.PCURVE_S1.);
#11740 = LINE('',#11741,#11742);
#11741 = CARTESIAN_POINT('',(75.021764194374,-2.822634762149,
    0.165315468926));
#11742 = VECTOR('',#11743,1.);
#11743 = DIRECTION('',(-0.129339938368,0.134513535903,-0.982434368801));
#11744 = PCURVE('',#5278,#11745);
#11745 = DEFINITIONAL_REPRESENTATION('',(#11746),#11750);
#11746 = LINE('',#11747,#11748);
#11747 = CARTESIAN_POINT('',(3.140083779588E-02,-0.165315468926));
#11748 = VECTOR('',#11749,1.);
#11749 = DIRECTION('',(-0.186608442998,0.982434368801));
#11750 = ( GEOMETRIC_REPRESENTATION_CONTEXT(2) 
PARAMETRIC_REPRESENTATION_CONTEXT() REPRESENTATION_CONTEXT('2D SPACE',''
  ) );
#11751 = PCURVE('',#5218,#11752);
#11752 = DEFINITIONAL_REPRESENTATION('',(#11753),#11757);
#11753 = LINE('',#11754,#11755);
#11754 = CARTESIAN_POINT('',(1.772068041891,-0.165315468926));
#11755 = VECTOR('',#11756,1.);
#11756 = DIRECTION('',(0.186608442998,0.982434368801));
#11757 = ( GEOMETRIC_REPRESENTATION_CONTEXT(2) 
PARAMETRIC_REPRESENTATION_CONTEXT() REPRESENTATION_CONTEXT('2D SPACE',''
  ) );
#11758 = ORIENTED_EDGE('',*,*,#10333,.F.);
#11759 = ORIENTED_EDGE('',*,*,#11687,.T.);
#11760 = ORIENTED_EDGE('',*,*,#5258,.T.);
#11761 = ADVANCED_FACE('',(#11762),#5246,.T.);
#11762 = FACE_BOUND('',#11763,.T.);
#11763 = EDGE_LOOP('',(#11764,#11785,#11786));
#11764 = ORIENTED_EDGE('',*,*,#11765,.T.);
#11765 = EDGE_CURVE('',#5199,#11716,#11766,.T.);
#11766 = SURFACE_CURVE('',#11767,(#11771,#11778),.PCURVE_S1.);
#11767 = LINE('',#11768,#11769);
#11768 = CARTESIAN_POINT('',(76.153846153846,-4.,3.159865531625E-16));
#11769 = VECTOR('',#11770,1.);
#11770 = DIRECTION('',(-1.110223024625E-16,-1.110223024625E-16,-1.));
#11771 = PCURVE('',#5246,#11772);
#11772 = DEFINITIONAL_REPRESENTATION('',(#11773),#11777);
#11773 = LINE('',#11774,#11775);
#11774 = CARTESIAN_POINT('',(1.153846153846,-1.281026566875E-16));
#11775 = VECTOR('',#11776,1.);
#11776 = DIRECTION('',(-1.110223024625E-16,-1.));
#11777 = ( GEOMETRIC_REPRESENTATION_CONTEXT(2) 
PARAMETRIC_REPRESENTATION_CONTEXT() REPRESENTATION_CONTEXT('2D SPACE',''
  ) );
#11778 = PCURVE('',#5218,#11779);
#11779 = DEFINITIONAL_REPRESENTATION('',(#11780),#11784);
#11780 = LINE('',#11781,#11782);
#11781 = CARTESIAN_POINT('',(0.138728375361,-9.860761315263E-31));
#11782 = VECTOR('',#11783,1.);
#11783 = DIRECTION('',(0.,1.));
#11784 = ( GEOMETRIC_REPRESENTATION_CONTEXT(2) 
PARAMETRIC_REPRESENTATION_CONTEXT() REPRESENTATION_CONTEXT('2D SPACE',''
  ) );
#11785 = ORIENTED_EDGE('',*,*,#11715,.T.);
#11786 = ORIENTED_EDGE('',*,*,#5230,.T.);
#11787 = ADVANCED_FACE('',(#11788),#5218,.T.);
#11788 = FACE_BOUND('',#11789,.T.);
#11789 = EDGE_LOOP('',(#11790,#11811,#11812,#11813,#11814));
#11790 = ORIENTED_EDGE('',*,*,#11791,.F.);
#11791 = EDGE_CURVE('',#10361,#5167,#11792,.T.);
#11792 = SURFACE_CURVE('',#11793,(#11797,#11804),.PCURVE_S1.);
#11793 = LINE('',#11794,#11795);
#11794 = CARTESIAN_POINT('',(75.,-2.8,3.10862446895E-16));
#11795 = VECTOR('',#11796,1.);
#11796 = DIRECTION('',(1.110223024625E-16,1.110223024625E-16,1.));
#11797 = PCURVE('',#5218,#11798);
#11798 = DEFINITIONAL_REPRESENTATION('',(#11799),#11803);
#11799 = LINE('',#11800,#11801);
#11800 = CARTESIAN_POINT('',(1.803468879687,0.));
#11801 = VECTOR('',#11802,1.);
#11802 = DIRECTION('',(0.,-1.));
#11803 = ( GEOMETRIC_REPRESENTATION_CONTEXT(2) 
PARAMETRIC_REPRESENTATION_CONTEXT() REPRESENTATION_CONTEXT('2D SPACE',''
  ) );
#11804 = PCURVE('',#5186,#11805);
#11805 = DEFINITIONAL_REPRESENTATION('',(#11806),#11810);
#11806 = LINE('',#11807,#11808);
#11807 = CARTESIAN_POINT('',(0.,-0.));
#11808 = VECTOR('',#11809,1.);
#11809 = DIRECTION('',(0.,-1.));
#11810 = ( GEOMETRIC_REPRESENTATION_CONTEXT(2) 
PARAMETRIC_REPRESENTATION_CONTEXT() REPRESENTATION_CONTEXT('2D SPACE',''
  ) );
#11811 = ORIENTED_EDGE('',*,*,#10360,.F.);
#11812 = ORIENTED_EDGE('',*,*,#11738,.F.);
#11813 = ORIENTED_EDGE('',*,*,#11765,.F.);
#11814 = ORIENTED_EDGE('',*,*,#5198,.T.);
#11815 = ADVANCED_FACE('',(#11816),#5186,.T.);
#11816 = FACE_BOUND('',#11817,.T.);
#11817 = EDGE_LOOP('',(#11818,#11841,#11862,#11863,#11864));
#11818 = ORIENTED_EDGE('',*,*,#11819,.F.);
#11819 = EDGE_CURVE('',#11820,#5139,#11822,.T.);
#11820 = VERTEX_POINT('',#11821);
#11821 = CARTESIAN_POINT('',(73.846153846154,-4.,8.764331668529));
#11822 = SURFACE_CURVE('',#11823,(#11827,#11834),.PCURVE_S1.);
#11823 = LINE('',#11824,#11825);
#11824 = CARTESIAN_POINT('',(73.846153846154,-4.,5.721918665376E-16));
#11825 = VECTOR('',#11826,1.);
#11826 = DIRECTION('',(1.110223024625E-16,1.110223024625E-16,1.));
#11827 = PCURVE('',#5186,#11828);
#11828 = DEFINITIONAL_REPRESENTATION('',(#11829),#11833);
#11829 = LINE('',#11830,#11831);
#11830 = CARTESIAN_POINT('',(1.664740504327,9.860761315263E-31));
#11831 = VECTOR('',#11832,1.);
#11832 = DIRECTION('',(0.,-1.));
#11833 = ( GEOMETRIC_REPRESENTATION_CONTEXT(2) 
PARAMETRIC_REPRESENTATION_CONTEXT() REPRESENTATION_CONTEXT('2D SPACE',''
  ) );
#11834 = PCURVE('',#5154,#11835);
#11835 = DEFINITIONAL_REPRESENTATION('',(#11836),#11840);
#11836 = LINE('',#11837,#11838);
#11837 = CARTESIAN_POINT('',(-1.153846153846,1.281026566875E-16));
#11838 = VECTOR('',#11839,1.);
#11839 = DIRECTION('',(1.110223024625E-16,1.));
#11840 = ( GEOMETRIC_REPRESENTATION_CONTEXT(2) 
PARAMETRIC_REPRESENTATION_CONTEXT() REPRESENTATION_CONTEXT('2D SPACE',''
  ) );
#11841 = ORIENTED_EDGE('',*,*,#11842,.T.);
#11842 = EDGE_CURVE('',#11820,#10388,#11843,.T.);
#11843 = SURFACE_CURVE('',#11844,(#11848,#11855),.PCURVE_S1.);
#11844 = LINE('',#11845,#11846);
#11845 = CARTESIAN_POINT('',(74.978235805626,-2.822634762149,
    0.165315468926));
#11846 = VECTOR('',#11847,1.);
#11847 = DIRECTION('',(0.129339938368,0.134513535903,-0.982434368801));
#11848 = PCURVE('',#5186,#11849);
#11849 = DEFINITIONAL_REPRESENTATION('',(#11850),#11854);
#11850 = LINE('',#11851,#11852);
#11851 = CARTESIAN_POINT('',(3.140083779588E-02,-0.165315468926));
#11852 = VECTOR('',#11853,1.);
#11853 = DIRECTION('',(-0.186608442998,0.982434368801));
#11854 = ( GEOMETRIC_REPRESENTATION_CONTEXT(2) 
PARAMETRIC_REPRESENTATION_CONTEXT() REPRESENTATION_CONTEXT('2D SPACE',''
  ) );
#11855 = PCURVE('',#5126,#11856);
#11856 = DEFINITIONAL_REPRESENTATION('',(#11857),#11861);
#11857 = LINE('',#11858,#11859);
#11858 = CARTESIAN_POINT('',(1.772068041891,-0.165315468926));
#11859 = VECTOR('',#11860,1.);
#11860 = DIRECTION('',(0.186608442998,0.982434368801));
#11861 = ( GEOMETRIC_REPRESENTATION_CONTEXT(2) 
PARAMETRIC_REPRESENTATION_CONTEXT() REPRESENTATION_CONTEXT('2D SPACE',''
  ) );
#11862 = ORIENTED_EDGE('',*,*,#10387,.F.);
#11863 = ORIENTED_EDGE('',*,*,#11791,.T.);
#11864 = ORIENTED_EDGE('',*,*,#5166,.T.);
#11865 = ADVANCED_FACE('',(#11866),#5154,.T.);
#11866 = FACE_BOUND('',#11867,.T.);
#11867 = EDGE_LOOP('',(#11868,#11869,#11890));
#11868 = ORIENTED_EDGE('',*,*,#5138,.T.);
#11869 = ORIENTED_EDGE('',*,*,#11870,.T.);
#11870 = EDGE_CURVE('',#5107,#11820,#11871,.T.);
#11871 = SURFACE_CURVE('',#11872,(#11876,#11883),.PCURVE_S1.);
#11872 = LINE('',#11873,#11874);
#11873 = CARTESIAN_POINT('',(76.114529799564,-4.,0.298637359734));
#11874 = VECTOR('',#11875,1.);
#11875 = DIRECTION('',(0.258819045103,-1.072393092426E-16,
    -0.965925826289));
#11876 = PCURVE('',#5154,#11877);
#11877 = DEFINITIONAL_REPRESENTATION('',(#11878),#11882);
#11878 = LINE('',#11879,#11880);
#11879 = CARTESIAN_POINT('',(1.114529799564,0.298637359734));
#11880 = VECTOR('',#11881,1.);
#11881 = DIRECTION('',(0.258819045103,-0.965925826289));
#11882 = ( GEOMETRIC_REPRESENTATION_CONTEXT(2) 
PARAMETRIC_REPRESENTATION_CONTEXT() REPRESENTATION_CONTEXT('2D SPACE',''
  ) );
#11883 = PCURVE('',#5126,#11884);
#11884 = DEFINITIONAL_REPRESENTATION('',(#11885),#11889);
#11885 = LINE('',#11886,#11887);
#11886 = CARTESIAN_POINT('',(0.138728375361,-2.029626466893E-15));
#11887 = VECTOR('',#11888,1.);
#11888 = DIRECTION('',(0.,1.));
#11889 = ( GEOMETRIC_REPRESENTATION_CONTEXT(2) 
PARAMETRIC_REPRESENTATION_CONTEXT() REPRESENTATION_CONTEXT('2D SPACE',''
  ) );
#11890 = ORIENTED_EDGE('',*,*,#11819,.T.);
#11891 = ADVANCED_FACE('',(#11892),#5126,.T.);
#11892 = FACE_BOUND('',#11893,.T.);
#11893 = EDGE_LOOP('',(#11894,#11915,#11916,#11917,#11918));
#11894 = ORIENTED_EDGE('',*,*,#11895,.F.);
#11895 = EDGE_CURVE('',#10415,#5075,#11896,.T.);
#11896 = SURFACE_CURVE('',#11897,(#11901,#11908),.PCURVE_S1.);
#11897 = LINE('',#11898,#11899);
#11898 = CARTESIAN_POINT('',(75.,-2.8,3.10862446895E-16));
#11899 = VECTOR('',#11900,1.);
#11900 = DIRECTION('',(-0.258819045103,1.072393092426E-16,0.965925826289
    ));
#11901 = PCURVE('',#5126,#11902);
#11902 = DEFINITIONAL_REPRESENTATION('',(#11903),#11907);
#11903 = LINE('',#11904,#11905);
#11904 = CARTESIAN_POINT('',(1.803468879687,-1.609823385706E-15));
#11905 = VECTOR('',#11906,1.);
#11906 = DIRECTION('',(0.,-1.));
#11907 = ( GEOMETRIC_REPRESENTATION_CONTEXT(2) 
PARAMETRIC_REPRESENTATION_CONTEXT() REPRESENTATION_CONTEXT('2D SPACE',''
  ) );
#11908 = PCURVE('',#5094,#11909);
#11909 = DEFINITIONAL_REPRESENTATION('',(#11910),#11914);
#11910 = LINE('',#11911,#11912);
#11911 = CARTESIAN_POINT('',(-0.,0.));
#11912 = VECTOR('',#11913,1.);
#11913 = DIRECTION('',(2.775557561563E-17,-1.));
#11914 = ( GEOMETRIC_REPRESENTATION_CONTEXT(2) 
PARAMETRIC_REPRESENTATION_CONTEXT() REPRESENTATION_CONTEXT('2D SPACE',''
  ) );
#11915 = ORIENTED_EDGE('',*,*,#10414,.F.);
#11916 = ORIENTED_EDGE('',*,*,#11842,.F.);
#11917 = ORIENTED_EDGE('',*,*,#11870,.F.);
#11918 = ORIENTED_EDGE('',*,*,#5106,.T.);
#11919 = ADVANCED_FACE('',(#11920),#5094,.T.);
#11920 = FACE_BOUND('',#11921,.T.);
#11921 = EDGE_LOOP('',(#11922,#11945,#11966,#11967,#11968));
#11922 = ORIENTED_EDGE('',*,*,#11923,.F.);
#11923 = EDGE_CURVE('',#11924,#5047,#11926,.T.);
#11924 = VERTEX_POINT('',#11925);
#11925 = CARTESIAN_POINT('',(71.617094247025,-4.,8.167056949062));
#11926 = SURFACE_CURVE('',#11927,(#11931,#11938),.PCURVE_S1.);
#11927 = LINE('',#11928,#11929);
#11928 = CARTESIAN_POINT('',(73.885470200436,-4.,-0.298637359734));
#11929 = VECTOR('',#11930,1.);
#11930 = DIRECTION('',(-0.258819045103,1.072393092426E-16,0.965925826289
    ));
#11931 = PCURVE('',#5094,#11932);
#11932 = DEFINITIONAL_REPRESENTATION('',(#11933),#11937);
#11933 = LINE('',#11934,#11935);
#11934 = CARTESIAN_POINT('',(1.664740504327,3.330669073875E-16));
#11935 = VECTOR('',#11936,1.);
#11936 = DIRECTION('',(2.775557561563E-17,-1.));
#11937 = ( GEOMETRIC_REPRESENTATION_CONTEXT(2) 
PARAMETRIC_REPRESENTATION_CONTEXT() REPRESENTATION_CONTEXT('2D SPACE',''
  ) );
#11938 = PCURVE('',#5062,#11939);
#11939 = DEFINITIONAL_REPRESENTATION('',(#11940),#11944);
#11940 = LINE('',#11941,#11942);
#11941 = CARTESIAN_POINT('',(-1.114529799564,-0.298637359734));
#11942 = VECTOR('',#11943,1.);
#11943 = DIRECTION('',(-0.258819045103,0.965925826289));
#11944 = ( GEOMETRIC_REPRESENTATION_CONTEXT(2) 
PARAMETRIC_REPRESENTATION_CONTEXT() REPRESENTATION_CONTEXT('2D SPACE',''
  ) );
#11945 = ORIENTED_EDGE('',*,*,#11946,.T.);
#11946 = EDGE_CURVE('',#11924,#10442,#11947,.T.);
#11947 = SURFACE_CURVE('',#11948,(#11952,#11959),.PCURVE_S1.);
#11948 = LINE('',#11949,#11950);
#11949 = CARTESIAN_POINT('',(74.936190610758,-2.822634762149,
    0.154049492915));
#11950 = VECTOR('',#11951,1.);
#11951 = DIRECTION('',(0.37920551205,0.134513535903,-0.915483090117));
#11952 = PCURVE('',#5094,#11953);
#11953 = DEFINITIONAL_REPRESENTATION('',(#11954),#11958);
#11954 = LINE('',#11955,#11956);
#11955 = CARTESIAN_POINT('',(3.140083779587E-02,-0.165315468926));
#11956 = VECTOR('',#11957,1.);
#11957 = DIRECTION('',(-0.186608442998,0.982434368801));
#11958 = ( GEOMETRIC_REPRESENTATION_CONTEXT(2) 
PARAMETRIC_REPRESENTATION_CONTEXT() REPRESENTATION_CONTEXT('2D SPACE',''
  ) );
#11959 = PCURVE('',#5034,#11960);
#11960 = DEFINITIONAL_REPRESENTATION('',(#11961),#11965);
#11961 = LINE('',#11962,#11963);
#11962 = CARTESIAN_POINT('',(1.772068041891,-0.165315468926));
#11963 = VECTOR('',#11964,1.);
#11964 = DIRECTION('',(0.186608442998,0.982434368801));
#11965 = ( GEOMETRIC_REPRESENTATION_CONTEXT(2) 
PARAMETRIC_REPRESENTATION_CONTEXT() REPRESENTATION_CONTEXT('2D SPACE',''
  ) );
#11966 = ORIENTED_EDGE('',*,*,#10441,.F.);
#11967 = ORIENTED_EDGE('',*,*,#11895,.T.);
#11968 = ORIENTED_EDGE('',*,*,#5074,.T.);
#11969 = ADVANCED_FACE('',(#11970),#5062,.T.);
#11970 = FACE_BOUND('',#11971,.T.);
#11971 = EDGE_LOOP('',(#11972,#11973,#11974));
#11972 = ORIENTED_EDGE('',*,*,#11923,.T.);
#11973 = ORIENTED_EDGE('',*,*,#5046,.T.);
#11974 = ORIENTED_EDGE('',*,*,#11975,.T.);
#11975 = EDGE_CURVE('',#5015,#11924,#11976,.T.);
#11976 = SURFACE_CURVE('',#11977,(#11981,#11988),.PCURVE_S1.);
#11977 = LINE('',#11978,#11979);
#11978 = CARTESIAN_POINT('',(75.99926008129,-4.,0.576923076923));
#11979 = VECTOR('',#11980,1.);
#11980 = DIRECTION('',(0.5,-9.614813431918E-17,-0.866025403784));
#11981 = PCURVE('',#5062,#11982);
#11982 = DEFINITIONAL_REPRESENTATION('',(#11983),#11987);
#11983 = LINE('',#11984,#11985);
#11984 = CARTESIAN_POINT('',(0.99926008129,0.576923076923));
#11985 = VECTOR('',#11986,1.);
#11986 = DIRECTION('',(0.5,-0.866025403784));
#11987 = ( GEOMETRIC_REPRESENTATION_CONTEXT(2) 
PARAMETRIC_REPRESENTATION_CONTEXT() REPRESENTATION_CONTEXT('2D SPACE',''
  ) );
#11988 = PCURVE('',#5034,#11989);
#11989 = DEFINITIONAL_REPRESENTATION('',(#11990),#11994);
#11990 = LINE('',#11991,#11992);
#11991 = CARTESIAN_POINT('',(0.138728375361,-5.773159728051E-15));
#11992 = VECTOR('',#11993,1.);
#11993 = DIRECTION('',(0.,1.));
#11994 = ( GEOMETRIC_REPRESENTATION_CONTEXT(2) 
PARAMETRIC_REPRESENTATION_CONTEXT() REPRESENTATION_CONTEXT('2D SPACE',''
  ) );
#11995 = ADVANCED_FACE('',(#11996),#5034,.T.);
#11996 = FACE_BOUND('',#11997,.T.);
#11997 = EDGE_LOOP('',(#11998,#12019,#12020,#12021,#12022));
#11998 = ORIENTED_EDGE('',*,*,#11999,.F.);
#11999 = EDGE_CURVE('',#10469,#4983,#12000,.T.);
#12000 = SURFACE_CURVE('',#12001,(#12005,#12012),.PCURVE_S1.);
#12001 = LINE('',#12002,#12003);
#12002 = CARTESIAN_POINT('',(75.,-2.8,3.10862446895E-16));
#12003 = VECTOR('',#12004,1.);
#12004 = DIRECTION('',(-0.5,9.614813431918E-17,0.866025403784));
#12005 = PCURVE('',#5034,#12006);
#12006 = DEFINITIONAL_REPRESENTATION('',(#12007),#12011);
#12007 = LINE('',#12008,#12009);
#12008 = CARTESIAN_POINT('',(1.803468879687,-3.10862446895E-15));
#12009 = VECTOR('',#12010,1.);
#12010 = DIRECTION('',(0.,-1.));
#12011 = ( GEOMETRIC_REPRESENTATION_CONTEXT(2) 
PARAMETRIC_REPRESENTATION_CONTEXT() REPRESENTATION_CONTEXT('2D SPACE',''
  ) );
#12012 = PCURVE('',#5002,#12013);
#12013 = DEFINITIONAL_REPRESENTATION('',(#12014),#12018);
#12014 = LINE('',#12015,#12016);
#12015 = CARTESIAN_POINT('',(-0.,0.));
#12016 = VECTOR('',#12017,1.);
#12017 = DIRECTION('',(0.,-1.));
#12018 = ( GEOMETRIC_REPRESENTATION_CONTEXT(2) 
PARAMETRIC_REPRESENTATION_CONTEXT() REPRESENTATION_CONTEXT('2D SPACE',''
  ) );
#12019 = ORIENTED_EDGE('',*,*,#10468,.F.);
#12020 = ORIENTED_EDGE('',*,*,#11946,.F.);
#12021 = ORIENTED_EDGE('',*,*,#11975,.F.);
#12022 = ORIENTED_EDGE('',*,*,#5014,.T.);
#12023 = ADVANCED_FACE('',(#12024),#5002,.T.);
#12024 = FACE_BOUND('',#12025,.T.);
#12025 = EDGE_LOOP('',(#12026,#12049,#12070,#12071,#12072));
#12026 = ORIENTED_EDGE('',*,*,#12027,.F.);
#12027 = EDGE_CURVE('',#12028,#4955,#12030,.T.);
#12028 = VERTEX_POINT('',#12029);
#12029 = CARTESIAN_POINT('',(69.618574084446,-4.,7.013210795216));
#12030 = SURFACE_CURVE('',#12031,(#12035,#12042),.PCURVE_S1.);
#12031 = LINE('',#12032,#12033);
#12032 = CARTESIAN_POINT('',(74.00073991871,-4.,-0.576923076923));
#12033 = VECTOR('',#12034,1.);
#12034 = DIRECTION('',(-0.5,9.614813431918E-17,0.866025403784));
#12035 = PCURVE('',#5002,#12036);
#12036 = DEFINITIONAL_REPRESENTATION('',(#12037),#12041);
#12037 = LINE('',#12038,#12039);
#12038 = CARTESIAN_POINT('',(1.664740504327,2.609024107869E-15));
#12039 = VECTOR('',#12040,1.);
#12040 = DIRECTION('',(0.,-1.));
#12041 = ( GEOMETRIC_REPRESENTATION_CONTEXT(2) 
PARAMETRIC_REPRESENTATION_CONTEXT() REPRESENTATION_CONTEXT('2D SPACE',''
  ) );
#12042 = PCURVE('',#4970,#12043);
#12043 = DEFINITIONAL_REPRESENTATION('',(#12044),#12048);
#12044 = LINE('',#12045,#12046);
#12045 = CARTESIAN_POINT('',(-0.99926008129,-0.576923076923));
#12046 = VECTOR('',#12047,1.);
#12047 = DIRECTION('',(-0.5,0.866025403784));
#12048 = ( GEOMETRIC_REPRESENTATION_CONTEXT(2) 
PARAMETRIC_REPRESENTATION_CONTEXT() REPRESENTATION_CONTEXT('2D SPACE',''
  ) );
#12049 = ORIENTED_EDGE('',*,*,#12050,.T.);
#12050 = EDGE_CURVE('',#12028,#10496,#12051,.T.);
#12051 = SURFACE_CURVE('',#12052,(#12056,#12063),.PCURVE_S1.);
#12052 = LINE('',#12053,#12054);
#12053 = CARTESIAN_POINT('',(74.898493920316,-2.822634762149,
    0.132285298541));
#12054 = VECTOR('',#12055,1.);
#12055 = DIRECTION('',(0.603228856751,0.134513535903,-0.786143151749));
#12056 = PCURVE('',#5002,#12057);
#12057 = DEFINITIONAL_REPRESENTATION('',(#12058),#12062);
#12058 = LINE('',#12059,#12060);
#12059 = CARTESIAN_POINT('',(3.140083779587E-02,-0.165315468926));
#12060 = VECTOR('',#12061,1.);
#12061 = DIRECTION('',(-0.186608442998,0.982434368801));
#12062 = ( GEOMETRIC_REPRESENTATION_CONTEXT(2) 
PARAMETRIC_REPRESENTATION_CONTEXT() REPRESENTATION_CONTEXT('2D SPACE',''
  ) );
#12063 = PCURVE('',#4942,#12064);
#12064 = DEFINITIONAL_REPRESENTATION('',(#12065),#12069);
#12065 = LINE('',#12066,#12067);
#12066 = CARTESIAN_POINT('',(1.772068041891,-0.165315468926));
#12067 = VECTOR('',#12068,1.);
#12068 = DIRECTION('',(0.186608442998,0.982434368801));
#12069 = ( GEOMETRIC_REPRESENTATION_CONTEXT(2) 
PARAMETRIC_REPRESENTATION_CONTEXT() REPRESENTATION_CONTEXT('2D SPACE',''
  ) );
#12070 = ORIENTED_EDGE('',*,*,#10495,.F.);
#12071 = ORIENTED_EDGE('',*,*,#11999,.T.);
#12072 = ORIENTED_EDGE('',*,*,#4982,.T.);
#12073 = ADVANCED_FACE('',(#12074),#4970,.T.);
#12074 = FACE_BOUND('',#12075,.T.);
#12075 = EDGE_LOOP('',(#12076,#12097,#12098));
#12076 = ORIENTED_EDGE('',*,*,#12077,.T.);
#12077 = EDGE_CURVE('',#4923,#12028,#12078,.T.);
#12078 = SURFACE_CURVE('',#12079,(#12083,#12090),.PCURVE_S1.);
#12079 = LINE('',#12080,#12081);
#12080 = CARTESIAN_POINT('',(75.815892439831,-4.,0.815892439831));
#12081 = VECTOR('',#12082,1.);
#12082 = DIRECTION('',(0.707106781187,-7.850462293419E-17,
    -0.707106781187));
#12083 = PCURVE('',#4970,#12084);
#12084 = DEFINITIONAL_REPRESENTATION('',(#12085),#12089);
#12085 = LINE('',#12086,#12087);
#12086 = CARTESIAN_POINT('',(0.815892439831,0.815892439831));
#12087 = VECTOR('',#12088,1.);
#12088 = DIRECTION('',(0.707106781187,-0.707106781187));
#12089 = ( GEOMETRIC_REPRESENTATION_CONTEXT(2) 
PARAMETRIC_REPRESENTATION_CONTEXT() REPRESENTATION_CONTEXT('2D SPACE',''
  ) );
#12090 = PCURVE('',#4942,#12091);
#12091 = DEFINITIONAL_REPRESENTATION('',(#12092),#12096);
#12092 = LINE('',#12093,#12094);
#12093 = CARTESIAN_POINT('',(0.138728375361,-4.63518112781E-15));
#12094 = VECTOR('',#12095,1.);
#12095 = DIRECTION('',(-5.551115123126E-17,1.));
#12096 = ( GEOMETRIC_REPRESENTATION_CONTEXT(2) 
PARAMETRIC_REPRESENTATION_CONTEXT() REPRESENTATION_CONTEXT('2D SPACE',''
  ) );
#12097 = ORIENTED_EDGE('',*,*,#12027,.T.);
#12098 = ORIENTED_EDGE('',*,*,#4954,.T.);
#12099 = ADVANCED_FACE('',(#12100),#4942,.T.);
#12100 = FACE_BOUND('',#12101,.T.);
#12101 = EDGE_LOOP('',(#12102,#12123,#12124,#12125,#12126));
#12102 = ORIENTED_EDGE('',*,*,#12103,.F.);
#12103 = EDGE_CURVE('',#10523,#4891,#12104,.T.);
#12104 = SURFACE_CURVE('',#12105,(#12109,#12116),.PCURVE_S1.);
#12105 = LINE('',#12106,#12107);
#12106 = CARTESIAN_POINT('',(75.,-2.8,3.10862446895E-16));
#12107 = VECTOR('',#12108,1.);
#12108 = DIRECTION('',(-0.707106781187,7.850462293419E-17,0.707106781187
    ));
#12109 = PCURVE('',#4942,#12110);
#12110 = DEFINITIONAL_REPRESENTATION('',(#12111),#12115);
#12111 = LINE('',#12112,#12113);
#12112 = CARTESIAN_POINT('',(1.803468879687,-6.217248937901E-15));
#12113 = VECTOR('',#12114,1.);
#12114 = DIRECTION('',(5.551115123126E-17,-1.));
#12115 = ( GEOMETRIC_REPRESENTATION_CONTEXT(2) 
PARAMETRIC_REPRESENTATION_CONTEXT() REPRESENTATION_CONTEXT('2D SPACE',''
  ) );
#12116 = PCURVE('',#4910,#12117);
#12117 = DEFINITIONAL_REPRESENTATION('',(#12118),#12122);
#12118 = LINE('',#12119,#12120);
#12119 = CARTESIAN_POINT('',(-0.,0.));
#12120 = VECTOR('',#12121,1.);
#12121 = DIRECTION('',(-5.551115123126E-17,-1.));
#12122 = ( GEOMETRIC_REPRESENTATION_CONTEXT(2) 
PARAMETRIC_REPRESENTATION_CONTEXT() REPRESENTATION_CONTEXT('2D SPACE',''
  ) );
#12123 = ORIENTED_EDGE('',*,*,#10522,.F.);
#12124 = ORIENTED_EDGE('',*,*,#12050,.F.);
#12125 = ORIENTED_EDGE('',*,*,#12077,.F.);
#12126 = ORIENTED_EDGE('',*,*,#4922,.T.);
#12127 = ADVANCED_FACE('',(#12128),#4910,.T.);
#12128 = FACE_BOUND('',#12129,.T.);
#12129 = EDGE_LOOP('',(#12130,#12153,#12174,#12175,#12176));
#12130 = ORIENTED_EDGE('',*,*,#12131,.F.);
#12131 = EDGE_CURVE('',#12132,#4863,#12134,.T.);
#12132 = VERTEX_POINT('',#12133);
#12133 = CARTESIAN_POINT('',(67.986789204784,-4.,5.381425915554));
#12134 = SURFACE_CURVE('',#12135,(#12139,#12146),.PCURVE_S1.);
#12135 = LINE('',#12136,#12137);
#12136 = CARTESIAN_POINT('',(74.184107560169,-4.,-0.815892439831));
#12137 = VECTOR('',#12138,1.);
#12138 = DIRECTION('',(-0.707106781187,7.850462293419E-17,0.707106781187
    ));
#12139 = PCURVE('',#4910,#12140);
#12140 = DEFINITIONAL_REPRESENTATION('',(#12141),#12145);
#12141 = LINE('',#12142,#12143);
#12142 = CARTESIAN_POINT('',(1.664740504327,-1.665334536938E-15));
#12143 = VECTOR('',#12144,1.);
#12144 = DIRECTION('',(-5.551115123126E-17,-1.));
#12145 = ( GEOMETRIC_REPRESENTATION_CONTEXT(2) 
PARAMETRIC_REPRESENTATION_CONTEXT() REPRESENTATION_CONTEXT('2D SPACE',''
  ) );
#12146 = PCURVE('',#4878,#12147);
#12147 = DEFINITIONAL_REPRESENTATION('',(#12148),#12152);
#12148 = LINE('',#12149,#12150);
#12149 = CARTESIAN_POINT('',(-0.815892439831,-0.815892439831));
#12150 = VECTOR('',#12151,1.);
#12151 = DIRECTION('',(-0.707106781187,0.707106781187));
#12152 = ( GEOMETRIC_REPRESENTATION_CONTEXT(2) 
PARAMETRIC_REPRESENTATION_CONTEXT() REPRESENTATION_CONTEXT('2D SPACE',''
  ) );
#12153 = ORIENTED_EDGE('',*,*,#12154,.T.);
#12154 = EDGE_CURVE('',#12132,#10550,#12155,.T.);
#12155 = SURFACE_CURVE('',#12156,(#12160,#12167),.PCURVE_S1.);
#12156 = LINE('',#12157,#12158);
#12157 = CARTESIAN_POINT('',(74.867714701459,-2.822634762149,
    0.101506079684));
#12158 = VECTOR('',#12159,1.);
#12159 = DIRECTION('',(0.786143151749,0.134513535903,-0.603228856751));
#12160 = PCURVE('',#4910,#12161);
#12161 = DEFINITIONAL_REPRESENTATION('',(#12162),#12166);
#12162 = LINE('',#12163,#12164);
#12163 = CARTESIAN_POINT('',(3.140083779588E-02,-0.165315468926));
#12164 = VECTOR('',#12165,1.);
#12165 = DIRECTION('',(-0.186608442998,0.982434368801));
#12166 = ( GEOMETRIC_REPRESENTATION_CONTEXT(2) 
PARAMETRIC_REPRESENTATION_CONTEXT() REPRESENTATION_CONTEXT('2D SPACE',''
  ) );
#12167 = PCURVE('',#4850,#12168);
#12168 = DEFINITIONAL_REPRESENTATION('',(#12169),#12173);
#12169 = LINE('',#12170,#12171);
#12170 = CARTESIAN_POINT('',(1.772068041891,-0.165315468926));
#12171 = VECTOR('',#12172,1.);
#12172 = DIRECTION('',(0.186608442998,0.982434368801));
#12173 = ( GEOMETRIC_REPRESENTATION_CONTEXT(2) 
PARAMETRIC_REPRESENTATION_CONTEXT() REPRESENTATION_CONTEXT('2D SPACE',''
  ) );
#12174 = ORIENTED_EDGE('',*,*,#10549,.F.);
#12175 = ORIENTED_EDGE('',*,*,#12103,.T.);
#12176 = ORIENTED_EDGE('',*,*,#4890,.T.);
#12177 = ADVANCED_FACE('',(#12178),#4878,.T.);
#12178 = FACE_BOUND('',#12179,.T.);
#12179 = EDGE_LOOP('',(#12180,#12201,#12202));
#12180 = ORIENTED_EDGE('',*,*,#12181,.T.);
#12181 = EDGE_CURVE('',#4831,#12132,#12182,.T.);
#12182 = SURFACE_CURVE('',#12183,(#12187,#12194),.PCURVE_S1.);
#12183 = LINE('',#12184,#12185);
#12184 = CARTESIAN_POINT('',(75.576923076923,-4.,0.99926008129));
#12185 = VECTOR('',#12186,1.);
#12186 = DIRECTION('',(0.866025403784,-5.551115123126E-17,-0.5));
#12187 = PCURVE('',#4878,#12188);
#12188 = DEFINITIONAL_REPRESENTATION('',(#12189),#12193);
#12189 = LINE('',#12190,#12191);
#12190 = CARTESIAN_POINT('',(0.576923076923,0.99926008129));
#12191 = VECTOR('',#12192,1.);
#12192 = DIRECTION('',(0.866025403784,-0.5));
#12193 = ( GEOMETRIC_REPRESENTATION_CONTEXT(2) 
PARAMETRIC_REPRESENTATION_CONTEXT() REPRESENTATION_CONTEXT('2D SPACE',''
  ) );
#12194 = PCURVE('',#4850,#12195);
#12195 = DEFINITIONAL_REPRESENTATION('',(#12196),#12200);
#12196 = LINE('',#12197,#12198);
#12197 = CARTESIAN_POINT('',(0.138728375361,2.997602166488E-15));
#12198 = VECTOR('',#12199,1.);
#12199 = DIRECTION('',(0.,1.));
#12200 = ( GEOMETRIC_REPRESENTATION_CONTEXT(2) 
PARAMETRIC_REPRESENTATION_CONTEXT() REPRESENTATION_CONTEXT('2D SPACE',''
  ) );
#12201 = ORIENTED_EDGE('',*,*,#12131,.T.);
#12202 = ORIENTED_EDGE('',*,*,#4862,.T.);
#12203 = ADVANCED_FACE('',(#12204),#4850,.T.);
#12204 = FACE_BOUND('',#12205,.T.);
#12205 = EDGE_LOOP('',(#12206,#12227,#12228,#12229,#12230));
#12206 = ORIENTED_EDGE('',*,*,#12207,.F.);
#12207 = EDGE_CURVE('',#10577,#4799,#12208,.T.);
#12208 = SURFACE_CURVE('',#12209,(#12213,#12220),.PCURVE_S1.);
#12209 = LINE('',#12210,#12211);
#12210 = CARTESIAN_POINT('',(75.,-2.8,3.10862446895E-16));
#12211 = VECTOR('',#12212,1.);
#12212 = DIRECTION('',(-0.866025403784,5.551115123126E-17,0.5));
#12213 = PCURVE('',#4850,#12214);
#12214 = DEFINITIONAL_REPRESENTATION('',(#12215),#12219);
#12215 = LINE('',#12216,#12217);
#12216 = CARTESIAN_POINT('',(1.803468879687,-2.22044604925E-16));
#12217 = VECTOR('',#12218,1.);
#12218 = DIRECTION('',(0.,-1.));
#12219 = ( GEOMETRIC_REPRESENTATION_CONTEXT(2) 
PARAMETRIC_REPRESENTATION_CONTEXT() REPRESENTATION_CONTEXT('2D SPACE',''
  ) );
#12220 = PCURVE('',#4818,#12221);
#12221 = DEFINITIONAL_REPRESENTATION('',(#12222),#12226);
#12222 = LINE('',#12223,#12224);
#12223 = CARTESIAN_POINT('',(-0.,0.));
#12224 = VECTOR('',#12225,1.);
#12225 = DIRECTION('',(0.,-1.));
#12226 = ( GEOMETRIC_REPRESENTATION_CONTEXT(2) 
PARAMETRIC_REPRESENTATION_CONTEXT() REPRESENTATION_CONTEXT('2D SPACE',''
  ) );
#12227 = ORIENTED_EDGE('',*,*,#10576,.F.);
#12228 = ORIENTED_EDGE('',*,*,#12154,.F.);
#12229 = ORIENTED_EDGE('',*,*,#12181,.F.);
#12230 = ORIENTED_EDGE('',*,*,#4830,.T.);
#12231 = ADVANCED_FACE('',(#12232),#4818,.T.);
#12232 = FACE_BOUND('',#12233,.T.);
#12233 = EDGE_LOOP('',(#12234,#12235,#12236,#12237,#12238));
#12234 = ORIENTED_EDGE('',*,*,#5691,.F.);
#12235 = ORIENTED_EDGE('',*,*,#7240,.T.);
#12236 = ORIENTED_EDGE('',*,*,#10603,.F.);
#12237 = ORIENTED_EDGE('',*,*,#12207,.T.);
#12238 = ORIENTED_EDGE('',*,*,#4798,.T.);
#12239 = ADVANCED_FACE('',(#12240),#3787,.T.);
#12240 = FACE_BOUND('',#12241,.T.);
#12241 = EDGE_LOOP('',(#12242,#12243,#12244,#12245,#12266));
#12242 = ORIENTED_EDGE('',*,*,#11226,.F.);
#12243 = ORIENTED_EDGE('',*,*,#11273,.T.);
#12244 = ORIENTED_EDGE('',*,*,#10063,.F.);
#12245 = ORIENTED_EDGE('',*,*,#12246,.T.);
#12246 = EDGE_CURVE('',#10041,#3768,#12247,.T.);
#12247 = SURFACE_CURVE('',#12248,(#12252,#12259),.PCURVE_S1.);
#12248 = LINE('',#12249,#12250);
#12249 = CARTESIAN_POINT('',(75.,-2.8,3.10862446895E-16));
#12250 = VECTOR('',#12251,1.);
#12251 = DIRECTION('',(1.,0.,0.));
#12252 = PCURVE('',#3787,#12253);
#12253 = DEFINITIONAL_REPRESENTATION('',(#12254),#12258);
#12254 = LINE('',#12255,#12256);
#12255 = CARTESIAN_POINT('',(0.,0.));
#12256 = VECTOR('',#12257,1.);
#12257 = DIRECTION('',(0.,-1.));
#12258 = ( GEOMETRIC_REPRESENTATION_CONTEXT(2) 
PARAMETRIC_REPRESENTATION_CONTEXT() REPRESENTATION_CONTEXT('2D SPACE',''
  ) );
#12259 = PCURVE('',#3819,#12260);
#12260 = DEFINITIONAL_REPRESENTATION('',(#12261),#12265);
#12261 = LINE('',#12262,#12263);
#12262 = CARTESIAN_POINT('',(-0.,0.));
#12263 = VECTOR('',#12264,1.);
#12264 = DIRECTION('',(-8.488133708189E-17,1.));
#12265 = ( GEOMETRIC_REPRESENTATION_CONTEXT(2) 
PARAMETRIC_REPRESENTATION_CONTEXT() REPRESENTATION_CONTEXT('2D SPACE',''
  ) );
#12266 = ORIENTED_EDGE('',*,*,#3767,.T.);
#12267 = ADVANCED_FACE('',(#12268),#4739,.T.);
#12268 = FACE_BOUND('',#12269,.T.);
#12269 = EDGE_LOOP('',(#12270,#12291,#12292,#12293,#12294));
#12270 = ORIENTED_EDGE('',*,*,#12271,.F.);
#12271 = EDGE_CURVE('',#10635,#4688,#12272,.T.);
#12272 = SURFACE_CURVE('',#12273,(#12277,#12284),.PCURVE_S1.);
#12273 = LINE('',#12274,#12275);
#12274 = CARTESIAN_POINT('',(75.,-2.8,3.10862446895E-16));
#12275 = VECTOR('',#12276,1.);
#12276 = DIRECTION('',(-0.866025403784,-5.551115123126E-17,-0.5));
#12277 = PCURVE('',#4739,#12278);
#12278 = DEFINITIONAL_REPRESENTATION('',(#12279),#12283);
#12279 = LINE('',#12280,#12281);
#12280 = CARTESIAN_POINT('',(1.803468879687,-1.110223024625E-16));
#12281 = VECTOR('',#12282,1.);
#12282 = DIRECTION('',(0.,-1.));
#12283 = ( GEOMETRIC_REPRESENTATION_CONTEXT(2) 
PARAMETRIC_REPRESENTATION_CONTEXT() REPRESENTATION_CONTEXT('2D SPACE',''
  ) );
#12284 = PCURVE('',#4707,#12285);
#12285 = DEFINITIONAL_REPRESENTATION('',(#12286),#12290);
#12286 = LINE('',#12287,#12288);
#12287 = CARTESIAN_POINT('',(0.,0.));
#12288 = VECTOR('',#12289,1.);
#12289 = DIRECTION('',(0.,-1.));
#12290 = ( GEOMETRIC_REPRESENTATION_CONTEXT(2) 
PARAMETRIC_REPRESENTATION_CONTEXT() REPRESENTATION_CONTEXT('2D SPACE',''
  ) );
#12291 = ORIENTED_EDGE('',*,*,#10634,.F.);
#12292 = ORIENTED_EDGE('',*,*,#7579,.F.);
#12293 = ORIENTED_EDGE('',*,*,#7141,.F.);
#12294 = ORIENTED_EDGE('',*,*,#4719,.T.);
#12295 = ADVANCED_FACE('',(#12296),#4707,.T.);
#12296 = FACE_BOUND('',#12297,.T.);
#12297 = EDGE_LOOP('',(#12298,#12321,#12342,#12343,#12344));
#12298 = ORIENTED_EDGE('',*,*,#12299,.F.);
#12299 = EDGE_CURVE('',#12300,#4660,#12302,.T.);
#12300 = VERTEX_POINT('',#12301);
#12301 = CARTESIAN_POINT('',(67.986789204784,-4.,-5.381425915554));
#12302 = SURFACE_CURVE('',#12303,(#12307,#12314),.PCURVE_S1.);
#12303 = LINE('',#12304,#12305);
#12304 = CARTESIAN_POINT('',(75.576923076923,-4.,-0.99926008129));
#12305 = VECTOR('',#12306,1.);
#12306 = DIRECTION('',(-0.866025403784,-5.551115123126E-17,-0.5));
#12307 = PCURVE('',#4707,#12308);
#12308 = DEFINITIONAL_REPRESENTATION('',(#12309),#12313);
#12309 = LINE('',#12310,#12311);
#12310 = CARTESIAN_POINT('',(1.664740504327,2.886579864025E-15));
#12311 = VECTOR('',#12312,1.);
#12312 = DIRECTION('',(0.,-1.));
#12313 = ( GEOMETRIC_REPRESENTATION_CONTEXT(2) 
PARAMETRIC_REPRESENTATION_CONTEXT() REPRESENTATION_CONTEXT('2D SPACE',''
  ) );
#12314 = PCURVE('',#4675,#12315);
#12315 = DEFINITIONAL_REPRESENTATION('',(#12316),#12320);
#12316 = LINE('',#12317,#12318);
#12317 = CARTESIAN_POINT('',(0.576923076923,-0.99926008129));
#12318 = VECTOR('',#12319,1.);
#12319 = DIRECTION('',(-0.866025403784,-0.5));
#12320 = ( GEOMETRIC_REPRESENTATION_CONTEXT(2) 
PARAMETRIC_REPRESENTATION_CONTEXT() REPRESENTATION_CONTEXT('2D SPACE',''
  ) );
#12321 = ORIENTED_EDGE('',*,*,#12322,.T.);
#12322 = EDGE_CURVE('',#12300,#10662,#12323,.T.);
#12323 = SURFACE_CURVE('',#12324,(#12328,#12335),.PCURVE_S1.);
#12324 = LINE('',#12325,#12326);
#12325 = CARTESIAN_POINT('',(74.867714701459,-2.822634762149,
    -0.101506079684));
#12326 = VECTOR('',#12327,1.);
#12327 = DIRECTION('',(0.786143151749,0.134513535903,0.603228856751));
#12328 = PCURVE('',#4707,#12329);
#12329 = DEFINITIONAL_REPRESENTATION('',(#12330),#12334);
#12330 = LINE('',#12331,#12332);
#12331 = CARTESIAN_POINT('',(3.140083779587E-02,-0.165315468926));
#12332 = VECTOR('',#12333,1.);
#12333 = DIRECTION('',(-0.186608442998,0.982434368801));
#12334 = ( GEOMETRIC_REPRESENTATION_CONTEXT(2) 
PARAMETRIC_REPRESENTATION_CONTEXT() REPRESENTATION_CONTEXT('2D SPACE',''
  ) );
#12335 = PCURVE('',#4647,#12336);
#12336 = DEFINITIONAL_REPRESENTATION('',(#12337),#12341);
#12337 = LINE('',#12338,#12339);
#12338 = CARTESIAN_POINT('',(1.772068041891,-0.165315468926));
#12339 = VECTOR('',#12340,1.);
#12340 = DIRECTION('',(0.186608442998,0.982434368801));
#12341 = ( GEOMETRIC_REPRESENTATION_CONTEXT(2) 
PARAMETRIC_REPRESENTATION_CONTEXT() REPRESENTATION_CONTEXT('2D SPACE',''
  ) );
#12342 = ORIENTED_EDGE('',*,*,#10661,.F.);
#12343 = ORIENTED_EDGE('',*,*,#12271,.T.);
#12344 = ORIENTED_EDGE('',*,*,#4687,.T.);
#12345 = ADVANCED_FACE('',(#12346),#4675,.T.);
#12346 = FACE_BOUND('',#12347,.T.);
#12347 = EDGE_LOOP('',(#12348,#12369,#12370));
#12348 = ORIENTED_EDGE('',*,*,#12349,.T.);
#12349 = EDGE_CURVE('',#4628,#12300,#12350,.T.);
#12350 = SURFACE_CURVE('',#12351,(#12355,#12362),.PCURVE_S1.);
#12351 = LINE('',#12352,#12353);
#12352 = CARTESIAN_POINT('',(74.184107560169,-4.,0.815892439831));
#12353 = VECTOR('',#12354,1.);
#12354 = DIRECTION('',(0.707106781187,7.850462293419E-17,0.707106781187)
  );
#12355 = PCURVE('',#4675,#12356);
#12356 = DEFINITIONAL_REPRESENTATION('',(#12357),#12361);
#12357 = LINE('',#12358,#12359);
#12358 = CARTESIAN_POINT('',(-0.815892439831,0.815892439831));
#12359 = VECTOR('',#12360,1.);
#12360 = DIRECTION('',(0.707106781187,0.707106781187));
#12361 = ( GEOMETRIC_REPRESENTATION_CONTEXT(2) 
PARAMETRIC_REPRESENTATION_CONTEXT() REPRESENTATION_CONTEXT('2D SPACE',''
  ) );
#12362 = PCURVE('',#4647,#12363);
#12363 = DEFINITIONAL_REPRESENTATION('',(#12364),#12368);
#12364 = LINE('',#12365,#12366);
#12365 = CARTESIAN_POINT('',(0.138728375361,-7.979727989493E-15));
#12366 = VECTOR('',#12367,1.);
#12367 = DIRECTION('',(0.,1.));
#12368 = ( GEOMETRIC_REPRESENTATION_CONTEXT(2) 
PARAMETRIC_REPRESENTATION_CONTEXT() REPRESENTATION_CONTEXT('2D SPACE',''
  ) );
#12369 = ORIENTED_EDGE('',*,*,#12299,.T.);
#12370 = ORIENTED_EDGE('',*,*,#4659,.T.);
#12371 = ADVANCED_FACE('',(#12372),#4647,.T.);
#12372 = FACE_BOUND('',#12373,.T.);
#12373 = EDGE_LOOP('',(#12374,#12395,#12396,#12397,#12398));
#12374 = ORIENTED_EDGE('',*,*,#12375,.F.);
#12375 = EDGE_CURVE('',#10689,#4596,#12376,.T.);
#12376 = SURFACE_CURVE('',#12377,(#12381,#12388),.PCURVE_S1.);
#12377 = LINE('',#12378,#12379);
#12378 = CARTESIAN_POINT('',(75.,-2.8,3.10862446895E-16));
#12379 = VECTOR('',#12380,1.);
#12380 = DIRECTION('',(-0.707106781187,-7.850462293419E-17,
    -0.707106781187));
#12381 = PCURVE('',#4647,#12382);
#12382 = DEFINITIONAL_REPRESENTATION('',(#12383),#12387);
#12383 = LINE('',#12384,#12385);
#12384 = CARTESIAN_POINT('',(1.803468879687,-6.328271240363E-15));
#12385 = VECTOR('',#12386,1.);
#12386 = DIRECTION('',(0.,-1.));
#12387 = ( GEOMETRIC_REPRESENTATION_CONTEXT(2) 
PARAMETRIC_REPRESENTATION_CONTEXT() REPRESENTATION_CONTEXT('2D SPACE',''
  ) );
#12388 = PCURVE('',#4615,#12389);
#12389 = DEFINITIONAL_REPRESENTATION('',(#12390),#12394);
#12390 = LINE('',#12391,#12392);
#12391 = CARTESIAN_POINT('',(0.,0.));
#12392 = VECTOR('',#12393,1.);
#12393 = DIRECTION('',(5.551115123126E-17,-1.));
#12394 = ( GEOMETRIC_REPRESENTATION_CONTEXT(2) 
PARAMETRIC_REPRESENTATION_CONTEXT() REPRESENTATION_CONTEXT('2D SPACE',''
  ) );
#12395 = ORIENTED_EDGE('',*,*,#10688,.F.);
#12396 = ORIENTED_EDGE('',*,*,#12322,.F.);
#12397 = ORIENTED_EDGE('',*,*,#12349,.F.);
#12398 = ORIENTED_EDGE('',*,*,#4627,.T.);
#12399 = ADVANCED_FACE('',(#12400),#4615,.T.);
#12400 = FACE_BOUND('',#12401,.T.);
#12401 = EDGE_LOOP('',(#12402,#12425,#12446,#12447,#12448));
#12402 = ORIENTED_EDGE('',*,*,#12403,.F.);
#12403 = EDGE_CURVE('',#12404,#4568,#12406,.T.);
#12404 = VERTEX_POINT('',#12405);
#12405 = CARTESIAN_POINT('',(69.618574084446,-4.,-7.013210795216));
#12406 = SURFACE_CURVE('',#12407,(#12411,#12418),.PCURVE_S1.);
#12407 = LINE('',#12408,#12409);
#12408 = CARTESIAN_POINT('',(75.815892439831,-4.,-0.815892439831));
#12409 = VECTOR('',#12410,1.);
#12410 = DIRECTION('',(-0.707106781187,-7.850462293419E-17,
    -0.707106781187));
#12411 = PCURVE('',#4615,#12412);
#12412 = DEFINITIONAL_REPRESENTATION('',(#12413),#12417);
#12413 = LINE('',#12414,#12415);
#12414 = CARTESIAN_POINT('',(1.664740504327,1.7763568394E-15));
#12415 = VECTOR('',#12416,1.);
#12416 = DIRECTION('',(5.551115123126E-17,-1.));
#12417 = ( GEOMETRIC_REPRESENTATION_CONTEXT(2) 
PARAMETRIC_REPRESENTATION_CONTEXT() REPRESENTATION_CONTEXT('2D SPACE',''
  ) );
#12418 = PCURVE('',#4583,#12419);
#12419 = DEFINITIONAL_REPRESENTATION('',(#12420),#12424);
#12420 = LINE('',#12421,#12422);
#12421 = CARTESIAN_POINT('',(0.815892439831,-0.815892439831));
#12422 = VECTOR('',#12423,1.);
#12423 = DIRECTION('',(-0.707106781187,-0.707106781187));
#12424 = ( GEOMETRIC_REPRESENTATION_CONTEXT(2) 
PARAMETRIC_REPRESENTATION_CONTEXT() REPRESENTATION_CONTEXT('2D SPACE',''
  ) );
#12425 = ORIENTED_EDGE('',*,*,#12426,.T.);
#12426 = EDGE_CURVE('',#12404,#10716,#12427,.T.);
#12427 = SURFACE_CURVE('',#12428,(#12432,#12439),.PCURVE_S1.);
#12428 = LINE('',#12429,#12430);
#12429 = CARTESIAN_POINT('',(74.898493920316,-2.822634762149,
    -0.132285298541));
#12430 = VECTOR('',#12431,1.);
#12431 = DIRECTION('',(0.603228856751,0.134513535903,0.786143151749));
#12432 = PCURVE('',#4615,#12433);
#12433 = DEFINITIONAL_REPRESENTATION('',(#12434),#12438);
#12434 = LINE('',#12435,#12436);
#12435 = CARTESIAN_POINT('',(3.140083779588E-02,-0.165315468926));
#12436 = VECTOR('',#12437,1.);
#12437 = DIRECTION('',(-0.186608442998,0.982434368801));
#12438 = ( GEOMETRIC_REPRESENTATION_CONTEXT(2) 
PARAMETRIC_REPRESENTATION_CONTEXT() REPRESENTATION_CONTEXT('2D SPACE',''
  ) );
#12439 = PCURVE('',#4555,#12440);
#12440 = DEFINITIONAL_REPRESENTATION('',(#12441),#12445);
#12441 = LINE('',#12442,#12443);
#12442 = CARTESIAN_POINT('',(1.772068041891,-0.165315468926));
#12443 = VECTOR('',#12444,1.);
#12444 = DIRECTION('',(0.186608442998,0.982434368801));
#12445 = ( GEOMETRIC_REPRESENTATION_CONTEXT(2) 
PARAMETRIC_REPRESENTATION_CONTEXT() REPRESENTATION_CONTEXT('2D SPACE',''
  ) );
#12446 = ORIENTED_EDGE('',*,*,#10715,.F.);
#12447 = ORIENTED_EDGE('',*,*,#12375,.T.);
#12448 = ORIENTED_EDGE('',*,*,#4595,.T.);
#12449 = ADVANCED_FACE('',(#12450),#4583,.T.);
#12450 = FACE_BOUND('',#12451,.T.);
#12451 = EDGE_LOOP('',(#12452,#12473,#12474));
#12452 = ORIENTED_EDGE('',*,*,#12453,.T.);
#12453 = EDGE_CURVE('',#4536,#12404,#12454,.T.);
#12454 = SURFACE_CURVE('',#12455,(#12459,#12466),.PCURVE_S1.);
#12455 = LINE('',#12456,#12457);
#12456 = CARTESIAN_POINT('',(74.00073991871,-4.,0.576923076923));
#12457 = VECTOR('',#12458,1.);
#12458 = DIRECTION('',(0.5,9.614813431918E-17,0.866025403784));
#12459 = PCURVE('',#4583,#12460);
#12460 = DEFINITIONAL_REPRESENTATION('',(#12461),#12465);
#12461 = LINE('',#12462,#12463);
#12462 = CARTESIAN_POINT('',(-0.99926008129,0.576923076923));
#12463 = VECTOR('',#12464,1.);
#12464 = DIRECTION('',(0.5,0.866025403784));
#12465 = ( GEOMETRIC_REPRESENTATION_CONTEXT(2) 
PARAMETRIC_REPRESENTATION_CONTEXT() REPRESENTATION_CONTEXT('2D SPACE',''
  ) );
#12466 = PCURVE('',#4555,#12467);
#12467 = DEFINITIONAL_REPRESENTATION('',(#12468),#12472);
#12468 = LINE('',#12469,#12470);
#12469 = CARTESIAN_POINT('',(0.138728375361,5.849487560994E-15));
#12470 = VECTOR('',#12471,1.);
#12471 = DIRECTION('',(0.,1.));
#12472 = ( GEOMETRIC_REPRESENTATION_CONTEXT(2) 
PARAMETRIC_REPRESENTATION_CONTEXT() REPRESENTATION_CONTEXT('2D SPACE',''
  ) );
#12473 = ORIENTED_EDGE('',*,*,#12403,.T.);
#12474 = ORIENTED_EDGE('',*,*,#4567,.T.);
#12475 = ADVANCED_FACE('',(#12476),#4555,.T.);
#12476 = FACE_BOUND('',#12477,.T.);
#12477 = EDGE_LOOP('',(#12478,#12499,#12500,#12501,#12502));
#12478 = ORIENTED_EDGE('',*,*,#12479,.F.);
#12479 = EDGE_CURVE('',#10743,#4504,#12480,.T.);
#12480 = SURFACE_CURVE('',#12481,(#12485,#12492),.PCURVE_S1.);
#12481 = LINE('',#12482,#12483);
#12482 = CARTESIAN_POINT('',(75.,-2.8,3.10862446895E-16));
#12483 = VECTOR('',#12484,1.);
#12484 = DIRECTION('',(-0.5,-9.614813431918E-17,-0.866025403784));
#12485 = PCURVE('',#4555,#12486);
#12486 = DEFINITIONAL_REPRESENTATION('',(#12487),#12491);
#12487 = LINE('',#12488,#12489);
#12488 = CARTESIAN_POINT('',(1.803468879687,3.441691376338E-15));
#12489 = VECTOR('',#12490,1.);
#12490 = DIRECTION('',(0.,-1.));
#12491 = ( GEOMETRIC_REPRESENTATION_CONTEXT(2) 
PARAMETRIC_REPRESENTATION_CONTEXT() REPRESENTATION_CONTEXT('2D SPACE',''
  ) );
#12492 = PCURVE('',#4523,#12493);
#12493 = DEFINITIONAL_REPRESENTATION('',(#12494),#12498);
#12494 = LINE('',#12495,#12496);
#12495 = CARTESIAN_POINT('',(0.,0.));
#12496 = VECTOR('',#12497,1.);
#12497 = DIRECTION('',(0.,-1.));
#12498 = ( GEOMETRIC_REPRESENTATION_CONTEXT(2) 
PARAMETRIC_REPRESENTATION_CONTEXT() REPRESENTATION_CONTEXT('2D SPACE',''
  ) );
#12499 = ORIENTED_EDGE('',*,*,#10742,.F.);
#12500 = ORIENTED_EDGE('',*,*,#12426,.F.);
#12501 = ORIENTED_EDGE('',*,*,#12453,.F.);
#12502 = ORIENTED_EDGE('',*,*,#4535,.T.);
#12503 = ADVANCED_FACE('',(#12504),#4523,.T.);
#12504 = FACE_BOUND('',#12505,.T.);
#12505 = EDGE_LOOP('',(#12506,#12529,#12550,#12551,#12552));
#12506 = ORIENTED_EDGE('',*,*,#12507,.F.);
#12507 = EDGE_CURVE('',#12508,#4476,#12510,.T.);
#12508 = VERTEX_POINT('',#12509);
#12509 = CARTESIAN_POINT('',(71.617094247025,-4.,-8.167056949062));
#12510 = SURFACE_CURVE('',#12511,(#12515,#12522),.PCURVE_S1.);
#12511 = LINE('',#12512,#12513);
#12512 = CARTESIAN_POINT('',(75.99926008129,-4.,-0.576923076923));
#12513 = VECTOR('',#12514,1.);
#12514 = DIRECTION('',(-0.5,-9.614813431918E-17,-0.866025403784));
#12515 = PCURVE('',#4523,#12516);
#12516 = DEFINITIONAL_REPRESENTATION('',(#12517),#12521);
#12517 = LINE('',#12518,#12519);
#12518 = CARTESIAN_POINT('',(1.664740504327,-2.331468351713E-15));
#12519 = VECTOR('',#12520,1.);
#12520 = DIRECTION('',(0.,-1.));
#12521 = ( GEOMETRIC_REPRESENTATION_CONTEXT(2) 
PARAMETRIC_REPRESENTATION_CONTEXT() REPRESENTATION_CONTEXT('2D SPACE',''
  ) );
#12522 = PCURVE('',#4491,#12523);
#12523 = DEFINITIONAL_REPRESENTATION('',(#12524),#12528);
#12524 = LINE('',#12525,#12526);
#12525 = CARTESIAN_POINT('',(0.99926008129,-0.576923076923));
#12526 = VECTOR('',#12527,1.);
#12527 = DIRECTION('',(-0.5,-0.866025403784));
#12528 = ( GEOMETRIC_REPRESENTATION_CONTEXT(2) 
PARAMETRIC_REPRESENTATION_CONTEXT() REPRESENTATION_CONTEXT('2D SPACE',''
  ) );
#12529 = ORIENTED_EDGE('',*,*,#12530,.T.);
#12530 = EDGE_CURVE('',#12508,#10770,#12531,.T.);
#12531 = SURFACE_CURVE('',#12532,(#12536,#12543),.PCURVE_S1.);
#12532 = LINE('',#12533,#12534);
#12533 = CARTESIAN_POINT('',(74.936190610758,-2.822634762149,
    -0.154049492915));
#12534 = VECTOR('',#12535,1.);
#12535 = DIRECTION('',(0.37920551205,0.134513535903,0.915483090117));
#12536 = PCURVE('',#4523,#12537);
#12537 = DEFINITIONAL_REPRESENTATION('',(#12538),#12542);
#12538 = LINE('',#12539,#12540);
#12539 = CARTESIAN_POINT('',(3.140083779588E-02,-0.165315468926));
#12540 = VECTOR('',#12541,1.);
#12541 = DIRECTION('',(-0.186608442998,0.982434368801));
#12542 = ( GEOMETRIC_REPRESENTATION_CONTEXT(2) 
PARAMETRIC_REPRESENTATION_CONTEXT() REPRESENTATION_CONTEXT('2D SPACE',''
  ) );
#12543 = PCURVE('',#4463,#12544);
#12544 = DEFINITIONAL_REPRESENTATION('',(#12545),#12549);
#12545 = LINE('',#12546,#12547);
#12546 = CARTESIAN_POINT('',(1.772068041891,-0.165315468926));
#12547 = VECTOR('',#12548,1.);
#12548 = DIRECTION('',(0.186608442998,0.982434368801));
#12549 = ( GEOMETRIC_REPRESENTATION_CONTEXT(2) 
PARAMETRIC_REPRESENTATION_CONTEXT() REPRESENTATION_CONTEXT('2D SPACE',''
  ) );
#12550 = ORIENTED_EDGE('',*,*,#10769,.F.);
#12551 = ORIENTED_EDGE('',*,*,#12479,.T.);
#12552 = ORIENTED_EDGE('',*,*,#4503,.T.);
#12553 = ADVANCED_FACE('',(#12554),#4491,.T.);
#12554 = FACE_BOUND('',#12555,.T.);
#12555 = EDGE_LOOP('',(#12556,#12577,#12578));
#12556 = ORIENTED_EDGE('',*,*,#12557,.T.);
#12557 = EDGE_CURVE('',#4444,#12508,#12558,.T.);
#12558 = SURFACE_CURVE('',#12559,(#12563,#12570),.PCURVE_S1.);
#12559 = LINE('',#12560,#12561);
#12560 = CARTESIAN_POINT('',(73.885470200436,-4.,0.298637359734));
#12561 = VECTOR('',#12562,1.);
#12562 = DIRECTION('',(0.258819045103,1.072393092426E-16,0.965925826289)
  );
#12563 = PCURVE('',#4491,#12564);
#12564 = DEFINITIONAL_REPRESENTATION('',(#12565),#12569);
#12565 = LINE('',#12566,#12567);
#12566 = CARTESIAN_POINT('',(-1.114529799564,0.298637359734));
#12567 = VECTOR('',#12568,1.);
#12568 = DIRECTION('',(0.258819045103,0.965925826289));
#12569 = ( GEOMETRIC_REPRESENTATION_CONTEXT(2) 
PARAMETRIC_REPRESENTATION_CONTEXT() REPRESENTATION_CONTEXT('2D SPACE',''
  ) );
#12570 = PCURVE('',#4463,#12571);
#12571 = DEFINITIONAL_REPRESENTATION('',(#12572),#12576);
#12572 = LINE('',#12573,#12574);
#12573 = CARTESIAN_POINT('',(0.138728375361,2.029626466893E-15));
#12574 = VECTOR('',#12575,1.);
#12575 = DIRECTION('',(0.,1.));
#12576 = ( GEOMETRIC_REPRESENTATION_CONTEXT(2) 
PARAMETRIC_REPRESENTATION_CONTEXT() REPRESENTATION_CONTEXT('2D SPACE',''
  ) );
#12577 = ORIENTED_EDGE('',*,*,#12507,.T.);
#12578 = ORIENTED_EDGE('',*,*,#4475,.T.);
#12579 = ADVANCED_FACE('',(#12580),#4463,.T.);
#12580 = FACE_BOUND('',#12581,.T.);
#12581 = EDGE_LOOP('',(#12582,#12603,#12604,#12605,#12606));
#12582 = ORIENTED_EDGE('',*,*,#12583,.F.);
#12583 = EDGE_CURVE('',#10797,#4412,#12584,.T.);
#12584 = SURFACE_CURVE('',#12585,(#12589,#12596),.PCURVE_S1.);
#12585 = LINE('',#12586,#12587);
#12586 = CARTESIAN_POINT('',(75.,-2.8,3.10862446895E-16));
#12587 = VECTOR('',#12588,1.);
#12588 = DIRECTION('',(-0.258819045103,-1.072393092426E-16,
    -0.965925826289));
#12589 = PCURVE('',#4463,#12590);
#12590 = DEFINITIONAL_REPRESENTATION('',(#12591),#12595);
#12591 = LINE('',#12592,#12593);
#12592 = CARTESIAN_POINT('',(1.803468879687,1.609823385706E-15));
#12593 = VECTOR('',#12594,1.);
#12594 = DIRECTION('',(0.,-1.));
#12595 = ( GEOMETRIC_REPRESENTATION_CONTEXT(2) 
PARAMETRIC_REPRESENTATION_CONTEXT() REPRESENTATION_CONTEXT('2D SPACE',''
  ) );
#12596 = PCURVE('',#4431,#12597);
#12597 = DEFINITIONAL_REPRESENTATION('',(#12598),#12602);
#12598 = LINE('',#12599,#12600);
#12599 = CARTESIAN_POINT('',(0.,0.));
#12600 = VECTOR('',#12601,1.);
#12601 = DIRECTION('',(-2.775557561563E-17,-1.));
#12602 = ( GEOMETRIC_REPRESENTATION_CONTEXT(2) 
PARAMETRIC_REPRESENTATION_CONTEXT() REPRESENTATION_CONTEXT('2D SPACE',''
  ) );
#12603 = ORIENTED_EDGE('',*,*,#10796,.F.);
#12604 = ORIENTED_EDGE('',*,*,#12530,.F.);
#12605 = ORIENTED_EDGE('',*,*,#12557,.F.);
#12606 = ORIENTED_EDGE('',*,*,#4443,.T.);
#12607 = ADVANCED_FACE('',(#12608),#4431,.T.);
#12608 = FACE_BOUND('',#12609,.T.);
#12609 = EDGE_LOOP('',(#12610,#12633,#12654,#12655,#12656));
#12610 = ORIENTED_EDGE('',*,*,#12611,.F.);
#12611 = EDGE_CURVE('',#12612,#4384,#12614,.T.);
#12612 = VERTEX_POINT('',#12613);
#12613 = CARTESIAN_POINT('',(73.846153846154,-4.,-8.764331668529));
#12614 = SURFACE_CURVE('',#12615,(#12619,#12626),.PCURVE_S1.);
#12615 = LINE('',#12616,#12617);
#12616 = CARTESIAN_POINT('',(76.114529799564,-4.,-0.298637359734));
#12617 = VECTOR('',#12618,1.);
#12618 = DIRECTION('',(-0.258819045103,-1.072393092426E-16,
    -0.965925826289));
#12619 = PCURVE('',#4431,#12620);
#12620 = DEFINITIONAL_REPRESENTATION('',(#12621),#12625);
#12621 = LINE('',#12622,#12623);
#12622 = CARTESIAN_POINT('',(1.664740504327,-3.330669073875E-16));
#12623 = VECTOR('',#12624,1.);
#12624 = DIRECTION('',(-2.775557561563E-17,-1.));
#12625 = ( GEOMETRIC_REPRESENTATION_CONTEXT(2) 
PARAMETRIC_REPRESENTATION_CONTEXT() REPRESENTATION_CONTEXT('2D SPACE',''
  ) );
#12626 = PCURVE('',#4399,#12627);
#12627 = DEFINITIONAL_REPRESENTATION('',(#12628),#12632);
#12628 = LINE('',#12629,#12630);
#12629 = CARTESIAN_POINT('',(1.114529799564,-0.298637359734));
#12630 = VECTOR('',#12631,1.);
#12631 = DIRECTION('',(-0.258819045103,-0.965925826289));
#12632 = ( GEOMETRIC_REPRESENTATION_CONTEXT(2) 
PARAMETRIC_REPRESENTATION_CONTEXT() REPRESENTATION_CONTEXT('2D SPACE',''
  ) );
#12633 = ORIENTED_EDGE('',*,*,#12634,.T.);
#12634 = EDGE_CURVE('',#12612,#10824,#12635,.T.);
#12635 = SURFACE_CURVE('',#12636,(#12640,#12647),.PCURVE_S1.);
#12636 = LINE('',#12637,#12638);
#12637 = CARTESIAN_POINT('',(74.978235805626,-2.822634762149,
    -0.165315468926));
#12638 = VECTOR('',#12639,1.);
#12639 = DIRECTION('',(0.129339938368,0.134513535903,0.982434368801));
#12640 = PCURVE('',#4431,#12641);
#12641 = DEFINITIONAL_REPRESENTATION('',(#12642),#12646);
#12642 = LINE('',#12643,#12644);
#12643 = CARTESIAN_POINT('',(3.140083779588E-02,-0.165315468926));
#12644 = VECTOR('',#12645,1.);
#12645 = DIRECTION('',(-0.186608442998,0.982434368801));
#12646 = ( GEOMETRIC_REPRESENTATION_CONTEXT(2) 
PARAMETRIC_REPRESENTATION_CONTEXT() REPRESENTATION_CONTEXT('2D SPACE',''
  ) );
#12647 = PCURVE('',#4371,#12648);
#12648 = DEFINITIONAL_REPRESENTATION('',(#12649),#12653);
#12649 = LINE('',#12650,#12651);
#12650 = CARTESIAN_POINT('',(1.772068041891,-0.165315468926));
#12651 = VECTOR('',#12652,1.);
#12652 = DIRECTION('',(0.186608442998,0.982434368801));
#12653 = ( GEOMETRIC_REPRESENTATION_CONTEXT(2) 
PARAMETRIC_REPRESENTATION_CONTEXT() REPRESENTATION_CONTEXT('2D SPACE',''
  ) );
#12654 = ORIENTED_EDGE('',*,*,#10823,.F.);
#12655 = ORIENTED_EDGE('',*,*,#12583,.T.);
#12656 = ORIENTED_EDGE('',*,*,#4411,.T.);
#12657 = ADVANCED_FACE('',(#12658),#4399,.T.);
#12658 = FACE_BOUND('',#12659,.T.);
#12659 = EDGE_LOOP('',(#12660,#12681,#12682));
#12660 = ORIENTED_EDGE('',*,*,#12661,.T.);
#12661 = EDGE_CURVE('',#4352,#12612,#12662,.T.);
#12662 = SURFACE_CURVE('',#12663,(#12667,#12674),.PCURVE_S1.);
#12663 = LINE('',#12664,#12665);
#12664 = CARTESIAN_POINT('',(73.846153846154,-4.,7.002945232251E-16));
#12665 = VECTOR('',#12666,1.);
#12666 = DIRECTION('',(2.22044604925E-16,1.110223024625E-16,1.));
#12667 = PCURVE('',#4399,#12668);
#12668 = DEFINITIONAL_REPRESENTATION('',(#12669),#12673);
#12669 = LINE('',#12670,#12671);
#12670 = CARTESIAN_POINT('',(-1.153846153846,2.56205313375E-16));
#12671 = VECTOR('',#12672,1.);
#12672 = DIRECTION('',(2.22044604925E-16,1.));
#12673 = ( GEOMETRIC_REPRESENTATION_CONTEXT(2) 
PARAMETRIC_REPRESENTATION_CONTEXT() REPRESENTATION_CONTEXT('2D SPACE',''
  ) );
#12674 = PCURVE('',#4371,#12675);
#12675 = DEFINITIONAL_REPRESENTATION('',(#12676),#12680);
#12676 = LINE('',#12677,#12678);
#12677 = CARTESIAN_POINT('',(0.138728375361,-2.169367489358E-30));
#12678 = VECTOR('',#12679,1.);
#12679 = DIRECTION('',(0.,1.));
#12680 = ( GEOMETRIC_REPRESENTATION_CONTEXT(2) 
PARAMETRIC_REPRESENTATION_CONTEXT() REPRESENTATION_CONTEXT('2D SPACE',''
  ) );
#12681 = ORIENTED_EDGE('',*,*,#12611,.T.);
#12682 = ORIENTED_EDGE('',*,*,#4383,.T.);
#12683 = ADVANCED_FACE('',(#12684),#4371,.T.);
#12684 = FACE_BOUND('',#12685,.T.);
#12685 = EDGE_LOOP('',(#12686,#12707,#12708,#12709,#12710));
#12686 = ORIENTED_EDGE('',*,*,#12687,.F.);
#12687 = EDGE_CURVE('',#10851,#4320,#12688,.T.);
#12688 = SURFACE_CURVE('',#12689,(#12693,#12700),.PCURVE_S1.);
#12689 = LINE('',#12690,#12691);
#12690 = CARTESIAN_POINT('',(75.,-2.8,3.10862446895E-16));
#12691 = VECTOR('',#12692,1.);
#12692 = DIRECTION('',(-2.22044604925E-16,-1.110223024625E-16,-1.));
#12693 = PCURVE('',#4371,#12694);
#12694 = DEFINITIONAL_REPRESENTATION('',(#12695),#12699);
#12695 = LINE('',#12696,#12697);
#12696 = CARTESIAN_POINT('',(1.803468879687,0.));
#12697 = VECTOR('',#12698,1.);
#12698 = DIRECTION('',(0.,-1.));
#12699 = ( GEOMETRIC_REPRESENTATION_CONTEXT(2) 
PARAMETRIC_REPRESENTATION_CONTEXT() REPRESENTATION_CONTEXT('2D SPACE',''
  ) );
#12700 = PCURVE('',#4339,#12701);
#12701 = DEFINITIONAL_REPRESENTATION('',(#12702),#12706);
#12702 = LINE('',#12703,#12704);
#12703 = CARTESIAN_POINT('',(0.,0.));
#12704 = VECTOR('',#12705,1.);
#12705 = DIRECTION('',(0.,-1.));
#12706 = ( GEOMETRIC_REPRESENTATION_CONTEXT(2) 
PARAMETRIC_REPRESENTATION_CONTEXT() REPRESENTATION_CONTEXT('2D SPACE',''
  ) );
#12707 = ORIENTED_EDGE('',*,*,#10850,.F.);
#12708 = ORIENTED_EDGE('',*,*,#12634,.F.);
#12709 = ORIENTED_EDGE('',*,*,#12661,.F.);
#12710 = ORIENTED_EDGE('',*,*,#4351,.T.);
#12711 = ADVANCED_FACE('',(#12712),#4339,.T.);
#12712 = FACE_BOUND('',#12713,.T.);
#12713 = EDGE_LOOP('',(#12714,#12737,#12758,#12759,#12760));
#12714 = ORIENTED_EDGE('',*,*,#12715,.F.);
#12715 = EDGE_CURVE('',#12716,#4292,#12718,.T.);
#12716 = VERTEX_POINT('',#12717);
#12717 = CARTESIAN_POINT('',(76.153846153846,-4.,-8.764331668529));
#12718 = SURFACE_CURVE('',#12719,(#12723,#12730),.PCURVE_S1.);
#12719 = LINE('',#12720,#12721);
#12720 = CARTESIAN_POINT('',(76.153846153846,-4.,1.87883896475E-16));
#12721 = VECTOR('',#12722,1.);
#12722 = DIRECTION('',(-2.22044604925E-16,-1.110223024625E-16,-1.));
#12723 = PCURVE('',#4339,#12724);
#12724 = DEFINITIONAL_REPRESENTATION('',(#12725),#12729);
#12725 = LINE('',#12726,#12727);
#12726 = CARTESIAN_POINT('',(1.664740504327,2.14471558607E-30));
#12727 = VECTOR('',#12728,1.);
#12728 = DIRECTION('',(0.,-1.));
#12729 = ( GEOMETRIC_REPRESENTATION_CONTEXT(2) 
PARAMETRIC_REPRESENTATION_CONTEXT() REPRESENTATION_CONTEXT('2D SPACE',''
  ) );
#12730 = PCURVE('',#4307,#12731);
#12731 = DEFINITIONAL_REPRESENTATION('',(#12732),#12736);
#12732 = LINE('',#12733,#12734);
#12733 = CARTESIAN_POINT('',(1.153846153846,-2.56205313375E-16));
#12734 = VECTOR('',#12735,1.);
#12735 = DIRECTION('',(-2.22044604925E-16,-1.));
#12736 = ( GEOMETRIC_REPRESENTATION_CONTEXT(2) 
PARAMETRIC_REPRESENTATION_CONTEXT() REPRESENTATION_CONTEXT('2D SPACE',''
  ) );
#12737 = ORIENTED_EDGE('',*,*,#12738,.T.);
#12738 = EDGE_CURVE('',#12716,#10878,#12739,.T.);
#12739 = SURFACE_CURVE('',#12740,(#12744,#12751),.PCURVE_S1.);
#12740 = LINE('',#12741,#12742);
#12741 = CARTESIAN_POINT('',(75.021764194374,-2.822634762149,
    -0.165315468926));
#12742 = VECTOR('',#12743,1.);
#12743 = DIRECTION('',(-0.129339938368,0.134513535903,0.982434368801));
#12744 = PCURVE('',#4339,#12745);
#12745 = DEFINITIONAL_REPRESENTATION('',(#12746),#12750);
#12746 = LINE('',#12747,#12748);
#12747 = CARTESIAN_POINT('',(3.140083779588E-02,-0.165315468926));
#12748 = VECTOR('',#12749,1.);
#12749 = DIRECTION('',(-0.186608442998,0.982434368801));
#12750 = ( GEOMETRIC_REPRESENTATION_CONTEXT(2) 
PARAMETRIC_REPRESENTATION_CONTEXT() REPRESENTATION_CONTEXT('2D SPACE',''
  ) );
#12751 = PCURVE('',#4279,#12752);
#12752 = DEFINITIONAL_REPRESENTATION('',(#12753),#12757);
#12753 = LINE('',#12754,#12755);
#12754 = CARTESIAN_POINT('',(1.772068041891,-0.165315468926));
#12755 = VECTOR('',#12756,1.);
#12756 = DIRECTION('',(0.186608442998,0.982434368801));
#12757 = ( GEOMETRIC_REPRESENTATION_CONTEXT(2) 
PARAMETRIC_REPRESENTATION_CONTEXT() REPRESENTATION_CONTEXT('2D SPACE',''
  ) );
#12758 = ORIENTED_EDGE('',*,*,#10877,.F.);
#12759 = ORIENTED_EDGE('',*,*,#12687,.T.);
#12760 = ORIENTED_EDGE('',*,*,#4319,.T.);
#12761 = ADVANCED_FACE('',(#12762),#4307,.T.);
#12762 = FACE_BOUND('',#12763,.T.);
#12763 = EDGE_LOOP('',(#12764,#12785,#12786));
#12764 = ORIENTED_EDGE('',*,*,#12765,.T.);
#12765 = EDGE_CURVE('',#4260,#12716,#12766,.T.);
#12766 = SURFACE_CURVE('',#12767,(#12771,#12778),.PCURVE_S1.);
#12767 = LINE('',#12768,#12769);
#12768 = CARTESIAN_POINT('',(73.885470200436,-4.,-0.298637359734));
#12769 = VECTOR('',#12770,1.);
#12770 = DIRECTION('',(-0.258819045103,1.072393092426E-16,0.965925826289
    ));
#12771 = PCURVE('',#4307,#12772);
#12772 = DEFINITIONAL_REPRESENTATION('',(#12773),#12777);
#12773 = LINE('',#12774,#12775);
#12774 = CARTESIAN_POINT('',(-1.114529799564,-0.298637359734));
#12775 = VECTOR('',#12776,1.);
#12776 = DIRECTION('',(-0.258819045103,0.965925826289));
#12777 = ( GEOMETRIC_REPRESENTATION_CONTEXT(2) 
PARAMETRIC_REPRESENTATION_CONTEXT() REPRESENTATION_CONTEXT('2D SPACE',''
  ) );
#12778 = PCURVE('',#4279,#12779);
#12779 = DEFINITIONAL_REPRESENTATION('',(#12780),#12784);
#12780 = LINE('',#12781,#12782);
#12781 = CARTESIAN_POINT('',(0.138728375361,-2.019218126037E-15));
#12782 = VECTOR('',#12783,1.);
#12783 = DIRECTION('',(0.,1.));
#12784 = ( GEOMETRIC_REPRESENTATION_CONTEXT(2) 
PARAMETRIC_REPRESENTATION_CONTEXT() REPRESENTATION_CONTEXT('2D SPACE',''
  ) );
#12785 = ORIENTED_EDGE('',*,*,#12715,.T.);
#12786 = ORIENTED_EDGE('',*,*,#4291,.T.);
#12787 = ADVANCED_FACE('',(#12788),#4279,.T.);
#12788 = FACE_BOUND('',#12789,.T.);
#12789 = EDGE_LOOP('',(#12790,#12811,#12812,#12813,#12814));
#12790 = ORIENTED_EDGE('',*,*,#12791,.F.);
#12791 = EDGE_CURVE('',#10905,#4228,#12792,.T.);
#12792 = SURFACE_CURVE('',#12793,(#12797,#12804),.PCURVE_S1.);
#12793 = LINE('',#12794,#12795);
#12794 = CARTESIAN_POINT('',(75.,-2.8,3.10862446895E-16));
#12795 = VECTOR('',#12796,1.);
#12796 = DIRECTION('',(0.258819045103,-1.072393092426E-16,
    -0.965925826289));
#12797 = PCURVE('',#4279,#12798);
#12798 = DEFINITIONAL_REPRESENTATION('',(#12799),#12803);
#12799 = LINE('',#12800,#12801);
#12800 = CARTESIAN_POINT('',(1.803468879687,-1.554312234475E-15));
#12801 = VECTOR('',#12802,1.);
#12802 = DIRECTION('',(0.,-1.));
#12803 = ( GEOMETRIC_REPRESENTATION_CONTEXT(2) 
PARAMETRIC_REPRESENTATION_CONTEXT() REPRESENTATION_CONTEXT('2D SPACE',''
  ) );
#12804 = PCURVE('',#4247,#12805);
#12805 = DEFINITIONAL_REPRESENTATION('',(#12806),#12810);
#12806 = LINE('',#12807,#12808);
#12807 = CARTESIAN_POINT('',(0.,0.));
#12808 = VECTOR('',#12809,1.);
#12809 = DIRECTION('',(-2.775557561563E-17,-1.));
#12810 = ( GEOMETRIC_REPRESENTATION_CONTEXT(2) 
PARAMETRIC_REPRESENTATION_CONTEXT() REPRESENTATION_CONTEXT('2D SPACE',''
  ) );
#12811 = ORIENTED_EDGE('',*,*,#10904,.F.);
#12812 = ORIENTED_EDGE('',*,*,#12738,.F.);
#12813 = ORIENTED_EDGE('',*,*,#12765,.F.);
#12814 = ORIENTED_EDGE('',*,*,#4259,.T.);
#12815 = ADVANCED_FACE('',(#12816),#4247,.T.);
#12816 = FACE_BOUND('',#12817,.T.);
#12817 = EDGE_LOOP('',(#12818,#12841,#12862,#12863,#12864));
#12818 = ORIENTED_EDGE('',*,*,#12819,.F.);
#12819 = EDGE_CURVE('',#12820,#4200,#12822,.T.);
#12820 = VERTEX_POINT('',#12821);
#12821 = CARTESIAN_POINT('',(78.382905752975,-4.,-8.167056949062));
#12822 = SURFACE_CURVE('',#12823,(#12827,#12834),.PCURVE_S1.);
#12823 = LINE('',#12824,#12825);
#12824 = CARTESIAN_POINT('',(76.114529799564,-4.,0.298637359734));
#12825 = VECTOR('',#12826,1.);
#12826 = DIRECTION('',(0.258819045103,-1.072393092426E-16,
    -0.965925826289));
#12827 = PCURVE('',#4247,#12828);
#12828 = DEFINITIONAL_REPRESENTATION('',(#12829),#12833);
#12829 = LINE('',#12830,#12831);
#12830 = CARTESIAN_POINT('',(1.664740504327,4.440892098501E-16));
#12831 = VECTOR('',#12832,1.);
#12832 = DIRECTION('',(-2.775557561563E-17,-1.));
#12833 = ( GEOMETRIC_REPRESENTATION_CONTEXT(2) 
PARAMETRIC_REPRESENTATION_CONTEXT() REPRESENTATION_CONTEXT('2D SPACE',''
  ) );
#12834 = PCURVE('',#4215,#12835);
#12835 = DEFINITIONAL_REPRESENTATION('',(#12836),#12840);
#12836 = LINE('',#12837,#12838);
#12837 = CARTESIAN_POINT('',(1.114529799564,0.298637359734));
#12838 = VECTOR('',#12839,1.);
#12839 = DIRECTION('',(0.258819045103,-0.965925826289));
#12840 = ( GEOMETRIC_REPRESENTATION_CONTEXT(2) 
PARAMETRIC_REPRESENTATION_CONTEXT() REPRESENTATION_CONTEXT('2D SPACE',''
  ) );
#12841 = ORIENTED_EDGE('',*,*,#12842,.T.);
#12842 = EDGE_CURVE('',#12820,#10932,#12843,.T.);
#12843 = SURFACE_CURVE('',#12844,(#12848,#12855),.PCURVE_S1.);
#12844 = LINE('',#12845,#12846);
#12845 = CARTESIAN_POINT('',(75.063809389242,-2.822634762149,
    -0.154049492915));
#12846 = VECTOR('',#12847,1.);
#12847 = DIRECTION('',(-0.37920551205,0.134513535903,0.915483090117));
#12848 = PCURVE('',#4247,#12849);
#12849 = DEFINITIONAL_REPRESENTATION('',(#12850),#12854);
#12850 = LINE('',#12851,#12852);
#12851 = CARTESIAN_POINT('',(3.140083779587E-02,-0.165315468926));
#12852 = VECTOR('',#12853,1.);
#12853 = DIRECTION('',(-0.186608442998,0.982434368801));
#12854 = ( GEOMETRIC_REPRESENTATION_CONTEXT(2) 
PARAMETRIC_REPRESENTATION_CONTEXT() REPRESENTATION_CONTEXT('2D SPACE',''
  ) );
#12855 = PCURVE('',#4187,#12856);
#12856 = DEFINITIONAL_REPRESENTATION('',(#12857),#12861);
#12857 = LINE('',#12858,#12859);
#12858 = CARTESIAN_POINT('',(1.772068041891,-0.165315468926));
#12859 = VECTOR('',#12860,1.);
#12860 = DIRECTION('',(0.186608442998,0.982434368801));
#12861 = ( GEOMETRIC_REPRESENTATION_CONTEXT(2) 
PARAMETRIC_REPRESENTATION_CONTEXT() REPRESENTATION_CONTEXT('2D SPACE',''
  ) );
#12862 = ORIENTED_EDGE('',*,*,#10931,.F.);
#12863 = ORIENTED_EDGE('',*,*,#12791,.T.);
#12864 = ORIENTED_EDGE('',*,*,#4227,.T.);
#12865 = ADVANCED_FACE('',(#12866),#4215,.T.);
#12866 = FACE_BOUND('',#12867,.T.);
#12867 = EDGE_LOOP('',(#12868,#12889,#12890));
#12868 = ORIENTED_EDGE('',*,*,#12869,.T.);
#12869 = EDGE_CURVE('',#4168,#12820,#12870,.T.);
#12870 = SURFACE_CURVE('',#12871,(#12875,#12882),.PCURVE_S1.);
#12871 = LINE('',#12872,#12873);
#12872 = CARTESIAN_POINT('',(74.00073991871,-4.,-0.576923076923));
#12873 = VECTOR('',#12874,1.);
#12874 = DIRECTION('',(-0.5,9.614813431918E-17,0.866025403784));
#12875 = PCURVE('',#4215,#12876);
#12876 = DEFINITIONAL_REPRESENTATION('',(#12877),#12881);
#12877 = LINE('',#12878,#12879);
#12878 = CARTESIAN_POINT('',(-0.99926008129,-0.576923076923));
#12879 = VECTOR('',#12880,1.);
#12880 = DIRECTION('',(-0.5,0.866025403784));
#12881 = ( GEOMETRIC_REPRESENTATION_CONTEXT(2) 
PARAMETRIC_REPRESENTATION_CONTEXT() REPRESENTATION_CONTEXT('2D SPACE',''
  ) );
#12882 = PCURVE('',#4187,#12883);
#12883 = DEFINITIONAL_REPRESENTATION('',(#12884),#12888);
#12884 = LINE('',#12885,#12886);
#12885 = CARTESIAN_POINT('',(0.138728375361,-5.696831895108E-15));
#12886 = VECTOR('',#12887,1.);
#12887 = DIRECTION('',(0.,1.));
#12888 = ( GEOMETRIC_REPRESENTATION_CONTEXT(2) 
PARAMETRIC_REPRESENTATION_CONTEXT() REPRESENTATION_CONTEXT('2D SPACE',''
  ) );
#12889 = ORIENTED_EDGE('',*,*,#12819,.T.);
#12890 = ORIENTED_EDGE('',*,*,#4199,.T.);
#12891 = ADVANCED_FACE('',(#12892),#4187,.T.);
#12892 = FACE_BOUND('',#12893,.T.);
#12893 = EDGE_LOOP('',(#12894,#12915,#12916,#12917,#12918));
#12894 = ORIENTED_EDGE('',*,*,#12895,.F.);
#12895 = EDGE_CURVE('',#10959,#4136,#12896,.T.);
#12896 = SURFACE_CURVE('',#12897,(#12901,#12908),.PCURVE_S1.);
#12897 = LINE('',#12898,#12899);
#12898 = CARTESIAN_POINT('',(75.,-2.8,3.10862446895E-16));
#12899 = VECTOR('',#12900,1.);
#12900 = DIRECTION('',(0.5,-9.614813431918E-17,-0.866025403784));
#12901 = PCURVE('',#4187,#12902);
#12902 = DEFINITIONAL_REPRESENTATION('',(#12903),#12907);
#12903 = LINE('',#12904,#12905);
#12904 = CARTESIAN_POINT('',(1.803468879687,-3.330669073875E-15));
#12905 = VECTOR('',#12906,1.);
#12906 = DIRECTION('',(0.,-1.));
#12907 = ( GEOMETRIC_REPRESENTATION_CONTEXT(2) 
PARAMETRIC_REPRESENTATION_CONTEXT() REPRESENTATION_CONTEXT('2D SPACE',''
  ) );
#12908 = PCURVE('',#4155,#12909);
#12909 = DEFINITIONAL_REPRESENTATION('',(#12910),#12914);
#12910 = LINE('',#12911,#12912);
#12911 = CARTESIAN_POINT('',(0.,0.));
#12912 = VECTOR('',#12913,1.);
#12913 = DIRECTION('',(0.,-1.));
#12914 = ( GEOMETRIC_REPRESENTATION_CONTEXT(2) 
PARAMETRIC_REPRESENTATION_CONTEXT() REPRESENTATION_CONTEXT('2D SPACE',''
  ) );
#12915 = ORIENTED_EDGE('',*,*,#10958,.F.);
#12916 = ORIENTED_EDGE('',*,*,#12842,.F.);
#12917 = ORIENTED_EDGE('',*,*,#12869,.F.);
#12918 = ORIENTED_EDGE('',*,*,#4167,.T.);
#12919 = ADVANCED_FACE('',(#12920),#4155,.T.);
#12920 = FACE_BOUND('',#12921,.T.);
#12921 = EDGE_LOOP('',(#12922,#12945,#12966,#12967,#12968));
#12922 = ORIENTED_EDGE('',*,*,#12923,.F.);
#12923 = EDGE_CURVE('',#12924,#4108,#12926,.T.);
#12924 = VERTEX_POINT('',#12925);
#12925 = CARTESIAN_POINT('',(80.381425915554,-4.,-7.013210795216));
#12926 = SURFACE_CURVE('',#12927,(#12931,#12938),.PCURVE_S1.);
#12927 = LINE('',#12928,#12929);
#12928 = CARTESIAN_POINT('',(75.99926008129,-4.,0.576923076923));
#12929 = VECTOR('',#12930,1.);
#12930 = DIRECTION('',(0.5,-9.614813431918E-17,-0.866025403784));
#12931 = PCURVE('',#4155,#12932);
#12932 = DEFINITIONAL_REPRESENTATION('',(#12933),#12937);
#12933 = LINE('',#12934,#12935);
#12934 = CARTESIAN_POINT('',(1.664740504327,2.498001805407E-15));
#12935 = VECTOR('',#12936,1.);
#12936 = DIRECTION('',(0.,-1.));
#12937 = ( GEOMETRIC_REPRESENTATION_CONTEXT(2) 
PARAMETRIC_REPRESENTATION_CONTEXT() REPRESENTATION_CONTEXT('2D SPACE',''
  ) );
#12938 = PCURVE('',#4123,#12939);
#12939 = DEFINITIONAL_REPRESENTATION('',(#12940),#12944);
#12940 = LINE('',#12941,#12942);
#12941 = CARTESIAN_POINT('',(0.99926008129,0.576923076923));
#12942 = VECTOR('',#12943,1.);
#12943 = DIRECTION('',(0.5,-0.866025403784));
#12944 = ( GEOMETRIC_REPRESENTATION_CONTEXT(2) 
PARAMETRIC_REPRESENTATION_CONTEXT() REPRESENTATION_CONTEXT('2D SPACE',''
  ) );
#12945 = ORIENTED_EDGE('',*,*,#12946,.T.);
#12946 = EDGE_CURVE('',#12924,#10986,#12947,.T.);
#12947 = SURFACE_CURVE('',#12948,(#12952,#12959),.PCURVE_S1.);
#12948 = LINE('',#12949,#12950);
#12949 = CARTESIAN_POINT('',(75.101506079684,-2.822634762149,
    -0.132285298541));
#12950 = VECTOR('',#12951,1.);
#12951 = DIRECTION('',(-0.603228856751,0.134513535903,0.786143151749));
#12952 = PCURVE('',#4155,#12953);
#12953 = DEFINITIONAL_REPRESENTATION('',(#12954),#12958);
#12954 = LINE('',#12955,#12956);
#12955 = CARTESIAN_POINT('',(3.140083779587E-02,-0.165315468926));
#12956 = VECTOR('',#12957,1.);
#12957 = DIRECTION('',(-0.186608442998,0.982434368801));
#12958 = ( GEOMETRIC_REPRESENTATION_CONTEXT(2) 
PARAMETRIC_REPRESENTATION_CONTEXT() REPRESENTATION_CONTEXT('2D SPACE',''
  ) );
#12959 = PCURVE('',#4095,#12960);
#12960 = DEFINITIONAL_REPRESENTATION('',(#12961),#12965);
#12961 = LINE('',#12962,#12963);
#12962 = CARTESIAN_POINT('',(1.772068041891,-0.165315468926));
#12963 = VECTOR('',#12964,1.);
#12964 = DIRECTION('',(0.186608442998,0.982434368801));
#12965 = ( GEOMETRIC_REPRESENTATION_CONTEXT(2) 
PARAMETRIC_REPRESENTATION_CONTEXT() REPRESENTATION_CONTEXT('2D SPACE',''
  ) );
#12966 = ORIENTED_EDGE('',*,*,#10985,.F.);
#12967 = ORIENTED_EDGE('',*,*,#12895,.T.);
#12968 = ORIENTED_EDGE('',*,*,#4135,.T.);
#12969 = ADVANCED_FACE('',(#12970),#4123,.T.);
#12970 = FACE_BOUND('',#12971,.T.);
#12971 = EDGE_LOOP('',(#12972,#12993,#12994));
#12972 = ORIENTED_EDGE('',*,*,#12973,.T.);
#12973 = EDGE_CURVE('',#4076,#12924,#12974,.T.);
#12974 = SURFACE_CURVE('',#12975,(#12979,#12986),.PCURVE_S1.);
#12975 = LINE('',#12976,#12977);
#12976 = CARTESIAN_POINT('',(74.184107560169,-4.,-0.815892439831));
#12977 = VECTOR('',#12978,1.);
#12978 = DIRECTION('',(-0.707106781187,7.850462293419E-17,0.707106781187
    ));
#12979 = PCURVE('',#4123,#12980);
#12980 = DEFINITIONAL_REPRESENTATION('',(#12981),#12985);
#12981 = LINE('',#12982,#12983);
#12982 = CARTESIAN_POINT('',(-0.815892439831,-0.815892439831));
#12983 = VECTOR('',#12984,1.);
#12984 = DIRECTION('',(-0.707106781187,0.707106781187));
#12985 = ( GEOMETRIC_REPRESENTATION_CONTEXT(2) 
PARAMETRIC_REPRESENTATION_CONTEXT() REPRESENTATION_CONTEXT('2D SPACE',''
  ) );
#12986 = PCURVE('',#4095,#12987);
#12987 = DEFINITIONAL_REPRESENTATION('',(#12988),#12992);
#12988 = LINE('',#12989,#12990);
#12989 = CARTESIAN_POINT('',(0.138728375361,-4.676814491233E-15));
#12990 = VECTOR('',#12991,1.);
#12991 = DIRECTION('',(-5.551115123126E-17,1.));
#12992 = ( GEOMETRIC_REPRESENTATION_CONTEXT(2) 
PARAMETRIC_REPRESENTATION_CONTEXT() REPRESENTATION_CONTEXT('2D SPACE',''
  ) );
#12993 = ORIENTED_EDGE('',*,*,#12923,.T.);
#12994 = ORIENTED_EDGE('',*,*,#4107,.T.);
#12995 = ADVANCED_FACE('',(#12996),#4095,.T.);
#12996 = FACE_BOUND('',#12997,.T.);
#12997 = EDGE_LOOP('',(#12998,#13019,#13020,#13021,#13022));
#12998 = ORIENTED_EDGE('',*,*,#12999,.F.);
#12999 = EDGE_CURVE('',#11013,#4044,#13000,.T.);
#13000 = SURFACE_CURVE('',#13001,(#13005,#13012),.PCURVE_S1.);
#13001 = LINE('',#13002,#13003);
#13002 = CARTESIAN_POINT('',(75.,-2.8,3.10862446895E-16));
#13003 = VECTOR('',#13004,1.);
#13004 = DIRECTION('',(0.707106781187,-7.850462293419E-17,
    -0.707106781187));
#13005 = PCURVE('',#4095,#13006);
#13006 = DEFINITIONAL_REPRESENTATION('',(#13007),#13011);
#13007 = LINE('',#13008,#13009);
#13008 = CARTESIAN_POINT('',(1.803468879687,-6.217248937901E-15));
#13009 = VECTOR('',#13010,1.);
#13010 = DIRECTION('',(-5.551115123126E-17,-1.));
#13011 = ( GEOMETRIC_REPRESENTATION_CONTEXT(2) 
PARAMETRIC_REPRESENTATION_CONTEXT() REPRESENTATION_CONTEXT('2D SPACE',''
  ) );
#13012 = PCURVE('',#4063,#13013);
#13013 = DEFINITIONAL_REPRESENTATION('',(#13014),#13018);
#13014 = LINE('',#13015,#13016);
#13015 = CARTESIAN_POINT('',(0.,0.));
#13016 = VECTOR('',#13017,1.);
#13017 = DIRECTION('',(0.,-1.));
#13018 = ( GEOMETRIC_REPRESENTATION_CONTEXT(2) 
PARAMETRIC_REPRESENTATION_CONTEXT() REPRESENTATION_CONTEXT('2D SPACE',''
  ) );
#13019 = ORIENTED_EDGE('',*,*,#11012,.F.);
#13020 = ORIENTED_EDGE('',*,*,#12946,.F.);
#13021 = ORIENTED_EDGE('',*,*,#12973,.F.);
#13022 = ORIENTED_EDGE('',*,*,#4075,.T.);
#13023 = ADVANCED_FACE('',(#13024),#4063,.T.);
#13024 = FACE_BOUND('',#13025,.T.);
#13025 = EDGE_LOOP('',(#13026,#13049,#13070,#13071,#13072));
#13026 = ORIENTED_EDGE('',*,*,#13027,.F.);
#13027 = EDGE_CURVE('',#13028,#4016,#13030,.T.);
#13028 = VERTEX_POINT('',#13029);
#13029 = CARTESIAN_POINT('',(82.013210795216,-4.,-5.381425915554));
#13030 = SURFACE_CURVE('',#13031,(#13035,#13042),.PCURVE_S1.);
#13031 = LINE('',#13032,#13033);
#13032 = CARTESIAN_POINT('',(75.815892439831,-4.,0.815892439831));
#13033 = VECTOR('',#13034,1.);
#13034 = DIRECTION('',(0.707106781187,-7.850462293419E-17,
    -0.707106781187));
#13035 = PCURVE('',#4063,#13036);
#13036 = DEFINITIONAL_REPRESENTATION('',(#13037),#13041);
#13037 = LINE('',#13038,#13039);
#13038 = CARTESIAN_POINT('',(1.664740504327,-1.443289932013E-15));
#13039 = VECTOR('',#13040,1.);
#13040 = DIRECTION('',(1.110223024625E-16,-1.));
#13041 = ( GEOMETRIC_REPRESENTATION_CONTEXT(2) 
PARAMETRIC_REPRESENTATION_CONTEXT() REPRESENTATION_CONTEXT('2D SPACE',''
  ) );
#13042 = PCURVE('',#4031,#13043);
#13043 = DEFINITIONAL_REPRESENTATION('',(#13044),#13048);
#13044 = LINE('',#13045,#13046);
#13045 = CARTESIAN_POINT('',(0.815892439831,0.815892439831));
#13046 = VECTOR('',#13047,1.);
#13047 = DIRECTION('',(0.707106781187,-0.707106781187));
#13048 = ( GEOMETRIC_REPRESENTATION_CONTEXT(2) 
PARAMETRIC_REPRESENTATION_CONTEXT() REPRESENTATION_CONTEXT('2D SPACE',''
  ) );
#13049 = ORIENTED_EDGE('',*,*,#13050,.T.);
#13050 = EDGE_CURVE('',#13028,#11040,#13051,.T.);
#13051 = SURFACE_CURVE('',#13052,(#13056,#13063),.PCURVE_S1.);
#13052 = LINE('',#13053,#13054);
#13053 = CARTESIAN_POINT('',(75.132285298541,-2.822634762149,
    -0.101506079684));
#13054 = VECTOR('',#13055,1.);
#13055 = DIRECTION('',(-0.786143151749,0.134513535903,0.603228856751));
#13056 = PCURVE('',#4063,#13057);
#13057 = DEFINITIONAL_REPRESENTATION('',(#13058),#13062);
#13058 = LINE('',#13059,#13060);
#13059 = CARTESIAN_POINT('',(3.140083779588E-02,-0.165315468926));
#13060 = VECTOR('',#13061,1.);
#13061 = DIRECTION('',(-0.186608442998,0.982434368801));
#13062 = ( GEOMETRIC_REPRESENTATION_CONTEXT(2) 
PARAMETRIC_REPRESENTATION_CONTEXT() REPRESENTATION_CONTEXT('2D SPACE',''
  ) );
#13063 = PCURVE('',#4003,#13064);
#13064 = DEFINITIONAL_REPRESENTATION('',(#13065),#13069);
#13065 = LINE('',#13066,#13067);
#13066 = CARTESIAN_POINT('',(1.772068041891,-0.165315468926));
#13067 = VECTOR('',#13068,1.);
#13068 = DIRECTION('',(0.186608442998,0.982434368801));
#13069 = ( GEOMETRIC_REPRESENTATION_CONTEXT(2) 
PARAMETRIC_REPRESENTATION_CONTEXT() REPRESENTATION_CONTEXT('2D SPACE',''
  ) );
#13070 = ORIENTED_EDGE('',*,*,#11039,.F.);
#13071 = ORIENTED_EDGE('',*,*,#12999,.T.);
#13072 = ORIENTED_EDGE('',*,*,#4043,.T.);
#13073 = ADVANCED_FACE('',(#13074),#4031,.T.);
#13074 = FACE_BOUND('',#13075,.T.);
#13075 = EDGE_LOOP('',(#13076,#13097,#13098));
#13076 = ORIENTED_EDGE('',*,*,#13077,.T.);
#13077 = EDGE_CURVE('',#3984,#13028,#13078,.T.);
#13078 = SURFACE_CURVE('',#13079,(#13083,#13090),.PCURVE_S1.);
#13079 = LINE('',#13080,#13081);
#13080 = CARTESIAN_POINT('',(74.423076923077,-4.,-0.99926008129));
#13081 = VECTOR('',#13082,1.);
#13082 = DIRECTION('',(-0.866025403784,5.551115123126E-17,0.5));
#13083 = PCURVE('',#4031,#13084);
#13084 = DEFINITIONAL_REPRESENTATION('',(#13085),#13089);
#13085 = LINE('',#13086,#13087);
#13086 = CARTESIAN_POINT('',(-0.576923076923,-0.99926008129));
#13087 = VECTOR('',#13088,1.);
#13088 = DIRECTION('',(-0.866025403784,0.5));
#13089 = ( GEOMETRIC_REPRESENTATION_CONTEXT(2) 
PARAMETRIC_REPRESENTATION_CONTEXT() REPRESENTATION_CONTEXT('2D SPACE',''
  ) );
#13090 = PCURVE('',#4003,#13091);
#13091 = DEFINITIONAL_REPRESENTATION('',(#13092),#13096);
#13092 = LINE('',#13093,#13094);
#13093 = CARTESIAN_POINT('',(0.138728375361,3.073929999431E-15));
#13094 = VECTOR('',#13095,1.);
#13095 = DIRECTION('',(0.,1.));
#13096 = ( GEOMETRIC_REPRESENTATION_CONTEXT(2) 
PARAMETRIC_REPRESENTATION_CONTEXT() REPRESENTATION_CONTEXT('2D SPACE',''
  ) );
#13097 = ORIENTED_EDGE('',*,*,#13027,.T.);
#13098 = ORIENTED_EDGE('',*,*,#4015,.T.);
#13099 = ADVANCED_FACE('',(#13100),#4003,.T.);
#13100 = FACE_BOUND('',#13101,.T.);
#13101 = EDGE_LOOP('',(#13102,#13123,#13124,#13125,#13126));
#13102 = ORIENTED_EDGE('',*,*,#13103,.F.);
#13103 = EDGE_CURVE('',#11067,#3952,#13104,.T.);
#13104 = SURFACE_CURVE('',#13105,(#13109,#13116),.PCURVE_S1.);
#13105 = LINE('',#13106,#13107);
#13106 = CARTESIAN_POINT('',(75.,-2.8,3.10862446895E-16));
#13107 = VECTOR('',#13108,1.);
#13108 = DIRECTION('',(0.866025403784,-5.551115123126E-17,-0.5));
#13109 = PCURVE('',#4003,#13110);
#13110 = DEFINITIONAL_REPRESENTATION('',(#13111),#13115);
#13111 = LINE('',#13112,#13113);
#13112 = CARTESIAN_POINT('',(1.803468879687,5.551115123126E-16));
#13113 = VECTOR('',#13114,1.);
#13114 = DIRECTION('',(0.,-1.));
#13115 = ( GEOMETRIC_REPRESENTATION_CONTEXT(2) 
PARAMETRIC_REPRESENTATION_CONTEXT() REPRESENTATION_CONTEXT('2D SPACE',''
  ) );
#13116 = PCURVE('',#3971,#13117);
#13117 = DEFINITIONAL_REPRESENTATION('',(#13118),#13122);
#13118 = LINE('',#13119,#13120);
#13119 = CARTESIAN_POINT('',(0.,0.));
#13120 = VECTOR('',#13121,1.);
#13121 = DIRECTION('',(0.,-1.));
#13122 = ( GEOMETRIC_REPRESENTATION_CONTEXT(2) 
PARAMETRIC_REPRESENTATION_CONTEXT() REPRESENTATION_CONTEXT('2D SPACE',''
  ) );
#13123 = ORIENTED_EDGE('',*,*,#11066,.F.);
#13124 = ORIENTED_EDGE('',*,*,#13050,.F.);
#13125 = ORIENTED_EDGE('',*,*,#13077,.F.);
#13126 = ORIENTED_EDGE('',*,*,#3983,.T.);
#13127 = ADVANCED_FACE('',(#13128),#3971,.T.);
#13128 = FACE_BOUND('',#13129,.T.);
#13129 = EDGE_LOOP('',(#13130,#13153,#13174,#13175,#13176));
#13130 = ORIENTED_EDGE('',*,*,#13131,.F.);
#13131 = EDGE_CURVE('',#13132,#3924,#13134,.T.);
#13132 = VERTEX_POINT('',#13133);
#13133 = CARTESIAN_POINT('',(83.167056949062,-4.,-3.382905752975));
#13134 = SURFACE_CURVE('',#13135,(#13139,#13146),.PCURVE_S1.);
#13135 = LINE('',#13136,#13137);
#13136 = CARTESIAN_POINT('',(75.576923076923,-4.,0.99926008129));
#13137 = VECTOR('',#13138,1.);
#13138 = DIRECTION('',(0.866025403784,-5.551115123126E-17,-0.5));
#13139 = PCURVE('',#3971,#13140);
#13140 = DEFINITIONAL_REPRESENTATION('',(#13141),#13145);
#13141 = LINE('',#13142,#13143);
#13142 = CARTESIAN_POINT('',(1.664740504327,-2.442490654175E-15));
#13143 = VECTOR('',#13144,1.);
#13144 = DIRECTION('',(0.,-1.));
#13145 = ( GEOMETRIC_REPRESENTATION_CONTEXT(2) 
PARAMETRIC_REPRESENTATION_CONTEXT() REPRESENTATION_CONTEXT('2D SPACE',''
  ) );
#13146 = PCURVE('',#3939,#13147);
#13147 = DEFINITIONAL_REPRESENTATION('',(#13148),#13152);
#13148 = LINE('',#13149,#13150);
#13149 = CARTESIAN_POINT('',(0.576923076923,0.99926008129));
#13150 = VECTOR('',#13151,1.);
#13151 = DIRECTION('',(0.866025403784,-0.5));
#13152 = ( GEOMETRIC_REPRESENTATION_CONTEXT(2) 
PARAMETRIC_REPRESENTATION_CONTEXT() REPRESENTATION_CONTEXT('2D SPACE',''
  ) );
#13153 = ORIENTED_EDGE('',*,*,#13154,.T.);
#13154 = EDGE_CURVE('',#13132,#11094,#13155,.T.);
#13155 = SURFACE_CURVE('',#13156,(#13160,#13167),.PCURVE_S1.);
#13156 = LINE('',#13157,#13158);
#13157 = CARTESIAN_POINT('',(75.154049492915,-2.822634762149,
    -6.380938924224E-02));
#13158 = VECTOR('',#13159,1.);
#13159 = DIRECTION('',(-0.915483090117,0.134513535903,0.37920551205));
#13160 = PCURVE('',#3971,#13161);
#13161 = DEFINITIONAL_REPRESENTATION('',(#13162),#13166);
#13162 = LINE('',#13163,#13164);
#13163 = CARTESIAN_POINT('',(3.140083779588E-02,-0.165315468926));
#13164 = VECTOR('',#13165,1.);
#13165 = DIRECTION('',(-0.186608442998,0.982434368801));
#13166 = ( GEOMETRIC_REPRESENTATION_CONTEXT(2) 
PARAMETRIC_REPRESENTATION_CONTEXT() REPRESENTATION_CONTEXT('2D SPACE',''
  ) );
#13167 = PCURVE('',#3911,#13168);
#13168 = DEFINITIONAL_REPRESENTATION('',(#13169),#13173);
#13169 = LINE('',#13170,#13171);
#13170 = CARTESIAN_POINT('',(1.772068041891,-0.165315468926));
#13171 = VECTOR('',#13172,1.);
#13172 = DIRECTION('',(0.186608442998,0.982434368801));
#13173 = ( GEOMETRIC_REPRESENTATION_CONTEXT(2) 
PARAMETRIC_REPRESENTATION_CONTEXT() REPRESENTATION_CONTEXT('2D SPACE',''
  ) );
#13174 = ORIENTED_EDGE('',*,*,#11093,.F.);
#13175 = ORIENTED_EDGE('',*,*,#13103,.T.);
#13176 = ORIENTED_EDGE('',*,*,#3951,.T.);
#13177 = ADVANCED_FACE('',(#13178),#3939,.T.);
#13178 = FACE_BOUND('',#13179,.T.);
#13179 = EDGE_LOOP('',(#13180,#13201,#13202));
#13180 = ORIENTED_EDGE('',*,*,#13181,.T.);
#13181 = EDGE_CURVE('',#3892,#13132,#13182,.T.);
#13182 = SURFACE_CURVE('',#13183,(#13187,#13194),.PCURVE_S1.);
#13183 = LINE('',#13184,#13185);
#13184 = CARTESIAN_POINT('',(74.701362640266,-4.,-1.114529799564));
#13185 = VECTOR('',#13186,1.);
#13186 = DIRECTION('',(-0.965925826289,2.873468630843E-17,0.258819045103
    ));
#13187 = PCURVE('',#3939,#13188);
#13188 = DEFINITIONAL_REPRESENTATION('',(#13189),#13193);
#13189 = LINE('',#13190,#13191);
#13190 = CARTESIAN_POINT('',(-0.298637359734,-1.114529799564));
#13191 = VECTOR('',#13192,1.);
#13192 = DIRECTION('',(-0.965925826289,0.258819045103));
#13193 = ( GEOMETRIC_REPRESENTATION_CONTEXT(2) 
PARAMETRIC_REPRESENTATION_CONTEXT() REPRESENTATION_CONTEXT('2D SPACE',''
  ) );
#13194 = PCURVE('',#3911,#13195);
#13195 = DEFINITIONAL_REPRESENTATION('',(#13196),#13200);
#13196 = LINE('',#13197,#13198);
#13197 = CARTESIAN_POINT('',(0.138728375361,4.857225732735E-17));
#13198 = VECTOR('',#13199,1.);
#13199 = DIRECTION('',(5.551115123126E-17,1.));
#13200 = ( GEOMETRIC_REPRESENTATION_CONTEXT(2) 
PARAMETRIC_REPRESENTATION_CONTEXT() REPRESENTATION_CONTEXT('2D SPACE',''
  ) );
#13201 = ORIENTED_EDGE('',*,*,#13131,.T.);
#13202 = ORIENTED_EDGE('',*,*,#3923,.T.);
#13203 = ADVANCED_FACE('',(#13204),#3911,.T.);
#13204 = FACE_BOUND('',#13205,.T.);
#13205 = EDGE_LOOP('',(#13206,#13227,#13228,#13229,#13230));
#13206 = ORIENTED_EDGE('',*,*,#13207,.F.);
#13207 = EDGE_CURVE('',#11121,#3860,#13208,.T.);
#13208 = SURFACE_CURVE('',#13209,(#13213,#13220),.PCURVE_S1.);
#13209 = LINE('',#13210,#13211);
#13210 = CARTESIAN_POINT('',(75.,-2.8,3.10862446895E-16));
#13211 = VECTOR('',#13212,1.);
#13212 = DIRECTION('',(0.965925826289,-2.873468630843E-17,
    -0.258819045103));
#13213 = PCURVE('',#3911,#13214);
#13214 = DEFINITIONAL_REPRESENTATION('',(#13215),#13219);
#13215 = LINE('',#13216,#13217);
#13216 = CARTESIAN_POINT('',(1.803468879687,2.831068712794E-15));
#13217 = VECTOR('',#13218,1.);
#13218 = DIRECTION('',(-2.775557561563E-17,-1.));
#13219 = ( GEOMETRIC_REPRESENTATION_CONTEXT(2) 
PARAMETRIC_REPRESENTATION_CONTEXT() REPRESENTATION_CONTEXT('2D SPACE',''
  ) );
#13220 = PCURVE('',#3879,#13221);
#13221 = DEFINITIONAL_REPRESENTATION('',(#13222),#13226);
#13222 = LINE('',#13223,#13224);
#13223 = CARTESIAN_POINT('',(0.,0.));
#13224 = VECTOR('',#13225,1.);
#13225 = DIRECTION('',(-2.775557561563E-17,-1.));
#13226 = ( GEOMETRIC_REPRESENTATION_CONTEXT(2) 
PARAMETRIC_REPRESENTATION_CONTEXT() REPRESENTATION_CONTEXT('2D SPACE',''
  ) );
#13227 = ORIENTED_EDGE('',*,*,#11120,.F.);
#13228 = ORIENTED_EDGE('',*,*,#13154,.F.);
#13229 = ORIENTED_EDGE('',*,*,#13181,.F.);
#13230 = ORIENTED_EDGE('',*,*,#3891,.T.);
#13231 = ADVANCED_FACE('',(#13232),#3879,.T.);
#13232 = FACE_BOUND('',#13233,.T.);
#13233 = EDGE_LOOP('',(#13234,#13257,#13258,#13259,#13260));
#13234 = ORIENTED_EDGE('',*,*,#13235,.F.);
#13235 = EDGE_CURVE('',#11148,#13236,#13238,.T.);
#13236 = VERTEX_POINT('',#13237);
#13237 = CARTESIAN_POINT('',(83.764331668529,-4.,-1.153846153846));
#13238 = SURFACE_CURVE('',#13239,(#13243,#13250),.PCURVE_S1.);
#13239 = LINE('',#13240,#13241);
#13240 = CARTESIAN_POINT('',(75.,-2.8,3.10862446895E-16));
#13241 = VECTOR('',#13242,1.);
#13242 = DIRECTION('',(0.982434368801,-0.134513535903,-0.129339938368));
#13243 = PCURVE('',#3879,#13244);
#13244 = DEFINITIONAL_REPRESENTATION('',(#13245),#13249);
#13245 = LINE('',#13246,#13247);
#13246 = CARTESIAN_POINT('',(0.,0.));
#13247 = VECTOR('',#13248,1.);
#13248 = DIRECTION('',(0.186608442998,-0.982434368801));
#13249 = ( GEOMETRIC_REPRESENTATION_CONTEXT(2) 
PARAMETRIC_REPRESENTATION_CONTEXT() REPRESENTATION_CONTEXT('2D SPACE',''
  ) );
#13250 = PCURVE('',#3819,#13251);
#13251 = DEFINITIONAL_REPRESENTATION('',(#13252),#13256);
#13252 = LINE('',#13253,#13254);
#13253 = CARTESIAN_POINT('',(-0.,0.));
#13254 = VECTOR('',#13255,1.);
#13255 = DIRECTION('',(0.186608442998,0.982434368801));
#13256 = ( GEOMETRIC_REPRESENTATION_CONTEXT(2) 
PARAMETRIC_REPRESENTATION_CONTEXT() REPRESENTATION_CONTEXT('2D SPACE',''
  ) );
#13257 = ORIENTED_EDGE('',*,*,#11147,.F.);
#13258 = ORIENTED_EDGE('',*,*,#13207,.T.);
#13259 = ORIENTED_EDGE('',*,*,#3859,.T.);
#13260 = ORIENTED_EDGE('',*,*,#13261,.F.);
#13261 = EDGE_CURVE('',#13236,#3832,#13262,.T.);
#13262 = SURFACE_CURVE('',#13263,(#13267,#13274),.PCURVE_S1.);
#13263 = LINE('',#13264,#13265);
#13264 = CARTESIAN_POINT('',(75.298637359734,-4.,1.114529799564));
#13265 = VECTOR('',#13266,1.);
#13266 = DIRECTION('',(0.965925826289,-2.873468630843E-17,
    -0.258819045103));
#13267 = PCURVE('',#3879,#13268);
#13268 = DEFINITIONAL_REPRESENTATION('',(#13269),#13273);
#13269 = LINE('',#13270,#13271);
#13270 = CARTESIAN_POINT('',(1.664740504327,2.6645352591E-15));
#13271 = VECTOR('',#13272,1.);
#13272 = DIRECTION('',(-8.326672684689E-17,-1.));
#13273 = ( GEOMETRIC_REPRESENTATION_CONTEXT(2) 
PARAMETRIC_REPRESENTATION_CONTEXT() REPRESENTATION_CONTEXT('2D SPACE',''
  ) );
#13274 = PCURVE('',#3847,#13275);
#13275 = DEFINITIONAL_REPRESENTATION('',(#13276),#13280);
#13276 = LINE('',#13277,#13278);
#13277 = CARTESIAN_POINT('',(0.298637359734,1.114529799564));
#13278 = VECTOR('',#13279,1.);
#13279 = DIRECTION('',(0.965925826289,-0.258819045103));
#13280 = ( GEOMETRIC_REPRESENTATION_CONTEXT(2) 
PARAMETRIC_REPRESENTATION_CONTEXT() REPRESENTATION_CONTEXT('2D SPACE',''
  ) );
#13281 = ADVANCED_FACE('',(#13282),#3847,.T.);
#13282 = FACE_BOUND('',#13283,.T.);
#13283 = EDGE_LOOP('',(#13284,#13305,#13306));
#13284 = ORIENTED_EDGE('',*,*,#13285,.F.);
#13285 = EDGE_CURVE('',#13236,#3800,#13286,.T.);
#13286 = SURFACE_CURVE('',#13287,(#13291,#13298),.PCURVE_S1.);
#13287 = LINE('',#13288,#13289);
#13288 = CARTESIAN_POINT('',(55.033311765512,-4.,-1.153846153846));
#13289 = VECTOR('',#13290,1.);
#13290 = DIRECTION('',(1.,-4.506478287488E-32,-4.059074787257E-16));
#13291 = PCURVE('',#3847,#13292);
#13292 = DEFINITIONAL_REPRESENTATION('',(#13293),#13297);
#13293 = LINE('',#13294,#13295);
#13294 = CARTESIAN_POINT('',(-19.96668823448,-1.153846153846));
#13295 = VECTOR('',#13296,1.);
#13296 = DIRECTION('',(1.,-4.059074787257E-16));
#13297 = ( GEOMETRIC_REPRESENTATION_CONTEXT(2) 
PARAMETRIC_REPRESENTATION_CONTEXT() REPRESENTATION_CONTEXT('2D SPACE',''
  ) );
#13298 = PCURVE('',#3819,#13299);
#13299 = DEFINITIONAL_REPRESENTATION('',(#13300),#13304);
#13300 = LINE('',#13301,#13302);
#13301 = CARTESIAN_POINT('',(1.664740504327,-19.96668823448));
#13302 = VECTOR('',#13303,1.);
#13303 = DIRECTION('',(1.964566744147E-16,1.));
#13304 = ( GEOMETRIC_REPRESENTATION_CONTEXT(2) 
PARAMETRIC_REPRESENTATION_CONTEXT() REPRESENTATION_CONTEXT('2D SPACE',''
  ) );
#13305 = ORIENTED_EDGE('',*,*,#13261,.T.);
#13306 = ORIENTED_EDGE('',*,*,#3831,.T.);
#13307 = ADVANCED_FACE('',(#13308),#3819,.T.);
#13308 = FACE_BOUND('',#13309,.T.);
#13309 = EDGE_LOOP('',(#13310,#13311,#13312,#13313,#13314));
#13310 = ORIENTED_EDGE('',*,*,#12246,.F.);
#13311 = ORIENTED_EDGE('',*,*,#11174,.F.);
#13312 = ORIENTED_EDGE('',*,*,#13235,.T.);
#13313 = ORIENTED_EDGE('',*,*,#13285,.T.);
#13314 = ORIENTED_EDGE('',*,*,#3799,.T.);
#13315 = ( GEOMETRIC_REPRESENTATION_CONTEXT(3) 
GLOBAL_UNCERTAINTY_ASSIGNED_CONTEXT((#13319)) 
GLOBAL_UNIT_ASSIGNED_CONTEXT((#13316,#13317,#13318)) 
REPRESENTATION_CONTEXT('Context #1',
  '3D Context with UNIT and UNCERTAINTY') );
#13316 = ( LENGTH_UNIT() NAMED_UNIT(*) SI_UNIT(.MILLI.,.METRE.) );
#13317 = ( NAMED_UNIT(*) PLANE_ANGLE_UNIT() SI_UNIT($,.RADIAN.) );
#13318 = ( NAMED_UNIT(*) SI_UNIT($,.STERADIAN.) SOLID_ANGLE_UNIT() );
#13319 = UNCERTAINTY_MEASURE_WITH_UNIT(LENGTH_MEASURE(1.E-07),#13316,
  'distance_accuracy_value','confusion accuracy');
#13320 = PRODUCT_RELATED_PRODUCT_CATEGORY('part',$,(#7));
ENDSEC;
END-ISO-10303-21;
