ISO-10303-21;
HEADER;
FILE_DESCRIPTION(('Open CASCADE Model'),'2;1');
FILE_NAME('Open CASCADE Shape Model','2026-05-31T15:12:00',('Author'),(
    'Open CASCADE'),'Open CASCADE STEP processor 7.7','Open CASCADE 7.7'
  ,'Unknown');
FILE_SCHEMA(('AUTOMOTIVE_DESIGN { 1 0 10303 214 1 1 1 1 }'));
ENDSEC;
DATA;
#1 = APPLICATION_PROTOCOL_DEFINITION('international standard',
  'automotive_design',2000,#2);
#2 = APPLICATION_CONTEXT(
  'core data for automotive mechanical design processes');
#3 = SHAPE_DEFINITION_REPRESENTATION(#4,#10);
#4 = PRODUCT_DEFINITION_SHAPE('','',#5);
#5 = PRODUCT_DEFINITION('design','',#6,#9);
#6 = PRODUCT_DEFINITION_FORMATION('','',#7);
#7 = PRODUCT('Open CASCADE STEP translator 7.7 5',
  'Open CASCADE STEP translator 7.7 5','',(#8));
#8 = PRODUCT_CONTEXT('',#2,'mechanical');
#9 = PRODUCT_DEFINITION_CONTEXT('part definition',#2,'design');
#10 = ADVANCED_BREP_SHAPE_REPRESENTATION('',(#11,#15),#7584);
#11 = AXIS2_PLACEMENT_3D('',#12,#13,#14);
#12 = CARTESIAN_POINT('',(0.,0.,0.));
#13 = DIRECTION('',(0.,0.,1.));
#14 = DIRECTION('',(1.,0.,-0.));
#15 = MANIFOLD_SOLID_BREP('',#16);
#16 = CLOSED_SHELL('',(#17,#137,#477,#527,#581,#952,#979,#1006,#1033,
    #1060,#1067,#1094,#1121,#1148,#1175,#1249,#1371,#1418,#1449,#1480,
    #3202,#3766,#5088,#5158,#5184,#5212,#5262,#5288,#5316,#5366,#5392,
    #5420,#5470,#5496,#5524,#5574,#5600,#5628,#5678,#5704,#5732,#5782,
    #5808,#5836,#5886,#5912,#5940,#5990,#6016,#6044,#6094,#6120,#6148,
    #6198,#6224,#6252,#6302,#6328,#6356,#6406,#6432,#6460,#6510,#6536,
    #6564,#6614,#6640,#6668,#6718,#6744,#6772,#6822,#6848,#6876,#6926,
    #6952,#6980,#7028,#7076,#7126,#7152,#7180,#7230,#7256,#7284,#7334,
    #7360,#7388,#7438,#7464,#7492,#7542,#7568,#7576));
#17 = ADVANCED_FACE('',(#18),#32,.F.);
#18 = FACE_BOUND('',#19,.F.);
#19 = EDGE_LOOP('',(#20,#55,#83,#111));
#20 = ORIENTED_EDGE('',*,*,#21,.F.);
#21 = EDGE_CURVE('',#22,#24,#26,.T.);
#22 = VERTEX_POINT('',#23);
#23 = CARTESIAN_POINT('',(-30.,-26.,6.));
#24 = VERTEX_POINT('',#25);
#25 = CARTESIAN_POINT('',(-30.,26.,6.));
#26 = SURFACE_CURVE('',#27,(#31,#43),.PCURVE_S1.);
#27 = LINE('',#28,#29);
#28 = CARTESIAN_POINT('',(-30.,-30.,6.));
#29 = VECTOR('',#30,1.);
#30 = DIRECTION('',(0.,1.,0.));
#31 = PCURVE('',#32,#37);
#32 = PLANE('',#33);
#33 = AXIS2_PLACEMENT_3D('',#34,#35,#36);
#34 = CARTESIAN_POINT('',(-30.,-30.,0.));
#35 = DIRECTION('',(1.,0.,0.));
#36 = DIRECTION('',(0.,0.,1.));
#37 = DEFINITIONAL_REPRESENTATION('',(#38),#42);
#38 = LINE('',#39,#40);
#39 = CARTESIAN_POINT('',(6.,0.));
#40 = VECTOR('',#41,1.);
#41 = DIRECTION('',(0.,-1.));
#42 = ( GEOMETRIC_REPRESENTATION_CONTEXT(2) 
PARAMETRIC_REPRESENTATION_CONTEXT() REPRESENTATION_CONTEXT('2D SPACE',''
  ) );
#43 = PCURVE('',#44,#49);
#44 = PLANE('',#45);
#45 = AXIS2_PLACEMENT_3D('',#46,#47,#48);
#46 = CARTESIAN_POINT('',(-30.,-30.,6.));
#47 = DIRECTION('',(0.,0.,1.));
#48 = DIRECTION('',(1.,0.,0.));
#49 = DEFINITIONAL_REPRESENTATION('',(#50),#54);
#50 = LINE('',#51,#52);
#51 = CARTESIAN_POINT('',(0.,0.));
#52 = VECTOR('',#53,1.);
#53 = DIRECTION('',(0.,1.));
#54 = ( GEOMETRIC_REPRESENTATION_CONTEXT(2) 
PARAMETRIC_REPRESENTATION_CONTEXT() REPRESENTATION_CONTEXT('2D SPACE',''
  ) );
#55 = ORIENTED_EDGE('',*,*,#56,.F.);
#56 = EDGE_CURVE('',#57,#22,#59,.T.);
#57 = VERTEX_POINT('',#58);
#58 = CARTESIAN_POINT('',(-30.,-26.,0.));
#59 = SURFACE_CURVE('',#60,(#64,#71),.PCURVE_S1.);
#60 = LINE('',#61,#62);
#61 = CARTESIAN_POINT('',(-30.,-26.,0.));
#62 = VECTOR('',#63,1.);
#63 = DIRECTION('',(0.,0.,1.));
#64 = PCURVE('',#32,#65);
#65 = DEFINITIONAL_REPRESENTATION('',(#66),#70);
#66 = LINE('',#67,#68);
#67 = CARTESIAN_POINT('',(0.,-4.));
#68 = VECTOR('',#69,1.);
#69 = DIRECTION('',(1.,0.));
#70 = ( GEOMETRIC_REPRESENTATION_CONTEXT(2) 
PARAMETRIC_REPRESENTATION_CONTEXT() REPRESENTATION_CONTEXT('2D SPACE',''
  ) );
#71 = PCURVE('',#72,#77);
#72 = CYLINDRICAL_SURFACE('',#73,4.);
#73 = AXIS2_PLACEMENT_3D('',#74,#75,#76);
#74 = CARTESIAN_POINT('',(-26.,-26.,0.));
#75 = DIRECTION('',(0.,0.,1.));
#76 = DIRECTION('',(-1.,-0.,0.));
#77 = DEFINITIONAL_REPRESENTATION('',(#78),#82);
#78 = LINE('',#79,#80);
#79 = CARTESIAN_POINT('',(0.,0.));
#80 = VECTOR('',#81,1.);
#81 = DIRECTION('',(0.,1.));
#82 = ( GEOMETRIC_REPRESENTATION_CONTEXT(2) 
PARAMETRIC_REPRESENTATION_CONTEXT() REPRESENTATION_CONTEXT('2D SPACE',''
  ) );
#83 = ORIENTED_EDGE('',*,*,#84,.T.);
#84 = EDGE_CURVE('',#57,#85,#87,.T.);
#85 = VERTEX_POINT('',#86);
#86 = CARTESIAN_POINT('',(-30.,26.,0.));
#87 = SURFACE_CURVE('',#88,(#92,#99),.PCURVE_S1.);
#88 = LINE('',#89,#90);
#89 = CARTESIAN_POINT('',(-30.,-30.,0.));
#90 = VECTOR('',#91,1.);
#91 = DIRECTION('',(0.,1.,0.));
#92 = PCURVE('',#32,#93);
#93 = DEFINITIONAL_REPRESENTATION('',(#94),#98);
#94 = LINE('',#95,#96);
#95 = CARTESIAN_POINT('',(0.,0.));
#96 = VECTOR('',#97,1.);
#97 = DIRECTION('',(0.,-1.));
#98 = ( GEOMETRIC_REPRESENTATION_CONTEXT(2) 
PARAMETRIC_REPRESENTATION_CONTEXT() REPRESENTATION_CONTEXT('2D SPACE',''
  ) );
#99 = PCURVE('',#100,#105);
#100 = PLANE('',#101);
#101 = AXIS2_PLACEMENT_3D('',#102,#103,#104);
#102 = CARTESIAN_POINT('',(-30.,-30.,0.));
#103 = DIRECTION('',(0.,0.,1.));
#104 = DIRECTION('',(1.,0.,0.));
#105 = DEFINITIONAL_REPRESENTATION('',(#106),#110);
#106 = LINE('',#107,#108);
#107 = CARTESIAN_POINT('',(0.,0.));
#108 = VECTOR('',#109,1.);
#109 = DIRECTION('',(0.,1.));
#110 = ( GEOMETRIC_REPRESENTATION_CONTEXT(2) 
PARAMETRIC_REPRESENTATION_CONTEXT() REPRESENTATION_CONTEXT('2D SPACE',''
  ) );
#111 = ORIENTED_EDGE('',*,*,#112,.T.);
#112 = EDGE_CURVE('',#85,#24,#113,.T.);
#113 = SURFACE_CURVE('',#114,(#118,#125),.PCURVE_S1.);
#114 = LINE('',#115,#116);
#115 = CARTESIAN_POINT('',(-30.,26.,0.));
#116 = VECTOR('',#117,1.);
#117 = DIRECTION('',(0.,0.,1.));
#118 = PCURVE('',#32,#119);
#119 = DEFINITIONAL_REPRESENTATION('',(#120),#124);
#120 = LINE('',#121,#122);
#121 = CARTESIAN_POINT('',(0.,-56.));
#122 = VECTOR('',#123,1.);
#123 = DIRECTION('',(1.,0.));
#124 = ( GEOMETRIC_REPRESENTATION_CONTEXT(2) 
PARAMETRIC_REPRESENTATION_CONTEXT() REPRESENTATION_CONTEXT('2D SPACE',''
  ) );
#125 = PCURVE('',#126,#131);
#126 = CYLINDRICAL_SURFACE('',#127,4.);
#127 = AXIS2_PLACEMENT_3D('',#128,#129,#130);
#128 = CARTESIAN_POINT('',(-26.,26.,0.));
#129 = DIRECTION('',(0.,0.,1.));
#130 = DIRECTION('',(-1.,-0.,0.));
#131 = DEFINITIONAL_REPRESENTATION('',(#132),#136);
#132 = LINE('',#133,#134);
#133 = CARTESIAN_POINT('',(-0.,0.));
#134 = VECTOR('',#135,1.);
#135 = DIRECTION('',(-0.,1.));
#136 = ( GEOMETRIC_REPRESENTATION_CONTEXT(2) 
PARAMETRIC_REPRESENTATION_CONTEXT() REPRESENTATION_CONTEXT('2D SPACE',''
  ) );
#137 = ADVANCED_FACE('',(#138,#337,#372,#407,#442),#44,.T.);
#138 = FACE_BOUND('',#139,.T.);
#139 = EDGE_LOOP('',(#140,#141,#165,#193,#226,#254,#283,#311));
#140 = ORIENTED_EDGE('',*,*,#21,.F.);
#141 = ORIENTED_EDGE('',*,*,#142,.T.);
#142 = EDGE_CURVE('',#22,#143,#145,.T.);
#143 = VERTEX_POINT('',#144);
#144 = CARTESIAN_POINT('',(-26.,-30.,6.));
#145 = SURFACE_CURVE('',#146,(#151,#158),.PCURVE_S1.);
#146 = CIRCLE('',#147,4.);
#147 = AXIS2_PLACEMENT_3D('',#148,#149,#150);
#148 = CARTESIAN_POINT('',(-26.,-26.,6.));
#149 = DIRECTION('',(0.,0.,1.));
#150 = DIRECTION('',(0.,-1.,0.));
#151 = PCURVE('',#44,#152);
#152 = DEFINITIONAL_REPRESENTATION('',(#153),#157);
#153 = CIRCLE('',#154,4.);
#154 = AXIS2_PLACEMENT_2D('',#155,#156);
#155 = CARTESIAN_POINT('',(4.,4.));
#156 = DIRECTION('',(0.,-1.));
#157 = ( GEOMETRIC_REPRESENTATION_CONTEXT(2) 
PARAMETRIC_REPRESENTATION_CONTEXT() REPRESENTATION_CONTEXT('2D SPACE',''
  ) );
#158 = PCURVE('',#72,#159);
#159 = DEFINITIONAL_REPRESENTATION('',(#160),#164);
#160 = LINE('',#161,#162);
#161 = CARTESIAN_POINT('',(-4.712388980385,6.));
#162 = VECTOR('',#163,1.);
#163 = DIRECTION('',(1.,0.));
#164 = ( GEOMETRIC_REPRESENTATION_CONTEXT(2) 
PARAMETRIC_REPRESENTATION_CONTEXT() REPRESENTATION_CONTEXT('2D SPACE',''
  ) );
#165 = ORIENTED_EDGE('',*,*,#166,.T.);
#166 = EDGE_CURVE('',#143,#167,#169,.T.);
#167 = VERTEX_POINT('',#168);
#168 = CARTESIAN_POINT('',(26.,-30.,6.));
#169 = SURFACE_CURVE('',#170,(#174,#181),.PCURVE_S1.);
#170 = LINE('',#171,#172);
#171 = CARTESIAN_POINT('',(-30.,-30.,6.));
#172 = VECTOR('',#173,1.);
#173 = DIRECTION('',(1.,0.,0.));
#174 = PCURVE('',#44,#175);
#175 = DEFINITIONAL_REPRESENTATION('',(#176),#180);
#176 = LINE('',#177,#178);
#177 = CARTESIAN_POINT('',(0.,0.));
#178 = VECTOR('',#179,1.);
#179 = DIRECTION('',(1.,0.));
#180 = ( GEOMETRIC_REPRESENTATION_CONTEXT(2) 
PARAMETRIC_REPRESENTATION_CONTEXT() REPRESENTATION_CONTEXT('2D SPACE',''
  ) );
#181 = PCURVE('',#182,#187);
#182 = PLANE('',#183);
#183 = AXIS2_PLACEMENT_3D('',#184,#185,#186);
#184 = CARTESIAN_POINT('',(-30.,-30.,0.));
#185 = DIRECTION('',(0.,1.,0.));
#186 = DIRECTION('',(0.,0.,1.));
#187 = DEFINITIONAL_REPRESENTATION('',(#188),#192);
#188 = LINE('',#189,#190);
#189 = CARTESIAN_POINT('',(6.,0.));
#190 = VECTOR('',#191,1.);
#191 = DIRECTION('',(0.,1.));
#192 = ( GEOMETRIC_REPRESENTATION_CONTEXT(2) 
PARAMETRIC_REPRESENTATION_CONTEXT() REPRESENTATION_CONTEXT('2D SPACE',''
  ) );
#193 = ORIENTED_EDGE('',*,*,#194,.F.);
#194 = EDGE_CURVE('',#195,#167,#197,.T.);
#195 = VERTEX_POINT('',#196);
#196 = CARTESIAN_POINT('',(30.,-26.,6.));
#197 = SURFACE_CURVE('',#198,(#203,#214),.PCURVE_S1.);
#198 = CIRCLE('',#199,4.);
#199 = AXIS2_PLACEMENT_3D('',#200,#201,#202);
#200 = CARTESIAN_POINT('',(26.,-26.,6.));
#201 = DIRECTION('',(-0.,-0.,-1.));
#202 = DIRECTION('',(0.,-1.,0.));
#203 = PCURVE('',#44,#204);
#204 = DEFINITIONAL_REPRESENTATION('',(#205),#213);
#205 = ( BOUNDED_CURVE() B_SPLINE_CURVE(2,(#206,#207,#208,#209,#210,#211
,#212),.UNSPECIFIED.,.T.,.F.) B_SPLINE_CURVE_WITH_KNOTS((1,2,2,2,2,1),(
    -2.094395102393,0.,2.094395102393,4.188790204786,6.28318530718,
8.377580409573),.UNSPECIFIED.) CURVE() GEOMETRIC_REPRESENTATION_ITEM() 
RATIONAL_B_SPLINE_CURVE((1.,0.5,1.,0.5,1.,0.5,1.)) REPRESENTATION_ITEM(
  '') );
#206 = CARTESIAN_POINT('',(56.,0.));
#207 = CARTESIAN_POINT('',(49.071796769724,0.));
#208 = CARTESIAN_POINT('',(52.535898384862,6.));
#209 = CARTESIAN_POINT('',(56.,12.));
#210 = CARTESIAN_POINT('',(59.464101615138,6.));
#211 = CARTESIAN_POINT('',(62.928203230276,6.217248937901E-15));
#212 = CARTESIAN_POINT('',(56.,0.));
#213 = ( GEOMETRIC_REPRESENTATION_CONTEXT(2) 
PARAMETRIC_REPRESENTATION_CONTEXT() REPRESENTATION_CONTEXT('2D SPACE',''
  ) );
#214 = PCURVE('',#215,#220);
#215 = CYLINDRICAL_SURFACE('',#216,4.);
#216 = AXIS2_PLACEMENT_3D('',#217,#218,#219);
#217 = CARTESIAN_POINT('',(26.,-26.,0.));
#218 = DIRECTION('',(0.,0.,1.));
#219 = DIRECTION('',(1.,0.,-0.));
#220 = DEFINITIONAL_REPRESENTATION('',(#221),#225);
#221 = LINE('',#222,#223);
#222 = CARTESIAN_POINT('',(4.712388980385,6.));
#223 = VECTOR('',#224,1.);
#224 = DIRECTION('',(-1.,0.));
#225 = ( GEOMETRIC_REPRESENTATION_CONTEXT(2) 
PARAMETRIC_REPRESENTATION_CONTEXT() REPRESENTATION_CONTEXT('2D SPACE',''
  ) );
#226 = ORIENTED_EDGE('',*,*,#227,.T.);
#227 = EDGE_CURVE('',#195,#228,#230,.T.);
#228 = VERTEX_POINT('',#229);
#229 = CARTESIAN_POINT('',(30.,26.,6.));
#230 = SURFACE_CURVE('',#231,(#235,#242),.PCURVE_S1.);
#231 = LINE('',#232,#233);
#232 = CARTESIAN_POINT('',(30.,-30.,6.));
#233 = VECTOR('',#234,1.);
#234 = DIRECTION('',(0.,1.,0.));
#235 = PCURVE('',#44,#236);
#236 = DEFINITIONAL_REPRESENTATION('',(#237),#241);
#237 = LINE('',#238,#239);
#238 = CARTESIAN_POINT('',(60.,0.));
#239 = VECTOR('',#240,1.);
#240 = DIRECTION('',(0.,1.));
#241 = ( GEOMETRIC_REPRESENTATION_CONTEXT(2) 
PARAMETRIC_REPRESENTATION_CONTEXT() REPRESENTATION_CONTEXT('2D SPACE',''
  ) );
#242 = PCURVE('',#243,#248);
#243 = PLANE('',#244);
#244 = AXIS2_PLACEMENT_3D('',#245,#246,#247);
#245 = CARTESIAN_POINT('',(30.,-30.,0.));
#246 = DIRECTION('',(1.,0.,0.));
#247 = DIRECTION('',(0.,0.,1.));
#248 = DEFINITIONAL_REPRESENTATION('',(#249),#253);
#249 = LINE('',#250,#251);
#250 = CARTESIAN_POINT('',(6.,0.));
#251 = VECTOR('',#252,1.);
#252 = DIRECTION('',(0.,-1.));
#253 = ( GEOMETRIC_REPRESENTATION_CONTEXT(2) 
PARAMETRIC_REPRESENTATION_CONTEXT() REPRESENTATION_CONTEXT('2D SPACE',''
  ) );
#254 = ORIENTED_EDGE('',*,*,#255,.T.);
#255 = EDGE_CURVE('',#228,#256,#258,.T.);
#256 = VERTEX_POINT('',#257);
#257 = CARTESIAN_POINT('',(26.,30.,6.));
#258 = SURFACE_CURVE('',#259,(#264,#271),.PCURVE_S1.);
#259 = CIRCLE('',#260,4.);
#260 = AXIS2_PLACEMENT_3D('',#261,#262,#263);
#261 = CARTESIAN_POINT('',(26.,26.,6.));
#262 = DIRECTION('',(0.,0.,1.));
#263 = DIRECTION('',(0.,-1.,0.));
#264 = PCURVE('',#44,#265);
#265 = DEFINITIONAL_REPRESENTATION('',(#266),#270);
#266 = CIRCLE('',#267,4.);
#267 = AXIS2_PLACEMENT_2D('',#268,#269);
#268 = CARTESIAN_POINT('',(56.,56.));
#269 = DIRECTION('',(0.,-1.));
#270 = ( GEOMETRIC_REPRESENTATION_CONTEXT(2) 
PARAMETRIC_REPRESENTATION_CONTEXT() REPRESENTATION_CONTEXT('2D SPACE',''
  ) );
#271 = PCURVE('',#272,#277);
#272 = CYLINDRICAL_SURFACE('',#273,4.);
#273 = AXIS2_PLACEMENT_3D('',#274,#275,#276);
#274 = CARTESIAN_POINT('',(26.,26.,0.));
#275 = DIRECTION('',(0.,0.,1.));
#276 = DIRECTION('',(1.,0.,-0.));
#277 = DEFINITIONAL_REPRESENTATION('',(#278),#282);
#278 = LINE('',#279,#280);
#279 = CARTESIAN_POINT('',(-1.570796326795,6.));
#280 = VECTOR('',#281,1.);
#281 = DIRECTION('',(1.,0.));
#282 = ( GEOMETRIC_REPRESENTATION_CONTEXT(2) 
PARAMETRIC_REPRESENTATION_CONTEXT() REPRESENTATION_CONTEXT('2D SPACE',''
  ) );
#283 = ORIENTED_EDGE('',*,*,#284,.F.);
#284 = EDGE_CURVE('',#285,#256,#287,.T.);
#285 = VERTEX_POINT('',#286);
#286 = CARTESIAN_POINT('',(-26.,30.,6.));
#287 = SURFACE_CURVE('',#288,(#292,#299),.PCURVE_S1.);
#288 = LINE('',#289,#290);
#289 = CARTESIAN_POINT('',(-30.,30.,6.));
#290 = VECTOR('',#291,1.);
#291 = DIRECTION('',(1.,0.,0.));
#292 = PCURVE('',#44,#293);
#293 = DEFINITIONAL_REPRESENTATION('',(#294),#298);
#294 = LINE('',#295,#296);
#295 = CARTESIAN_POINT('',(0.,60.));
#296 = VECTOR('',#297,1.);
#297 = DIRECTION('',(1.,0.));
#298 = ( GEOMETRIC_REPRESENTATION_CONTEXT(2) 
PARAMETRIC_REPRESENTATION_CONTEXT() REPRESENTATION_CONTEXT('2D SPACE',''
  ) );
#299 = PCURVE('',#300,#305);
#300 = PLANE('',#301);
#301 = AXIS2_PLACEMENT_3D('',#302,#303,#304);
#302 = CARTESIAN_POINT('',(-30.,30.,0.));
#303 = DIRECTION('',(0.,1.,0.));
#304 = DIRECTION('',(0.,0.,1.));
#305 = DEFINITIONAL_REPRESENTATION('',(#306),#310);
#306 = LINE('',#307,#308);
#307 = CARTESIAN_POINT('',(6.,0.));
#308 = VECTOR('',#309,1.);
#309 = DIRECTION('',(0.,1.));
#310 = ( GEOMETRIC_REPRESENTATION_CONTEXT(2) 
PARAMETRIC_REPRESENTATION_CONTEXT() REPRESENTATION_CONTEXT('2D SPACE',''
  ) );
#311 = ORIENTED_EDGE('',*,*,#312,.F.);
#312 = EDGE_CURVE('',#24,#285,#313,.T.);
#313 = SURFACE_CURVE('',#314,(#319,#330),.PCURVE_S1.);
#314 = CIRCLE('',#315,4.);
#315 = AXIS2_PLACEMENT_3D('',#316,#317,#318);
#316 = CARTESIAN_POINT('',(-26.,26.,6.));
#317 = DIRECTION('',(-0.,-0.,-1.));
#318 = DIRECTION('',(0.,-1.,0.));
#319 = PCURVE('',#44,#320);
#320 = DEFINITIONAL_REPRESENTATION('',(#321),#329);
#321 = ( BOUNDED_CURVE() B_SPLINE_CURVE(2,(#322,#323,#324,#325,#326,#327
,#328),.UNSPECIFIED.,.T.,.F.) B_SPLINE_CURVE_WITH_KNOTS((1,2,2,2,2,1),(
    -2.094395102393,0.,2.094395102393,4.188790204786,6.28318530718,
8.377580409573),.UNSPECIFIED.) CURVE() GEOMETRIC_REPRESENTATION_ITEM() 
RATIONAL_B_SPLINE_CURVE((1.,0.5,1.,0.5,1.,0.5,1.)) REPRESENTATION_ITEM(
  '') );
#322 = CARTESIAN_POINT('',(4.,52.));
#323 = CARTESIAN_POINT('',(-2.928203230276,52.));
#324 = CARTESIAN_POINT('',(0.535898384862,58.));
#325 = CARTESIAN_POINT('',(4.,64.));
#326 = CARTESIAN_POINT('',(7.464101615138,58.));
#327 = CARTESIAN_POINT('',(10.928203230276,52.));
#328 = CARTESIAN_POINT('',(4.,52.));
#329 = ( GEOMETRIC_REPRESENTATION_CONTEXT(2) 
PARAMETRIC_REPRESENTATION_CONTEXT() REPRESENTATION_CONTEXT('2D SPACE',''
  ) );
#330 = PCURVE('',#126,#331);
#331 = DEFINITIONAL_REPRESENTATION('',(#332),#336);
#332 = LINE('',#333,#334);
#333 = CARTESIAN_POINT('',(1.570796326795,6.));
#334 = VECTOR('',#335,1.);
#335 = DIRECTION('',(-1.,0.));
#336 = ( GEOMETRIC_REPRESENTATION_CONTEXT(2) 
PARAMETRIC_REPRESENTATION_CONTEXT() REPRESENTATION_CONTEXT('2D SPACE',''
  ) );
#337 = FACE_BOUND('',#338,.T.);
#338 = EDGE_LOOP('',(#339));
#339 = ORIENTED_EDGE('',*,*,#340,.T.);
#340 = EDGE_CURVE('',#341,#341,#343,.T.);
#341 = VERTEX_POINT('',#342);
#342 = CARTESIAN_POINT('',(-18.4,-20.,6.));
#343 = SURFACE_CURVE('',#344,(#349,#360),.PCURVE_S1.);
#344 = CIRCLE('',#345,1.6);
#345 = AXIS2_PLACEMENT_3D('',#346,#347,#348);
#346 = CARTESIAN_POINT('',(-20.,-20.,6.));
#347 = DIRECTION('',(0.,0.,-1.));
#348 = DIRECTION('',(1.,0.,0.));
#349 = PCURVE('',#44,#350);
#350 = DEFINITIONAL_REPRESENTATION('',(#351),#359);
#351 = ( BOUNDED_CURVE() B_SPLINE_CURVE(2,(#352,#353,#354,#355,#356,#357
,#358),.UNSPECIFIED.,.T.,.F.) B_SPLINE_CURVE_WITH_KNOTS((1,2,2,2,2,1),(
    -2.094395102393,0.,2.094395102393,4.188790204786,6.28318530718,
8.377580409573),.UNSPECIFIED.) CURVE() GEOMETRIC_REPRESENTATION_ITEM() 
RATIONAL_B_SPLINE_CURVE((1.,0.5,1.,0.5,1.,0.5,1.)) REPRESENTATION_ITEM(
  '') );
#352 = CARTESIAN_POINT('',(11.6,10.));
#353 = CARTESIAN_POINT('',(11.6,7.22871870789));
#354 = CARTESIAN_POINT('',(9.2,8.614359353945));
#355 = CARTESIAN_POINT('',(6.8,10.));
#356 = CARTESIAN_POINT('',(9.2,11.385640646055));
#357 = CARTESIAN_POINT('',(11.6,12.77128129211));
#358 = CARTESIAN_POINT('',(11.6,10.));
#359 = ( GEOMETRIC_REPRESENTATION_CONTEXT(2) 
PARAMETRIC_REPRESENTATION_CONTEXT() REPRESENTATION_CONTEXT('2D SPACE',''
  ) );
#360 = PCURVE('',#361,#366);
#361 = CYLINDRICAL_SURFACE('',#362,1.6);
#362 = AXIS2_PLACEMENT_3D('',#363,#364,#365);
#363 = CARTESIAN_POINT('',(-20.,-20.,-54.0000002));
#364 = DIRECTION('',(-0.,-0.,-1.));
#365 = DIRECTION('',(1.,0.,0.));
#366 = DEFINITIONAL_REPRESENTATION('',(#367),#371);
#367 = LINE('',#368,#369);
#368 = CARTESIAN_POINT('',(-6.28318530718,-60.0000002));
#369 = VECTOR('',#370,1.);
#370 = DIRECTION('',(1.,-0.));
#371 = ( GEOMETRIC_REPRESENTATION_CONTEXT(2) 
PARAMETRIC_REPRESENTATION_CONTEXT() REPRESENTATION_CONTEXT('2D SPACE',''
  ) );
#372 = FACE_BOUND('',#373,.T.);
#373 = EDGE_LOOP('',(#374));
#374 = ORIENTED_EDGE('',*,*,#375,.T.);
#375 = EDGE_CURVE('',#376,#376,#378,.T.);
#376 = VERTEX_POINT('',#377);
#377 = CARTESIAN_POINT('',(21.6,-20.,6.));
#378 = SURFACE_CURVE('',#379,(#384,#395),.PCURVE_S1.);
#379 = CIRCLE('',#380,1.6);
#380 = AXIS2_PLACEMENT_3D('',#381,#382,#383);
#381 = CARTESIAN_POINT('',(20.,-20.,6.));
#382 = DIRECTION('',(0.,0.,-1.));
#383 = DIRECTION('',(1.,0.,0.));
#384 = PCURVE('',#44,#385);
#385 = DEFINITIONAL_REPRESENTATION('',(#386),#394);
#386 = ( BOUNDED_CURVE() B_SPLINE_CURVE(2,(#387,#388,#389,#390,#391,#392
,#393),.UNSPECIFIED.,.T.,.F.) B_SPLINE_CURVE_WITH_KNOTS((1,2,2,2,2,1),(
    -2.094395102393,0.,2.094395102393,4.188790204786,6.28318530718,
8.377580409573),.UNSPECIFIED.) CURVE() GEOMETRIC_REPRESENTATION_ITEM() 
RATIONAL_B_SPLINE_CURVE((1.,0.5,1.,0.5,1.,0.5,1.)) REPRESENTATION_ITEM(
  '') );
#387 = CARTESIAN_POINT('',(51.6,10.));
#388 = CARTESIAN_POINT('',(51.6,7.22871870789));
#389 = CARTESIAN_POINT('',(49.2,8.614359353945));
#390 = CARTESIAN_POINT('',(46.8,10.));
#391 = CARTESIAN_POINT('',(49.2,11.385640646055));
#392 = CARTESIAN_POINT('',(51.6,12.77128129211));
#393 = CARTESIAN_POINT('',(51.6,10.));
#394 = ( GEOMETRIC_REPRESENTATION_CONTEXT(2) 
PARAMETRIC_REPRESENTATION_CONTEXT() REPRESENTATION_CONTEXT('2D SPACE',''
  ) );
#395 = PCURVE('',#396,#401);
#396 = CYLINDRICAL_SURFACE('',#397,1.6);
#397 = AXIS2_PLACEMENT_3D('',#398,#399,#400);
#398 = CARTESIAN_POINT('',(20.,-20.,-54.0000002));
#399 = DIRECTION('',(-0.,-0.,-1.));
#400 = DIRECTION('',(1.,0.,0.));
#401 = DEFINITIONAL_REPRESENTATION('',(#402),#406);
#402 = LINE('',#403,#404);
#403 = CARTESIAN_POINT('',(-6.28318530718,-60.0000002));
#404 = VECTOR('',#405,1.);
#405 = DIRECTION('',(1.,-0.));
#406 = ( GEOMETRIC_REPRESENTATION_CONTEXT(2) 
PARAMETRIC_REPRESENTATION_CONTEXT() REPRESENTATION_CONTEXT('2D SPACE',''
  ) );
#407 = FACE_BOUND('',#408,.T.);
#408 = EDGE_LOOP('',(#409));
#409 = ORIENTED_EDGE('',*,*,#410,.T.);
#410 = EDGE_CURVE('',#411,#411,#413,.T.);
#411 = VERTEX_POINT('',#412);
#412 = CARTESIAN_POINT('',(-18.4,20.,6.));
#413 = SURFACE_CURVE('',#414,(#419,#430),.PCURVE_S1.);
#414 = CIRCLE('',#415,1.6);
#415 = AXIS2_PLACEMENT_3D('',#416,#417,#418);
#416 = CARTESIAN_POINT('',(-20.,20.,6.));
#417 = DIRECTION('',(0.,0.,-1.));
#418 = DIRECTION('',(1.,0.,0.));
#419 = PCURVE('',#44,#420);
#420 = DEFINITIONAL_REPRESENTATION('',(#421),#429);
#421 = ( BOUNDED_CURVE() B_SPLINE_CURVE(2,(#422,#423,#424,#425,#426,#427
,#428),.UNSPECIFIED.,.T.,.F.) B_SPLINE_CURVE_WITH_KNOTS((1,2,2,2,2,1),(
    -2.094395102393,0.,2.094395102393,4.188790204786,6.28318530718,
8.377580409573),.UNSPECIFIED.) CURVE() GEOMETRIC_REPRESENTATION_ITEM() 
RATIONAL_B_SPLINE_CURVE((1.,0.5,1.,0.5,1.,0.5,1.)) REPRESENTATION_ITEM(
  '') );
#422 = CARTESIAN_POINT('',(11.6,50.));
#423 = CARTESIAN_POINT('',(11.6,47.22871870789));
#424 = CARTESIAN_POINT('',(9.2,48.614359353945));
#425 = CARTESIAN_POINT('',(6.8,50.));
#426 = CARTESIAN_POINT('',(9.2,51.385640646055));
#427 = CARTESIAN_POINT('',(11.6,52.77128129211));
#428 = CARTESIAN_POINT('',(11.6,50.));
#429 = ( GEOMETRIC_REPRESENTATION_CONTEXT(2) 
PARAMETRIC_REPRESENTATION_CONTEXT() REPRESENTATION_CONTEXT('2D SPACE',''
  ) );
#430 = PCURVE('',#431,#436);
#431 = CYLINDRICAL_SURFACE('',#432,1.6);
#432 = AXIS2_PLACEMENT_3D('',#433,#434,#435);
#433 = CARTESIAN_POINT('',(-20.,20.,-54.0000002));
#434 = DIRECTION('',(-0.,-0.,-1.));
#435 = DIRECTION('',(1.,0.,0.));
#436 = DEFINITIONAL_REPRESENTATION('',(#437),#441);
#437 = LINE('',#438,#439);
#438 = CARTESIAN_POINT('',(-6.28318530718,-60.0000002));
#439 = VECTOR('',#440,1.);
#440 = DIRECTION('',(1.,-0.));
#441 = ( GEOMETRIC_REPRESENTATION_CONTEXT(2) 
PARAMETRIC_REPRESENTATION_CONTEXT() REPRESENTATION_CONTEXT('2D SPACE',''
  ) );
#442 = FACE_BOUND('',#443,.T.);
#443 = EDGE_LOOP('',(#444));
#444 = ORIENTED_EDGE('',*,*,#445,.T.);
#445 = EDGE_CURVE('',#446,#446,#448,.T.);
#446 = VERTEX_POINT('',#447);
#447 = CARTESIAN_POINT('',(21.6,20.,6.));
#448 = SURFACE_CURVE('',#449,(#454,#465),.PCURVE_S1.);
#449 = CIRCLE('',#450,1.6);
#450 = AXIS2_PLACEMENT_3D('',#451,#452,#453);
#451 = CARTESIAN_POINT('',(20.,20.,6.));
#452 = DIRECTION('',(0.,0.,-1.));
#453 = DIRECTION('',(1.,0.,0.));
#454 = PCURVE('',#44,#455);
#455 = DEFINITIONAL_REPRESENTATION('',(#456),#464);
#456 = ( BOUNDED_CURVE() B_SPLINE_CURVE(2,(#457,#458,#459,#460,#461,#462
,#463),.UNSPECIFIED.,.T.,.F.) B_SPLINE_CURVE_WITH_KNOTS((1,2,2,2,2,1),(
    -2.094395102393,0.,2.094395102393,4.188790204786,6.28318530718,
8.377580409573),.UNSPECIFIED.) CURVE() GEOMETRIC_REPRESENTATION_ITEM() 
RATIONAL_B_SPLINE_CURVE((1.,0.5,1.,0.5,1.,0.5,1.)) REPRESENTATION_ITEM(
  '') );
#457 = CARTESIAN_POINT('',(51.6,50.));
#458 = CARTESIAN_POINT('',(51.6,47.22871870789));
#459 = CARTESIAN_POINT('',(49.2,48.614359353945));
#460 = CARTESIAN_POINT('',(46.8,50.));
#461 = CARTESIAN_POINT('',(49.2,51.385640646055));
#462 = CARTESIAN_POINT('',(51.6,52.77128129211));
#463 = CARTESIAN_POINT('',(51.6,50.));
#464 = ( GEOMETRIC_REPRESENTATION_CONTEXT(2) 
PARAMETRIC_REPRESENTATION_CONTEXT() REPRESENTATION_CONTEXT('2D SPACE',''
  ) );
#465 = PCURVE('',#466,#471);
#466 = CYLINDRICAL_SURFACE('',#467,1.6);
#467 = AXIS2_PLACEMENT_3D('',#468,#469,#470);
#468 = CARTESIAN_POINT('',(20.,20.,-54.0000002));
#469 = DIRECTION('',(-0.,-0.,-1.));
#470 = DIRECTION('',(1.,0.,0.));
#471 = DEFINITIONAL_REPRESENTATION('',(#472),#476);
#472 = LINE('',#473,#474);
#473 = CARTESIAN_POINT('',(-6.28318530718,-60.0000002));
#474 = VECTOR('',#475,1.);
#475 = DIRECTION('',(1.,-0.));
#476 = ( GEOMETRIC_REPRESENTATION_CONTEXT(2) 
PARAMETRIC_REPRESENTATION_CONTEXT() REPRESENTATION_CONTEXT('2D SPACE',''
  ) );
#477 = ADVANCED_FACE('',(#478),#72,.T.);
#478 = FACE_BOUND('',#479,.T.);
#479 = EDGE_LOOP('',(#480,#504,#525,#526));
#480 = ORIENTED_EDGE('',*,*,#481,.T.);
#481 = EDGE_CURVE('',#57,#482,#484,.T.);
#482 = VERTEX_POINT('',#483);
#483 = CARTESIAN_POINT('',(-26.,-30.,0.));
#484 = SURFACE_CURVE('',#485,(#490,#497),.PCURVE_S1.);
#485 = CIRCLE('',#486,4.);
#486 = AXIS2_PLACEMENT_3D('',#487,#488,#489);
#487 = CARTESIAN_POINT('',(-26.,-26.,0.));
#488 = DIRECTION('',(0.,0.,1.));
#489 = DIRECTION('',(0.,-1.,0.));
#490 = PCURVE('',#72,#491);
#491 = DEFINITIONAL_REPRESENTATION('',(#492),#496);
#492 = LINE('',#493,#494);
#493 = CARTESIAN_POINT('',(-4.712388980385,0.));
#494 = VECTOR('',#495,1.);
#495 = DIRECTION('',(1.,0.));
#496 = ( GEOMETRIC_REPRESENTATION_CONTEXT(2) 
PARAMETRIC_REPRESENTATION_CONTEXT() REPRESENTATION_CONTEXT('2D SPACE',''
  ) );
#497 = PCURVE('',#100,#498);
#498 = DEFINITIONAL_REPRESENTATION('',(#499),#503);
#499 = CIRCLE('',#500,4.);
#500 = AXIS2_PLACEMENT_2D('',#501,#502);
#501 = CARTESIAN_POINT('',(4.,4.));
#502 = DIRECTION('',(0.,-1.));
#503 = ( GEOMETRIC_REPRESENTATION_CONTEXT(2) 
PARAMETRIC_REPRESENTATION_CONTEXT() REPRESENTATION_CONTEXT('2D SPACE',''
  ) );
#504 = ORIENTED_EDGE('',*,*,#505,.T.);
#505 = EDGE_CURVE('',#482,#143,#506,.T.);
#506 = SURFACE_CURVE('',#507,(#511,#518),.PCURVE_S1.);
#507 = LINE('',#508,#509);
#508 = CARTESIAN_POINT('',(-26.,-30.,0.));
#509 = VECTOR('',#510,1.);
#510 = DIRECTION('',(0.,0.,1.));
#511 = PCURVE('',#72,#512);
#512 = DEFINITIONAL_REPRESENTATION('',(#513),#517);
#513 = LINE('',#514,#515);
#514 = CARTESIAN_POINT('',(1.570796326795,0.));
#515 = VECTOR('',#516,1.);
#516 = DIRECTION('',(0.,1.));
#517 = ( GEOMETRIC_REPRESENTATION_CONTEXT(2) 
PARAMETRIC_REPRESENTATION_CONTEXT() REPRESENTATION_CONTEXT('2D SPACE',''
  ) );
#518 = PCURVE('',#182,#519);
#519 = DEFINITIONAL_REPRESENTATION('',(#520),#524);
#520 = LINE('',#521,#522);
#521 = CARTESIAN_POINT('',(0.,4.));
#522 = VECTOR('',#523,1.);
#523 = DIRECTION('',(1.,0.));
#524 = ( GEOMETRIC_REPRESENTATION_CONTEXT(2) 
PARAMETRIC_REPRESENTATION_CONTEXT() REPRESENTATION_CONTEXT('2D SPACE',''
  ) );
#525 = ORIENTED_EDGE('',*,*,#142,.F.);
#526 = ORIENTED_EDGE('',*,*,#56,.F.);
#527 = ADVANCED_FACE('',(#528),#126,.T.);
#528 = FACE_BOUND('',#529,.F.);
#529 = EDGE_LOOP('',(#530,#558,#579,#580));
#530 = ORIENTED_EDGE('',*,*,#531,.T.);
#531 = EDGE_CURVE('',#85,#532,#534,.T.);
#532 = VERTEX_POINT('',#533);
#533 = CARTESIAN_POINT('',(-26.,30.,0.));
#534 = SURFACE_CURVE('',#535,(#540,#547),.PCURVE_S1.);
#535 = CIRCLE('',#536,4.);
#536 = AXIS2_PLACEMENT_3D('',#537,#538,#539);
#537 = CARTESIAN_POINT('',(-26.,26.,0.));
#538 = DIRECTION('',(-0.,-0.,-1.));
#539 = DIRECTION('',(0.,-1.,0.));
#540 = PCURVE('',#126,#541);
#541 = DEFINITIONAL_REPRESENTATION('',(#542),#546);
#542 = LINE('',#543,#544);
#543 = CARTESIAN_POINT('',(1.570796326795,-0.));
#544 = VECTOR('',#545,1.);
#545 = DIRECTION('',(-1.,0.));
#546 = ( GEOMETRIC_REPRESENTATION_CONTEXT(2) 
PARAMETRIC_REPRESENTATION_CONTEXT() REPRESENTATION_CONTEXT('2D SPACE',''
  ) );
#547 = PCURVE('',#100,#548);
#548 = DEFINITIONAL_REPRESENTATION('',(#549),#557);
#549 = ( BOUNDED_CURVE() B_SPLINE_CURVE(2,(#550,#551,#552,#553,#554,#555
,#556),.UNSPECIFIED.,.T.,.F.) B_SPLINE_CURVE_WITH_KNOTS((1,2,2,2,2,1),(
    -2.094395102393,0.,2.094395102393,4.188790204786,6.28318530718,
8.377580409573),.UNSPECIFIED.) CURVE() GEOMETRIC_REPRESENTATION_ITEM() 
RATIONAL_B_SPLINE_CURVE((1.,0.5,1.,0.5,1.,0.5,1.)) REPRESENTATION_ITEM(
  '') );
#550 = CARTESIAN_POINT('',(4.,52.));
#551 = CARTESIAN_POINT('',(-2.928203230276,52.));
#552 = CARTESIAN_POINT('',(0.535898384862,58.));
#553 = CARTESIAN_POINT('',(4.,64.));
#554 = CARTESIAN_POINT('',(7.464101615138,58.));
#555 = CARTESIAN_POINT('',(10.928203230276,52.));
#556 = CARTESIAN_POINT('',(4.,52.));
#557 = ( GEOMETRIC_REPRESENTATION_CONTEXT(2) 
PARAMETRIC_REPRESENTATION_CONTEXT() REPRESENTATION_CONTEXT('2D SPACE',''
  ) );
#558 = ORIENTED_EDGE('',*,*,#559,.T.);
#559 = EDGE_CURVE('',#532,#285,#560,.T.);
#560 = SURFACE_CURVE('',#561,(#565,#572),.PCURVE_S1.);
#561 = LINE('',#562,#563);
#562 = CARTESIAN_POINT('',(-26.,30.,0.));
#563 = VECTOR('',#564,1.);
#564 = DIRECTION('',(0.,0.,1.));
#565 = PCURVE('',#126,#566);
#566 = DEFINITIONAL_REPRESENTATION('',(#567),#571);
#567 = LINE('',#568,#569);
#568 = CARTESIAN_POINT('',(-1.570796326795,0.));
#569 = VECTOR('',#570,1.);
#570 = DIRECTION('',(-0.,1.));
#571 = ( GEOMETRIC_REPRESENTATION_CONTEXT(2) 
PARAMETRIC_REPRESENTATION_CONTEXT() REPRESENTATION_CONTEXT('2D SPACE',''
  ) );
#572 = PCURVE('',#300,#573);
#573 = DEFINITIONAL_REPRESENTATION('',(#574),#578);
#574 = LINE('',#575,#576);
#575 = CARTESIAN_POINT('',(0.,4.));
#576 = VECTOR('',#577,1.);
#577 = DIRECTION('',(1.,0.));
#578 = ( GEOMETRIC_REPRESENTATION_CONTEXT(2) 
PARAMETRIC_REPRESENTATION_CONTEXT() REPRESENTATION_CONTEXT('2D SPACE',''
  ) );
#579 = ORIENTED_EDGE('',*,*,#312,.F.);
#580 = ORIENTED_EDGE('',*,*,#112,.F.);
#581 = ADVANCED_FACE('',(#582,#706,#732,#758,#784,#926),#100,.F.);
#582 = FACE_BOUND('',#583,.F.);
#583 = EDGE_LOOP('',(#584,#585,#586,#609,#637,#660,#684,#705));
#584 = ORIENTED_EDGE('',*,*,#84,.F.);
#585 = ORIENTED_EDGE('',*,*,#481,.T.);
#586 = ORIENTED_EDGE('',*,*,#587,.T.);
#587 = EDGE_CURVE('',#482,#588,#590,.T.);
#588 = VERTEX_POINT('',#589);
#589 = CARTESIAN_POINT('',(26.,-30.,0.));
#590 = SURFACE_CURVE('',#591,(#595,#602),.PCURVE_S1.);
#591 = LINE('',#592,#593);
#592 = CARTESIAN_POINT('',(-30.,-30.,0.));
#593 = VECTOR('',#594,1.);
#594 = DIRECTION('',(1.,0.,0.));
#595 = PCURVE('',#100,#596);
#596 = DEFINITIONAL_REPRESENTATION('',(#597),#601);
#597 = LINE('',#598,#599);
#598 = CARTESIAN_POINT('',(0.,0.));
#599 = VECTOR('',#600,1.);
#600 = DIRECTION('',(1.,0.));
#601 = ( GEOMETRIC_REPRESENTATION_CONTEXT(2) 
PARAMETRIC_REPRESENTATION_CONTEXT() REPRESENTATION_CONTEXT('2D SPACE',''
  ) );
#602 = PCURVE('',#182,#603);
#603 = DEFINITIONAL_REPRESENTATION('',(#604),#608);
#604 = LINE('',#605,#606);
#605 = CARTESIAN_POINT('',(0.,0.));
#606 = VECTOR('',#607,1.);
#607 = DIRECTION('',(0.,1.));
#608 = ( GEOMETRIC_REPRESENTATION_CONTEXT(2) 
PARAMETRIC_REPRESENTATION_CONTEXT() REPRESENTATION_CONTEXT('2D SPACE',''
  ) );
#609 = ORIENTED_EDGE('',*,*,#610,.F.);
#610 = EDGE_CURVE('',#611,#588,#613,.T.);
#611 = VERTEX_POINT('',#612);
#612 = CARTESIAN_POINT('',(30.,-26.,0.));
#613 = SURFACE_CURVE('',#614,(#619,#630),.PCURVE_S1.);
#614 = CIRCLE('',#615,4.);
#615 = AXIS2_PLACEMENT_3D('',#616,#617,#618);
#616 = CARTESIAN_POINT('',(26.,-26.,0.));
#617 = DIRECTION('',(-0.,-0.,-1.));
#618 = DIRECTION('',(0.,-1.,0.));
#619 = PCURVE('',#100,#620);
#620 = DEFINITIONAL_REPRESENTATION('',(#621),#629);
#621 = ( BOUNDED_CURVE() B_SPLINE_CURVE(2,(#622,#623,#624,#625,#626,#627
,#628),.UNSPECIFIED.,.T.,.F.) B_SPLINE_CURVE_WITH_KNOTS((1,2,2,2,2,1),(
    -2.094395102393,0.,2.094395102393,4.188790204786,6.28318530718,
8.377580409573),.UNSPECIFIED.) CURVE() GEOMETRIC_REPRESENTATION_ITEM() 
RATIONAL_B_SPLINE_CURVE((1.,0.5,1.,0.5,1.,0.5,1.)) REPRESENTATION_ITEM(
  '') );
#622 = CARTESIAN_POINT('',(56.,0.));
#623 = CARTESIAN_POINT('',(49.071796769724,0.));
#624 = CARTESIAN_POINT('',(52.535898384862,6.));
#625 = CARTESIAN_POINT('',(56.,12.));
#626 = CARTESIAN_POINT('',(59.464101615138,6.));
#627 = CARTESIAN_POINT('',(62.928203230276,6.217248937901E-15));
#628 = CARTESIAN_POINT('',(56.,0.));
#629 = ( GEOMETRIC_REPRESENTATION_CONTEXT(2) 
PARAMETRIC_REPRESENTATION_CONTEXT() REPRESENTATION_CONTEXT('2D SPACE',''
  ) );
#630 = PCURVE('',#215,#631);
#631 = DEFINITIONAL_REPRESENTATION('',(#632),#636);
#632 = LINE('',#633,#634);
#633 = CARTESIAN_POINT('',(4.712388980385,-0.));
#634 = VECTOR('',#635,1.);
#635 = DIRECTION('',(-1.,0.));
#636 = ( GEOMETRIC_REPRESENTATION_CONTEXT(2) 
PARAMETRIC_REPRESENTATION_CONTEXT() REPRESENTATION_CONTEXT('2D SPACE',''
  ) );
#637 = ORIENTED_EDGE('',*,*,#638,.T.);
#638 = EDGE_CURVE('',#611,#639,#641,.T.);
#639 = VERTEX_POINT('',#640);
#640 = CARTESIAN_POINT('',(30.,26.,0.));
#641 = SURFACE_CURVE('',#642,(#646,#653),.PCURVE_S1.);
#642 = LINE('',#643,#644);
#643 = CARTESIAN_POINT('',(30.,-30.,0.));
#644 = VECTOR('',#645,1.);
#645 = DIRECTION('',(0.,1.,0.));
#646 = PCURVE('',#100,#647);
#647 = DEFINITIONAL_REPRESENTATION('',(#648),#652);
#648 = LINE('',#649,#650);
#649 = CARTESIAN_POINT('',(60.,0.));
#650 = VECTOR('',#651,1.);
#651 = DIRECTION('',(0.,1.));
#652 = ( GEOMETRIC_REPRESENTATION_CONTEXT(2) 
PARAMETRIC_REPRESENTATION_CONTEXT() REPRESENTATION_CONTEXT('2D SPACE',''
  ) );
#653 = PCURVE('',#243,#654);
#654 = DEFINITIONAL_REPRESENTATION('',(#655),#659);
#655 = LINE('',#656,#657);
#656 = CARTESIAN_POINT('',(0.,0.));
#657 = VECTOR('',#658,1.);
#658 = DIRECTION('',(0.,-1.));
#659 = ( GEOMETRIC_REPRESENTATION_CONTEXT(2) 
PARAMETRIC_REPRESENTATION_CONTEXT() REPRESENTATION_CONTEXT('2D SPACE',''
  ) );
#660 = ORIENTED_EDGE('',*,*,#661,.T.);
#661 = EDGE_CURVE('',#639,#662,#664,.T.);
#662 = VERTEX_POINT('',#663);
#663 = CARTESIAN_POINT('',(26.,30.,0.));
#664 = SURFACE_CURVE('',#665,(#670,#677),.PCURVE_S1.);
#665 = CIRCLE('',#666,4.);
#666 = AXIS2_PLACEMENT_3D('',#667,#668,#669);
#667 = CARTESIAN_POINT('',(26.,26.,0.));
#668 = DIRECTION('',(0.,0.,1.));
#669 = DIRECTION('',(0.,-1.,0.));
#670 = PCURVE('',#100,#671);
#671 = DEFINITIONAL_REPRESENTATION('',(#672),#676);
#672 = CIRCLE('',#673,4.);
#673 = AXIS2_PLACEMENT_2D('',#674,#675);
#674 = CARTESIAN_POINT('',(56.,56.));
#675 = DIRECTION('',(0.,-1.));
#676 = ( GEOMETRIC_REPRESENTATION_CONTEXT(2) 
PARAMETRIC_REPRESENTATION_CONTEXT() REPRESENTATION_CONTEXT('2D SPACE',''
  ) );
#677 = PCURVE('',#272,#678);
#678 = DEFINITIONAL_REPRESENTATION('',(#679),#683);
#679 = LINE('',#680,#681);
#680 = CARTESIAN_POINT('',(-1.570796326795,0.));
#681 = VECTOR('',#682,1.);
#682 = DIRECTION('',(1.,0.));
#683 = ( GEOMETRIC_REPRESENTATION_CONTEXT(2) 
PARAMETRIC_REPRESENTATION_CONTEXT() REPRESENTATION_CONTEXT('2D SPACE',''
  ) );
#684 = ORIENTED_EDGE('',*,*,#685,.F.);
#685 = EDGE_CURVE('',#532,#662,#686,.T.);
#686 = SURFACE_CURVE('',#687,(#691,#698),.PCURVE_S1.);
#687 = LINE('',#688,#689);
#688 = CARTESIAN_POINT('',(-30.,30.,0.));
#689 = VECTOR('',#690,1.);
#690 = DIRECTION('',(1.,0.,0.));
#691 = PCURVE('',#100,#692);
#692 = DEFINITIONAL_REPRESENTATION('',(#693),#697);
#693 = LINE('',#694,#695);
#694 = CARTESIAN_POINT('',(0.,60.));
#695 = VECTOR('',#696,1.);
#696 = DIRECTION('',(1.,0.));
#697 = ( GEOMETRIC_REPRESENTATION_CONTEXT(2) 
PARAMETRIC_REPRESENTATION_CONTEXT() REPRESENTATION_CONTEXT('2D SPACE',''
  ) );
#698 = PCURVE('',#300,#699);
#699 = DEFINITIONAL_REPRESENTATION('',(#700),#704);
#700 = LINE('',#701,#702);
#701 = CARTESIAN_POINT('',(0.,0.));
#702 = VECTOR('',#703,1.);
#703 = DIRECTION('',(0.,1.));
#704 = ( GEOMETRIC_REPRESENTATION_CONTEXT(2) 
PARAMETRIC_REPRESENTATION_CONTEXT() REPRESENTATION_CONTEXT('2D SPACE',''
  ) );
#705 = ORIENTED_EDGE('',*,*,#531,.F.);
#706 = FACE_BOUND('',#707,.F.);
#707 = EDGE_LOOP('',(#708));
#708 = ORIENTED_EDGE('',*,*,#709,.F.);
#709 = EDGE_CURVE('',#710,#710,#712,.T.);
#710 = VERTEX_POINT('',#711);
#711 = CARTESIAN_POINT('',(-18.4,-20.,0.));
#712 = SURFACE_CURVE('',#713,(#718,#725),.PCURVE_S1.);
#713 = CIRCLE('',#714,1.6);
#714 = AXIS2_PLACEMENT_3D('',#715,#716,#717);
#715 = CARTESIAN_POINT('',(-20.,-20.,0.));
#716 = DIRECTION('',(0.,0.,1.));
#717 = DIRECTION('',(1.,2.22044604925E-15,-0.));
#718 = PCURVE('',#100,#719);
#719 = DEFINITIONAL_REPRESENTATION('',(#720),#724);
#720 = CIRCLE('',#721,1.6);
#721 = AXIS2_PLACEMENT_2D('',#722,#723);
#722 = CARTESIAN_POINT('',(10.,10.));
#723 = DIRECTION('',(1.,2.22044604925E-15));
#724 = ( GEOMETRIC_REPRESENTATION_CONTEXT(2) 
PARAMETRIC_REPRESENTATION_CONTEXT() REPRESENTATION_CONTEXT('2D SPACE',''
  ) );
#725 = PCURVE('',#361,#726);
#726 = DEFINITIONAL_REPRESENTATION('',(#727),#731);
#727 = LINE('',#728,#729);
#728 = CARTESIAN_POINT('',(-0.,-54.0000002));
#729 = VECTOR('',#730,1.);
#730 = DIRECTION('',(-1.,-0.));
#731 = ( GEOMETRIC_REPRESENTATION_CONTEXT(2) 
PARAMETRIC_REPRESENTATION_CONTEXT() REPRESENTATION_CONTEXT('2D SPACE',''
  ) );
#732 = FACE_BOUND('',#733,.F.);
#733 = EDGE_LOOP('',(#734));
#734 = ORIENTED_EDGE('',*,*,#735,.F.);
#735 = EDGE_CURVE('',#736,#736,#738,.T.);
#736 = VERTEX_POINT('',#737);
#737 = CARTESIAN_POINT('',(21.6,-20.,0.));
#738 = SURFACE_CURVE('',#739,(#744,#751),.PCURVE_S1.);
#739 = CIRCLE('',#740,1.6);
#740 = AXIS2_PLACEMENT_3D('',#741,#742,#743);
#741 = CARTESIAN_POINT('',(20.,-20.,0.));
#742 = DIRECTION('',(0.,0.,1.));
#743 = DIRECTION('',(1.,2.22044604925E-15,-0.));
#744 = PCURVE('',#100,#745);
#745 = DEFINITIONAL_REPRESENTATION('',(#746),#750);
#746 = CIRCLE('',#747,1.6);
#747 = AXIS2_PLACEMENT_2D('',#748,#749);
#748 = CARTESIAN_POINT('',(50.,10.));
#749 = DIRECTION('',(1.,2.22044604925E-15));
#750 = ( GEOMETRIC_REPRESENTATION_CONTEXT(2) 
PARAMETRIC_REPRESENTATION_CONTEXT() REPRESENTATION_CONTEXT('2D SPACE',''
  ) );
#751 = PCURVE('',#396,#752);
#752 = DEFINITIONAL_REPRESENTATION('',(#753),#757);
#753 = LINE('',#754,#755);
#754 = CARTESIAN_POINT('',(-0.,-54.0000002));
#755 = VECTOR('',#756,1.);
#756 = DIRECTION('',(-1.,-0.));
#757 = ( GEOMETRIC_REPRESENTATION_CONTEXT(2) 
PARAMETRIC_REPRESENTATION_CONTEXT() REPRESENTATION_CONTEXT('2D SPACE',''
  ) );
#758 = FACE_BOUND('',#759,.F.);
#759 = EDGE_LOOP('',(#760));
#760 = ORIENTED_EDGE('',*,*,#761,.F.);
#761 = EDGE_CURVE('',#762,#762,#764,.T.);
#762 = VERTEX_POINT('',#763);
#763 = CARTESIAN_POINT('',(-18.4,20.,0.));
#764 = SURFACE_CURVE('',#765,(#770,#777),.PCURVE_S1.);
#765 = CIRCLE('',#766,1.6);
#766 = AXIS2_PLACEMENT_3D('',#767,#768,#769);
#767 = CARTESIAN_POINT('',(-20.,20.,0.));
#768 = DIRECTION('',(0.,0.,1.));
#769 = DIRECTION('',(1.,2.22044604925E-15,-0.));
#770 = PCURVE('',#100,#771);
#771 = DEFINITIONAL_REPRESENTATION('',(#772),#776);
#772 = CIRCLE('',#773,1.6);
#773 = AXIS2_PLACEMENT_2D('',#774,#775);
#774 = CARTESIAN_POINT('',(10.,50.));
#775 = DIRECTION('',(1.,2.22044604925E-15));
#776 = ( GEOMETRIC_REPRESENTATION_CONTEXT(2) 
PARAMETRIC_REPRESENTATION_CONTEXT() REPRESENTATION_CONTEXT('2D SPACE',''
  ) );
#777 = PCURVE('',#431,#778);
#778 = DEFINITIONAL_REPRESENTATION('',(#779),#783);
#779 = LINE('',#780,#781);
#780 = CARTESIAN_POINT('',(-0.,-54.0000002));
#781 = VECTOR('',#782,1.);
#782 = DIRECTION('',(-1.,-0.));
#783 = ( GEOMETRIC_REPRESENTATION_CONTEXT(2) 
PARAMETRIC_REPRESENTATION_CONTEXT() REPRESENTATION_CONTEXT('2D SPACE',''
  ) );
#784 = FACE_BOUND('',#785,.F.);
#785 = EDGE_LOOP('',(#786,#816,#844,#872,#900));
#786 = ORIENTED_EDGE('',*,*,#787,.T.);
#787 = EDGE_CURVE('',#788,#790,#792,.T.);
#788 = VERTEX_POINT('',#789);
#789 = CARTESIAN_POINT('',(-10.,0.,0.));
#790 = VERTEX_POINT('',#791);
#791 = CARTESIAN_POINT('',(-10.,4.,0.));
#792 = SURFACE_CURVE('',#793,(#797,#804),.PCURVE_S1.);
#793 = LINE('',#794,#795);
#794 = CARTESIAN_POINT('',(-10.,0.,0.));
#795 = VECTOR('',#796,1.);
#796 = DIRECTION('',(0.,1.,0.));
#797 = PCURVE('',#100,#798);
#798 = DEFINITIONAL_REPRESENTATION('',(#799),#803);
#799 = LINE('',#800,#801);
#800 = CARTESIAN_POINT('',(20.,30.));
#801 = VECTOR('',#802,1.);
#802 = DIRECTION('',(0.,1.));
#803 = ( GEOMETRIC_REPRESENTATION_CONTEXT(2) 
PARAMETRIC_REPRESENTATION_CONTEXT() REPRESENTATION_CONTEXT('2D SPACE',''
  ) );
#804 = PCURVE('',#805,#810);
#805 = PLANE('',#806);
#806 = AXIS2_PLACEMENT_3D('',#807,#808,#809);
#807 = CARTESIAN_POINT('',(-10.,0.,-20.));
#808 = DIRECTION('',(1.,0.,0.));
#809 = DIRECTION('',(0.,0.,1.));
#810 = DEFINITIONAL_REPRESENTATION('',(#811),#815);
#811 = LINE('',#812,#813);
#812 = CARTESIAN_POINT('',(20.,0.));
#813 = VECTOR('',#814,1.);
#814 = DIRECTION('',(0.,-1.));
#815 = ( GEOMETRIC_REPRESENTATION_CONTEXT(2) 
PARAMETRIC_REPRESENTATION_CONTEXT() REPRESENTATION_CONTEXT('2D SPACE',''
  ) );
#816 = ORIENTED_EDGE('',*,*,#817,.F.);
#817 = EDGE_CURVE('',#818,#790,#820,.T.);
#818 = VERTEX_POINT('',#819);
#819 = CARTESIAN_POINT('',(10.,4.,0.));
#820 = SURFACE_CURVE('',#821,(#825,#832),.PCURVE_S1.);
#821 = LINE('',#822,#823);
#822 = CARTESIAN_POINT('',(10.,4.,0.));
#823 = VECTOR('',#824,1.);
#824 = DIRECTION('',(-1.,0.,0.));
#825 = PCURVE('',#100,#826);
#826 = DEFINITIONAL_REPRESENTATION('',(#827),#831);
#827 = LINE('',#828,#829);
#828 = CARTESIAN_POINT('',(40.,34.));
#829 = VECTOR('',#830,1.);
#830 = DIRECTION('',(-1.,0.));
#831 = ( GEOMETRIC_REPRESENTATION_CONTEXT(2) 
PARAMETRIC_REPRESENTATION_CONTEXT() REPRESENTATION_CONTEXT('2D SPACE',''
  ) );
#832 = PCURVE('',#833,#838);
#833 = PLANE('',#834);
#834 = AXIS2_PLACEMENT_3D('',#835,#836,#837);
#835 = CARTESIAN_POINT('',(-10.,4.,-20.));
#836 = DIRECTION('',(0.,1.,0.));
#837 = DIRECTION('',(0.,0.,1.));
#838 = DEFINITIONAL_REPRESENTATION('',(#839),#843);
#839 = LINE('',#840,#841);
#840 = CARTESIAN_POINT('',(20.,20.));
#841 = VECTOR('',#842,1.);
#842 = DIRECTION('',(0.,-1.));
#843 = ( GEOMETRIC_REPRESENTATION_CONTEXT(2) 
PARAMETRIC_REPRESENTATION_CONTEXT() REPRESENTATION_CONTEXT('2D SPACE',''
  ) );
#844 = ORIENTED_EDGE('',*,*,#845,.F.);
#845 = EDGE_CURVE('',#846,#818,#848,.T.);
#846 = VERTEX_POINT('',#847);
#847 = CARTESIAN_POINT('',(10.,0.,0.));
#848 = SURFACE_CURVE('',#849,(#853,#860),.PCURVE_S1.);
#849 = LINE('',#850,#851);
#850 = CARTESIAN_POINT('',(10.,0.,0.));
#851 = VECTOR('',#852,1.);
#852 = DIRECTION('',(0.,1.,0.));
#853 = PCURVE('',#100,#854);
#854 = DEFINITIONAL_REPRESENTATION('',(#855),#859);
#855 = LINE('',#856,#857);
#856 = CARTESIAN_POINT('',(40.,30.));
#857 = VECTOR('',#858,1.);
#858 = DIRECTION('',(0.,1.));
#859 = ( GEOMETRIC_REPRESENTATION_CONTEXT(2) 
PARAMETRIC_REPRESENTATION_CONTEXT() REPRESENTATION_CONTEXT('2D SPACE',''
  ) );
#860 = PCURVE('',#861,#866);
#861 = PLANE('',#862);
#862 = AXIS2_PLACEMENT_3D('',#863,#864,#865);
#863 = CARTESIAN_POINT('',(10.,0.,-20.));
#864 = DIRECTION('',(1.,0.,0.));
#865 = DIRECTION('',(0.,0.,1.));
#866 = DEFINITIONAL_REPRESENTATION('',(#867),#871);
#867 = LINE('',#868,#869);
#868 = CARTESIAN_POINT('',(20.,0.));
#869 = VECTOR('',#870,1.);
#870 = DIRECTION('',(0.,-1.));
#871 = ( GEOMETRIC_REPRESENTATION_CONTEXT(2) 
PARAMETRIC_REPRESENTATION_CONTEXT() REPRESENTATION_CONTEXT('2D SPACE',''
  ) );
#872 = ORIENTED_EDGE('',*,*,#873,.F.);
#873 = EDGE_CURVE('',#874,#846,#876,.T.);
#874 = VERTEX_POINT('',#875);
#875 = CARTESIAN_POINT('',(0.,0.,0.));
#876 = SURFACE_CURVE('',#877,(#881,#888),.PCURVE_S1.);
#877 = LINE('',#878,#879);
#878 = CARTESIAN_POINT('',(-10.,0.,0.));
#879 = VECTOR('',#880,1.);
#880 = DIRECTION('',(1.,0.,0.));
#881 = PCURVE('',#100,#882);
#882 = DEFINITIONAL_REPRESENTATION('',(#883),#887);
#883 = LINE('',#884,#885);
#884 = CARTESIAN_POINT('',(20.,30.));
#885 = VECTOR('',#886,1.);
#886 = DIRECTION('',(1.,0.));
#887 = ( GEOMETRIC_REPRESENTATION_CONTEXT(2) 
PARAMETRIC_REPRESENTATION_CONTEXT() REPRESENTATION_CONTEXT('2D SPACE',''
  ) );
#888 = PCURVE('',#889,#894);
#889 = PLANE('',#890);
#890 = AXIS2_PLACEMENT_3D('',#891,#892,#893);
#891 = CARTESIAN_POINT('',(-10.,0.,-20.));
#892 = DIRECTION('',(0.,1.,0.));
#893 = DIRECTION('',(0.,0.,1.));
#894 = DEFINITIONAL_REPRESENTATION('',(#895),#899);
#895 = LINE('',#896,#897);
#896 = CARTESIAN_POINT('',(20.,0.));
#897 = VECTOR('',#898,1.);
#898 = DIRECTION('',(0.,1.));
#899 = ( GEOMETRIC_REPRESENTATION_CONTEXT(2) 
PARAMETRIC_REPRESENTATION_CONTEXT() REPRESENTATION_CONTEXT('2D SPACE',''
  ) );
#900 = ORIENTED_EDGE('',*,*,#901,.F.);
#901 = EDGE_CURVE('',#788,#874,#902,.T.);
#902 = SURFACE_CURVE('',#903,(#907,#914),.PCURVE_S1.);
#903 = LINE('',#904,#905);
#904 = CARTESIAN_POINT('',(-10.,0.,0.));
#905 = VECTOR('',#906,1.);
#906 = DIRECTION('',(1.,0.,0.));
#907 = PCURVE('',#100,#908);
#908 = DEFINITIONAL_REPRESENTATION('',(#909),#913);
#909 = LINE('',#910,#911);
#910 = CARTESIAN_POINT('',(20.,30.));
#911 = VECTOR('',#912,1.);
#912 = DIRECTION('',(1.,0.));
#913 = ( GEOMETRIC_REPRESENTATION_CONTEXT(2) 
PARAMETRIC_REPRESENTATION_CONTEXT() REPRESENTATION_CONTEXT('2D SPACE',''
  ) );
#914 = PCURVE('',#915,#920);
#915 = PLANE('',#916);
#916 = AXIS2_PLACEMENT_3D('',#917,#918,#919);
#917 = CARTESIAN_POINT('',(-10.,0.,-20.));
#918 = DIRECTION('',(0.,1.,0.));
#919 = DIRECTION('',(0.,0.,1.));
#920 = DEFINITIONAL_REPRESENTATION('',(#921),#925);
#921 = LINE('',#922,#923);
#922 = CARTESIAN_POINT('',(20.,0.));
#923 = VECTOR('',#924,1.);
#924 = DIRECTION('',(0.,1.));
#925 = ( GEOMETRIC_REPRESENTATION_CONTEXT(2) 
PARAMETRIC_REPRESENTATION_CONTEXT() REPRESENTATION_CONTEXT('2D SPACE',''
  ) );
#926 = FACE_BOUND('',#927,.F.);
#927 = EDGE_LOOP('',(#928));
#928 = ORIENTED_EDGE('',*,*,#929,.F.);
#929 = EDGE_CURVE('',#930,#930,#932,.T.);
#930 = VERTEX_POINT('',#931);
#931 = CARTESIAN_POINT('',(21.6,20.,0.));
#932 = SURFACE_CURVE('',#933,(#938,#945),.PCURVE_S1.);
#933 = CIRCLE('',#934,1.6);
#934 = AXIS2_PLACEMENT_3D('',#935,#936,#937);
#935 = CARTESIAN_POINT('',(20.,20.,0.));
#936 = DIRECTION('',(0.,0.,1.));
#937 = DIRECTION('',(1.,2.22044604925E-15,-0.));
#938 = PCURVE('',#100,#939);
#939 = DEFINITIONAL_REPRESENTATION('',(#940),#944);
#940 = CIRCLE('',#941,1.6);
#941 = AXIS2_PLACEMENT_2D('',#942,#943);
#942 = CARTESIAN_POINT('',(50.,50.));
#943 = DIRECTION('',(1.,2.22044604925E-15));
#944 = ( GEOMETRIC_REPRESENTATION_CONTEXT(2) 
PARAMETRIC_REPRESENTATION_CONTEXT() REPRESENTATION_CONTEXT('2D SPACE',''
  ) );
#945 = PCURVE('',#466,#946);
#946 = DEFINITIONAL_REPRESENTATION('',(#947),#951);
#947 = LINE('',#948,#949);
#948 = CARTESIAN_POINT('',(-0.,-54.0000002));
#949 = VECTOR('',#950,1.);
#950 = DIRECTION('',(-1.,-0.));
#951 = ( GEOMETRIC_REPRESENTATION_CONTEXT(2) 
PARAMETRIC_REPRESENTATION_CONTEXT() REPRESENTATION_CONTEXT('2D SPACE',''
  ) );
#952 = ADVANCED_FACE('',(#953),#182,.F.);
#953 = FACE_BOUND('',#954,.F.);
#954 = EDGE_LOOP('',(#955,#956,#957,#958));
#955 = ORIENTED_EDGE('',*,*,#587,.F.);
#956 = ORIENTED_EDGE('',*,*,#505,.T.);
#957 = ORIENTED_EDGE('',*,*,#166,.T.);
#958 = ORIENTED_EDGE('',*,*,#959,.F.);
#959 = EDGE_CURVE('',#588,#167,#960,.T.);
#960 = SURFACE_CURVE('',#961,(#965,#972),.PCURVE_S1.);
#961 = LINE('',#962,#963);
#962 = CARTESIAN_POINT('',(26.,-30.,0.));
#963 = VECTOR('',#964,1.);
#964 = DIRECTION('',(0.,0.,1.));
#965 = PCURVE('',#182,#966);
#966 = DEFINITIONAL_REPRESENTATION('',(#967),#971);
#967 = LINE('',#968,#969);
#968 = CARTESIAN_POINT('',(0.,56.));
#969 = VECTOR('',#970,1.);
#970 = DIRECTION('',(1.,0.));
#971 = ( GEOMETRIC_REPRESENTATION_CONTEXT(2) 
PARAMETRIC_REPRESENTATION_CONTEXT() REPRESENTATION_CONTEXT('2D SPACE',''
  ) );
#972 = PCURVE('',#215,#973);
#973 = DEFINITIONAL_REPRESENTATION('',(#974),#978);
#974 = LINE('',#975,#976);
#975 = CARTESIAN_POINT('',(-1.570796326795,0.));
#976 = VECTOR('',#977,1.);
#977 = DIRECTION('',(-0.,1.));
#978 = ( GEOMETRIC_REPRESENTATION_CONTEXT(2) 
PARAMETRIC_REPRESENTATION_CONTEXT() REPRESENTATION_CONTEXT('2D SPACE',''
  ) );
#979 = ADVANCED_FACE('',(#980),#215,.T.);
#980 = FACE_BOUND('',#981,.F.);
#981 = EDGE_LOOP('',(#982,#983,#984,#985));
#982 = ORIENTED_EDGE('',*,*,#610,.T.);
#983 = ORIENTED_EDGE('',*,*,#959,.T.);
#984 = ORIENTED_EDGE('',*,*,#194,.F.);
#985 = ORIENTED_EDGE('',*,*,#986,.F.);
#986 = EDGE_CURVE('',#611,#195,#987,.T.);
#987 = SURFACE_CURVE('',#988,(#992,#999),.PCURVE_S1.);
#988 = LINE('',#989,#990);
#989 = CARTESIAN_POINT('',(30.,-26.,0.));
#990 = VECTOR('',#991,1.);
#991 = DIRECTION('',(0.,0.,1.));
#992 = PCURVE('',#215,#993);
#993 = DEFINITIONAL_REPRESENTATION('',(#994),#998);
#994 = LINE('',#995,#996);
#995 = CARTESIAN_POINT('',(-0.,0.));
#996 = VECTOR('',#997,1.);
#997 = DIRECTION('',(-0.,1.));
#998 = ( GEOMETRIC_REPRESENTATION_CONTEXT(2) 
PARAMETRIC_REPRESENTATION_CONTEXT() REPRESENTATION_CONTEXT('2D SPACE',''
  ) );
#999 = PCURVE('',#243,#1000);
#1000 = DEFINITIONAL_REPRESENTATION('',(#1001),#1005);
#1001 = LINE('',#1002,#1003);
#1002 = CARTESIAN_POINT('',(0.,-4.));
#1003 = VECTOR('',#1004,1.);
#1004 = DIRECTION('',(1.,0.));
#1005 = ( GEOMETRIC_REPRESENTATION_CONTEXT(2) 
PARAMETRIC_REPRESENTATION_CONTEXT() REPRESENTATION_CONTEXT('2D SPACE',''
  ) );
#1006 = ADVANCED_FACE('',(#1007),#243,.T.);
#1007 = FACE_BOUND('',#1008,.T.);
#1008 = EDGE_LOOP('',(#1009,#1010,#1011,#1012));
#1009 = ORIENTED_EDGE('',*,*,#227,.F.);
#1010 = ORIENTED_EDGE('',*,*,#986,.F.);
#1011 = ORIENTED_EDGE('',*,*,#638,.T.);
#1012 = ORIENTED_EDGE('',*,*,#1013,.T.);
#1013 = EDGE_CURVE('',#639,#228,#1014,.T.);
#1014 = SURFACE_CURVE('',#1015,(#1019,#1026),.PCURVE_S1.);
#1015 = LINE('',#1016,#1017);
#1016 = CARTESIAN_POINT('',(30.,26.,0.));
#1017 = VECTOR('',#1018,1.);
#1018 = DIRECTION('',(0.,0.,1.));
#1019 = PCURVE('',#243,#1020);
#1020 = DEFINITIONAL_REPRESENTATION('',(#1021),#1025);
#1021 = LINE('',#1022,#1023);
#1022 = CARTESIAN_POINT('',(0.,-56.));
#1023 = VECTOR('',#1024,1.);
#1024 = DIRECTION('',(1.,0.));
#1025 = ( GEOMETRIC_REPRESENTATION_CONTEXT(2) 
PARAMETRIC_REPRESENTATION_CONTEXT() REPRESENTATION_CONTEXT('2D SPACE',''
  ) );
#1026 = PCURVE('',#272,#1027);
#1027 = DEFINITIONAL_REPRESENTATION('',(#1028),#1032);
#1028 = LINE('',#1029,#1030);
#1029 = CARTESIAN_POINT('',(0.,0.));
#1030 = VECTOR('',#1031,1.);
#1031 = DIRECTION('',(0.,1.));
#1032 = ( GEOMETRIC_REPRESENTATION_CONTEXT(2) 
PARAMETRIC_REPRESENTATION_CONTEXT() REPRESENTATION_CONTEXT('2D SPACE',''
  ) );
#1033 = ADVANCED_FACE('',(#1034),#272,.T.);
#1034 = FACE_BOUND('',#1035,.T.);
#1035 = EDGE_LOOP('',(#1036,#1037,#1058,#1059));
#1036 = ORIENTED_EDGE('',*,*,#661,.T.);
#1037 = ORIENTED_EDGE('',*,*,#1038,.T.);
#1038 = EDGE_CURVE('',#662,#256,#1039,.T.);
#1039 = SURFACE_CURVE('',#1040,(#1044,#1051),.PCURVE_S1.);
#1040 = LINE('',#1041,#1042);
#1041 = CARTESIAN_POINT('',(26.,30.,0.));
#1042 = VECTOR('',#1043,1.);
#1043 = DIRECTION('',(0.,0.,1.));
#1044 = PCURVE('',#272,#1045);
#1045 = DEFINITIONAL_REPRESENTATION('',(#1046),#1050);
#1046 = LINE('',#1047,#1048);
#1047 = CARTESIAN_POINT('',(1.570796326795,0.));
#1048 = VECTOR('',#1049,1.);
#1049 = DIRECTION('',(0.,1.));
#1050 = ( GEOMETRIC_REPRESENTATION_CONTEXT(2) 
PARAMETRIC_REPRESENTATION_CONTEXT() REPRESENTATION_CONTEXT('2D SPACE',''
  ) );
#1051 = PCURVE('',#300,#1052);
#1052 = DEFINITIONAL_REPRESENTATION('',(#1053),#1057);
#1053 = LINE('',#1054,#1055);
#1054 = CARTESIAN_POINT('',(0.,56.));
#1055 = VECTOR('',#1056,1.);
#1056 = DIRECTION('',(1.,0.));
#1057 = ( GEOMETRIC_REPRESENTATION_CONTEXT(2) 
PARAMETRIC_REPRESENTATION_CONTEXT() REPRESENTATION_CONTEXT('2D SPACE',''
  ) );
#1058 = ORIENTED_EDGE('',*,*,#255,.F.);
#1059 = ORIENTED_EDGE('',*,*,#1013,.F.);
#1060 = ADVANCED_FACE('',(#1061),#300,.T.);
#1061 = FACE_BOUND('',#1062,.T.);
#1062 = EDGE_LOOP('',(#1063,#1064,#1065,#1066));
#1063 = ORIENTED_EDGE('',*,*,#685,.F.);
#1064 = ORIENTED_EDGE('',*,*,#559,.T.);
#1065 = ORIENTED_EDGE('',*,*,#284,.T.);
#1066 = ORIENTED_EDGE('',*,*,#1038,.F.);
#1067 = ADVANCED_FACE('',(#1068),#361,.F.);
#1068 = FACE_BOUND('',#1069,.T.);
#1069 = EDGE_LOOP('',(#1070,#1071,#1092,#1093));
#1070 = ORIENTED_EDGE('',*,*,#709,.F.);
#1071 = ORIENTED_EDGE('',*,*,#1072,.T.);
#1072 = EDGE_CURVE('',#710,#341,#1073,.T.);
#1073 = SEAM_CURVE('',#1074,(#1078,#1085),.PCURVE_S1.);
#1074 = LINE('',#1075,#1076);
#1075 = CARTESIAN_POINT('',(-18.4,-20.,-54.0000002));
#1076 = VECTOR('',#1077,1.);
#1077 = DIRECTION('',(0.,0.,1.));
#1078 = PCURVE('',#361,#1079);
#1079 = DEFINITIONAL_REPRESENTATION('',(#1080),#1084);
#1080 = LINE('',#1081,#1082);
#1081 = CARTESIAN_POINT('',(-0.,0.));
#1082 = VECTOR('',#1083,1.);
#1083 = DIRECTION('',(-0.,-1.));
#1084 = ( GEOMETRIC_REPRESENTATION_CONTEXT(2) 
PARAMETRIC_REPRESENTATION_CONTEXT() REPRESENTATION_CONTEXT('2D SPACE',''
  ) );
#1085 = PCURVE('',#361,#1086);
#1086 = DEFINITIONAL_REPRESENTATION('',(#1087),#1091);
#1087 = LINE('',#1088,#1089);
#1088 = CARTESIAN_POINT('',(-6.28318530718,0.));
#1089 = VECTOR('',#1090,1.);
#1090 = DIRECTION('',(-0.,-1.));
#1091 = ( GEOMETRIC_REPRESENTATION_CONTEXT(2) 
PARAMETRIC_REPRESENTATION_CONTEXT() REPRESENTATION_CONTEXT('2D SPACE',''
  ) );
#1092 = ORIENTED_EDGE('',*,*,#340,.F.);
#1093 = ORIENTED_EDGE('',*,*,#1072,.F.);
#1094 = ADVANCED_FACE('',(#1095),#396,.F.);
#1095 = FACE_BOUND('',#1096,.T.);
#1096 = EDGE_LOOP('',(#1097,#1098,#1119,#1120));
#1097 = ORIENTED_EDGE('',*,*,#735,.F.);
#1098 = ORIENTED_EDGE('',*,*,#1099,.T.);
#1099 = EDGE_CURVE('',#736,#376,#1100,.T.);
#1100 = SEAM_CURVE('',#1101,(#1105,#1112),.PCURVE_S1.);
#1101 = LINE('',#1102,#1103);
#1102 = CARTESIAN_POINT('',(21.6,-20.,-54.0000002));
#1103 = VECTOR('',#1104,1.);
#1104 = DIRECTION('',(0.,0.,1.));
#1105 = PCURVE('',#396,#1106);
#1106 = DEFINITIONAL_REPRESENTATION('',(#1107),#1111);
#1107 = LINE('',#1108,#1109);
#1108 = CARTESIAN_POINT('',(-0.,0.));
#1109 = VECTOR('',#1110,1.);
#1110 = DIRECTION('',(-0.,-1.));
#1111 = ( GEOMETRIC_REPRESENTATION_CONTEXT(2) 
PARAMETRIC_REPRESENTATION_CONTEXT() REPRESENTATION_CONTEXT('2D SPACE',''
  ) );
#1112 = PCURVE('',#396,#1113);
#1113 = DEFINITIONAL_REPRESENTATION('',(#1114),#1118);
#1114 = LINE('',#1115,#1116);
#1115 = CARTESIAN_POINT('',(-6.28318530718,0.));
#1116 = VECTOR('',#1117,1.);
#1117 = DIRECTION('',(-0.,-1.));
#1118 = ( GEOMETRIC_REPRESENTATION_CONTEXT(2) 
PARAMETRIC_REPRESENTATION_CONTEXT() REPRESENTATION_CONTEXT('2D SPACE',''
  ) );
#1119 = ORIENTED_EDGE('',*,*,#375,.F.);
#1120 = ORIENTED_EDGE('',*,*,#1099,.F.);
#1121 = ADVANCED_FACE('',(#1122),#431,.F.);
#1122 = FACE_BOUND('',#1123,.T.);
#1123 = EDGE_LOOP('',(#1124,#1125,#1146,#1147));
#1124 = ORIENTED_EDGE('',*,*,#761,.F.);
#1125 = ORIENTED_EDGE('',*,*,#1126,.T.);
#1126 = EDGE_CURVE('',#762,#411,#1127,.T.);
#1127 = SEAM_CURVE('',#1128,(#1132,#1139),.PCURVE_S1.);
#1128 = LINE('',#1129,#1130);
#1129 = CARTESIAN_POINT('',(-18.4,20.,-54.0000002));
#1130 = VECTOR('',#1131,1.);
#1131 = DIRECTION('',(0.,0.,1.));
#1132 = PCURVE('',#431,#1133);
#1133 = DEFINITIONAL_REPRESENTATION('',(#1134),#1138);
#1134 = LINE('',#1135,#1136);
#1135 = CARTESIAN_POINT('',(-0.,0.));
#1136 = VECTOR('',#1137,1.);
#1137 = DIRECTION('',(-0.,-1.));
#1138 = ( GEOMETRIC_REPRESENTATION_CONTEXT(2) 
PARAMETRIC_REPRESENTATION_CONTEXT() REPRESENTATION_CONTEXT('2D SPACE',''
  ) );
#1139 = PCURVE('',#431,#1140);
#1140 = DEFINITIONAL_REPRESENTATION('',(#1141),#1145);
#1141 = LINE('',#1142,#1143);
#1142 = CARTESIAN_POINT('',(-6.28318530718,0.));
#1143 = VECTOR('',#1144,1.);
#1144 = DIRECTION('',(-0.,-1.));
#1145 = ( GEOMETRIC_REPRESENTATION_CONTEXT(2) 
PARAMETRIC_REPRESENTATION_CONTEXT() REPRESENTATION_CONTEXT('2D SPACE',''
  ) );
#1146 = ORIENTED_EDGE('',*,*,#410,.F.);
#1147 = ORIENTED_EDGE('',*,*,#1126,.F.);
#1148 = ADVANCED_FACE('',(#1149),#466,.F.);
#1149 = FACE_BOUND('',#1150,.T.);
#1150 = EDGE_LOOP('',(#1151,#1152,#1173,#1174));
#1151 = ORIENTED_EDGE('',*,*,#929,.F.);
#1152 = ORIENTED_EDGE('',*,*,#1153,.T.);
#1153 = EDGE_CURVE('',#930,#446,#1154,.T.);
#1154 = SEAM_CURVE('',#1155,(#1159,#1166),.PCURVE_S1.);
#1155 = LINE('',#1156,#1157);
#1156 = CARTESIAN_POINT('',(21.6,20.,-54.0000002));
#1157 = VECTOR('',#1158,1.);
#1158 = DIRECTION('',(0.,0.,1.));
#1159 = PCURVE('',#466,#1160);
#1160 = DEFINITIONAL_REPRESENTATION('',(#1161),#1165);
#1161 = LINE('',#1162,#1163);
#1162 = CARTESIAN_POINT('',(-0.,0.));
#1163 = VECTOR('',#1164,1.);
#1164 = DIRECTION('',(-0.,-1.));
#1165 = ( GEOMETRIC_REPRESENTATION_CONTEXT(2) 
PARAMETRIC_REPRESENTATION_CONTEXT() REPRESENTATION_CONTEXT('2D SPACE',''
  ) );
#1166 = PCURVE('',#466,#1167);
#1167 = DEFINITIONAL_REPRESENTATION('',(#1168),#1172);
#1168 = LINE('',#1169,#1170);
#1169 = CARTESIAN_POINT('',(-6.28318530718,0.));
#1170 = VECTOR('',#1171,1.);
#1171 = DIRECTION('',(-0.,-1.));
#1172 = ( GEOMETRIC_REPRESENTATION_CONTEXT(2) 
PARAMETRIC_REPRESENTATION_CONTEXT() REPRESENTATION_CONTEXT('2D SPACE',''
  ) );
#1173 = ORIENTED_EDGE('',*,*,#445,.F.);
#1174 = ORIENTED_EDGE('',*,*,#1153,.F.);
#1175 = ADVANCED_FACE('',(#1176),#805,.F.);
#1176 = FACE_BOUND('',#1177,.F.);
#1177 = EDGE_LOOP('',(#1178,#1201,#1227,#1248));
#1178 = ORIENTED_EDGE('',*,*,#1179,.F.);
#1179 = EDGE_CURVE('',#1180,#788,#1182,.T.);
#1180 = VERTEX_POINT('',#1181);
#1181 = CARTESIAN_POINT('',(-10.,0.,-2.679491924311));
#1182 = SURFACE_CURVE('',#1183,(#1187,#1194),.PCURVE_S1.);
#1183 = LINE('',#1184,#1185);
#1184 = CARTESIAN_POINT('',(-10.,0.,-20.));
#1185 = VECTOR('',#1186,1.);
#1186 = DIRECTION('',(0.,0.,1.));
#1187 = PCURVE('',#805,#1188);
#1188 = DEFINITIONAL_REPRESENTATION('',(#1189),#1193);
#1189 = LINE('',#1190,#1191);
#1190 = CARTESIAN_POINT('',(0.,0.));
#1191 = VECTOR('',#1192,1.);
#1192 = DIRECTION('',(1.,0.));
#1193 = ( GEOMETRIC_REPRESENTATION_CONTEXT(2) 
PARAMETRIC_REPRESENTATION_CONTEXT() REPRESENTATION_CONTEXT('2D SPACE',''
  ) );
#1194 = PCURVE('',#915,#1195);
#1195 = DEFINITIONAL_REPRESENTATION('',(#1196),#1200);
#1196 = LINE('',#1197,#1198);
#1197 = CARTESIAN_POINT('',(0.,0.));
#1198 = VECTOR('',#1199,1.);
#1199 = DIRECTION('',(1.,0.));
#1200 = ( GEOMETRIC_REPRESENTATION_CONTEXT(2) 
PARAMETRIC_REPRESENTATION_CONTEXT() REPRESENTATION_CONTEXT('2D SPACE',''
  ) );
#1201 = ORIENTED_EDGE('',*,*,#1202,.F.);
#1202 = EDGE_CURVE('',#1203,#1180,#1205,.T.);
#1203 = VERTEX_POINT('',#1204);
#1204 = CARTESIAN_POINT('',(-10.,4.,-2.679491924311));
#1205 = SURFACE_CURVE('',#1206,(#1210,#1216),.PCURVE_S1.);
#1206 = LINE('',#1207,#1208);
#1207 = CARTESIAN_POINT('',(-10.,4.,-2.679491924311));
#1208 = VECTOR('',#1209,1.);
#1209 = DIRECTION('',(0.,-1.,1.110223024625E-16));
#1210 = PCURVE('',#805,#1211);
#1211 = DEFINITIONAL_REPRESENTATION('',(#1212),#1215);
#1212 = B_SPLINE_CURVE_WITH_KNOTS('',1,(#1213,#1214),.UNSPECIFIED.,.F.,
  .F.,(2,2),(-5.999999999062E-07,4.4),.PIECEWISE_BEZIER_KNOTS.);
#1213 = CARTESIAN_POINT('',(17.320508075689,-4.0000006));
#1214 = CARTESIAN_POINT('',(17.320508075689,0.4));
#1215 = ( GEOMETRIC_REPRESENTATION_CONTEXT(2) 
PARAMETRIC_REPRESENTATION_CONTEXT() REPRESENTATION_CONTEXT('2D SPACE',''
  ) );
#1216 = PCURVE('',#1217,#1222);
#1217 = CYLINDRICAL_SURFACE('',#1218,20.);
#1218 = AXIS2_PLACEMENT_3D('',#1219,#1220,#1221);
#1219 = CARTESIAN_POINT('',(0.,4.,-20.));
#1220 = DIRECTION('',(0.,-1.,1.110223024625E-16));
#1221 = DIRECTION('',(1.,0.,0.));
#1222 = DEFINITIONAL_REPRESENTATION('',(#1223),#1226);
#1223 = B_SPLINE_CURVE_WITH_KNOTS('',1,(#1224,#1225),.UNSPECIFIED.,.F.,
  .F.,(2,2),(-5.999999999062E-07,4.4),.PIECEWISE_BEZIER_KNOTS.);
#1224 = CARTESIAN_POINT('',(2.094395102393,-5.999999997596E-07));
#1225 = CARTESIAN_POINT('',(2.094395102393,4.4));
#1226 = ( GEOMETRIC_REPRESENTATION_CONTEXT(2) 
PARAMETRIC_REPRESENTATION_CONTEXT() REPRESENTATION_CONTEXT('2D SPACE',''
  ) );
#1227 = ORIENTED_EDGE('',*,*,#1228,.T.);
#1228 = EDGE_CURVE('',#1203,#790,#1229,.T.);
#1229 = SURFACE_CURVE('',#1230,(#1234,#1241),.PCURVE_S1.);
#1230 = LINE('',#1231,#1232);
#1231 = CARTESIAN_POINT('',(-10.,4.,-20.));
#1232 = VECTOR('',#1233,1.);
#1233 = DIRECTION('',(0.,0.,1.));
#1234 = PCURVE('',#805,#1235);
#1235 = DEFINITIONAL_REPRESENTATION('',(#1236),#1240);
#1236 = LINE('',#1237,#1238);
#1237 = CARTESIAN_POINT('',(0.,-4.));
#1238 = VECTOR('',#1239,1.);
#1239 = DIRECTION('',(1.,0.));
#1240 = ( GEOMETRIC_REPRESENTATION_CONTEXT(2) 
PARAMETRIC_REPRESENTATION_CONTEXT() REPRESENTATION_CONTEXT('2D SPACE',''
  ) );
#1241 = PCURVE('',#833,#1242);
#1242 = DEFINITIONAL_REPRESENTATION('',(#1243),#1247);
#1243 = LINE('',#1244,#1245);
#1244 = CARTESIAN_POINT('',(0.,0.));
#1245 = VECTOR('',#1246,1.);
#1246 = DIRECTION('',(1.,0.));
#1247 = ( GEOMETRIC_REPRESENTATION_CONTEXT(2) 
PARAMETRIC_REPRESENTATION_CONTEXT() REPRESENTATION_CONTEXT('2D SPACE',''
  ) );
#1248 = ORIENTED_EDGE('',*,*,#787,.F.);
#1249 = ADVANCED_FACE('',(#1250,#1336),#833,.T.);
#1250 = FACE_BOUND('',#1251,.T.);
#1251 = EDGE_LOOP('',(#1252,#1253,#1276,#1309,#1335));
#1252 = ORIENTED_EDGE('',*,*,#817,.F.);
#1253 = ORIENTED_EDGE('',*,*,#1254,.F.);
#1254 = EDGE_CURVE('',#1255,#818,#1257,.T.);
#1255 = VERTEX_POINT('',#1256);
#1256 = CARTESIAN_POINT('',(10.,4.,-2.679491924311));
#1257 = SURFACE_CURVE('',#1258,(#1262,#1269),.PCURVE_S1.);
#1258 = LINE('',#1259,#1260);
#1259 = CARTESIAN_POINT('',(10.,4.,-20.));
#1260 = VECTOR('',#1261,1.);
#1261 = DIRECTION('',(0.,0.,1.));
#1262 = PCURVE('',#833,#1263);
#1263 = DEFINITIONAL_REPRESENTATION('',(#1264),#1268);
#1264 = LINE('',#1265,#1266);
#1265 = CARTESIAN_POINT('',(0.,20.));
#1266 = VECTOR('',#1267,1.);
#1267 = DIRECTION('',(1.,0.));
#1268 = ( GEOMETRIC_REPRESENTATION_CONTEXT(2) 
PARAMETRIC_REPRESENTATION_CONTEXT() REPRESENTATION_CONTEXT('2D SPACE',''
  ) );
#1269 = PCURVE('',#861,#1270);
#1270 = DEFINITIONAL_REPRESENTATION('',(#1271),#1275);
#1271 = LINE('',#1272,#1273);
#1272 = CARTESIAN_POINT('',(0.,-4.));
#1273 = VECTOR('',#1274,1.);
#1274 = DIRECTION('',(1.,0.));
#1275 = ( GEOMETRIC_REPRESENTATION_CONTEXT(2) 
PARAMETRIC_REPRESENTATION_CONTEXT() REPRESENTATION_CONTEXT('2D SPACE',''
  ) );
#1276 = ORIENTED_EDGE('',*,*,#1277,.F.);
#1277 = EDGE_CURVE('',#1278,#1255,#1280,.T.);
#1278 = VERTEX_POINT('',#1279);
#1279 = CARTESIAN_POINT('',(20.,4.,-20.));
#1280 = SURFACE_CURVE('',#1281,(#1286,#1297),.PCURVE_S1.);
#1281 = CIRCLE('',#1282,20.);
#1282 = AXIS2_PLACEMENT_3D('',#1283,#1284,#1285);
#1283 = CARTESIAN_POINT('',(0.,4.,-20.));
#1284 = DIRECTION('',(0.,-1.,1.110223024625E-16));
#1285 = DIRECTION('',(1.,0.,0.));
#1286 = PCURVE('',#833,#1287);
#1287 = DEFINITIONAL_REPRESENTATION('',(#1288),#1296);
#1288 = ( BOUNDED_CURVE() B_SPLINE_CURVE(2,(#1289,#1290,#1291,#1292,
#1293,#1294,#1295),.UNSPECIFIED.,.T.,.F.) B_SPLINE_CURVE_WITH_KNOTS((1,2
    ,2,2,2,1),(-2.094395102393,0.,2.094395102393,4.188790204786,
6.28318530718,8.377580409573),.UNSPECIFIED.) CURVE() 
GEOMETRIC_REPRESENTATION_ITEM() RATIONAL_B_SPLINE_CURVE((1.,0.5,1.,0.5,
1.,0.5,1.)) REPRESENTATION_ITEM('') );
#1289 = CARTESIAN_POINT('',(0.,30.));
#1290 = CARTESIAN_POINT('',(34.641016151378,30.));
#1291 = CARTESIAN_POINT('',(17.320508075689,3.552713678801E-15));
#1292 = CARTESIAN_POINT('',(4.898587196589E-15,-30.));
#1293 = CARTESIAN_POINT('',(-17.32050807568,-8.881784197001E-15));
#1294 = CARTESIAN_POINT('',(-34.64101615137,30.));
#1295 = CARTESIAN_POINT('',(0.,30.));
#1296 = ( GEOMETRIC_REPRESENTATION_CONTEXT(2) 
PARAMETRIC_REPRESENTATION_CONTEXT() REPRESENTATION_CONTEXT('2D SPACE',''
  ) );
#1297 = PCURVE('',#1298,#1303);
#1298 = CYLINDRICAL_SURFACE('',#1299,20.);
#1299 = AXIS2_PLACEMENT_3D('',#1300,#1301,#1302);
#1300 = CARTESIAN_POINT('',(0.,4.,-20.));
#1301 = DIRECTION('',(0.,-1.,1.110223024625E-16));
#1302 = DIRECTION('',(1.,0.,0.));
#1303 = DEFINITIONAL_REPRESENTATION('',(#1304),#1308);
#1304 = LINE('',#1305,#1306);
#1305 = CARTESIAN_POINT('',(0.,0.));
#1306 = VECTOR('',#1307,1.);
#1307 = DIRECTION('',(1.,0.));
#1308 = ( GEOMETRIC_REPRESENTATION_CONTEXT(2) 
PARAMETRIC_REPRESENTATION_CONTEXT() REPRESENTATION_CONTEXT('2D SPACE',''
  ) );
#1309 = ORIENTED_EDGE('',*,*,#1310,.F.);
#1310 = EDGE_CURVE('',#1203,#1278,#1311,.T.);
#1311 = SURFACE_CURVE('',#1312,(#1317,#1328),.PCURVE_S1.);
#1312 = CIRCLE('',#1313,20.);
#1313 = AXIS2_PLACEMENT_3D('',#1314,#1315,#1316);
#1314 = CARTESIAN_POINT('',(0.,4.,-20.));
#1315 = DIRECTION('',(0.,-1.,1.110223024625E-16));
#1316 = DIRECTION('',(1.,0.,0.));
#1317 = PCURVE('',#833,#1318);
#1318 = DEFINITIONAL_REPRESENTATION('',(#1319),#1327);
#1319 = ( BOUNDED_CURVE() B_SPLINE_CURVE(2,(#1320,#1321,#1322,#1323,
#1324,#1325,#1326),.UNSPECIFIED.,.T.,.F.) B_SPLINE_CURVE_WITH_KNOTS((1,2
    ,2,2,2,1),(-2.094395102393,0.,2.094395102393,4.188790204786,
6.28318530718,8.377580409573),.UNSPECIFIED.) CURVE() 
GEOMETRIC_REPRESENTATION_ITEM() RATIONAL_B_SPLINE_CURVE((1.,0.5,1.,0.5,
1.,0.5,1.)) REPRESENTATION_ITEM('') );
#1320 = CARTESIAN_POINT('',(0.,30.));
#1321 = CARTESIAN_POINT('',(34.641016151378,30.));
#1322 = CARTESIAN_POINT('',(17.320508075689,3.552713678801E-15));
#1323 = CARTESIAN_POINT('',(4.898587196589E-15,-30.));
#1324 = CARTESIAN_POINT('',(-17.32050807568,-8.881784197001E-15));
#1325 = CARTESIAN_POINT('',(-34.64101615137,30.));
#1326 = CARTESIAN_POINT('',(0.,30.));
#1327 = ( GEOMETRIC_REPRESENTATION_CONTEXT(2) 
PARAMETRIC_REPRESENTATION_CONTEXT() REPRESENTATION_CONTEXT('2D SPACE',''
  ) );
#1328 = PCURVE('',#1217,#1329);
#1329 = DEFINITIONAL_REPRESENTATION('',(#1330),#1334);
#1330 = LINE('',#1331,#1332);
#1331 = CARTESIAN_POINT('',(0.,0.));
#1332 = VECTOR('',#1333,1.);
#1333 = DIRECTION('',(1.,0.));
#1334 = ( GEOMETRIC_REPRESENTATION_CONTEXT(2) 
PARAMETRIC_REPRESENTATION_CONTEXT() REPRESENTATION_CONTEXT('2D SPACE',''
  ) );
#1335 = ORIENTED_EDGE('',*,*,#1228,.T.);
#1336 = FACE_BOUND('',#1337,.T.);
#1337 = EDGE_LOOP('',(#1338));
#1338 = ORIENTED_EDGE('',*,*,#1339,.T.);
#1339 = EDGE_CURVE('',#1340,#1340,#1342,.T.);
#1340 = VERTEX_POINT('',#1341);
#1341 = CARTESIAN_POINT('',(3.2,4.,-20.));
#1342 = SURFACE_CURVE('',#1343,(#1348,#1359),.PCURVE_S1.);
#1343 = CIRCLE('',#1344,3.2);
#1344 = AXIS2_PLACEMENT_3D('',#1345,#1346,#1347);
#1345 = CARTESIAN_POINT('',(0.,4.,-20.));
#1346 = DIRECTION('',(0.,-1.,1.110223024625E-16));
#1347 = DIRECTION('',(1.,0.,0.));
#1348 = PCURVE('',#833,#1349);
#1349 = DEFINITIONAL_REPRESENTATION('',(#1350),#1358);
#1350 = ( BOUNDED_CURVE() B_SPLINE_CURVE(2,(#1351,#1352,#1353,#1354,
#1355,#1356,#1357),.UNSPECIFIED.,.T.,.F.) B_SPLINE_CURVE_WITH_KNOTS((1,2
    ,2,2,2,1),(-2.094395102393,0.,2.094395102393,4.188790204786,
6.28318530718,8.377580409573),.UNSPECIFIED.) CURVE() 
GEOMETRIC_REPRESENTATION_ITEM() RATIONAL_B_SPLINE_CURVE((1.,0.5,1.,0.5,
1.,0.5,1.)) REPRESENTATION_ITEM('') );
#1351 = CARTESIAN_POINT('',(0.,13.2));
#1352 = CARTESIAN_POINT('',(5.54256258422,13.2));
#1353 = CARTESIAN_POINT('',(2.77128129211,8.4));
#1354 = CARTESIAN_POINT('',(7.837739514543E-16,3.6));
#1355 = CARTESIAN_POINT('',(-2.77128129211,8.4));
#1356 = CARTESIAN_POINT('',(-5.54256258422,13.2));
#1357 = CARTESIAN_POINT('',(0.,13.2));
#1358 = ( GEOMETRIC_REPRESENTATION_CONTEXT(2) 
PARAMETRIC_REPRESENTATION_CONTEXT() REPRESENTATION_CONTEXT('2D SPACE',''
  ) );
#1359 = PCURVE('',#1360,#1365);
#1360 = CYLINDRICAL_SURFACE('',#1361,3.2);
#1361 = AXIS2_PLACEMENT_3D('',#1362,#1363,#1364);
#1362 = CARTESIAN_POINT('',(0.,16.,-20.));
#1363 = DIRECTION('',(0.,-1.,1.110223024625E-16));
#1364 = DIRECTION('',(1.,0.,0.));
#1365 = DEFINITIONAL_REPRESENTATION('',(#1366),#1370);
#1366 = LINE('',#1367,#1368);
#1367 = CARTESIAN_POINT('',(0.,12.));
#1368 = VECTOR('',#1369,1.);
#1369 = DIRECTION('',(1.,0.));
#1370 = ( GEOMETRIC_REPRESENTATION_CONTEXT(2) 
PARAMETRIC_REPRESENTATION_CONTEXT() REPRESENTATION_CONTEXT('2D SPACE',''
  ) );
#1371 = ADVANCED_FACE('',(#1372),#861,.T.);
#1372 = FACE_BOUND('',#1373,.T.);
#1373 = EDGE_LOOP('',(#1374,#1397,#1416,#1417));
#1374 = ORIENTED_EDGE('',*,*,#1375,.F.);
#1375 = EDGE_CURVE('',#1376,#846,#1378,.T.);
#1376 = VERTEX_POINT('',#1377);
#1377 = CARTESIAN_POINT('',(10.,0.,-2.679491924311));
#1378 = SURFACE_CURVE('',#1379,(#1383,#1390),.PCURVE_S1.);
#1379 = LINE('',#1380,#1381);
#1380 = CARTESIAN_POINT('',(10.,0.,-20.));
#1381 = VECTOR('',#1382,1.);
#1382 = DIRECTION('',(0.,0.,1.));
#1383 = PCURVE('',#861,#1384);
#1384 = DEFINITIONAL_REPRESENTATION('',(#1385),#1389);
#1385 = LINE('',#1386,#1387);
#1386 = CARTESIAN_POINT('',(0.,0.));
#1387 = VECTOR('',#1388,1.);
#1388 = DIRECTION('',(1.,0.));
#1389 = ( GEOMETRIC_REPRESENTATION_CONTEXT(2) 
PARAMETRIC_REPRESENTATION_CONTEXT() REPRESENTATION_CONTEXT('2D SPACE',''
  ) );
#1390 = PCURVE('',#889,#1391);
#1391 = DEFINITIONAL_REPRESENTATION('',(#1392),#1396);
#1392 = LINE('',#1393,#1394);
#1393 = CARTESIAN_POINT('',(0.,20.));
#1394 = VECTOR('',#1395,1.);
#1395 = DIRECTION('',(1.,0.));
#1396 = ( GEOMETRIC_REPRESENTATION_CONTEXT(2) 
PARAMETRIC_REPRESENTATION_CONTEXT() REPRESENTATION_CONTEXT('2D SPACE',''
  ) );
#1397 = ORIENTED_EDGE('',*,*,#1398,.F.);
#1398 = EDGE_CURVE('',#1255,#1376,#1399,.T.);
#1399 = SURFACE_CURVE('',#1400,(#1404,#1410),.PCURVE_S1.);
#1400 = LINE('',#1401,#1402);
#1401 = CARTESIAN_POINT('',(10.,4.,-2.679491924311));
#1402 = VECTOR('',#1403,1.);
#1403 = DIRECTION('',(0.,-1.,1.110223024625E-16));
#1404 = PCURVE('',#861,#1405);
#1405 = DEFINITIONAL_REPRESENTATION('',(#1406),#1409);
#1406 = B_SPLINE_CURVE_WITH_KNOTS('',1,(#1407,#1408),.UNSPECIFIED.,.F.,
  .F.,(2,2),(-5.999999999062E-07,4.4),.PIECEWISE_BEZIER_KNOTS.);
#1407 = CARTESIAN_POINT('',(17.320508075689,-4.0000006));
#1408 = CARTESIAN_POINT('',(17.320508075689,0.4));
#1409 = ( GEOMETRIC_REPRESENTATION_CONTEXT(2) 
PARAMETRIC_REPRESENTATION_CONTEXT() REPRESENTATION_CONTEXT('2D SPACE',''
  ) );
#1410 = PCURVE('',#1298,#1411);
#1411 = DEFINITIONAL_REPRESENTATION('',(#1412),#1415);
#1412 = B_SPLINE_CURVE_WITH_KNOTS('',1,(#1413,#1414),.UNSPECIFIED.,.F.,
  .F.,(2,2),(-5.999999999062E-07,4.4),.PIECEWISE_BEZIER_KNOTS.);
#1413 = CARTESIAN_POINT('',(1.047197551197,-5.999999997596E-07));
#1414 = CARTESIAN_POINT('',(1.047197551197,4.4));
#1415 = ( GEOMETRIC_REPRESENTATION_CONTEXT(2) 
PARAMETRIC_REPRESENTATION_CONTEXT() REPRESENTATION_CONTEXT('2D SPACE',''
  ) );
#1416 = ORIENTED_EDGE('',*,*,#1254,.T.);
#1417 = ORIENTED_EDGE('',*,*,#845,.F.);
#1418 = ADVANCED_FACE('',(#1419),#889,.F.);
#1419 = FACE_BOUND('',#1420,.F.);
#1420 = EDGE_LOOP('',(#1421,#1422,#1448));
#1421 = ORIENTED_EDGE('',*,*,#1375,.F.);
#1422 = ORIENTED_EDGE('',*,*,#1423,.T.);
#1423 = EDGE_CURVE('',#1376,#874,#1424,.T.);
#1424 = SURFACE_CURVE('',#1425,(#1430,#1441),.PCURVE_S1.);
#1425 = CIRCLE('',#1426,20.);
#1426 = AXIS2_PLACEMENT_3D('',#1427,#1428,#1429);
#1427 = CARTESIAN_POINT('',(0.,0.,-20.));
#1428 = DIRECTION('',(0.,-1.,1.110223024625E-16));
#1429 = DIRECTION('',(1.,0.,0.));
#1430 = PCURVE('',#889,#1431);
#1431 = DEFINITIONAL_REPRESENTATION('',(#1432),#1440);
#1432 = ( BOUNDED_CURVE() B_SPLINE_CURVE(2,(#1433,#1434,#1435,#1436,
#1437,#1438,#1439),.UNSPECIFIED.,.T.,.F.) B_SPLINE_CURVE_WITH_KNOTS((1,2
    ,2,2,2,1),(-2.094395102393,0.,2.094395102393,4.188790204786,
6.28318530718,8.377580409573),.UNSPECIFIED.) CURVE() 
GEOMETRIC_REPRESENTATION_ITEM() RATIONAL_B_SPLINE_CURVE((1.,0.5,1.,0.5,
1.,0.5,1.)) REPRESENTATION_ITEM('') );
#1433 = CARTESIAN_POINT('',(0.,30.));
#1434 = CARTESIAN_POINT('',(34.641016151378,30.));
#1435 = CARTESIAN_POINT('',(17.320508075689,3.552713678801E-15));
#1436 = CARTESIAN_POINT('',(4.898587196589E-15,-30.));
#1437 = CARTESIAN_POINT('',(-17.32050807568,-8.881784197001E-15));
#1438 = CARTESIAN_POINT('',(-34.64101615137,30.));
#1439 = CARTESIAN_POINT('',(0.,30.));
#1440 = ( GEOMETRIC_REPRESENTATION_CONTEXT(2) 
PARAMETRIC_REPRESENTATION_CONTEXT() REPRESENTATION_CONTEXT('2D SPACE',''
  ) );
#1441 = PCURVE('',#1298,#1442);
#1442 = DEFINITIONAL_REPRESENTATION('',(#1443),#1447);
#1443 = LINE('',#1444,#1445);
#1444 = CARTESIAN_POINT('',(0.,4.));
#1445 = VECTOR('',#1446,1.);
#1446 = DIRECTION('',(1.,0.));
#1447 = ( GEOMETRIC_REPRESENTATION_CONTEXT(2) 
PARAMETRIC_REPRESENTATION_CONTEXT() REPRESENTATION_CONTEXT('2D SPACE',''
  ) );
#1448 = ORIENTED_EDGE('',*,*,#873,.T.);
#1449 = ADVANCED_FACE('',(#1450),#915,.F.);
#1450 = FACE_BOUND('',#1451,.F.);
#1451 = EDGE_LOOP('',(#1452,#1453,#1479));
#1452 = ORIENTED_EDGE('',*,*,#901,.T.);
#1453 = ORIENTED_EDGE('',*,*,#1454,.T.);
#1454 = EDGE_CURVE('',#874,#1180,#1455,.T.);
#1455 = SURFACE_CURVE('',#1456,(#1461,#1472),.PCURVE_S1.);
#1456 = CIRCLE('',#1457,20.);
#1457 = AXIS2_PLACEMENT_3D('',#1458,#1459,#1460);
#1458 = CARTESIAN_POINT('',(0.,0.,-20.));
#1459 = DIRECTION('',(0.,-1.,1.110223024625E-16));
#1460 = DIRECTION('',(1.,0.,0.));
#1461 = PCURVE('',#915,#1462);
#1462 = DEFINITIONAL_REPRESENTATION('',(#1463),#1471);
#1463 = ( BOUNDED_CURVE() B_SPLINE_CURVE(2,(#1464,#1465,#1466,#1467,
#1468,#1469,#1470),.UNSPECIFIED.,.T.,.F.) B_SPLINE_CURVE_WITH_KNOTS((1,2
    ,2,2,2,1),(-2.094395102393,0.,2.094395102393,4.188790204786,
6.28318530718,8.377580409573),.UNSPECIFIED.) CURVE() 
GEOMETRIC_REPRESENTATION_ITEM() RATIONAL_B_SPLINE_CURVE((1.,0.5,1.,0.5,
1.,0.5,1.)) REPRESENTATION_ITEM('') );
#1464 = CARTESIAN_POINT('',(0.,30.));
#1465 = CARTESIAN_POINT('',(34.641016151378,30.));
#1466 = CARTESIAN_POINT('',(17.320508075689,3.552713678801E-15));
#1467 = CARTESIAN_POINT('',(4.898587196589E-15,-30.));
#1468 = CARTESIAN_POINT('',(-17.32050807568,-8.881784197001E-15));
#1469 = CARTESIAN_POINT('',(-34.64101615137,30.));
#1470 = CARTESIAN_POINT('',(0.,30.));
#1471 = ( GEOMETRIC_REPRESENTATION_CONTEXT(2) 
PARAMETRIC_REPRESENTATION_CONTEXT() REPRESENTATION_CONTEXT('2D SPACE',''
  ) );
#1472 = PCURVE('',#1217,#1473);
#1473 = DEFINITIONAL_REPRESENTATION('',(#1474),#1478);
#1474 = LINE('',#1475,#1476);
#1475 = CARTESIAN_POINT('',(0.,4.));
#1476 = VECTOR('',#1477,1.);
#1477 = DIRECTION('',(1.,0.));
#1478 = ( GEOMETRIC_REPRESENTATION_CONTEXT(2) 
PARAMETRIC_REPRESENTATION_CONTEXT() REPRESENTATION_CONTEXT('2D SPACE',''
  ) );
#1479 = ORIENTED_EDGE('',*,*,#1179,.T.);
#1480 = ADVANCED_FACE('',(#1481),#1217,.T.);
#1481 = FACE_BOUND('',#1482,.T.);
#1482 = EDGE_LOOP('',(#1483,#1506,#1538,#1567,#1599,#1631,#1660,#1692,
    #1724,#1753,#1785,#1817,#1846,#1878,#1910,#1939,#1971,#2003,#2032,
    #2064,#2096,#2125,#2157,#2189,#2218,#2250,#2282,#2311,#2343,#2375,
    #2404,#2436,#2468,#2497,#2529,#2561,#2590,#2622,#2654,#2683,#2715,
    #2747,#2776,#2808,#2840,#2869,#2901,#2933,#2962,#2994,#3026,#3055,
    #3087,#3119,#3148,#3180,#3199,#3200,#3201));
#1483 = ORIENTED_EDGE('',*,*,#1484,.T.);
#1484 = EDGE_CURVE('',#1278,#1485,#1487,.T.);
#1485 = VERTEX_POINT('',#1486);
#1486 = CARTESIAN_POINT('',(20.,-2.8,-20.));
#1487 = SURFACE_CURVE('',#1488,(#1492,#1499),.PCURVE_S1.);
#1488 = LINE('',#1489,#1490);
#1489 = CARTESIAN_POINT('',(20.,4.,-20.));
#1490 = VECTOR('',#1491,1.);
#1491 = DIRECTION('',(0.,-1.,1.110223024625E-16));
#1492 = PCURVE('',#1217,#1493);
#1493 = DEFINITIONAL_REPRESENTATION('',(#1494),#1498);
#1494 = LINE('',#1495,#1496);
#1495 = CARTESIAN_POINT('',(6.28318530718,-0.));
#1496 = VECTOR('',#1497,1.);
#1497 = DIRECTION('',(0.,1.));
#1498 = ( GEOMETRIC_REPRESENTATION_CONTEXT(2) 
PARAMETRIC_REPRESENTATION_CONTEXT() REPRESENTATION_CONTEXT('2D SPACE',''
  ) );
#1499 = PCURVE('',#1298,#1500);
#1500 = DEFINITIONAL_REPRESENTATION('',(#1501),#1505);
#1501 = LINE('',#1502,#1503);
#1502 = CARTESIAN_POINT('',(0.,-0.));
#1503 = VECTOR('',#1504,1.);
#1504 = DIRECTION('',(0.,1.));
#1505 = ( GEOMETRIC_REPRESENTATION_CONTEXT(2) 
PARAMETRIC_REPRESENTATION_CONTEXT() REPRESENTATION_CONTEXT('2D SPACE',''
  ) );
#1506 = ORIENTED_EDGE('',*,*,#1507,.F.);
#1507 = EDGE_CURVE('',#1508,#1485,#1510,.T.);
#1508 = VERTEX_POINT('',#1509);
#1509 = CARTESIAN_POINT('',(19.966688234488,-4.,-21.15384615384));
#1510 = SURFACE_CURVE('',#1511,(#1516,#1526),.PCURVE_S1.);
#1511 = ELLIPSE('',#1512,28.855502074994,20.);
#1512 = AXIS2_PLACEMENT_3D('',#1513,#1514,#1515);
#1513 = CARTESIAN_POINT('',(0.,-2.8,-20.));
#1514 = DIRECTION('',(0.,-0.693108716252,0.720833064902));
#1515 = DIRECTION('',(0.,-0.720833064902,-0.693108716252));
#1516 = PCURVE('',#1217,#1517);
#1517 = DEFINITIONAL_REPRESENTATION('',(#1518),#1525);
#1518 = B_SPLINE_CURVE_WITH_KNOTS('',5,(#1519,#1520,#1521,#1522,#1523,
    #1524),.UNSPECIFIED.,.F.,.F.,(6,6),(1.513071938309,1.570796326795),
  .PIECEWISE_BEZIER_KNOTS.);
#1519 = CARTESIAN_POINT('',(6.225460918694,8.0000006));
#1520 = CARTESIAN_POINT('',(6.237005796391,7.76026710777));
#1521 = CARTESIAN_POINT('',(6.248550674088,7.520333689139));
#1522 = CARTESIAN_POINT('',(6.260095551785,7.2802669122));
#1523 = CARTESIAN_POINT('',(6.271640429482,7.0401334561));
#1524 = CARTESIAN_POINT('',(6.28318530718,6.8));
#1525 = ( GEOMETRIC_REPRESENTATION_CONTEXT(2) 
PARAMETRIC_REPRESENTATION_CONTEXT() REPRESENTATION_CONTEXT('2D SPACE',''
  ) );
#1526 = PCURVE('',#1527,#1532);
#1527 = PLANE('',#1528);
#1528 = AXIS2_PLACEMENT_3D('',#1529,#1530,#1531);
#1529 = CARTESIAN_POINT('',(0.,-2.8,-20.));
#1530 = DIRECTION('',(8.827659056516E-17,-0.693108716252,0.720833064902)
  );
#1531 = DIRECTION('',(-8.488133708189E-17,-0.720833064902,
    -0.693108716252));
#1532 = DEFINITIONAL_REPRESENTATION('',(#1533),#1537);
#1533 = ELLIPSE('',#1534,28.855502074994,20.);
#1534 = AXIS2_PLACEMENT_2D('',#1535,#1536);
#1535 = CARTESIAN_POINT('',(0.,0.));
#1536 = DIRECTION('',(1.,8.488133708189E-17));
#1537 = ( GEOMETRIC_REPRESENTATION_CONTEXT(2) 
PARAMETRIC_REPRESENTATION_CONTEXT() REPRESENTATION_CONTEXT('2D SPACE',''
  ) );
#1538 = ORIENTED_EDGE('',*,*,#1539,.F.);
#1539 = EDGE_CURVE('',#1540,#1508,#1542,.T.);
#1540 = VERTEX_POINT('',#1541);
#1541 = CARTESIAN_POINT('',(19.584977190888,-4.,-24.05322938314));
#1542 = SURFACE_CURVE('',#1543,(#1548,#1555),.PCURVE_S1.);
#1543 = CIRCLE('',#1544,20.);
#1544 = AXIS2_PLACEMENT_3D('',#1545,#1546,#1547);
#1545 = CARTESIAN_POINT('',(0.,-4.,-20.));
#1546 = DIRECTION('',(0.,-1.,1.110223024625E-16));
#1547 = DIRECTION('',(1.,0.,0.));
#1548 = PCURVE('',#1217,#1549);
#1549 = DEFINITIONAL_REPRESENTATION('',(#1550),#1554);
#1550 = LINE('',#1551,#1552);
#1551 = CARTESIAN_POINT('',(0.,8.));
#1552 = VECTOR('',#1553,1.);
#1553 = DIRECTION('',(1.,0.));
#1554 = ( GEOMETRIC_REPRESENTATION_CONTEXT(2) 
PARAMETRIC_REPRESENTATION_CONTEXT() REPRESENTATION_CONTEXT('2D SPACE',''
  ) );
#1555 = PCURVE('',#1556,#1561);
#1556 = PLANE('',#1557);
#1557 = AXIS2_PLACEMENT_3D('',#1558,#1559,#1560);
#1558 = CARTESIAN_POINT('',(0.,-4.,-20.));
#1559 = DIRECTION('',(0.,-1.,1.110223024625E-16));
#1560 = DIRECTION('',(1.,0.,0.));
#1561 = DEFINITIONAL_REPRESENTATION('',(#1562),#1566);
#1562 = CIRCLE('',#1563,20.);
#1563 = AXIS2_PLACEMENT_2D('',#1564,#1565);
#1564 = CARTESIAN_POINT('',(0.,0.));
#1565 = DIRECTION('',(1.,0.));
#1566 = ( GEOMETRIC_REPRESENTATION_CONTEXT(2) 
PARAMETRIC_REPRESENTATION_CONTEXT() REPRESENTATION_CONTEXT('2D SPACE',''
  ) );
#1567 = ORIENTED_EDGE('',*,*,#1568,.F.);
#1568 = EDGE_CURVE('',#1569,#1540,#1571,.T.);
#1569 = VERTEX_POINT('',#1570);
#1570 = CARTESIAN_POINT('',(19.318516525781,-2.8,-25.17638090205));
#1571 = SURFACE_CURVE('',#1572,(#1577,#1587),.PCURVE_S1.);
#1572 = ELLIPSE('',#1573,28.855502074994,20.);
#1573 = AXIS2_PLACEMENT_3D('',#1574,#1575,#1576);
#1574 = CARTESIAN_POINT('',(0.,-2.8,-20.));
#1575 = DIRECTION('',(-0.186565325536,-0.693108716252,-0.696271273832));
#1576 = DIRECTION('',(0.179389736093,-0.720833064902,0.669491609454));
#1577 = PCURVE('',#1217,#1578);
#1578 = DEFINITIONAL_REPRESENTATION('',(#1579),#1586);
#1579 = B_SPLINE_CURVE_WITH_KNOTS('',5,(#1580,#1581,#1582,#1583,#1584,
    #1585),.UNSPECIFIED.,.F.,.F.,(6,6),(4.706138939694,4.77011336887),
  .PIECEWISE_BEZIER_KNOTS.);
#1580 = CARTESIAN_POINT('',(6.01513587869,6.67));
#1581 = CARTESIAN_POINT('',(6.027930764525,6.9361284274));
#1582 = CARTESIAN_POINT('',(6.04072565036,7.202283457531));
#1583 = CARTESIAN_POINT('',(6.053520536195,7.468374324456));
#1584 = CARTESIAN_POINT('',(6.066315422031,7.734310244116));
#1585 = CARTESIAN_POINT('',(6.079110307866,8.0000006));
#1586 = ( GEOMETRIC_REPRESENTATION_CONTEXT(2) 
PARAMETRIC_REPRESENTATION_CONTEXT() REPRESENTATION_CONTEXT('2D SPACE',''
  ) );
#1587 = PCURVE('',#1588,#1593);
#1588 = PLANE('',#1589);
#1589 = AXIS2_PLACEMENT_3D('',#1590,#1591,#1592);
#1590 = CARTESIAN_POINT('',(0.,-2.8,-20.));
#1591 = DIRECTION('',(-0.186565325536,-0.693108716252,-0.696271273832));
#1592 = DIRECTION('',(0.179389736093,-0.720833064902,0.669491609454));
#1593 = DEFINITIONAL_REPRESENTATION('',(#1594),#1598);
#1594 = ELLIPSE('',#1595,28.855502074994,20.);
#1595 = AXIS2_PLACEMENT_2D('',#1596,#1597);
#1596 = CARTESIAN_POINT('',(0.,0.));
#1597 = DIRECTION('',(1.,5.551115123126E-17));
#1598 = ( GEOMETRIC_REPRESENTATION_CONTEXT(2) 
PARAMETRIC_REPRESENTATION_CONTEXT() REPRESENTATION_CONTEXT('2D SPACE',''
  ) );
#1599 = ORIENTED_EDGE('',*,*,#1600,.F.);
#1600 = EDGE_CURVE('',#1601,#1569,#1603,.T.);
#1601 = VERTEX_POINT('',#1602);
#1602 = CARTESIAN_POINT('',(18.987702471421,-4.,-26.28228898227));
#1603 = SURFACE_CURVE('',#1604,(#1609,#1619),.PCURVE_S1.);
#1604 = ELLIPSE('',#1605,28.855502074994,20.);
#1605 = AXIS2_PLACEMENT_3D('',#1606,#1607,#1608);
#1606 = CARTESIAN_POINT('',(0.,-2.8,-20.));
#1607 = DIRECTION('',(0.186565325536,-0.693108716252,0.696271273832));
#1608 = DIRECTION('',(-0.179389736093,-0.720833064902,-0.669491609454));
#1609 = PCURVE('',#1217,#1610);
#1610 = DEFINITIONAL_REPRESENTATION('',(#1611),#1618);
#1611 = B_SPLINE_CURVE_WITH_KNOTS('',5,(#1612,#1613,#1614,#1615,#1616,
    #1617),.UNSPECIFIED.,.F.,.F.,(6,6),(1.513071938309,1.577046367486),
  .PIECEWISE_BEZIER_KNOTS.);
#1612 = CARTESIAN_POINT('',(5.963661530895,8.0000006));
#1613 = CARTESIAN_POINT('',(5.97645641673,7.734310244116));
#1614 = CARTESIAN_POINT('',(5.989251302565,7.468374324456));
#1615 = CARTESIAN_POINT('',(6.002046188401,7.202283457531));
#1616 = CARTESIAN_POINT('',(6.014841074236,6.9361284274));
#1617 = CARTESIAN_POINT('',(6.027635960071,6.67));
#1618 = ( GEOMETRIC_REPRESENTATION_CONTEXT(2) 
PARAMETRIC_REPRESENTATION_CONTEXT() REPRESENTATION_CONTEXT('2D SPACE',''
  ) );
#1619 = PCURVE('',#1620,#1625);
#1620 = PLANE('',#1621);
#1621 = AXIS2_PLACEMENT_3D('',#1622,#1623,#1624);
#1622 = CARTESIAN_POINT('',(-0.323523806378,-4.1,-21.20740728286));
#1623 = DIRECTION('',(0.186565325536,-0.693108716252,0.696271273832));
#1624 = DIRECTION('',(0.179389736093,0.720833064902,0.669491609454));
#1625 = DEFINITIONAL_REPRESENTATION('',(#1626),#1630);
#1626 = ELLIPSE('',#1627,28.855502074994,20.);
#1627 = AXIS2_PLACEMENT_2D('',#1628,#1629);
#1628 = CARTESIAN_POINT('',(1.803468879687,2.775557561563E-16));
#1629 = DIRECTION('',(-1.,-5.551115123126E-17));
#1630 = ( GEOMETRIC_REPRESENTATION_CONTEXT(2) 
PARAMETRIC_REPRESENTATION_CONTEXT() REPRESENTATION_CONTEXT('2D SPACE',''
  ) );
#1631 = ORIENTED_EDGE('',*,*,#1632,.F.);
#1632 = EDGE_CURVE('',#1633,#1601,#1635,.T.);
#1633 = VERTEX_POINT('',#1634);
#1634 = CARTESIAN_POINT('',(17.868582317434,-4.,-28.98408403595));
#1635 = SURFACE_CURVE('',#1636,(#1641,#1648),.PCURVE_S1.);
#1636 = CIRCLE('',#1637,20.);
#1637 = AXIS2_PLACEMENT_3D('',#1638,#1639,#1640);
#1638 = CARTESIAN_POINT('',(0.,-4.,-20.));
#1639 = DIRECTION('',(0.,-1.,1.110223024625E-16));
#1640 = DIRECTION('',(1.,0.,0.));
#1641 = PCURVE('',#1217,#1642);
#1642 = DEFINITIONAL_REPRESENTATION('',(#1643),#1647);
#1643 = LINE('',#1644,#1645);
#1644 = CARTESIAN_POINT('',(0.,8.));
#1645 = VECTOR('',#1646,1.);
#1646 = DIRECTION('',(1.,0.));
#1647 = ( GEOMETRIC_REPRESENTATION_CONTEXT(2) 
PARAMETRIC_REPRESENTATION_CONTEXT() REPRESENTATION_CONTEXT('2D SPACE',''
  ) );
#1648 = PCURVE('',#1649,#1654);
#1649 = PLANE('',#1650);
#1650 = AXIS2_PLACEMENT_3D('',#1651,#1652,#1653);
#1651 = CARTESIAN_POINT('',(0.,-4.,-20.));
#1652 = DIRECTION('',(0.,-1.,1.110223024625E-16));
#1653 = DIRECTION('',(1.,0.,0.));
#1654 = DEFINITIONAL_REPRESENTATION('',(#1655),#1659);
#1655 = CIRCLE('',#1656,20.);
#1656 = AXIS2_PLACEMENT_2D('',#1657,#1658);
#1657 = CARTESIAN_POINT('',(0.,0.));
#1658 = DIRECTION('',(1.,0.));
#1659 = ( GEOMETRIC_REPRESENTATION_CONTEXT(2) 
PARAMETRIC_REPRESENTATION_CONTEXT() REPRESENTATION_CONTEXT('2D SPACE',''
  ) );
#1660 = ORIENTED_EDGE('',*,*,#1661,.F.);
#1661 = EDGE_CURVE('',#1662,#1633,#1664,.T.);
#1662 = VERTEX_POINT('',#1663);
#1663 = CARTESIAN_POINT('',(17.320508075689,-2.8,-30.));
#1664 = SURFACE_CURVE('',#1665,(#1670,#1680),.PCURVE_S1.);
#1665 = ELLIPSE('',#1666,28.855502074994,20.);
#1666 = AXIS2_PLACEMENT_3D('',#1667,#1668,#1669);
#1667 = CARTESIAN_POINT('',(0.,-2.8,-20.));
#1668 = DIRECTION('',(-0.360416532451,-0.693108716252,-0.624259746093));
#1669 = DIRECTION('',(0.346554358126,-0.720833064902,0.600249755858));
#1670 = PCURVE('',#1217,#1671);
#1671 = DEFINITIONAL_REPRESENTATION('',(#1672),#1679);
#1672 = B_SPLINE_CURVE_WITH_KNOTS('',5,(#1673,#1674,#1675,#1676,#1677,
    #1678),.UNSPECIFIED.,.F.,.F.,(6,6),(4.706138939694,4.77011336887),
  .PIECEWISE_BEZIER_KNOTS.);
#1673 = CARTESIAN_POINT('',(5.75333649089,6.67));
#1674 = CARTESIAN_POINT('',(5.766131376726,6.9361284274));
#1675 = CARTESIAN_POINT('',(5.778926262561,7.202283457531));
#1676 = CARTESIAN_POINT('',(5.791721148396,7.468374324456));
#1677 = CARTESIAN_POINT('',(5.804516034232,7.734310244116));
#1678 = CARTESIAN_POINT('',(5.817310920067,8.0000006));
#1679 = ( GEOMETRIC_REPRESENTATION_CONTEXT(2) 
PARAMETRIC_REPRESENTATION_CONTEXT() REPRESENTATION_CONTEXT('2D SPACE',''
  ) );
#1680 = PCURVE('',#1681,#1686);
#1681 = PLANE('',#1682);
#1682 = AXIS2_PLACEMENT_3D('',#1683,#1684,#1685);
#1683 = CARTESIAN_POINT('',(0.,-2.8,-20.));
#1684 = DIRECTION('',(-0.360416532451,-0.693108716252,-0.624259746093));
#1685 = DIRECTION('',(0.346554358126,-0.720833064902,0.600249755858));
#1686 = DEFINITIONAL_REPRESENTATION('',(#1687),#1691);
#1687 = ELLIPSE('',#1688,28.855502074994,20.);
#1688 = AXIS2_PLACEMENT_2D('',#1689,#1690);
#1689 = CARTESIAN_POINT('',(0.,0.));
#1690 = DIRECTION('',(1.,0.));
#1691 = ( GEOMETRIC_REPRESENTATION_CONTEXT(2) 
PARAMETRIC_REPRESENTATION_CONTEXT() REPRESENTATION_CONTEXT('2D SPACE',''
  ) );
#1692 = ORIENTED_EDGE('',*,*,#1693,.F.);
#1693 = EDGE_CURVE('',#1694,#1662,#1696,.T.);
#1694 = VERTEX_POINT('',#1695);
#1695 = CARTESIAN_POINT('',(16.714736163588,-4.,-30.98260419853));
#1696 = SURFACE_CURVE('',#1697,(#1702,#1712),.PCURVE_S1.);
#1697 = ELLIPSE('',#1698,28.855502074994,20.);
#1698 = AXIS2_PLACEMENT_3D('',#1699,#1700,#1701);
#1699 = CARTESIAN_POINT('',(0.,-2.8,-20.));
#1700 = DIRECTION('',(0.360416532451,-0.693108716252,0.624259746093));
#1701 = DIRECTION('',(-0.346554358126,-0.720833064902,-0.600249755858));
#1702 = PCURVE('',#1217,#1703);
#1703 = DEFINITIONAL_REPRESENTATION('',(#1704),#1711);
#1704 = B_SPLINE_CURVE_WITH_KNOTS('',5,(#1705,#1706,#1707,#1708,#1709,
    #1710),.UNSPECIFIED.,.F.,.F.,(6,6),(1.513071938309,1.577046367486),
  .PIECEWISE_BEZIER_KNOTS.);
#1705 = CARTESIAN_POINT('',(5.701862143096,8.0000006));
#1706 = CARTESIAN_POINT('',(5.714657028931,7.734310244116));
#1707 = CARTESIAN_POINT('',(5.727451914766,7.468374324456));
#1708 = CARTESIAN_POINT('',(5.740246800602,7.202283457531));
#1709 = CARTESIAN_POINT('',(5.753041686437,6.9361284274));
#1710 = CARTESIAN_POINT('',(5.765836572272,6.67));
#1711 = ( GEOMETRIC_REPRESENTATION_CONTEXT(2) 
PARAMETRIC_REPRESENTATION_CONTEXT() REPRESENTATION_CONTEXT('2D SPACE',''
  ) );
#1712 = PCURVE('',#1713,#1718);
#1713 = PLANE('',#1714);
#1714 = AXIS2_PLACEMENT_3D('',#1715,#1716,#1717);
#1715 = CARTESIAN_POINT('',(-0.625,-4.1,-21.08253175473));
#1716 = DIRECTION('',(0.360416532451,-0.693108716252,0.624259746093));
#1717 = DIRECTION('',(0.346554358126,0.720833064902,0.600249755858));
#1718 = DEFINITIONAL_REPRESENTATION('',(#1719),#1723);
#1719 = ELLIPSE('',#1720,28.855502074994,20.);
#1720 = AXIS2_PLACEMENT_2D('',#1721,#1722);
#1721 = CARTESIAN_POINT('',(1.803468879687,-1.33226762955E-15));
#1722 = DIRECTION('',(-1.,0.));
#1723 = ( GEOMETRIC_REPRESENTATION_CONTEXT(2) 
PARAMETRIC_REPRESENTATION_CONTEXT() REPRESENTATION_CONTEXT('2D SPACE',''
  ) );
#1724 = ORIENTED_EDGE('',*,*,#1725,.F.);
#1725 = EDGE_CURVE('',#1726,#1694,#1728,.T.);
#1726 = VERTEX_POINT('',#1727);
#1727 = CARTESIAN_POINT('',(14.934473088275,-4.,-33.30268820861));
#1728 = SURFACE_CURVE('',#1729,(#1734,#1741),.PCURVE_S1.);
#1729 = CIRCLE('',#1730,20.);
#1730 = AXIS2_PLACEMENT_3D('',#1731,#1732,#1733);
#1731 = CARTESIAN_POINT('',(0.,-4.,-20.));
#1732 = DIRECTION('',(0.,-1.,1.110223024625E-16));
#1733 = DIRECTION('',(1.,0.,0.));
#1734 = PCURVE('',#1217,#1735);
#1735 = DEFINITIONAL_REPRESENTATION('',(#1736),#1740);
#1736 = LINE('',#1737,#1738);
#1737 = CARTESIAN_POINT('',(0.,8.));
#1738 = VECTOR('',#1739,1.);
#1739 = DIRECTION('',(1.,0.));
#1740 = ( GEOMETRIC_REPRESENTATION_CONTEXT(2) 
PARAMETRIC_REPRESENTATION_CONTEXT() REPRESENTATION_CONTEXT('2D SPACE',''
  ) );
#1741 = PCURVE('',#1742,#1747);
#1742 = PLANE('',#1743);
#1743 = AXIS2_PLACEMENT_3D('',#1744,#1745,#1746);
#1744 = CARTESIAN_POINT('',(0.,-4.,-20.));
#1745 = DIRECTION('',(0.,-1.,1.110223024625E-16));
#1746 = DIRECTION('',(1.,0.,0.));
#1747 = DEFINITIONAL_REPRESENTATION('',(#1748),#1752);
#1748 = CIRCLE('',#1749,20.);
#1749 = AXIS2_PLACEMENT_2D('',#1750,#1751);
#1750 = CARTESIAN_POINT('',(0.,0.));
#1751 = DIRECTION('',(1.,0.));
#1752 = ( GEOMETRIC_REPRESENTATION_CONTEXT(2) 
PARAMETRIC_REPRESENTATION_CONTEXT() REPRESENTATION_CONTEXT('2D SPACE',''
  ) );
#1753 = ORIENTED_EDGE('',*,*,#1754,.F.);
#1754 = EDGE_CURVE('',#1755,#1726,#1757,.T.);
#1755 = VERTEX_POINT('',#1756);
#1756 = CARTESIAN_POINT('',(14.142135623731,-2.8,-34.14213562373));
#1757 = SURFACE_CURVE('',#1758,(#1763,#1773),.PCURVE_S1.);
#1758 = ELLIPSE('',#1759,28.855502074994,20.);
#1759 = AXIS2_PLACEMENT_3D('',#1760,#1761,#1762);
#1760 = CARTESIAN_POINT('',(0.,-2.8,-20.));
#1761 = DIRECTION('',(-0.509705948296,-0.693108716252,-0.509705948296));
#1762 = DIRECTION('',(0.490101873361,-0.720833064902,0.490101873361));
#1763 = PCURVE('',#1217,#1764);
#1764 = DEFINITIONAL_REPRESENTATION('',(#1765),#1772);
#1765 = B_SPLINE_CURVE_WITH_KNOTS('',5,(#1766,#1767,#1768,#1769,#1770,
    #1771),.UNSPECIFIED.,.F.,.F.,(6,6),(4.706138939694,4.77011336887),
  .PIECEWISE_BEZIER_KNOTS.);
#1766 = CARTESIAN_POINT('',(5.491537103091,6.67));
#1767 = CARTESIAN_POINT('',(5.504331988927,6.9361284274));
#1768 = CARTESIAN_POINT('',(5.517126874762,7.202283457531));
#1769 = CARTESIAN_POINT('',(5.529921760597,7.468374324456));
#1770 = CARTESIAN_POINT('',(5.542716646432,7.734310244116));
#1771 = CARTESIAN_POINT('',(5.555511532268,8.0000006));
#1772 = ( GEOMETRIC_REPRESENTATION_CONTEXT(2) 
PARAMETRIC_REPRESENTATION_CONTEXT() REPRESENTATION_CONTEXT('2D SPACE',''
  ) );
#1773 = PCURVE('',#1774,#1779);
#1774 = PLANE('',#1775);
#1775 = AXIS2_PLACEMENT_3D('',#1776,#1777,#1778);
#1776 = CARTESIAN_POINT('',(0.,-2.8,-20.));
#1777 = DIRECTION('',(-0.509705948296,-0.693108716252,-0.509705948296));
#1778 = DIRECTION('',(0.490101873361,-0.720833064902,0.490101873361));
#1779 = DEFINITIONAL_REPRESENTATION('',(#1780),#1784);
#1780 = ELLIPSE('',#1781,28.855502074994,20.);
#1781 = AXIS2_PLACEMENT_2D('',#1782,#1783);
#1782 = CARTESIAN_POINT('',(0.,0.));
#1783 = DIRECTION('',(1.,-5.551115123126E-17));
#1784 = ( GEOMETRIC_REPRESENTATION_CONTEXT(2) 
PARAMETRIC_REPRESENTATION_CONTEXT() REPRESENTATION_CONTEXT('2D SPACE',''
  ) );
#1785 = ORIENTED_EDGE('',*,*,#1786,.F.);
#1786 = EDGE_CURVE('',#1787,#1755,#1789,.T.);
#1787 = VERTEX_POINT('',#1788);
#1788 = CARTESIAN_POINT('',(13.302688208614,-4.,-34.93447308827));
#1789 = SURFACE_CURVE('',#1790,(#1795,#1805),.PCURVE_S1.);
#1790 = ELLIPSE('',#1791,28.855502074994,20.);
#1791 = AXIS2_PLACEMENT_3D('',#1792,#1793,#1794);
#1792 = CARTESIAN_POINT('',(0.,-2.8,-20.));
#1793 = DIRECTION('',(0.509705948296,-0.693108716252,0.509705948296));
#1794 = DIRECTION('',(-0.490101873361,-0.720833064902,-0.490101873361));
#1795 = PCURVE('',#1217,#1796);
#1796 = DEFINITIONAL_REPRESENTATION('',(#1797),#1804);
#1797 = B_SPLINE_CURVE_WITH_KNOTS('',5,(#1798,#1799,#1800,#1801,#1802,
    #1803),.UNSPECIFIED.,.F.,.F.,(6,6),(1.513071938309,1.577046367486),
  .PIECEWISE_BEZIER_KNOTS.);
#1798 = CARTESIAN_POINT('',(5.440062755297,8.0000006));
#1799 = CARTESIAN_POINT('',(5.452857641132,7.734310244116));
#1800 = CARTESIAN_POINT('',(5.465652526967,7.468374324456));
#1801 = CARTESIAN_POINT('',(5.478447412802,7.202283457531));
#1802 = CARTESIAN_POINT('',(5.491242298638,6.9361284274));
#1803 = CARTESIAN_POINT('',(5.504037184473,6.67));
#1804 = ( GEOMETRIC_REPRESENTATION_CONTEXT(2) 
PARAMETRIC_REPRESENTATION_CONTEXT() REPRESENTATION_CONTEXT('2D SPACE',''
  ) );
#1805 = PCURVE('',#1806,#1811);
#1806 = PLANE('',#1807);
#1807 = AXIS2_PLACEMENT_3D('',#1808,#1809,#1810);
#1808 = CARTESIAN_POINT('',(-0.883883476483,-4.1,-20.88388347648));
#1809 = DIRECTION('',(0.509705948296,-0.693108716252,0.509705948296));
#1810 = DIRECTION('',(0.490101873361,0.720833064902,0.490101873361));
#1811 = DEFINITIONAL_REPRESENTATION('',(#1812),#1816);
#1812 = ELLIPSE('',#1813,28.855502074994,20.);
#1813 = AXIS2_PLACEMENT_2D('',#1814,#1815);
#1814 = CARTESIAN_POINT('',(1.803468879687,3.330669073875E-16));
#1815 = DIRECTION('',(-1.,-5.551115123126E-17));
#1816 = ( GEOMETRIC_REPRESENTATION_CONTEXT(2) 
PARAMETRIC_REPRESENTATION_CONTEXT() REPRESENTATION_CONTEXT('2D SPACE',''
  ) );
#1817 = ORIENTED_EDGE('',*,*,#1818,.F.);
#1818 = EDGE_CURVE('',#1819,#1787,#1821,.T.);
#1819 = VERTEX_POINT('',#1820);
#1820 = CARTESIAN_POINT('',(10.982604198534,-4.,-36.71473616358));
#1821 = SURFACE_CURVE('',#1822,(#1827,#1834),.PCURVE_S1.);
#1822 = CIRCLE('',#1823,20.);
#1823 = AXIS2_PLACEMENT_3D('',#1824,#1825,#1826);
#1824 = CARTESIAN_POINT('',(0.,-4.,-20.));
#1825 = DIRECTION('',(0.,-1.,1.110223024625E-16));
#1826 = DIRECTION('',(1.,0.,0.));
#1827 = PCURVE('',#1217,#1828);
#1828 = DEFINITIONAL_REPRESENTATION('',(#1829),#1833);
#1829 = LINE('',#1830,#1831);
#1830 = CARTESIAN_POINT('',(0.,8.));
#1831 = VECTOR('',#1832,1.);
#1832 = DIRECTION('',(1.,0.));
#1833 = ( GEOMETRIC_REPRESENTATION_CONTEXT(2) 
PARAMETRIC_REPRESENTATION_CONTEXT() REPRESENTATION_CONTEXT('2D SPACE',''
  ) );
#1834 = PCURVE('',#1835,#1840);
#1835 = PLANE('',#1836);
#1836 = AXIS2_PLACEMENT_3D('',#1837,#1838,#1839);
#1837 = CARTESIAN_POINT('',(0.,-4.,-20.));
#1838 = DIRECTION('',(0.,-1.,1.110223024625E-16));
#1839 = DIRECTION('',(1.,0.,0.));
#1840 = DEFINITIONAL_REPRESENTATION('',(#1841),#1845);
#1841 = CIRCLE('',#1842,20.);
#1842 = AXIS2_PLACEMENT_2D('',#1843,#1844);
#1843 = CARTESIAN_POINT('',(0.,0.));
#1844 = DIRECTION('',(1.,0.));
#1845 = ( GEOMETRIC_REPRESENTATION_CONTEXT(2) 
PARAMETRIC_REPRESENTATION_CONTEXT() REPRESENTATION_CONTEXT('2D SPACE',''
  ) );
#1846 = ORIENTED_EDGE('',*,*,#1847,.F.);
#1847 = EDGE_CURVE('',#1848,#1819,#1850,.T.);
#1848 = VERTEX_POINT('',#1849);
#1849 = CARTESIAN_POINT('',(10.,-2.8,-37.32050807568));
#1850 = SURFACE_CURVE('',#1851,(#1856,#1866),.PCURVE_S1.);
#1851 = ELLIPSE('',#1852,28.855502074994,20.);
#1852 = AXIS2_PLACEMENT_3D('',#1853,#1854,#1855);
#1853 = CARTESIAN_POINT('',(0.,-2.8,-20.));
#1854 = DIRECTION('',(-0.624259746093,-0.693108716252,-0.360416532451));
#1855 = DIRECTION('',(0.600249755858,-0.720833064902,0.346554358126));
#1856 = PCURVE('',#1217,#1857);
#1857 = DEFINITIONAL_REPRESENTATION('',(#1858),#1865);
#1858 = B_SPLINE_CURVE_WITH_KNOTS('',5,(#1859,#1860,#1861,#1862,#1863,
    #1864),.UNSPECIFIED.,.F.,.F.,(6,6),(4.706138939694,4.77011336887),
  .PIECEWISE_BEZIER_KNOTS.);
#1859 = CARTESIAN_POINT('',(5.229737715292,6.67));
#1860 = CARTESIAN_POINT('',(5.242532601127,6.9361284274));
#1861 = CARTESIAN_POINT('',(5.255327486963,7.202283457531));
#1862 = CARTESIAN_POINT('',(5.268122372798,7.468374324456));
#1863 = CARTESIAN_POINT('',(5.280917258633,7.734310244116));
#1864 = CARTESIAN_POINT('',(5.293712144468,8.0000006));
#1865 = ( GEOMETRIC_REPRESENTATION_CONTEXT(2) 
PARAMETRIC_REPRESENTATION_CONTEXT() REPRESENTATION_CONTEXT('2D SPACE',''
  ) );
#1866 = PCURVE('',#1867,#1872);
#1867 = PLANE('',#1868);
#1868 = AXIS2_PLACEMENT_3D('',#1869,#1870,#1871);
#1869 = CARTESIAN_POINT('',(0.,-2.8,-20.));
#1870 = DIRECTION('',(-0.624259746093,-0.693108716252,-0.360416532451));
#1871 = DIRECTION('',(0.600249755858,-0.720833064902,0.346554358126));
#1872 = DEFINITIONAL_REPRESENTATION('',(#1873),#1877);
#1873 = ELLIPSE('',#1874,28.855502074994,20.);
#1874 = AXIS2_PLACEMENT_2D('',#1875,#1876);
#1875 = CARTESIAN_POINT('',(0.,0.));
#1876 = DIRECTION('',(1.,5.551115123126E-17));
#1877 = ( GEOMETRIC_REPRESENTATION_CONTEXT(2) 
PARAMETRIC_REPRESENTATION_CONTEXT() REPRESENTATION_CONTEXT('2D SPACE',''
  ) );
#1878 = ORIENTED_EDGE('',*,*,#1879,.F.);
#1879 = EDGE_CURVE('',#1880,#1848,#1882,.T.);
#1880 = VERTEX_POINT('',#1881);
#1881 = CARTESIAN_POINT('',(8.984084035954,-4.,-37.86858231743));
#1882 = SURFACE_CURVE('',#1883,(#1888,#1898),.PCURVE_S1.);
#1883 = ELLIPSE('',#1884,28.855502074994,20.);
#1884 = AXIS2_PLACEMENT_3D('',#1885,#1886,#1887);
#1885 = CARTESIAN_POINT('',(0.,-2.8,-20.));
#1886 = DIRECTION('',(0.624259746093,-0.693108716252,0.360416532451));
#1887 = DIRECTION('',(-0.600249755858,-0.720833064902,-0.346554358126));
#1888 = PCURVE('',#1217,#1889);
#1889 = DEFINITIONAL_REPRESENTATION('',(#1890),#1897);
#1890 = B_SPLINE_CURVE_WITH_KNOTS('',5,(#1891,#1892,#1893,#1894,#1895,
    #1896),.UNSPECIFIED.,.F.,.F.,(6,6),(1.513071938309,1.577046367486),
  .PIECEWISE_BEZIER_KNOTS.);
#1891 = CARTESIAN_POINT('',(5.178263367498,8.0000006));
#1892 = CARTESIAN_POINT('',(5.191058253333,7.734310244116));
#1893 = CARTESIAN_POINT('',(5.203853139168,7.468374324456));
#1894 = CARTESIAN_POINT('',(5.216648025003,7.202283457531));
#1895 = CARTESIAN_POINT('',(5.229442910839,6.9361284274));
#1896 = CARTESIAN_POINT('',(5.242237796674,6.67));
#1897 = ( GEOMETRIC_REPRESENTATION_CONTEXT(2) 
PARAMETRIC_REPRESENTATION_CONTEXT() REPRESENTATION_CONTEXT('2D SPACE',''
  ) );
#1898 = PCURVE('',#1899,#1904);
#1899 = PLANE('',#1900);
#1900 = AXIS2_PLACEMENT_3D('',#1901,#1902,#1903);
#1901 = CARTESIAN_POINT('',(-1.082531754731,-4.1,-20.625));
#1902 = DIRECTION('',(0.624259746093,-0.693108716252,0.360416532451));
#1903 = DIRECTION('',(0.600249755858,0.720833064902,0.346554358126));
#1904 = DEFINITIONAL_REPRESENTATION('',(#1905),#1909);
#1905 = ELLIPSE('',#1906,28.855502074994,20.);
#1906 = AXIS2_PLACEMENT_2D('',#1907,#1908);
#1907 = CARTESIAN_POINT('',(1.803468879687,-1.110223024625E-16));
#1908 = DIRECTION('',(-1.,0.));
#1909 = ( GEOMETRIC_REPRESENTATION_CONTEXT(2) 
PARAMETRIC_REPRESENTATION_CONTEXT() REPRESENTATION_CONTEXT('2D SPACE',''
  ) );
#1910 = ORIENTED_EDGE('',*,*,#1911,.F.);
#1911 = EDGE_CURVE('',#1912,#1880,#1914,.T.);
#1912 = VERTEX_POINT('',#1913);
#1913 = CARTESIAN_POINT('',(6.282288982274,-4.,-38.98770247142));
#1914 = SURFACE_CURVE('',#1915,(#1920,#1927),.PCURVE_S1.);
#1915 = CIRCLE('',#1916,20.);
#1916 = AXIS2_PLACEMENT_3D('',#1917,#1918,#1919);
#1917 = CARTESIAN_POINT('',(0.,-4.,-20.));
#1918 = DIRECTION('',(0.,-1.,1.110223024625E-16));
#1919 = DIRECTION('',(1.,0.,0.));
#1920 = PCURVE('',#1217,#1921);
#1921 = DEFINITIONAL_REPRESENTATION('',(#1922),#1926);
#1922 = LINE('',#1923,#1924);
#1923 = CARTESIAN_POINT('',(0.,8.));
#1924 = VECTOR('',#1925,1.);
#1925 = DIRECTION('',(1.,0.));
#1926 = ( GEOMETRIC_REPRESENTATION_CONTEXT(2) 
PARAMETRIC_REPRESENTATION_CONTEXT() REPRESENTATION_CONTEXT('2D SPACE',''
  ) );
#1927 = PCURVE('',#1928,#1933);
#1928 = PLANE('',#1929);
#1929 = AXIS2_PLACEMENT_3D('',#1930,#1931,#1932);
#1930 = CARTESIAN_POINT('',(0.,-4.,-20.));
#1931 = DIRECTION('',(0.,-1.,1.110223024625E-16));
#1932 = DIRECTION('',(1.,0.,0.));
#1933 = DEFINITIONAL_REPRESENTATION('',(#1934),#1938);
#1934 = CIRCLE('',#1935,20.);
#1935 = AXIS2_PLACEMENT_2D('',#1936,#1937);
#1936 = CARTESIAN_POINT('',(0.,0.));
#1937 = DIRECTION('',(1.,0.));
#1938 = ( GEOMETRIC_REPRESENTATION_CONTEXT(2) 
PARAMETRIC_REPRESENTATION_CONTEXT() REPRESENTATION_CONTEXT('2D SPACE',''
  ) );
#1939 = ORIENTED_EDGE('',*,*,#1940,.F.);
#1940 = EDGE_CURVE('',#1941,#1912,#1943,.T.);
#1941 = VERTEX_POINT('',#1942);
#1942 = CARTESIAN_POINT('',(5.17638090205,-2.8,-39.31851652578));
#1943 = SURFACE_CURVE('',#1944,(#1949,#1959),.PCURVE_S1.);
#1944 = ELLIPSE('',#1945,28.855502074994,20.);
#1945 = AXIS2_PLACEMENT_3D('',#1946,#1947,#1948);
#1946 = CARTESIAN_POINT('',(0.,-2.8,-20.));
#1947 = DIRECTION('',(-0.696271273832,-0.693108716252,-0.186565325536));
#1948 = DIRECTION('',(0.669491609454,-0.720833064902,0.179389736093));
#1949 = PCURVE('',#1217,#1950);
#1950 = DEFINITIONAL_REPRESENTATION('',(#1951),#1958);
#1951 = B_SPLINE_CURVE_WITH_KNOTS('',5,(#1952,#1953,#1954,#1955,#1956,
    #1957),.UNSPECIFIED.,.F.,.F.,(6,6),(4.706138939694,4.77011336887),
  .PIECEWISE_BEZIER_KNOTS.);
#1952 = CARTESIAN_POINT('',(4.967938327493,6.67));
#1953 = CARTESIAN_POINT('',(4.980733213328,6.9361284274));
#1954 = CARTESIAN_POINT('',(4.993528099164,7.202283457531));
#1955 = CARTESIAN_POINT('',(5.006322984999,7.468374324456));
#1956 = CARTESIAN_POINT('',(5.019117870834,7.734310244116));
#1957 = CARTESIAN_POINT('',(5.031912756669,8.0000006));
#1958 = ( GEOMETRIC_REPRESENTATION_CONTEXT(2) 
PARAMETRIC_REPRESENTATION_CONTEXT() REPRESENTATION_CONTEXT('2D SPACE',''
  ) );
#1959 = PCURVE('',#1960,#1965);
#1960 = PLANE('',#1961);
#1961 = AXIS2_PLACEMENT_3D('',#1962,#1963,#1964);
#1962 = CARTESIAN_POINT('',(0.,-2.8,-20.));
#1963 = DIRECTION('',(-0.696271273832,-0.693108716252,-0.186565325536));
#1964 = DIRECTION('',(0.669491609454,-0.720833064902,0.179389736093));
#1965 = DEFINITIONAL_REPRESENTATION('',(#1966),#1970);
#1966 = ELLIPSE('',#1967,28.855502074994,20.);
#1967 = AXIS2_PLACEMENT_2D('',#1968,#1969);
#1968 = CARTESIAN_POINT('',(0.,0.));
#1969 = DIRECTION('',(1.,0.));
#1970 = ( GEOMETRIC_REPRESENTATION_CONTEXT(2) 
PARAMETRIC_REPRESENTATION_CONTEXT() REPRESENTATION_CONTEXT('2D SPACE',''
  ) );
#1971 = ORIENTED_EDGE('',*,*,#1972,.F.);
#1972 = EDGE_CURVE('',#1973,#1941,#1975,.T.);
#1973 = VERTEX_POINT('',#1974);
#1974 = CARTESIAN_POINT('',(4.053229383146,-4.,-39.58497719088));
#1975 = SURFACE_CURVE('',#1976,(#1981,#1991),.PCURVE_S1.);
#1976 = ELLIPSE('',#1977,28.855502074994,20.);
#1977 = AXIS2_PLACEMENT_3D('',#1978,#1979,#1980);
#1978 = CARTESIAN_POINT('',(0.,-2.8,-20.));
#1979 = DIRECTION('',(0.696271273832,-0.693108716252,0.186565325536));
#1980 = DIRECTION('',(-0.669491609454,-0.720833064902,-0.179389736093));
#1981 = PCURVE('',#1217,#1982);
#1982 = DEFINITIONAL_REPRESENTATION('',(#1983),#1990);
#1983 = B_SPLINE_CURVE_WITH_KNOTS('',5,(#1984,#1985,#1986,#1987,#1988,
    #1989),.UNSPECIFIED.,.F.,.F.,(6,6),(1.513071938309,1.577046367486),
  .PIECEWISE_BEZIER_KNOTS.);
#1984 = CARTESIAN_POINT('',(4.916463979698,8.0000006));
#1985 = CARTESIAN_POINT('',(4.929258865534,7.734310244116));
#1986 = CARTESIAN_POINT('',(4.942053751369,7.468374324456));
#1987 = CARTESIAN_POINT('',(4.954848637204,7.202283457531));
#1988 = CARTESIAN_POINT('',(4.967643523039,6.9361284274));
#1989 = CARTESIAN_POINT('',(4.980438408875,6.67));
#1990 = ( GEOMETRIC_REPRESENTATION_CONTEXT(2) 
PARAMETRIC_REPRESENTATION_CONTEXT() REPRESENTATION_CONTEXT('2D SPACE',''
  ) );
#1991 = PCURVE('',#1992,#1997);
#1992 = PLANE('',#1993);
#1993 = AXIS2_PLACEMENT_3D('',#1994,#1995,#1996);
#1994 = CARTESIAN_POINT('',(-1.207407282861,-4.1,-20.32352380637));
#1995 = DIRECTION('',(0.696271273832,-0.693108716252,0.186565325536));
#1996 = DIRECTION('',(0.669491609454,0.720833064902,0.179389736093));
#1997 = DEFINITIONAL_REPRESENTATION('',(#1998),#2002);
#1998 = ELLIPSE('',#1999,28.855502074994,20.);
#1999 = AXIS2_PLACEMENT_2D('',#2000,#2001);
#2000 = CARTESIAN_POINT('',(1.803468879687,1.387778780781E-15));
#2001 = DIRECTION('',(-1.,0.));
#2002 = ( GEOMETRIC_REPRESENTATION_CONTEXT(2) 
PARAMETRIC_REPRESENTATION_CONTEXT() REPRESENTATION_CONTEXT('2D SPACE',''
  ) );
#2003 = ORIENTED_EDGE('',*,*,#2004,.F.);
#2004 = EDGE_CURVE('',#2005,#1973,#2007,.T.);
#2005 = VERTEX_POINT('',#2006);
#2006 = CARTESIAN_POINT('',(1.153846153846,-4.,-39.96668823448));
#2007 = SURFACE_CURVE('',#2008,(#2013,#2020),.PCURVE_S1.);
#2008 = CIRCLE('',#2009,20.);
#2009 = AXIS2_PLACEMENT_3D('',#2010,#2011,#2012);
#2010 = CARTESIAN_POINT('',(0.,-4.,-20.));
#2011 = DIRECTION('',(0.,-1.,1.110223024625E-16));
#2012 = DIRECTION('',(1.,0.,0.));
#2013 = PCURVE('',#1217,#2014);
#2014 = DEFINITIONAL_REPRESENTATION('',(#2015),#2019);
#2015 = LINE('',#2016,#2017);
#2016 = CARTESIAN_POINT('',(0.,8.));
#2017 = VECTOR('',#2018,1.);
#2018 = DIRECTION('',(1.,0.));
#2019 = ( GEOMETRIC_REPRESENTATION_CONTEXT(2) 
PARAMETRIC_REPRESENTATION_CONTEXT() REPRESENTATION_CONTEXT('2D SPACE',''
  ) );
#2020 = PCURVE('',#2021,#2026);
#2021 = PLANE('',#2022);
#2022 = AXIS2_PLACEMENT_3D('',#2023,#2024,#2025);
#2023 = CARTESIAN_POINT('',(0.,-4.,-20.));
#2024 = DIRECTION('',(0.,-1.,1.110223024625E-16));
#2025 = DIRECTION('',(1.,0.,0.));
#2026 = DEFINITIONAL_REPRESENTATION('',(#2027),#2031);
#2027 = CIRCLE('',#2028,20.);
#2028 = AXIS2_PLACEMENT_2D('',#2029,#2030);
#2029 = CARTESIAN_POINT('',(0.,0.));
#2030 = DIRECTION('',(1.,0.));
#2031 = ( GEOMETRIC_REPRESENTATION_CONTEXT(2) 
PARAMETRIC_REPRESENTATION_CONTEXT() REPRESENTATION_CONTEXT('2D SPACE',''
  ) );
#2032 = ORIENTED_EDGE('',*,*,#2033,.F.);
#2033 = EDGE_CURVE('',#2034,#2005,#2036,.T.);
#2034 = VERTEX_POINT('',#2035);
#2035 = CARTESIAN_POINT('',(-4.440892098501E-15,-2.8,-40.));
#2036 = SURFACE_CURVE('',#2037,(#2042,#2052),.PCURVE_S1.);
#2037 = ELLIPSE('',#2038,28.855502074994,20.);
#2038 = AXIS2_PLACEMENT_3D('',#2039,#2040,#2041);
#2039 = CARTESIAN_POINT('',(0.,-2.8,-20.));
#2040 = DIRECTION('',(-0.720833064902,-0.693108716252,2.370076186481E-16
    ));
#2041 = DIRECTION('',(0.693108716252,-0.720833064902,-7.387250451371E-17
    ));
#2042 = PCURVE('',#1217,#2043);
#2043 = DEFINITIONAL_REPRESENTATION('',(#2044),#2051);
#2044 = B_SPLINE_CURVE_WITH_KNOTS('',5,(#2045,#2046,#2047,#2048,#2049,
    #2050),.UNSPECIFIED.,.F.,.F.,(6,6),(4.706138939694,4.77011336887),
  .PIECEWISE_BEZIER_KNOTS.);
#2045 = CARTESIAN_POINT('',(4.706138939694,6.67));
#2046 = CARTESIAN_POINT('',(4.718933825529,6.9361284274));
#2047 = CARTESIAN_POINT('',(4.731728711364,7.202283457531));
#2048 = CARTESIAN_POINT('',(4.7445235972,7.468374324456));
#2049 = CARTESIAN_POINT('',(4.757318483035,7.734310244116));
#2050 = CARTESIAN_POINT('',(4.77011336887,8.0000006));
#2051 = ( GEOMETRIC_REPRESENTATION_CONTEXT(2) 
PARAMETRIC_REPRESENTATION_CONTEXT() REPRESENTATION_CONTEXT('2D SPACE',''
  ) );
#2052 = PCURVE('',#2053,#2058);
#2053 = PLANE('',#2054);
#2054 = AXIS2_PLACEMENT_3D('',#2055,#2056,#2057);
#2055 = CARTESIAN_POINT('',(0.,-2.8,-20.));
#2056 = DIRECTION('',(-0.720833064902,-0.693108716252,2.370076186481E-16
    ));
#2057 = DIRECTION('',(0.693108716252,-0.720833064902,-7.387250451371E-17
    ));
#2058 = DEFINITIONAL_REPRESENTATION('',(#2059),#2063);
#2059 = ELLIPSE('',#2060,28.855502074994,20.);
#2060 = AXIS2_PLACEMENT_2D('',#2061,#2062);
#2061 = CARTESIAN_POINT('',(0.,0.));
#2062 = DIRECTION('',(1.,-1.232595164408E-32));
#2063 = ( GEOMETRIC_REPRESENTATION_CONTEXT(2) 
PARAMETRIC_REPRESENTATION_CONTEXT() REPRESENTATION_CONTEXT('2D SPACE',''
  ) );
#2064 = ORIENTED_EDGE('',*,*,#2065,.F.);
#2065 = EDGE_CURVE('',#2066,#2034,#2068,.T.);
#2066 = VERTEX_POINT('',#2067);
#2067 = CARTESIAN_POINT('',(-1.153846153846,-4.,-39.96668823448));
#2068 = SURFACE_CURVE('',#2069,(#2074,#2084),.PCURVE_S1.);
#2069 = ELLIPSE('',#2070,28.855502074994,20.);
#2070 = AXIS2_PLACEMENT_3D('',#2071,#2072,#2073);
#2071 = CARTESIAN_POINT('',(0.,-2.8,-20.));
#2072 = DIRECTION('',(0.720833064902,-0.693108716252,-8.310656757792E-17
    ));
#2073 = DIRECTION('',(-0.693108716252,-0.720833064902,2.339295976267E-16
    ));
#2074 = PCURVE('',#1217,#2075);
#2075 = DEFINITIONAL_REPRESENTATION('',(#2076),#2083);
#2076 = B_SPLINE_CURVE_WITH_KNOTS('',5,(#2077,#2078,#2079,#2080,#2081,
    #2082),.UNSPECIFIED.,.F.,.F.,(6,6),(1.513071938309,1.577046367486),
  .PIECEWISE_BEZIER_KNOTS.);
#2077 = CARTESIAN_POINT('',(4.654664591899,8.0000006));
#2078 = CARTESIAN_POINT('',(4.667459477734,7.734310244116));
#2079 = CARTESIAN_POINT('',(4.68025436357,7.468374324456));
#2080 = CARTESIAN_POINT('',(4.693049249405,7.202283457531));
#2081 = CARTESIAN_POINT('',(4.70584413524,6.9361284274));
#2082 = CARTESIAN_POINT('',(4.718639021076,6.67));
#2083 = ( GEOMETRIC_REPRESENTATION_CONTEXT(2) 
PARAMETRIC_REPRESENTATION_CONTEXT() REPRESENTATION_CONTEXT('2D SPACE',''
  ) );
#2084 = PCURVE('',#2085,#2090);
#2085 = PLANE('',#2086);
#2086 = AXIS2_PLACEMENT_3D('',#2087,#2088,#2089);
#2087 = CARTESIAN_POINT('',(-1.25,-4.1,-20.));
#2088 = DIRECTION('',(0.720833064902,-0.693108716252,-8.310656757792E-17
    ));
#2089 = DIRECTION('',(0.693108716252,0.720833064902,-2.339295976267E-16)
  );
#2090 = DEFINITIONAL_REPRESENTATION('',(#2091),#2095);
#2091 = ELLIPSE('',#2092,28.855502074994,20.);
#2092 = AXIS2_PLACEMENT_2D('',#2093,#2094);
#2093 = CARTESIAN_POINT('',(1.803468879687,4.218847493576E-16));
#2094 = DIRECTION('',(-1.,0.));
#2095 = ( GEOMETRIC_REPRESENTATION_CONTEXT(2) 
PARAMETRIC_REPRESENTATION_CONTEXT() REPRESENTATION_CONTEXT('2D SPACE',''
  ) );
#2096 = ORIENTED_EDGE('',*,*,#2097,.F.);
#2097 = EDGE_CURVE('',#2098,#2066,#2100,.T.);
#2098 = VERTEX_POINT('',#2099);
#2099 = CARTESIAN_POINT('',(-4.053229383146,-4.,-39.58497719088));
#2100 = SURFACE_CURVE('',#2101,(#2106,#2113),.PCURVE_S1.);
#2101 = CIRCLE('',#2102,20.);
#2102 = AXIS2_PLACEMENT_3D('',#2103,#2104,#2105);
#2103 = CARTESIAN_POINT('',(0.,-4.,-20.));
#2104 = DIRECTION('',(0.,-1.,1.110223024625E-16));
#2105 = DIRECTION('',(1.,0.,0.));
#2106 = PCURVE('',#1217,#2107);
#2107 = DEFINITIONAL_REPRESENTATION('',(#2108),#2112);
#2108 = LINE('',#2109,#2110);
#2109 = CARTESIAN_POINT('',(0.,8.));
#2110 = VECTOR('',#2111,1.);
#2111 = DIRECTION('',(1.,0.));
#2112 = ( GEOMETRIC_REPRESENTATION_CONTEXT(2) 
PARAMETRIC_REPRESENTATION_CONTEXT() REPRESENTATION_CONTEXT('2D SPACE',''
  ) );
#2113 = PCURVE('',#2114,#2119);
#2114 = PLANE('',#2115);
#2115 = AXIS2_PLACEMENT_3D('',#2116,#2117,#2118);
#2116 = CARTESIAN_POINT('',(0.,-4.,-20.));
#2117 = DIRECTION('',(0.,-1.,1.110223024625E-16));
#2118 = DIRECTION('',(1.,0.,0.));
#2119 = DEFINITIONAL_REPRESENTATION('',(#2120),#2124);
#2120 = CIRCLE('',#2121,20.);
#2121 = AXIS2_PLACEMENT_2D('',#2122,#2123);
#2122 = CARTESIAN_POINT('',(0.,0.));
#2123 = DIRECTION('',(1.,0.));
#2124 = ( GEOMETRIC_REPRESENTATION_CONTEXT(2) 
PARAMETRIC_REPRESENTATION_CONTEXT() REPRESENTATION_CONTEXT('2D SPACE',''
  ) );
#2125 = ORIENTED_EDGE('',*,*,#2126,.F.);
#2126 = EDGE_CURVE('',#2127,#2098,#2129,.T.);
#2127 = VERTEX_POINT('',#2128);
#2128 = CARTESIAN_POINT('',(-5.17638090205,-2.8,-39.31851652578));
#2129 = SURFACE_CURVE('',#2130,(#2135,#2145),.PCURVE_S1.);
#2130 = ELLIPSE('',#2131,28.855502074994,20.);
#2131 = AXIS2_PLACEMENT_3D('',#2132,#2133,#2134);
#2132 = CARTESIAN_POINT('',(0.,-2.8,-20.));
#2133 = DIRECTION('',(-0.696271273832,-0.693108716252,0.186565325536));
#2134 = DIRECTION('',(0.669491609454,-0.720833064902,-0.179389736093));
#2135 = PCURVE('',#1217,#2136);
#2136 = DEFINITIONAL_REPRESENTATION('',(#2137),#2144);
#2137 = B_SPLINE_CURVE_WITH_KNOTS('',5,(#2138,#2139,#2140,#2141,#2142,
    #2143),.UNSPECIFIED.,.F.,.F.,(6,6),(4.706138939694,4.77011336887),
  .PIECEWISE_BEZIER_KNOTS.);
#2138 = CARTESIAN_POINT('',(4.444339551895,6.67));
#2139 = CARTESIAN_POINT('',(4.45713443773,6.9361284274));
#2140 = CARTESIAN_POINT('',(4.469929323565,7.202283457531));
#2141 = CARTESIAN_POINT('',(4.482724209401,7.468374324456));
#2142 = CARTESIAN_POINT('',(4.495519095236,7.734310244116));
#2143 = CARTESIAN_POINT('',(4.508313981071,8.0000006));
#2144 = ( GEOMETRIC_REPRESENTATION_CONTEXT(2) 
PARAMETRIC_REPRESENTATION_CONTEXT() REPRESENTATION_CONTEXT('2D SPACE',''
  ) );
#2145 = PCURVE('',#2146,#2151);
#2146 = PLANE('',#2147);
#2147 = AXIS2_PLACEMENT_3D('',#2148,#2149,#2150);
#2148 = CARTESIAN_POINT('',(0.,-2.8,-20.));
#2149 = DIRECTION('',(-0.696271273832,-0.693108716252,0.186565325536));
#2150 = DIRECTION('',(0.669491609454,-0.720833064902,-0.179389736093));
#2151 = DEFINITIONAL_REPRESENTATION('',(#2152),#2156);
#2152 = ELLIPSE('',#2153,28.855502074994,20.);
#2153 = AXIS2_PLACEMENT_2D('',#2154,#2155);
#2154 = CARTESIAN_POINT('',(0.,0.));
#2155 = DIRECTION('',(1.,0.));
#2156 = ( GEOMETRIC_REPRESENTATION_CONTEXT(2) 
PARAMETRIC_REPRESENTATION_CONTEXT() REPRESENTATION_CONTEXT('2D SPACE',''
  ) );
#2157 = ORIENTED_EDGE('',*,*,#2158,.F.);
#2158 = EDGE_CURVE('',#2159,#2127,#2161,.T.);
#2159 = VERTEX_POINT('',#2160);
#2160 = CARTESIAN_POINT('',(-6.282288982274,-4.,-38.98770247142));
#2161 = SURFACE_CURVE('',#2162,(#2167,#2177),.PCURVE_S1.);
#2162 = ELLIPSE('',#2163,28.855502074994,20.);
#2163 = AXIS2_PLACEMENT_3D('',#2164,#2165,#2166);
#2164 = CARTESIAN_POINT('',(0.,-2.8,-20.));
#2165 = DIRECTION('',(0.696271273832,-0.693108716252,-0.186565325536));
#2166 = DIRECTION('',(-0.669491609454,-0.720833064902,0.179389736093));
#2167 = PCURVE('',#1217,#2168);
#2168 = DEFINITIONAL_REPRESENTATION('',(#2169),#2176);
#2169 = B_SPLINE_CURVE_WITH_KNOTS('',5,(#2170,#2171,#2172,#2173,#2174,
    #2175),.UNSPECIFIED.,.F.,.F.,(6,6),(1.513071938309,1.577046367486),
  .PIECEWISE_BEZIER_KNOTS.);
#2170 = CARTESIAN_POINT('',(4.3928652041,8.0000006));
#2171 = CARTESIAN_POINT('',(4.405660089935,7.734310244116));
#2172 = CARTESIAN_POINT('',(4.418454975771,7.468374324456));
#2173 = CARTESIAN_POINT('',(4.431249861606,7.202283457531));
#2174 = CARTESIAN_POINT('',(4.444044747441,6.9361284274));
#2175 = CARTESIAN_POINT('',(4.456839633276,6.67));
#2176 = ( GEOMETRIC_REPRESENTATION_CONTEXT(2) 
PARAMETRIC_REPRESENTATION_CONTEXT() REPRESENTATION_CONTEXT('2D SPACE',''
  ) );
#2177 = PCURVE('',#2178,#2183);
#2178 = PLANE('',#2179);
#2179 = AXIS2_PLACEMENT_3D('',#2180,#2181,#2182);
#2180 = CARTESIAN_POINT('',(-1.207407282861,-4.1,-19.67647619362));
#2181 = DIRECTION('',(0.696271273832,-0.693108716252,-0.186565325536));
#2182 = DIRECTION('',(0.669491609454,0.720833064902,-0.179389736093));
#2183 = DEFINITIONAL_REPRESENTATION('',(#2184),#2188);
#2184 = ELLIPSE('',#2185,28.855502074994,20.);
#2185 = AXIS2_PLACEMENT_2D('',#2186,#2187);
#2186 = CARTESIAN_POINT('',(1.803468879687,-4.440892098501E-16));
#2187 = DIRECTION('',(-1.,-2.775557561563E-17));
#2188 = ( GEOMETRIC_REPRESENTATION_CONTEXT(2) 
PARAMETRIC_REPRESENTATION_CONTEXT() REPRESENTATION_CONTEXT('2D SPACE',''
  ) );
#2189 = ORIENTED_EDGE('',*,*,#2190,.F.);
#2190 = EDGE_CURVE('',#2191,#2159,#2193,.T.);
#2191 = VERTEX_POINT('',#2192);
#2192 = CARTESIAN_POINT('',(-8.984084035954,-4.,-37.86858231743));
#2193 = SURFACE_CURVE('',#2194,(#2199,#2206),.PCURVE_S1.);
#2194 = CIRCLE('',#2195,20.);
#2195 = AXIS2_PLACEMENT_3D('',#2196,#2197,#2198);
#2196 = CARTESIAN_POINT('',(0.,-4.,-20.));
#2197 = DIRECTION('',(0.,-1.,1.110223024625E-16));
#2198 = DIRECTION('',(1.,0.,0.));
#2199 = PCURVE('',#1217,#2200);
#2200 = DEFINITIONAL_REPRESENTATION('',(#2201),#2205);
#2201 = LINE('',#2202,#2203);
#2202 = CARTESIAN_POINT('',(0.,8.));
#2203 = VECTOR('',#2204,1.);
#2204 = DIRECTION('',(1.,0.));
#2205 = ( GEOMETRIC_REPRESENTATION_CONTEXT(2) 
PARAMETRIC_REPRESENTATION_CONTEXT() REPRESENTATION_CONTEXT('2D SPACE',''
  ) );
#2206 = PCURVE('',#2207,#2212);
#2207 = PLANE('',#2208);
#2208 = AXIS2_PLACEMENT_3D('',#2209,#2210,#2211);
#2209 = CARTESIAN_POINT('',(0.,-4.,-20.));
#2210 = DIRECTION('',(0.,-1.,1.110223024625E-16));
#2211 = DIRECTION('',(1.,0.,0.));
#2212 = DEFINITIONAL_REPRESENTATION('',(#2213),#2217);
#2213 = CIRCLE('',#2214,20.);
#2214 = AXIS2_PLACEMENT_2D('',#2215,#2216);
#2215 = CARTESIAN_POINT('',(0.,0.));
#2216 = DIRECTION('',(1.,0.));
#2217 = ( GEOMETRIC_REPRESENTATION_CONTEXT(2) 
PARAMETRIC_REPRESENTATION_CONTEXT() REPRESENTATION_CONTEXT('2D SPACE',''
  ) );
#2218 = ORIENTED_EDGE('',*,*,#2219,.F.);
#2219 = EDGE_CURVE('',#2220,#2191,#2222,.T.);
#2220 = VERTEX_POINT('',#2221);
#2221 = CARTESIAN_POINT('',(-10.,-2.8,-37.32050807568));
#2222 = SURFACE_CURVE('',#2223,(#2228,#2238),.PCURVE_S1.);
#2223 = ELLIPSE('',#2224,28.855502074994,20.);
#2224 = AXIS2_PLACEMENT_3D('',#2225,#2226,#2227);
#2225 = CARTESIAN_POINT('',(0.,-2.8,-20.));
#2226 = DIRECTION('',(-0.624259746093,-0.693108716252,0.360416532451));
#2227 = DIRECTION('',(0.600249755858,-0.720833064902,-0.346554358126));
#2228 = PCURVE('',#1217,#2229);
#2229 = DEFINITIONAL_REPRESENTATION('',(#2230),#2237);
#2230 = B_SPLINE_CURVE_WITH_KNOTS('',5,(#2231,#2232,#2233,#2234,#2235,
    #2236),.UNSPECIFIED.,.F.,.F.,(6,6),(4.706138939694,4.77011336887),
  .PIECEWISE_BEZIER_KNOTS.);
#2231 = CARTESIAN_POINT('',(4.182540164096,6.67));
#2232 = CARTESIAN_POINT('',(4.195335049931,6.9361284274));
#2233 = CARTESIAN_POINT('',(4.208129935766,7.202283457531));
#2234 = CARTESIAN_POINT('',(4.220924821601,7.468374324456));
#2235 = CARTESIAN_POINT('',(4.233719707437,7.734310244116));
#2236 = CARTESIAN_POINT('',(4.246514593272,8.0000006));
#2237 = ( GEOMETRIC_REPRESENTATION_CONTEXT(2) 
PARAMETRIC_REPRESENTATION_CONTEXT() REPRESENTATION_CONTEXT('2D SPACE',''
  ) );
#2238 = PCURVE('',#2239,#2244);
#2239 = PLANE('',#2240);
#2240 = AXIS2_PLACEMENT_3D('',#2241,#2242,#2243);
#2241 = CARTESIAN_POINT('',(0.,-2.8,-20.));
#2242 = DIRECTION('',(-0.624259746093,-0.693108716252,0.360416532451));
#2243 = DIRECTION('',(0.600249755858,-0.720833064902,-0.346554358126));
#2244 = DEFINITIONAL_REPRESENTATION('',(#2245),#2249);
#2245 = ELLIPSE('',#2246,28.855502074994,20.);
#2246 = AXIS2_PLACEMENT_2D('',#2247,#2248);
#2247 = CARTESIAN_POINT('',(0.,0.));
#2248 = DIRECTION('',(1.,0.));
#2249 = ( GEOMETRIC_REPRESENTATION_CONTEXT(2) 
PARAMETRIC_REPRESENTATION_CONTEXT() REPRESENTATION_CONTEXT('2D SPACE',''
  ) );
#2250 = ORIENTED_EDGE('',*,*,#2251,.F.);
#2251 = EDGE_CURVE('',#2252,#2220,#2254,.T.);
#2252 = VERTEX_POINT('',#2253);
#2253 = CARTESIAN_POINT('',(-10.98260419853,-4.,-36.71473616358));
#2254 = SURFACE_CURVE('',#2255,(#2260,#2270),.PCURVE_S1.);
#2255 = ELLIPSE('',#2256,28.855502074994,20.);
#2256 = AXIS2_PLACEMENT_3D('',#2257,#2258,#2259);
#2257 = CARTESIAN_POINT('',(0.,-2.8,-20.));
#2258 = DIRECTION('',(0.624259746093,-0.693108716252,-0.360416532451));
#2259 = DIRECTION('',(-0.600249755858,-0.720833064902,0.346554358126));
#2260 = PCURVE('',#1217,#2261);
#2261 = DEFINITIONAL_REPRESENTATION('',(#2262),#2269);
#2262 = B_SPLINE_CURVE_WITH_KNOTS('',5,(#2263,#2264,#2265,#2266,#2267,
    #2268),.UNSPECIFIED.,.F.,.F.,(6,6),(1.513071938309,1.577046367486),
  .PIECEWISE_BEZIER_KNOTS.);
#2263 = CARTESIAN_POINT('',(4.131065816301,8.0000006));
#2264 = CARTESIAN_POINT('',(4.143860702136,7.734310244116));
#2265 = CARTESIAN_POINT('',(4.156655587971,7.468374324456));
#2266 = CARTESIAN_POINT('',(4.169450473807,7.202283457531));
#2267 = CARTESIAN_POINT('',(4.182245359642,6.9361284274));
#2268 = CARTESIAN_POINT('',(4.195040245477,6.67));
#2269 = ( GEOMETRIC_REPRESENTATION_CONTEXT(2) 
PARAMETRIC_REPRESENTATION_CONTEXT() REPRESENTATION_CONTEXT('2D SPACE',''
  ) );
#2270 = PCURVE('',#2271,#2276);
#2271 = PLANE('',#2272);
#2272 = AXIS2_PLACEMENT_3D('',#2273,#2274,#2275);
#2273 = CARTESIAN_POINT('',(-1.082531754731,-4.1,-19.375));
#2274 = DIRECTION('',(0.624259746093,-0.693108716252,-0.360416532451));
#2275 = DIRECTION('',(0.600249755858,0.720833064902,-0.346554358126));
#2276 = DEFINITIONAL_REPRESENTATION('',(#2277),#2281);
#2277 = ELLIPSE('',#2278,28.855502074994,20.);
#2278 = AXIS2_PLACEMENT_2D('',#2279,#2280);
#2279 = CARTESIAN_POINT('',(1.803468879687,6.661338147751E-16));
#2280 = DIRECTION('',(-1.,-5.551115123126E-17));
#2281 = ( GEOMETRIC_REPRESENTATION_CONTEXT(2) 
PARAMETRIC_REPRESENTATION_CONTEXT() REPRESENTATION_CONTEXT('2D SPACE',''
  ) );
#2282 = ORIENTED_EDGE('',*,*,#2283,.F.);
#2283 = EDGE_CURVE('',#2284,#2252,#2286,.T.);
#2284 = VERTEX_POINT('',#2285);
#2285 = CARTESIAN_POINT('',(-13.30268820861,-4.,-34.93447308827));
#2286 = SURFACE_CURVE('',#2287,(#2292,#2299),.PCURVE_S1.);
#2287 = CIRCLE('',#2288,20.);
#2288 = AXIS2_PLACEMENT_3D('',#2289,#2290,#2291);
#2289 = CARTESIAN_POINT('',(0.,-4.,-20.));
#2290 = DIRECTION('',(0.,-1.,1.110223024625E-16));
#2291 = DIRECTION('',(1.,0.,0.));
#2292 = PCURVE('',#1217,#2293);
#2293 = DEFINITIONAL_REPRESENTATION('',(#2294),#2298);
#2294 = LINE('',#2295,#2296);
#2295 = CARTESIAN_POINT('',(0.,8.));
#2296 = VECTOR('',#2297,1.);
#2297 = DIRECTION('',(1.,0.));
#2298 = ( GEOMETRIC_REPRESENTATION_CONTEXT(2) 
PARAMETRIC_REPRESENTATION_CONTEXT() REPRESENTATION_CONTEXT('2D SPACE',''
  ) );
#2299 = PCURVE('',#2300,#2305);
#2300 = PLANE('',#2301);
#2301 = AXIS2_PLACEMENT_3D('',#2302,#2303,#2304);
#2302 = CARTESIAN_POINT('',(0.,-4.,-20.));
#2303 = DIRECTION('',(0.,-1.,1.110223024625E-16));
#2304 = DIRECTION('',(1.,0.,0.));
#2305 = DEFINITIONAL_REPRESENTATION('',(#2306),#2310);
#2306 = CIRCLE('',#2307,20.);
#2307 = AXIS2_PLACEMENT_2D('',#2308,#2309);
#2308 = CARTESIAN_POINT('',(0.,0.));
#2309 = DIRECTION('',(1.,0.));
#2310 = ( GEOMETRIC_REPRESENTATION_CONTEXT(2) 
PARAMETRIC_REPRESENTATION_CONTEXT() REPRESENTATION_CONTEXT('2D SPACE',''
  ) );
#2311 = ORIENTED_EDGE('',*,*,#2312,.F.);
#2312 = EDGE_CURVE('',#2313,#2284,#2315,.T.);
#2313 = VERTEX_POINT('',#2314);
#2314 = CARTESIAN_POINT('',(-14.14213562373,-2.8,-34.14213562373));
#2315 = SURFACE_CURVE('',#2316,(#2321,#2331),.PCURVE_S1.);
#2316 = ELLIPSE('',#2317,28.855502074994,20.);
#2317 = AXIS2_PLACEMENT_3D('',#2318,#2319,#2320);
#2318 = CARTESIAN_POINT('',(0.,-2.8,-20.));
#2319 = DIRECTION('',(-0.509705948296,-0.693108716252,0.509705948296));
#2320 = DIRECTION('',(0.490101873361,-0.720833064902,-0.490101873361));
#2321 = PCURVE('',#1217,#2322);
#2322 = DEFINITIONAL_REPRESENTATION('',(#2323),#2330);
#2323 = B_SPLINE_CURVE_WITH_KNOTS('',5,(#2324,#2325,#2326,#2327,#2328,
    #2329),.UNSPECIFIED.,.F.,.F.,(6,6),(4.706138939694,4.77011336887),
  .PIECEWISE_BEZIER_KNOTS.);
#2324 = CARTESIAN_POINT('',(3.920740776296,6.67));
#2325 = CARTESIAN_POINT('',(3.933535662132,6.9361284274));
#2326 = CARTESIAN_POINT('',(3.946330547967,7.202283457531));
#2327 = CARTESIAN_POINT('',(3.959125433802,7.468374324456));
#2328 = CARTESIAN_POINT('',(3.971920319637,7.734310244116));
#2329 = CARTESIAN_POINT('',(3.984715205473,8.0000006));
#2330 = ( GEOMETRIC_REPRESENTATION_CONTEXT(2) 
PARAMETRIC_REPRESENTATION_CONTEXT() REPRESENTATION_CONTEXT('2D SPACE',''
  ) );
#2331 = PCURVE('',#2332,#2337);
#2332 = PLANE('',#2333);
#2333 = AXIS2_PLACEMENT_3D('',#2334,#2335,#2336);
#2334 = CARTESIAN_POINT('',(0.,-2.8,-20.));
#2335 = DIRECTION('',(-0.509705948296,-0.693108716252,0.509705948296));
#2336 = DIRECTION('',(0.490101873361,-0.720833064902,-0.490101873361));
#2337 = DEFINITIONAL_REPRESENTATION('',(#2338),#2342);
#2338 = ELLIPSE('',#2339,28.855502074994,20.);
#2339 = AXIS2_PLACEMENT_2D('',#2340,#2341);
#2340 = CARTESIAN_POINT('',(0.,0.));
#2341 = DIRECTION('',(1.,5.551115123126E-17));
#2342 = ( GEOMETRIC_REPRESENTATION_CONTEXT(2) 
PARAMETRIC_REPRESENTATION_CONTEXT() REPRESENTATION_CONTEXT('2D SPACE',''
  ) );
#2343 = ORIENTED_EDGE('',*,*,#2344,.F.);
#2344 = EDGE_CURVE('',#2345,#2313,#2347,.T.);
#2345 = VERTEX_POINT('',#2346);
#2346 = CARTESIAN_POINT('',(-14.93447308827,-4.,-33.30268820861));
#2347 = SURFACE_CURVE('',#2348,(#2353,#2363),.PCURVE_S1.);
#2348 = ELLIPSE('',#2349,28.855502074994,20.);
#2349 = AXIS2_PLACEMENT_3D('',#2350,#2351,#2352);
#2350 = CARTESIAN_POINT('',(0.,-2.8,-20.));
#2351 = DIRECTION('',(0.509705948296,-0.693108716252,-0.509705948296));
#2352 = DIRECTION('',(-0.490101873361,-0.720833064902,0.490101873361));
#2353 = PCURVE('',#1217,#2354);
#2354 = DEFINITIONAL_REPRESENTATION('',(#2355),#2362);
#2355 = B_SPLINE_CURVE_WITH_KNOTS('',5,(#2356,#2357,#2358,#2359,#2360,
    #2361),.UNSPECIFIED.,.F.,.F.,(6,6),(1.513071938309,1.577046367486),
  .PIECEWISE_BEZIER_KNOTS.);
#2356 = CARTESIAN_POINT('',(3.869266428502,8.0000006));
#2357 = CARTESIAN_POINT('',(3.882061314337,7.734310244116));
#2358 = CARTESIAN_POINT('',(3.894856200172,7.468374324456));
#2359 = CARTESIAN_POINT('',(3.907651086008,7.202283457531));
#2360 = CARTESIAN_POINT('',(3.920445971843,6.9361284274));
#2361 = CARTESIAN_POINT('',(3.933240857678,6.67));
#2362 = ( GEOMETRIC_REPRESENTATION_CONTEXT(2) 
PARAMETRIC_REPRESENTATION_CONTEXT() REPRESENTATION_CONTEXT('2D SPACE',''
  ) );
#2363 = PCURVE('',#2364,#2369);
#2364 = PLANE('',#2365);
#2365 = AXIS2_PLACEMENT_3D('',#2366,#2367,#2368);
#2366 = CARTESIAN_POINT('',(-0.883883476483,-4.1,-19.11611652351));
#2367 = DIRECTION('',(0.509705948296,-0.693108716252,-0.509705948296));
#2368 = DIRECTION('',(0.490101873361,0.720833064902,-0.490101873361));
#2369 = DEFINITIONAL_REPRESENTATION('',(#2370),#2374);
#2370 = ELLIPSE('',#2371,28.855502074994,20.);
#2371 = AXIS2_PLACEMENT_2D('',#2372,#2373);
#2372 = CARTESIAN_POINT('',(1.803468879687,2.22044604925E-16));
#2373 = DIRECTION('',(-1.,5.551115123126E-17));
#2374 = ( GEOMETRIC_REPRESENTATION_CONTEXT(2) 
PARAMETRIC_REPRESENTATION_CONTEXT() REPRESENTATION_CONTEXT('2D SPACE',''
  ) );
#2375 = ORIENTED_EDGE('',*,*,#2376,.F.);
#2376 = EDGE_CURVE('',#2377,#2345,#2379,.T.);
#2377 = VERTEX_POINT('',#2378);
#2378 = CARTESIAN_POINT('',(-16.71473616358,-4.,-30.98260419853));
#2379 = SURFACE_CURVE('',#2380,(#2385,#2392),.PCURVE_S1.);
#2380 = CIRCLE('',#2381,20.);
#2381 = AXIS2_PLACEMENT_3D('',#2382,#2383,#2384);
#2382 = CARTESIAN_POINT('',(0.,-4.,-20.));
#2383 = DIRECTION('',(0.,-1.,1.110223024625E-16));
#2384 = DIRECTION('',(1.,0.,0.));
#2385 = PCURVE('',#1217,#2386);
#2386 = DEFINITIONAL_REPRESENTATION('',(#2387),#2391);
#2387 = LINE('',#2388,#2389);
#2388 = CARTESIAN_POINT('',(0.,8.));
#2389 = VECTOR('',#2390,1.);
#2390 = DIRECTION('',(1.,0.));
#2391 = ( GEOMETRIC_REPRESENTATION_CONTEXT(2) 
PARAMETRIC_REPRESENTATION_CONTEXT() REPRESENTATION_CONTEXT('2D SPACE',''
  ) );
#2392 = PCURVE('',#2393,#2398);
#2393 = PLANE('',#2394);
#2394 = AXIS2_PLACEMENT_3D('',#2395,#2396,#2397);
#2395 = CARTESIAN_POINT('',(0.,-4.,-20.));
#2396 = DIRECTION('',(0.,-1.,1.110223024625E-16));
#2397 = DIRECTION('',(1.,0.,0.));
#2398 = DEFINITIONAL_REPRESENTATION('',(#2399),#2403);
#2399 = CIRCLE('',#2400,20.);
#2400 = AXIS2_PLACEMENT_2D('',#2401,#2402);
#2401 = CARTESIAN_POINT('',(0.,0.));
#2402 = DIRECTION('',(1.,0.));
#2403 = ( GEOMETRIC_REPRESENTATION_CONTEXT(2) 
PARAMETRIC_REPRESENTATION_CONTEXT() REPRESENTATION_CONTEXT('2D SPACE',''
  ) );
#2404 = ORIENTED_EDGE('',*,*,#2405,.F.);
#2405 = EDGE_CURVE('',#2406,#2377,#2408,.T.);
#2406 = VERTEX_POINT('',#2407);
#2407 = CARTESIAN_POINT('',(-17.32050807568,-2.8,-30.));
#2408 = SURFACE_CURVE('',#2409,(#2414,#2424),.PCURVE_S1.);
#2409 = ELLIPSE('',#2410,28.855502074994,20.);
#2410 = AXIS2_PLACEMENT_3D('',#2411,#2412,#2413);
#2411 = CARTESIAN_POINT('',(0.,-2.8,-20.));
#2412 = DIRECTION('',(-0.360416532451,-0.693108716252,0.624259746093));
#2413 = DIRECTION('',(0.346554358126,-0.720833064902,-0.600249755858));
#2414 = PCURVE('',#1217,#2415);
#2415 = DEFINITIONAL_REPRESENTATION('',(#2416),#2423);
#2416 = B_SPLINE_CURVE_WITH_KNOTS('',5,(#2417,#2418,#2419,#2420,#2421,
    #2422),.UNSPECIFIED.,.F.,.F.,(6,6),(4.706138939694,4.77011336887),
  .PIECEWISE_BEZIER_KNOTS.);
#2417 = CARTESIAN_POINT('',(3.658941388497,6.67));
#2418 = CARTESIAN_POINT('',(3.671736274333,6.9361284274));
#2419 = CARTESIAN_POINT('',(3.684531160168,7.202283457531));
#2420 = CARTESIAN_POINT('',(3.697326046003,7.468374324456));
#2421 = CARTESIAN_POINT('',(3.710120931838,7.734310244116));
#2422 = CARTESIAN_POINT('',(3.722915817674,8.0000006));
#2423 = ( GEOMETRIC_REPRESENTATION_CONTEXT(2) 
PARAMETRIC_REPRESENTATION_CONTEXT() REPRESENTATION_CONTEXT('2D SPACE',''
  ) );
#2424 = PCURVE('',#2425,#2430);
#2425 = PLANE('',#2426);
#2426 = AXIS2_PLACEMENT_3D('',#2427,#2428,#2429);
#2427 = CARTESIAN_POINT('',(0.,-2.8,-20.));
#2428 = DIRECTION('',(-0.360416532451,-0.693108716252,0.624259746093));
#2429 = DIRECTION('',(0.346554358126,-0.720833064902,-0.600249755858));
#2430 = DEFINITIONAL_REPRESENTATION('',(#2431),#2435);
#2431 = ELLIPSE('',#2432,28.855502074994,20.);
#2432 = AXIS2_PLACEMENT_2D('',#2433,#2434);
#2433 = CARTESIAN_POINT('',(0.,0.));
#2434 = DIRECTION('',(1.,0.));
#2435 = ( GEOMETRIC_REPRESENTATION_CONTEXT(2) 
PARAMETRIC_REPRESENTATION_CONTEXT() REPRESENTATION_CONTEXT('2D SPACE',''
  ) );
#2436 = ORIENTED_EDGE('',*,*,#2437,.F.);
#2437 = EDGE_CURVE('',#2438,#2406,#2440,.T.);
#2438 = VERTEX_POINT('',#2439);
#2439 = CARTESIAN_POINT('',(-17.86858231743,-4.,-28.98408403595));
#2440 = SURFACE_CURVE('',#2441,(#2446,#2456),.PCURVE_S1.);
#2441 = ELLIPSE('',#2442,28.855502074994,20.);
#2442 = AXIS2_PLACEMENT_3D('',#2443,#2444,#2445);
#2443 = CARTESIAN_POINT('',(0.,-2.8,-20.));
#2444 = DIRECTION('',(0.360416532451,-0.693108716252,-0.624259746093));
#2445 = DIRECTION('',(-0.346554358126,-0.720833064902,0.600249755858));
#2446 = PCURVE('',#1217,#2447);
#2447 = DEFINITIONAL_REPRESENTATION('',(#2448),#2455);
#2448 = B_SPLINE_CURVE_WITH_KNOTS('',5,(#2449,#2450,#2451,#2452,#2453,
    #2454),.UNSPECIFIED.,.F.,.F.,(6,6),(1.513071938309,1.577046367486),
  .PIECEWISE_BEZIER_KNOTS.);
#2449 = CARTESIAN_POINT('',(3.607467040703,8.0000006));
#2450 = CARTESIAN_POINT('',(3.620261926538,7.734310244116));
#2451 = CARTESIAN_POINT('',(3.633056812373,7.468374324456));
#2452 = CARTESIAN_POINT('',(3.645851698208,7.202283457531));
#2453 = CARTESIAN_POINT('',(3.658646584044,6.9361284274));
#2454 = CARTESIAN_POINT('',(3.671441469879,6.67));
#2455 = ( GEOMETRIC_REPRESENTATION_CONTEXT(2) 
PARAMETRIC_REPRESENTATION_CONTEXT() REPRESENTATION_CONTEXT('2D SPACE',''
  ) );
#2456 = PCURVE('',#2457,#2462);
#2457 = PLANE('',#2458);
#2458 = AXIS2_PLACEMENT_3D('',#2459,#2460,#2461);
#2459 = CARTESIAN_POINT('',(-0.625,-4.1,-18.91746824526));
#2460 = DIRECTION('',(0.360416532451,-0.693108716252,-0.624259746093));
#2461 = DIRECTION('',(0.346554358126,0.720833064902,-0.600249755858));
#2462 = DEFINITIONAL_REPRESENTATION('',(#2463),#2467);
#2463 = ELLIPSE('',#2464,28.855502074994,20.);
#2464 = AXIS2_PLACEMENT_2D('',#2465,#2466);
#2465 = CARTESIAN_POINT('',(1.803468879687,-6.661338147751E-16));
#2466 = DIRECTION('',(-1.,0.));
#2467 = ( GEOMETRIC_REPRESENTATION_CONTEXT(2) 
PARAMETRIC_REPRESENTATION_CONTEXT() REPRESENTATION_CONTEXT('2D SPACE',''
  ) );
#2468 = ORIENTED_EDGE('',*,*,#2469,.F.);
#2469 = EDGE_CURVE('',#2470,#2438,#2472,.T.);
#2470 = VERTEX_POINT('',#2471);
#2471 = CARTESIAN_POINT('',(-18.98770247142,-4.,-26.28228898227));
#2472 = SURFACE_CURVE('',#2473,(#2478,#2485),.PCURVE_S1.);
#2473 = CIRCLE('',#2474,20.);
#2474 = AXIS2_PLACEMENT_3D('',#2475,#2476,#2477);
#2475 = CARTESIAN_POINT('',(0.,-4.,-20.));
#2476 = DIRECTION('',(0.,-1.,1.110223024625E-16));
#2477 = DIRECTION('',(1.,0.,0.));
#2478 = PCURVE('',#1217,#2479);
#2479 = DEFINITIONAL_REPRESENTATION('',(#2480),#2484);
#2480 = LINE('',#2481,#2482);
#2481 = CARTESIAN_POINT('',(0.,8.));
#2482 = VECTOR('',#2483,1.);
#2483 = DIRECTION('',(1.,0.));
#2484 = ( GEOMETRIC_REPRESENTATION_CONTEXT(2) 
PARAMETRIC_REPRESENTATION_CONTEXT() REPRESENTATION_CONTEXT('2D SPACE',''
  ) );
#2485 = PCURVE('',#2486,#2491);
#2486 = PLANE('',#2487);
#2487 = AXIS2_PLACEMENT_3D('',#2488,#2489,#2490);
#2488 = CARTESIAN_POINT('',(0.,-4.,-20.));
#2489 = DIRECTION('',(0.,-1.,1.110223024625E-16));
#2490 = DIRECTION('',(1.,0.,0.));
#2491 = DEFINITIONAL_REPRESENTATION('',(#2492),#2496);
#2492 = CIRCLE('',#2493,20.);
#2493 = AXIS2_PLACEMENT_2D('',#2494,#2495);
#2494 = CARTESIAN_POINT('',(0.,0.));
#2495 = DIRECTION('',(1.,0.));
#2496 = ( GEOMETRIC_REPRESENTATION_CONTEXT(2) 
PARAMETRIC_REPRESENTATION_CONTEXT() REPRESENTATION_CONTEXT('2D SPACE',''
  ) );
#2497 = ORIENTED_EDGE('',*,*,#2498,.F.);
#2498 = EDGE_CURVE('',#2499,#2470,#2501,.T.);
#2499 = VERTEX_POINT('',#2500);
#2500 = CARTESIAN_POINT('',(-19.31851652578,-2.8,-25.17638090205));
#2501 = SURFACE_CURVE('',#2502,(#2507,#2517),.PCURVE_S1.);
#2502 = ELLIPSE('',#2503,28.855502074994,20.);
#2503 = AXIS2_PLACEMENT_3D('',#2504,#2505,#2506);
#2504 = CARTESIAN_POINT('',(0.,-2.8,-20.));
#2505 = DIRECTION('',(-0.186565325536,-0.693108716252,0.696271273832));
#2506 = DIRECTION('',(0.179389736093,-0.720833064902,-0.669491609454));
#2507 = PCURVE('',#1217,#2508);
#2508 = DEFINITIONAL_REPRESENTATION('',(#2509),#2516);
#2509 = B_SPLINE_CURVE_WITH_KNOTS('',5,(#2510,#2511,#2512,#2513,#2514,
    #2515),.UNSPECIFIED.,.F.,.F.,(6,6),(4.706138939694,4.77011336887),
  .PIECEWISE_BEZIER_KNOTS.);
#2510 = CARTESIAN_POINT('',(3.397142000698,6.67));
#2511 = CARTESIAN_POINT('',(3.409936886533,6.9361284274));
#2512 = CARTESIAN_POINT('',(3.422731772369,7.202283457531));
#2513 = CARTESIAN_POINT('',(3.435526658204,7.468374324456));
#2514 = CARTESIAN_POINT('',(3.448321544039,7.734310244116));
#2515 = CARTESIAN_POINT('',(3.461116429874,8.0000006));
#2516 = ( GEOMETRIC_REPRESENTATION_CONTEXT(2) 
PARAMETRIC_REPRESENTATION_CONTEXT() REPRESENTATION_CONTEXT('2D SPACE',''
  ) );
#2517 = PCURVE('',#2518,#2523);
#2518 = PLANE('',#2519);
#2519 = AXIS2_PLACEMENT_3D('',#2520,#2521,#2522);
#2520 = CARTESIAN_POINT('',(0.,-2.8,-20.));
#2521 = DIRECTION('',(-0.186565325536,-0.693108716252,0.696271273832));
#2522 = DIRECTION('',(0.179389736093,-0.720833064902,-0.669491609454));
#2523 = DEFINITIONAL_REPRESENTATION('',(#2524),#2528);
#2524 = ELLIPSE('',#2525,28.855502074994,20.);
#2525 = AXIS2_PLACEMENT_2D('',#2526,#2527);
#2526 = CARTESIAN_POINT('',(0.,0.));
#2527 = DIRECTION('',(1.,-2.775557561563E-17));
#2528 = ( GEOMETRIC_REPRESENTATION_CONTEXT(2) 
PARAMETRIC_REPRESENTATION_CONTEXT() REPRESENTATION_CONTEXT('2D SPACE',''
  ) );
#2529 = ORIENTED_EDGE('',*,*,#2530,.F.);
#2530 = EDGE_CURVE('',#2531,#2499,#2533,.T.);
#2531 = VERTEX_POINT('',#2532);
#2532 = CARTESIAN_POINT('',(-19.58497719088,-4.,-24.05322938314));
#2533 = SURFACE_CURVE('',#2534,(#2539,#2549),.PCURVE_S1.);
#2534 = ELLIPSE('',#2535,28.855502074994,20.);
#2535 = AXIS2_PLACEMENT_3D('',#2536,#2537,#2538);
#2536 = CARTESIAN_POINT('',(0.,-2.8,-20.));
#2537 = DIRECTION('',(0.186565325536,-0.693108716252,-0.696271273832));
#2538 = DIRECTION('',(-0.179389736093,-0.720833064902,0.669491609454));
#2539 = PCURVE('',#1217,#2540);
#2540 = DEFINITIONAL_REPRESENTATION('',(#2541),#2548);
#2541 = B_SPLINE_CURVE_WITH_KNOTS('',5,(#2542,#2543,#2544,#2545,#2546,
    #2547),.UNSPECIFIED.,.F.,.F.,(6,6),(1.513071938309,1.577046367486),
  .PIECEWISE_BEZIER_KNOTS.);
#2542 = CARTESIAN_POINT('',(3.345667652903,8.0000006));
#2543 = CARTESIAN_POINT('',(3.358462538739,7.734310244116));
#2544 = CARTESIAN_POINT('',(3.371257424574,7.468374324456));
#2545 = CARTESIAN_POINT('',(3.384052310409,7.202283457531));
#2546 = CARTESIAN_POINT('',(3.396847196245,6.9361284274));
#2547 = CARTESIAN_POINT('',(3.40964208208,6.67));
#2548 = ( GEOMETRIC_REPRESENTATION_CONTEXT(2) 
PARAMETRIC_REPRESENTATION_CONTEXT() REPRESENTATION_CONTEXT('2D SPACE',''
  ) );
#2549 = PCURVE('',#2550,#2555);
#2550 = PLANE('',#2551);
#2551 = AXIS2_PLACEMENT_3D('',#2552,#2553,#2554);
#2552 = CARTESIAN_POINT('',(-0.323523806378,-4.1,-18.79259271713));
#2553 = DIRECTION('',(0.186565325536,-0.693108716252,-0.696271273832));
#2554 = DIRECTION('',(0.179389736093,0.720833064902,-0.669491609454));
#2555 = DEFINITIONAL_REPRESENTATION('',(#2556),#2560);
#2556 = ELLIPSE('',#2557,28.855502074994,20.);
#2557 = AXIS2_PLACEMENT_2D('',#2558,#2559);
#2558 = CARTESIAN_POINT('',(1.803468879687,-2.22044604925E-16));
#2559 = DIRECTION('',(-1.,2.775557561563E-17));
#2560 = ( GEOMETRIC_REPRESENTATION_CONTEXT(2) 
PARAMETRIC_REPRESENTATION_CONTEXT() REPRESENTATION_CONTEXT('2D SPACE',''
  ) );
#2561 = ORIENTED_EDGE('',*,*,#2562,.F.);
#2562 = EDGE_CURVE('',#2563,#2531,#2565,.T.);
#2563 = VERTEX_POINT('',#2564);
#2564 = CARTESIAN_POINT('',(-19.96668823448,-4.,-21.15384615384));
#2565 = SURFACE_CURVE('',#2566,(#2571,#2578),.PCURVE_S1.);
#2566 = CIRCLE('',#2567,20.);
#2567 = AXIS2_PLACEMENT_3D('',#2568,#2569,#2570);
#2568 = CARTESIAN_POINT('',(0.,-4.,-20.));
#2569 = DIRECTION('',(0.,-1.,1.110223024625E-16));
#2570 = DIRECTION('',(1.,0.,0.));
#2571 = PCURVE('',#1217,#2572);
#2572 = DEFINITIONAL_REPRESENTATION('',(#2573),#2577);
#2573 = LINE('',#2574,#2575);
#2574 = CARTESIAN_POINT('',(0.,8.));
#2575 = VECTOR('',#2576,1.);
#2576 = DIRECTION('',(1.,0.));
#2577 = ( GEOMETRIC_REPRESENTATION_CONTEXT(2) 
PARAMETRIC_REPRESENTATION_CONTEXT() REPRESENTATION_CONTEXT('2D SPACE',''
  ) );
#2578 = PCURVE('',#2579,#2584);
#2579 = PLANE('',#2580);
#2580 = AXIS2_PLACEMENT_3D('',#2581,#2582,#2583);
#2581 = CARTESIAN_POINT('',(0.,-4.,-20.));
#2582 = DIRECTION('',(0.,-1.,1.110223024625E-16));
#2583 = DIRECTION('',(1.,0.,0.));
#2584 = DEFINITIONAL_REPRESENTATION('',(#2585),#2589);
#2585 = CIRCLE('',#2586,20.);
#2586 = AXIS2_PLACEMENT_2D('',#2587,#2588);
#2587 = CARTESIAN_POINT('',(0.,0.));
#2588 = DIRECTION('',(1.,0.));
#2589 = ( GEOMETRIC_REPRESENTATION_CONTEXT(2) 
PARAMETRIC_REPRESENTATION_CONTEXT() REPRESENTATION_CONTEXT('2D SPACE',''
  ) );
#2590 = ORIENTED_EDGE('',*,*,#2591,.F.);
#2591 = EDGE_CURVE('',#2592,#2563,#2594,.T.);
#2592 = VERTEX_POINT('',#2593);
#2593 = CARTESIAN_POINT('',(-20.,-2.8,-20.));
#2594 = SURFACE_CURVE('',#2595,(#2600,#2610),.PCURVE_S1.);
#2595 = ELLIPSE('',#2596,28.855502074994,20.);
#2596 = AXIS2_PLACEMENT_3D('',#2597,#2598,#2599);
#2597 = CARTESIAN_POINT('',(0.,-2.8,-20.));
#2598 = DIRECTION('',(8.827659056516E-17,-0.693108716252,0.720833064902)
  );
#2599 = DIRECTION('',(-8.488133708189E-17,-0.720833064902,
    -0.693108716252));
#2600 = PCURVE('',#1217,#2601);
#2601 = DEFINITIONAL_REPRESENTATION('',(#2602),#2609);
#2602 = B_SPLINE_CURVE_WITH_KNOTS('',5,(#2603,#2604,#2605,#2606,#2607,
    #2608),.UNSPECIFIED.,.F.,.F.,(6,6),(4.706138939694,4.77011336887),
  .PIECEWISE_BEZIER_KNOTS.);
#2603 = CARTESIAN_POINT('',(3.135342612899,6.67));
#2604 = CARTESIAN_POINT('',(3.148137498734,6.9361284274));
#2605 = CARTESIAN_POINT('',(3.160932384569,7.202283457531));
#2606 = CARTESIAN_POINT('',(3.173727270405,7.468374324456));
#2607 = CARTESIAN_POINT('',(3.18652215624,7.734310244116));
#2608 = CARTESIAN_POINT('',(3.199317042075,8.0000006));
#2609 = ( GEOMETRIC_REPRESENTATION_CONTEXT(2) 
PARAMETRIC_REPRESENTATION_CONTEXT() REPRESENTATION_CONTEXT('2D SPACE',''
  ) );
#2610 = PCURVE('',#2611,#2616);
#2611 = PLANE('',#2612);
#2612 = AXIS2_PLACEMENT_3D('',#2613,#2614,#2615);
#2613 = CARTESIAN_POINT('',(0.,-2.8,-20.));
#2614 = DIRECTION('',(8.827659056516E-17,-0.693108716252,0.720833064902)
  );
#2615 = DIRECTION('',(-8.488133708189E-17,-0.720833064902,
    -0.693108716252));
#2616 = DEFINITIONAL_REPRESENTATION('',(#2617),#2621);
#2617 = ELLIPSE('',#2618,28.855502074994,20.);
#2618 = AXIS2_PLACEMENT_2D('',#2619,#2620);
#2619 = CARTESIAN_POINT('',(0.,0.));
#2620 = DIRECTION('',(1.,2.465190328816E-32));
#2621 = ( GEOMETRIC_REPRESENTATION_CONTEXT(2) 
PARAMETRIC_REPRESENTATION_CONTEXT() REPRESENTATION_CONTEXT('2D SPACE',''
  ) );
#2622 = ORIENTED_EDGE('',*,*,#2623,.F.);
#2623 = EDGE_CURVE('',#2624,#2592,#2626,.T.);
#2624 = VERTEX_POINT('',#2625);
#2625 = CARTESIAN_POINT('',(-19.96668823448,-4.,-18.84615384615));
#2626 = SURFACE_CURVE('',#2627,(#2632,#2642),.PCURVE_S1.);
#2627 = ELLIPSE('',#2628,28.855502074994,20.);
#2628 = AXIS2_PLACEMENT_3D('',#2629,#2630,#2631);
#2629 = CARTESIAN_POINT('',(0.,-2.8,-20.));
#2630 = DIRECTION('',(-8.827659056516E-17,-0.693108716252,
    -0.720833064902));
#2631 = DIRECTION('',(8.488133708189E-17,-0.720833064902,0.693108716252)
  );
#2632 = PCURVE('',#1217,#2633);
#2633 = DEFINITIONAL_REPRESENTATION('',(#2634),#2641);
#2634 = B_SPLINE_CURVE_WITH_KNOTS('',5,(#2635,#2636,#2637,#2638,#2639,
    #2640),.UNSPECIFIED.,.F.,.F.,(6,6),(1.513071938309,1.577046367486),
  .PIECEWISE_BEZIER_KNOTS.);
#2635 = CARTESIAN_POINT('',(3.083868265104,8.0000006));
#2636 = CARTESIAN_POINT('',(3.09666315094,7.734310244116));
#2637 = CARTESIAN_POINT('',(3.109458036775,7.468374324456));
#2638 = CARTESIAN_POINT('',(3.12225292261,7.202283457531));
#2639 = CARTESIAN_POINT('',(3.135047808445,6.9361284274));
#2640 = CARTESIAN_POINT('',(3.147842694281,6.67));
#2641 = ( GEOMETRIC_REPRESENTATION_CONTEXT(2) 
PARAMETRIC_REPRESENTATION_CONTEXT() REPRESENTATION_CONTEXT('2D SPACE',''
  ) );
#2642 = PCURVE('',#2643,#2648);
#2643 = PLANE('',#2644);
#2644 = AXIS2_PLACEMENT_3D('',#2645,#2646,#2647);
#2645 = CARTESIAN_POINT('',(1.530808498934E-16,-4.1,-18.75));
#2646 = DIRECTION('',(-8.827659056516E-17,-0.693108716252,
    -0.720833064902));
#2647 = DIRECTION('',(-8.488133708189E-17,0.720833064902,-0.693108716252
    ));
#2648 = DEFINITIONAL_REPRESENTATION('',(#2649),#2653);
#2649 = ELLIPSE('',#2650,28.855502074994,20.);
#2650 = AXIS2_PLACEMENT_2D('',#2651,#2652);
#2651 = CARTESIAN_POINT('',(1.803468879687,-4.930380657631E-32));
#2652 = DIRECTION('',(-1.,-1.232595164408E-32));
#2653 = ( GEOMETRIC_REPRESENTATION_CONTEXT(2) 
PARAMETRIC_REPRESENTATION_CONTEXT() REPRESENTATION_CONTEXT('2D SPACE',''
  ) );
#2654 = ORIENTED_EDGE('',*,*,#2655,.F.);
#2655 = EDGE_CURVE('',#2656,#2624,#2658,.T.);
#2656 = VERTEX_POINT('',#2657);
#2657 = CARTESIAN_POINT('',(-19.58497719088,-4.,-15.94677061685));
#2658 = SURFACE_CURVE('',#2659,(#2664,#2671),.PCURVE_S1.);
#2659 = CIRCLE('',#2660,20.);
#2660 = AXIS2_PLACEMENT_3D('',#2661,#2662,#2663);
#2661 = CARTESIAN_POINT('',(0.,-4.,-20.));
#2662 = DIRECTION('',(0.,-1.,1.110223024625E-16));
#2663 = DIRECTION('',(1.,0.,0.));
#2664 = PCURVE('',#1217,#2665);
#2665 = DEFINITIONAL_REPRESENTATION('',(#2666),#2670);
#2666 = LINE('',#2667,#2668);
#2667 = CARTESIAN_POINT('',(0.,8.));
#2668 = VECTOR('',#2669,1.);
#2669 = DIRECTION('',(1.,0.));
#2670 = ( GEOMETRIC_REPRESENTATION_CONTEXT(2) 
PARAMETRIC_REPRESENTATION_CONTEXT() REPRESENTATION_CONTEXT('2D SPACE',''
  ) );
#2671 = PCURVE('',#2672,#2677);
#2672 = PLANE('',#2673);
#2673 = AXIS2_PLACEMENT_3D('',#2674,#2675,#2676);
#2674 = CARTESIAN_POINT('',(0.,-4.,-20.));
#2675 = DIRECTION('',(0.,-1.,1.110223024625E-16));
#2676 = DIRECTION('',(1.,0.,0.));
#2677 = DEFINITIONAL_REPRESENTATION('',(#2678),#2682);
#2678 = CIRCLE('',#2679,20.);
#2679 = AXIS2_PLACEMENT_2D('',#2680,#2681);
#2680 = CARTESIAN_POINT('',(0.,0.));
#2681 = DIRECTION('',(1.,0.));
#2682 = ( GEOMETRIC_REPRESENTATION_CONTEXT(2) 
PARAMETRIC_REPRESENTATION_CONTEXT() REPRESENTATION_CONTEXT('2D SPACE',''
  ) );
#2683 = ORIENTED_EDGE('',*,*,#2684,.F.);
#2684 = EDGE_CURVE('',#2685,#2656,#2687,.T.);
#2685 = VERTEX_POINT('',#2686);
#2686 = CARTESIAN_POINT('',(-19.31851652578,-2.8,-14.82361909795));
#2687 = SURFACE_CURVE('',#2688,(#2693,#2703),.PCURVE_S1.);
#2688 = ELLIPSE('',#2689,28.855502074994,20.);
#2689 = AXIS2_PLACEMENT_3D('',#2690,#2691,#2692);
#2690 = CARTESIAN_POINT('',(0.,-2.8,-20.));
#2691 = DIRECTION('',(0.186565325536,-0.693108716252,0.696271273832));
#2692 = DIRECTION('',(-0.179389736093,-0.720833064902,-0.669491609454));
#2693 = PCURVE('',#1217,#2694);
#2694 = DEFINITIONAL_REPRESENTATION('',(#2695),#2702);
#2695 = B_SPLINE_CURVE_WITH_KNOTS('',5,(#2696,#2697,#2698,#2699,#2700,
    #2701),.UNSPECIFIED.,.F.,.F.,(6,6),(4.706138939694,4.77011336887),
  .PIECEWISE_BEZIER_KNOTS.);
#2696 = CARTESIAN_POINT('',(2.8735432251,6.67));
#2697 = CARTESIAN_POINT('',(2.886338110935,6.9361284274));
#2698 = CARTESIAN_POINT('',(2.89913299677,7.202283457531));
#2699 = CARTESIAN_POINT('',(2.911927882606,7.468374324456));
#2700 = CARTESIAN_POINT('',(2.924722768441,7.734310244116));
#2701 = CARTESIAN_POINT('',(2.937517654276,8.0000006));
#2702 = ( GEOMETRIC_REPRESENTATION_CONTEXT(2) 
PARAMETRIC_REPRESENTATION_CONTEXT() REPRESENTATION_CONTEXT('2D SPACE',''
  ) );
#2703 = PCURVE('',#2704,#2709);
#2704 = PLANE('',#2705);
#2705 = AXIS2_PLACEMENT_3D('',#2706,#2707,#2708);
#2706 = CARTESIAN_POINT('',(0.,-2.8,-20.));
#2707 = DIRECTION('',(0.186565325536,-0.693108716252,0.696271273832));
#2708 = DIRECTION('',(-0.179389736093,-0.720833064902,-0.669491609454));
#2709 = DEFINITIONAL_REPRESENTATION('',(#2710),#2714);
#2710 = ELLIPSE('',#2711,28.855502074994,20.);
#2711 = AXIS2_PLACEMENT_2D('',#2712,#2713);
#2712 = CARTESIAN_POINT('',(0.,0.));
#2713 = DIRECTION('',(1.,2.775557561563E-17));
#2714 = ( GEOMETRIC_REPRESENTATION_CONTEXT(2) 
PARAMETRIC_REPRESENTATION_CONTEXT() REPRESENTATION_CONTEXT('2D SPACE',''
  ) );
#2715 = ORIENTED_EDGE('',*,*,#2716,.F.);
#2716 = EDGE_CURVE('',#2717,#2685,#2719,.T.);
#2717 = VERTEX_POINT('',#2718);
#2718 = CARTESIAN_POINT('',(-18.98770247142,-4.,-13.71771101772));
#2719 = SURFACE_CURVE('',#2720,(#2725,#2735),.PCURVE_S1.);
#2720 = ELLIPSE('',#2721,28.855502074994,20.);
#2721 = AXIS2_PLACEMENT_3D('',#2722,#2723,#2724);
#2722 = CARTESIAN_POINT('',(0.,-2.8,-20.));
#2723 = DIRECTION('',(-0.186565325536,-0.693108716252,-0.696271273832));
#2724 = DIRECTION('',(0.179389736093,-0.720833064902,0.669491609454));
#2725 = PCURVE('',#1217,#2726);
#2726 = DEFINITIONAL_REPRESENTATION('',(#2727),#2734);
#2727 = B_SPLINE_CURVE_WITH_KNOTS('',5,(#2728,#2729,#2730,#2731,#2732,
    #2733),.UNSPECIFIED.,.F.,.F.,(6,6),(1.513071938309,1.577046367486),
  .PIECEWISE_BEZIER_KNOTS.);
#2728 = CARTESIAN_POINT('',(2.822068877305,8.0000006));
#2729 = CARTESIAN_POINT('',(2.83486376314,7.734310244116));
#2730 = CARTESIAN_POINT('',(2.847658648976,7.468374324456));
#2731 = CARTESIAN_POINT('',(2.860453534811,7.202283457531));
#2732 = CARTESIAN_POINT('',(2.873248420646,6.9361284274));
#2733 = CARTESIAN_POINT('',(2.886043306481,6.67));
#2734 = ( GEOMETRIC_REPRESENTATION_CONTEXT(2) 
PARAMETRIC_REPRESENTATION_CONTEXT() REPRESENTATION_CONTEXT('2D SPACE',''
  ) );
#2735 = PCURVE('',#2736,#2741);
#2736 = PLANE('',#2737);
#2737 = AXIS2_PLACEMENT_3D('',#2738,#2739,#2740);
#2738 = CARTESIAN_POINT('',(0.323523806378,-4.1,-18.79259271713));
#2739 = DIRECTION('',(-0.186565325536,-0.693108716252,-0.696271273832));
#2740 = DIRECTION('',(-0.179389736093,0.720833064902,-0.669491609454));
#2741 = DEFINITIONAL_REPRESENTATION('',(#2742),#2746);
#2742 = ELLIPSE('',#2743,28.855502074994,20.);
#2743 = AXIS2_PLACEMENT_2D('',#2744,#2745);
#2744 = CARTESIAN_POINT('',(1.803468879687,1.665334536938E-16));
#2745 = DIRECTION('',(-1.,-5.551115123126E-17));
#2746 = ( GEOMETRIC_REPRESENTATION_CONTEXT(2) 
PARAMETRIC_REPRESENTATION_CONTEXT() REPRESENTATION_CONTEXT('2D SPACE',''
  ) );
#2747 = ORIENTED_EDGE('',*,*,#2748,.F.);
#2748 = EDGE_CURVE('',#2749,#2717,#2751,.T.);
#2749 = VERTEX_POINT('',#2750);
#2750 = CARTESIAN_POINT('',(-17.86858231743,-4.,-11.01591596404));
#2751 = SURFACE_CURVE('',#2752,(#2757,#2764),.PCURVE_S1.);
#2752 = CIRCLE('',#2753,20.);
#2753 = AXIS2_PLACEMENT_3D('',#2754,#2755,#2756);
#2754 = CARTESIAN_POINT('',(0.,-4.,-20.));
#2755 = DIRECTION('',(0.,-1.,1.110223024625E-16));
#2756 = DIRECTION('',(1.,0.,0.));
#2757 = PCURVE('',#1217,#2758);
#2758 = DEFINITIONAL_REPRESENTATION('',(#2759),#2763);
#2759 = LINE('',#2760,#2761);
#2760 = CARTESIAN_POINT('',(0.,8.));
#2761 = VECTOR('',#2762,1.);
#2762 = DIRECTION('',(1.,0.));
#2763 = ( GEOMETRIC_REPRESENTATION_CONTEXT(2) 
PARAMETRIC_REPRESENTATION_CONTEXT() REPRESENTATION_CONTEXT('2D SPACE',''
  ) );
#2764 = PCURVE('',#2765,#2770);
#2765 = PLANE('',#2766);
#2766 = AXIS2_PLACEMENT_3D('',#2767,#2768,#2769);
#2767 = CARTESIAN_POINT('',(0.,-4.,-20.));
#2768 = DIRECTION('',(0.,-1.,1.110223024625E-16));
#2769 = DIRECTION('',(1.,0.,0.));
#2770 = DEFINITIONAL_REPRESENTATION('',(#2771),#2775);
#2771 = CIRCLE('',#2772,20.);
#2772 = AXIS2_PLACEMENT_2D('',#2773,#2774);
#2773 = CARTESIAN_POINT('',(0.,0.));
#2774 = DIRECTION('',(1.,0.));
#2775 = ( GEOMETRIC_REPRESENTATION_CONTEXT(2) 
PARAMETRIC_REPRESENTATION_CONTEXT() REPRESENTATION_CONTEXT('2D SPACE',''
  ) );
#2776 = ORIENTED_EDGE('',*,*,#2777,.F.);
#2777 = EDGE_CURVE('',#2778,#2749,#2780,.T.);
#2778 = VERTEX_POINT('',#2779);
#2779 = CARTESIAN_POINT('',(-17.32050807568,-2.8,-10.));
#2780 = SURFACE_CURVE('',#2781,(#2786,#2796),.PCURVE_S1.);
#2781 = ELLIPSE('',#2782,28.855502074994,20.);
#2782 = AXIS2_PLACEMENT_3D('',#2783,#2784,#2785);
#2783 = CARTESIAN_POINT('',(0.,-2.8,-20.));
#2784 = DIRECTION('',(0.360416532451,-0.693108716252,0.624259746093));
#2785 = DIRECTION('',(-0.346554358126,-0.720833064902,-0.600249755858));
#2786 = PCURVE('',#1217,#2787);
#2787 = DEFINITIONAL_REPRESENTATION('',(#2788),#2795);
#2788 = B_SPLINE_CURVE_WITH_KNOTS('',5,(#2789,#2790,#2791,#2792,#2793,
    #2794),.UNSPECIFIED.,.F.,.F.,(6,6),(4.706138939694,4.77011336887),
  .PIECEWISE_BEZIER_KNOTS.);
#2789 = CARTESIAN_POINT('',(2.611743837301,6.67));
#2790 = CARTESIAN_POINT('',(2.624538723136,6.9361284274));
#2791 = CARTESIAN_POINT('',(2.637333608971,7.202283457531));
#2792 = CARTESIAN_POINT('',(2.650128494806,7.468374324456));
#2793 = CARTESIAN_POINT('',(2.662923380642,7.734310244116));
#2794 = CARTESIAN_POINT('',(2.675718266477,8.0000006));
#2795 = ( GEOMETRIC_REPRESENTATION_CONTEXT(2) 
PARAMETRIC_REPRESENTATION_CONTEXT() REPRESENTATION_CONTEXT('2D SPACE',''
  ) );
#2796 = PCURVE('',#2797,#2802);
#2797 = PLANE('',#2798);
#2798 = AXIS2_PLACEMENT_3D('',#2799,#2800,#2801);
#2799 = CARTESIAN_POINT('',(0.,-2.8,-20.));
#2800 = DIRECTION('',(0.360416532451,-0.693108716252,0.624259746093));
#2801 = DIRECTION('',(-0.346554358126,-0.720833064902,-0.600249755858));
#2802 = DEFINITIONAL_REPRESENTATION('',(#2803),#2807);
#2803 = ELLIPSE('',#2804,28.855502074994,20.);
#2804 = AXIS2_PLACEMENT_2D('',#2805,#2806);
#2805 = CARTESIAN_POINT('',(0.,0.));
#2806 = DIRECTION('',(1.,-5.551115123126E-17));
#2807 = ( GEOMETRIC_REPRESENTATION_CONTEXT(2) 
PARAMETRIC_REPRESENTATION_CONTEXT() REPRESENTATION_CONTEXT('2D SPACE',''
  ) );
#2808 = ORIENTED_EDGE('',*,*,#2809,.F.);
#2809 = EDGE_CURVE('',#2810,#2778,#2812,.T.);
#2810 = VERTEX_POINT('',#2811);
#2811 = CARTESIAN_POINT('',(-16.71473616358,-4.,-9.017395801466));
#2812 = SURFACE_CURVE('',#2813,(#2818,#2828),.PCURVE_S1.);
#2813 = ELLIPSE('',#2814,28.855502074994,20.);
#2814 = AXIS2_PLACEMENT_3D('',#2815,#2816,#2817);
#2815 = CARTESIAN_POINT('',(0.,-2.8,-20.));
#2816 = DIRECTION('',(-0.360416532451,-0.693108716252,-0.624259746093));
#2817 = DIRECTION('',(0.346554358126,-0.720833064902,0.600249755858));
#2818 = PCURVE('',#1217,#2819);
#2819 = DEFINITIONAL_REPRESENTATION('',(#2820),#2827);
#2820 = B_SPLINE_CURVE_WITH_KNOTS('',5,(#2821,#2822,#2823,#2824,#2825,
    #2826),.UNSPECIFIED.,.F.,.F.,(6,6),(1.513071938309,1.577046367486),
  .PIECEWISE_BEZIER_KNOTS.);
#2821 = CARTESIAN_POINT('',(2.560269489506,8.0000006));
#2822 = CARTESIAN_POINT('',(2.573064375341,7.734310244116));
#2823 = CARTESIAN_POINT('',(2.585859261177,7.468374324456));
#2824 = CARTESIAN_POINT('',(2.598654147012,7.202283457531));
#2825 = CARTESIAN_POINT('',(2.611449032847,6.9361284274));
#2826 = CARTESIAN_POINT('',(2.624243918682,6.67));
#2827 = ( GEOMETRIC_REPRESENTATION_CONTEXT(2) 
PARAMETRIC_REPRESENTATION_CONTEXT() REPRESENTATION_CONTEXT('2D SPACE',''
  ) );
#2828 = PCURVE('',#2829,#2834);
#2829 = PLANE('',#2830);
#2830 = AXIS2_PLACEMENT_3D('',#2831,#2832,#2833);
#2831 = CARTESIAN_POINT('',(0.625,-4.1,-18.91746824526));
#2832 = DIRECTION('',(-0.360416532451,-0.693108716252,-0.624259746093));
#2833 = DIRECTION('',(-0.346554358126,0.720833064902,-0.600249755858));
#2834 = DEFINITIONAL_REPRESENTATION('',(#2835),#2839);
#2835 = ELLIPSE('',#2836,28.855502074994,20.);
#2836 = AXIS2_PLACEMENT_2D('',#2837,#2838);
#2837 = CARTESIAN_POINT('',(1.803468879687,5.551115123126E-16));
#2838 = DIRECTION('',(-1.,1.110223024625E-16));
#2839 = ( GEOMETRIC_REPRESENTATION_CONTEXT(2) 
PARAMETRIC_REPRESENTATION_CONTEXT() REPRESENTATION_CONTEXT('2D SPACE',''
  ) );
#2840 = ORIENTED_EDGE('',*,*,#2841,.F.);
#2841 = EDGE_CURVE('',#2842,#2810,#2844,.T.);
#2842 = VERTEX_POINT('',#2843);
#2843 = CARTESIAN_POINT('',(-14.93447308827,-4.,-6.697311791386));
#2844 = SURFACE_CURVE('',#2845,(#2850,#2857),.PCURVE_S1.);
#2845 = CIRCLE('',#2846,20.);
#2846 = AXIS2_PLACEMENT_3D('',#2847,#2848,#2849);
#2847 = CARTESIAN_POINT('',(0.,-4.,-20.));
#2848 = DIRECTION('',(0.,-1.,1.110223024625E-16));
#2849 = DIRECTION('',(1.,0.,0.));
#2850 = PCURVE('',#1217,#2851);
#2851 = DEFINITIONAL_REPRESENTATION('',(#2852),#2856);
#2852 = LINE('',#2853,#2854);
#2853 = CARTESIAN_POINT('',(0.,8.));
#2854 = VECTOR('',#2855,1.);
#2855 = DIRECTION('',(1.,0.));
#2856 = ( GEOMETRIC_REPRESENTATION_CONTEXT(2) 
PARAMETRIC_REPRESENTATION_CONTEXT() REPRESENTATION_CONTEXT('2D SPACE',''
  ) );
#2857 = PCURVE('',#2858,#2863);
#2858 = PLANE('',#2859);
#2859 = AXIS2_PLACEMENT_3D('',#2860,#2861,#2862);
#2860 = CARTESIAN_POINT('',(0.,-4.,-20.));
#2861 = DIRECTION('',(0.,-1.,1.110223024625E-16));
#2862 = DIRECTION('',(1.,0.,0.));
#2863 = DEFINITIONAL_REPRESENTATION('',(#2864),#2868);
#2864 = CIRCLE('',#2865,20.);
#2865 = AXIS2_PLACEMENT_2D('',#2866,#2867);
#2866 = CARTESIAN_POINT('',(0.,0.));
#2867 = DIRECTION('',(1.,0.));
#2868 = ( GEOMETRIC_REPRESENTATION_CONTEXT(2) 
PARAMETRIC_REPRESENTATION_CONTEXT() REPRESENTATION_CONTEXT('2D SPACE',''
  ) );
#2869 = ORIENTED_EDGE('',*,*,#2870,.F.);
#2870 = EDGE_CURVE('',#2871,#2842,#2873,.T.);
#2871 = VERTEX_POINT('',#2872);
#2872 = CARTESIAN_POINT('',(-14.14213562373,-2.8,-5.857864376269));
#2873 = SURFACE_CURVE('',#2874,(#2879,#2889),.PCURVE_S1.);
#2874 = ELLIPSE('',#2875,28.855502074994,20.);
#2875 = AXIS2_PLACEMENT_3D('',#2876,#2877,#2878);
#2876 = CARTESIAN_POINT('',(0.,-2.8,-20.));
#2877 = DIRECTION('',(0.509705948296,-0.693108716252,0.509705948296));
#2878 = DIRECTION('',(-0.490101873361,-0.720833064902,-0.490101873361));
#2879 = PCURVE('',#1217,#2880);
#2880 = DEFINITIONAL_REPRESENTATION('',(#2881),#2888);
#2881 = B_SPLINE_CURVE_WITH_KNOTS('',5,(#2882,#2883,#2884,#2885,#2886,
    #2887),.UNSPECIFIED.,.F.,.F.,(6,6),(4.706138939694,4.77011336887),
  .PIECEWISE_BEZIER_KNOTS.);
#2882 = CARTESIAN_POINT('',(2.349944449502,6.67));
#2883 = CARTESIAN_POINT('',(2.362739335337,6.9361284274));
#2884 = CARTESIAN_POINT('',(2.375534221172,7.202283457531));
#2885 = CARTESIAN_POINT('',(2.388329107007,7.468374324456));
#2886 = CARTESIAN_POINT('',(2.401123992843,7.734310244116));
#2887 = CARTESIAN_POINT('',(2.413918878678,8.0000006));
#2888 = ( GEOMETRIC_REPRESENTATION_CONTEXT(2) 
PARAMETRIC_REPRESENTATION_CONTEXT() REPRESENTATION_CONTEXT('2D SPACE',''
  ) );
#2889 = PCURVE('',#2890,#2895);
#2890 = PLANE('',#2891);
#2891 = AXIS2_PLACEMENT_3D('',#2892,#2893,#2894);
#2892 = CARTESIAN_POINT('',(0.,-2.8,-20.));
#2893 = DIRECTION('',(0.509705948296,-0.693108716252,0.509705948296));
#2894 = DIRECTION('',(-0.490101873361,-0.720833064902,-0.490101873361));
#2895 = DEFINITIONAL_REPRESENTATION('',(#2896),#2900);
#2896 = ELLIPSE('',#2897,28.855502074994,20.);
#2897 = AXIS2_PLACEMENT_2D('',#2898,#2899);
#2898 = CARTESIAN_POINT('',(0.,0.));
#2899 = DIRECTION('',(1.,5.551115123126E-17));
#2900 = ( GEOMETRIC_REPRESENTATION_CONTEXT(2) 
PARAMETRIC_REPRESENTATION_CONTEXT() REPRESENTATION_CONTEXT('2D SPACE',''
  ) );
#2901 = ORIENTED_EDGE('',*,*,#2902,.F.);
#2902 = EDGE_CURVE('',#2903,#2871,#2905,.T.);
#2903 = VERTEX_POINT('',#2904);
#2904 = CARTESIAN_POINT('',(-13.30268820861,-4.,-5.065526911725));
#2905 = SURFACE_CURVE('',#2906,(#2911,#2921),.PCURVE_S1.);
#2906 = ELLIPSE('',#2907,28.855502074994,20.);
#2907 = AXIS2_PLACEMENT_3D('',#2908,#2909,#2910);
#2908 = CARTESIAN_POINT('',(0.,-2.8,-20.));
#2909 = DIRECTION('',(-0.509705948296,-0.693108716252,-0.509705948296));
#2910 = DIRECTION('',(0.490101873361,-0.720833064902,0.490101873361));
#2911 = PCURVE('',#1217,#2912);
#2912 = DEFINITIONAL_REPRESENTATION('',(#2913),#2920);
#2913 = B_SPLINE_CURVE_WITH_KNOTS('',5,(#2914,#2915,#2916,#2917,#2918,
    #2919),.UNSPECIFIED.,.F.,.F.,(6,6),(1.513071938309,1.577046367486),
  .PIECEWISE_BEZIER_KNOTS.);
#2914 = CARTESIAN_POINT('',(2.298470101707,8.0000006));
#2915 = CARTESIAN_POINT('',(2.311264987542,7.734310244116));
#2916 = CARTESIAN_POINT('',(2.324059873377,7.468374324456));
#2917 = CARTESIAN_POINT('',(2.336854759213,7.202283457531));
#2918 = CARTESIAN_POINT('',(2.349649645048,6.9361284274));
#2919 = CARTESIAN_POINT('',(2.362444530883,6.67));
#2920 = ( GEOMETRIC_REPRESENTATION_CONTEXT(2) 
PARAMETRIC_REPRESENTATION_CONTEXT() REPRESENTATION_CONTEXT('2D SPACE',''
  ) );
#2921 = PCURVE('',#2922,#2927);
#2922 = PLANE('',#2923);
#2923 = AXIS2_PLACEMENT_3D('',#2924,#2925,#2926);
#2924 = CARTESIAN_POINT('',(0.883883476483,-4.1,-19.11611652351));
#2925 = DIRECTION('',(-0.509705948296,-0.693108716252,-0.509705948296));
#2926 = DIRECTION('',(-0.490101873361,0.720833064902,-0.490101873361));
#2927 = DEFINITIONAL_REPRESENTATION('',(#2928),#2932);
#2928 = ELLIPSE('',#2929,28.855502074994,20.);
#2929 = AXIS2_PLACEMENT_2D('',#2930,#2931);
#2930 = CARTESIAN_POINT('',(1.803468879687,0.));
#2931 = DIRECTION('',(-1.,0.));
#2932 = ( GEOMETRIC_REPRESENTATION_CONTEXT(2) 
PARAMETRIC_REPRESENTATION_CONTEXT() REPRESENTATION_CONTEXT('2D SPACE',''
  ) );
#2933 = ORIENTED_EDGE('',*,*,#2934,.F.);
#2934 = EDGE_CURVE('',#2935,#2903,#2937,.T.);
#2935 = VERTEX_POINT('',#2936);
#2936 = CARTESIAN_POINT('',(-10.98260419853,-4.,-3.285263836412));
#2937 = SURFACE_CURVE('',#2938,(#2943,#2950),.PCURVE_S1.);
#2938 = CIRCLE('',#2939,20.);
#2939 = AXIS2_PLACEMENT_3D('',#2940,#2941,#2942);
#2940 = CARTESIAN_POINT('',(0.,-4.,-20.));
#2941 = DIRECTION('',(0.,-1.,1.110223024625E-16));
#2942 = DIRECTION('',(1.,0.,0.));
#2943 = PCURVE('',#1217,#2944);
#2944 = DEFINITIONAL_REPRESENTATION('',(#2945),#2949);
#2945 = LINE('',#2946,#2947);
#2946 = CARTESIAN_POINT('',(0.,8.));
#2947 = VECTOR('',#2948,1.);
#2948 = DIRECTION('',(1.,0.));
#2949 = ( GEOMETRIC_REPRESENTATION_CONTEXT(2) 
PARAMETRIC_REPRESENTATION_CONTEXT() REPRESENTATION_CONTEXT('2D SPACE',''
  ) );
#2950 = PCURVE('',#2951,#2956);
#2951 = PLANE('',#2952);
#2952 = AXIS2_PLACEMENT_3D('',#2953,#2954,#2955);
#2953 = CARTESIAN_POINT('',(0.,-4.,-20.));
#2954 = DIRECTION('',(0.,-1.,1.110223024625E-16));
#2955 = DIRECTION('',(1.,0.,0.));
#2956 = DEFINITIONAL_REPRESENTATION('',(#2957),#2961);
#2957 = CIRCLE('',#2958,20.);
#2958 = AXIS2_PLACEMENT_2D('',#2959,#2960);
#2959 = CARTESIAN_POINT('',(0.,0.));
#2960 = DIRECTION('',(1.,0.));
#2961 = ( GEOMETRIC_REPRESENTATION_CONTEXT(2) 
PARAMETRIC_REPRESENTATION_CONTEXT() REPRESENTATION_CONTEXT('2D SPACE',''
  ) );
#2962 = ORIENTED_EDGE('',*,*,#2963,.F.);
#2963 = EDGE_CURVE('',#2964,#2935,#2966,.T.);
#2964 = VERTEX_POINT('',#2965);
#2965 = CARTESIAN_POINT('',(-10.,-2.8,-2.679491924311));
#2966 = SURFACE_CURVE('',#2967,(#2972,#2982),.PCURVE_S1.);
#2967 = ELLIPSE('',#2968,28.855502074994,20.);
#2968 = AXIS2_PLACEMENT_3D('',#2969,#2970,#2971);
#2969 = CARTESIAN_POINT('',(0.,-2.8,-20.));
#2970 = DIRECTION('',(0.624259746093,-0.693108716252,0.360416532451));
#2971 = DIRECTION('',(-0.600249755858,-0.720833064902,-0.346554358126));
#2972 = PCURVE('',#1217,#2973);
#2973 = DEFINITIONAL_REPRESENTATION('',(#2974),#2981);
#2974 = B_SPLINE_CURVE_WITH_KNOTS('',5,(#2975,#2976,#2977,#2978,#2979,
    #2980),.UNSPECIFIED.,.F.,.F.,(6,6),(4.706138939694,4.77011336887),
  .PIECEWISE_BEZIER_KNOTS.);
#2975 = CARTESIAN_POINT('',(2.088145061702,6.67));
#2976 = CARTESIAN_POINT('',(2.100939947538,6.9361284274));
#2977 = CARTESIAN_POINT('',(2.113734833373,7.202283457531));
#2978 = CARTESIAN_POINT('',(2.126529719208,7.468374324456));
#2979 = CARTESIAN_POINT('',(2.139324605043,7.734310244116));
#2980 = CARTESIAN_POINT('',(2.152119490879,8.0000006));
#2981 = ( GEOMETRIC_REPRESENTATION_CONTEXT(2) 
PARAMETRIC_REPRESENTATION_CONTEXT() REPRESENTATION_CONTEXT('2D SPACE',''
  ) );
#2982 = PCURVE('',#2983,#2988);
#2983 = PLANE('',#2984);
#2984 = AXIS2_PLACEMENT_3D('',#2985,#2986,#2987);
#2985 = CARTESIAN_POINT('',(0.,-2.8,-20.));
#2986 = DIRECTION('',(0.624259746093,-0.693108716252,0.360416532451));
#2987 = DIRECTION('',(-0.600249755858,-0.720833064902,-0.346554358126));
#2988 = DEFINITIONAL_REPRESENTATION('',(#2989),#2993);
#2989 = ELLIPSE('',#2990,28.855502074994,20.);
#2990 = AXIS2_PLACEMENT_2D('',#2991,#2992);
#2991 = CARTESIAN_POINT('',(0.,0.));
#2992 = DIRECTION('',(1.,0.));
#2993 = ( GEOMETRIC_REPRESENTATION_CONTEXT(2) 
PARAMETRIC_REPRESENTATION_CONTEXT() REPRESENTATION_CONTEXT('2D SPACE',''
  ) );
#2994 = ORIENTED_EDGE('',*,*,#2995,.F.);
#2995 = EDGE_CURVE('',#2996,#2964,#2998,.T.);
#2996 = VERTEX_POINT('',#2997);
#2997 = CARTESIAN_POINT('',(-8.984084035954,-4.,-2.131417682566));
#2998 = SURFACE_CURVE('',#2999,(#3004,#3014),.PCURVE_S1.);
#2999 = ELLIPSE('',#3000,28.855502074994,20.);
#3000 = AXIS2_PLACEMENT_3D('',#3001,#3002,#3003);
#3001 = CARTESIAN_POINT('',(0.,-2.8,-20.));
#3002 = DIRECTION('',(-0.624259746093,-0.693108716252,-0.360416532451));
#3003 = DIRECTION('',(0.600249755858,-0.720833064902,0.346554358126));
#3004 = PCURVE('',#1217,#3005);
#3005 = DEFINITIONAL_REPRESENTATION('',(#3006),#3013);
#3006 = B_SPLINE_CURVE_WITH_KNOTS('',5,(#3007,#3008,#3009,#3010,#3011,
    #3012),.UNSPECIFIED.,.F.,.F.,(6,6),(1.513071938309,1.577046367486),
  .PIECEWISE_BEZIER_KNOTS.);
#3007 = CARTESIAN_POINT('',(2.036670713908,8.0000006));
#3008 = CARTESIAN_POINT('',(2.049465599743,7.734310244116));
#3009 = CARTESIAN_POINT('',(2.062260485578,7.468374324456));
#3010 = CARTESIAN_POINT('',(2.075055371414,7.202283457531));
#3011 = CARTESIAN_POINT('',(2.087850257249,6.9361284274));
#3012 = CARTESIAN_POINT('',(2.100645143084,6.67));
#3013 = ( GEOMETRIC_REPRESENTATION_CONTEXT(2) 
PARAMETRIC_REPRESENTATION_CONTEXT() REPRESENTATION_CONTEXT('2D SPACE',''
  ) );
#3014 = PCURVE('',#3015,#3020);
#3015 = PLANE('',#3016);
#3016 = AXIS2_PLACEMENT_3D('',#3017,#3018,#3019);
#3017 = CARTESIAN_POINT('',(1.082531754731,-4.1,-19.375));
#3018 = DIRECTION('',(-0.624259746093,-0.693108716252,-0.360416532451));
#3019 = DIRECTION('',(-0.600249755858,0.720833064902,-0.346554358126));
#3020 = DEFINITIONAL_REPRESENTATION('',(#3021),#3025);
#3021 = ELLIPSE('',#3022,28.855502074994,20.);
#3022 = AXIS2_PLACEMENT_2D('',#3023,#3024);
#3023 = CARTESIAN_POINT('',(1.803468879687,2.22044604925E-16));
#3024 = DIRECTION('',(-1.,0.));
#3025 = ( GEOMETRIC_REPRESENTATION_CONTEXT(2) 
PARAMETRIC_REPRESENTATION_CONTEXT() REPRESENTATION_CONTEXT('2D SPACE',''
  ) );
#3026 = ORIENTED_EDGE('',*,*,#3027,.F.);
#3027 = EDGE_CURVE('',#3028,#2996,#3030,.T.);
#3028 = VERTEX_POINT('',#3029);
#3029 = CARTESIAN_POINT('',(-6.282288982274,-4.,-1.012297528579));
#3030 = SURFACE_CURVE('',#3031,(#3036,#3043),.PCURVE_S1.);
#3031 = CIRCLE('',#3032,20.);
#3032 = AXIS2_PLACEMENT_3D('',#3033,#3034,#3035);
#3033 = CARTESIAN_POINT('',(0.,-4.,-20.));
#3034 = DIRECTION('',(0.,-1.,1.110223024625E-16));
#3035 = DIRECTION('',(1.,0.,0.));
#3036 = PCURVE('',#1217,#3037);
#3037 = DEFINITIONAL_REPRESENTATION('',(#3038),#3042);
#3038 = LINE('',#3039,#3040);
#3039 = CARTESIAN_POINT('',(0.,8.));
#3040 = VECTOR('',#3041,1.);
#3041 = DIRECTION('',(1.,0.));
#3042 = ( GEOMETRIC_REPRESENTATION_CONTEXT(2) 
PARAMETRIC_REPRESENTATION_CONTEXT() REPRESENTATION_CONTEXT('2D SPACE',''
  ) );
#3043 = PCURVE('',#3044,#3049);
#3044 = PLANE('',#3045);
#3045 = AXIS2_PLACEMENT_3D('',#3046,#3047,#3048);
#3046 = CARTESIAN_POINT('',(0.,-4.,-20.));
#3047 = DIRECTION('',(0.,-1.,1.110223024625E-16));
#3048 = DIRECTION('',(1.,0.,0.));
#3049 = DEFINITIONAL_REPRESENTATION('',(#3050),#3054);
#3050 = CIRCLE('',#3051,20.);
#3051 = AXIS2_PLACEMENT_2D('',#3052,#3053);
#3052 = CARTESIAN_POINT('',(0.,0.));
#3053 = DIRECTION('',(1.,0.));
#3054 = ( GEOMETRIC_REPRESENTATION_CONTEXT(2) 
PARAMETRIC_REPRESENTATION_CONTEXT() REPRESENTATION_CONTEXT('2D SPACE',''
  ) );
#3055 = ORIENTED_EDGE('',*,*,#3056,.F.);
#3056 = EDGE_CURVE('',#3057,#3028,#3059,.T.);
#3057 = VERTEX_POINT('',#3058);
#3058 = CARTESIAN_POINT('',(-5.17638090205,-2.8,-0.681483474219));
#3059 = SURFACE_CURVE('',#3060,(#3065,#3075),.PCURVE_S1.);
#3060 = ELLIPSE('',#3061,28.855502074994,20.);
#3061 = AXIS2_PLACEMENT_3D('',#3062,#3063,#3064);
#3062 = CARTESIAN_POINT('',(0.,-2.8,-20.));
#3063 = DIRECTION('',(0.696271273832,-0.693108716252,0.186565325536));
#3064 = DIRECTION('',(-0.669491609454,-0.720833064902,-0.179389736093));
#3065 = PCURVE('',#1217,#3066);
#3066 = DEFINITIONAL_REPRESENTATION('',(#3067),#3074);
#3067 = B_SPLINE_CURVE_WITH_KNOTS('',5,(#3068,#3069,#3070,#3071,#3072,
    #3073),.UNSPECIFIED.,.F.,.F.,(6,6),(4.706138939694,4.77011336887),
  .PIECEWISE_BEZIER_KNOTS.);
#3068 = CARTESIAN_POINT('',(1.826345673903,6.67));
#3069 = CARTESIAN_POINT('',(1.839140559738,6.9361284274));
#3070 = CARTESIAN_POINT('',(1.851935445574,7.202283457531));
#3071 = CARTESIAN_POINT('',(1.864730331409,7.468374324456));
#3072 = CARTESIAN_POINT('',(1.877525217244,7.734310244116));
#3073 = CARTESIAN_POINT('',(1.89032010308,8.0000006));
#3074 = ( GEOMETRIC_REPRESENTATION_CONTEXT(2) 
PARAMETRIC_REPRESENTATION_CONTEXT() REPRESENTATION_CONTEXT('2D SPACE',''
  ) );
#3075 = PCURVE('',#3076,#3081);
#3076 = PLANE('',#3077);
#3077 = AXIS2_PLACEMENT_3D('',#3078,#3079,#3080);
#3078 = CARTESIAN_POINT('',(0.,-2.8,-20.));
#3079 = DIRECTION('',(0.696271273832,-0.693108716252,0.186565325536));
#3080 = DIRECTION('',(-0.669491609454,-0.720833064902,-0.179389736093));
#3081 = DEFINITIONAL_REPRESENTATION('',(#3082),#3086);
#3082 = ELLIPSE('',#3083,28.855502074994,20.);
#3083 = AXIS2_PLACEMENT_2D('',#3084,#3085);
#3084 = CARTESIAN_POINT('',(0.,0.));
#3085 = DIRECTION('',(1.,0.));
#3086 = ( GEOMETRIC_REPRESENTATION_CONTEXT(2) 
PARAMETRIC_REPRESENTATION_CONTEXT() REPRESENTATION_CONTEXT('2D SPACE',''
  ) );
#3087 = ORIENTED_EDGE('',*,*,#3088,.F.);
#3088 = EDGE_CURVE('',#3089,#3057,#3091,.T.);
#3089 = VERTEX_POINT('',#3090);
#3090 = CARTESIAN_POINT('',(-4.053229383146,-4.,-0.415022809112));
#3091 = SURFACE_CURVE('',#3092,(#3097,#3107),.PCURVE_S1.);
#3092 = ELLIPSE('',#3093,28.855502074994,20.);
#3093 = AXIS2_PLACEMENT_3D('',#3094,#3095,#3096);
#3094 = CARTESIAN_POINT('',(0.,-2.8,-20.));
#3095 = DIRECTION('',(-0.696271273832,-0.693108716252,-0.186565325536));
#3096 = DIRECTION('',(0.669491609454,-0.720833064902,0.179389736093));
#3097 = PCURVE('',#1217,#3098);
#3098 = DEFINITIONAL_REPRESENTATION('',(#3099),#3106);
#3099 = B_SPLINE_CURVE_WITH_KNOTS('',5,(#3100,#3101,#3102,#3103,#3104,
    #3105),.UNSPECIFIED.,.F.,.F.,(6,6),(1.513071938309,1.577046367486),
  .PIECEWISE_BEZIER_KNOTS.);
#3100 = CARTESIAN_POINT('',(1.774871326109,8.0000006));
#3101 = CARTESIAN_POINT('',(1.787666211944,7.734310244116));
#3102 = CARTESIAN_POINT('',(1.800461097779,7.468374324456));
#3103 = CARTESIAN_POINT('',(1.813255983614,7.202283457531));
#3104 = CARTESIAN_POINT('',(1.82605086945,6.9361284274));
#3105 = CARTESIAN_POINT('',(1.838845755285,6.67));
#3106 = ( GEOMETRIC_REPRESENTATION_CONTEXT(2) 
PARAMETRIC_REPRESENTATION_CONTEXT() REPRESENTATION_CONTEXT('2D SPACE',''
  ) );
#3107 = PCURVE('',#3108,#3113);
#3108 = PLANE('',#3109);
#3109 = AXIS2_PLACEMENT_3D('',#3110,#3111,#3112);
#3110 = CARTESIAN_POINT('',(1.207407282861,-4.1,-19.67647619362));
#3111 = DIRECTION('',(-0.696271273832,-0.693108716252,-0.186565325536));
#3112 = DIRECTION('',(-0.669491609454,0.720833064902,-0.179389736093));
#3113 = DEFINITIONAL_REPRESENTATION('',(#3114),#3118);
#3114 = ELLIPSE('',#3115,28.855502074994,20.);
#3115 = AXIS2_PLACEMENT_2D('',#3116,#3117);
#3116 = CARTESIAN_POINT('',(1.803468879687,4.440892098501E-16));
#3117 = DIRECTION('',(-1.,2.775557561563E-17));
#3118 = ( GEOMETRIC_REPRESENTATION_CONTEXT(2) 
PARAMETRIC_REPRESENTATION_CONTEXT() REPRESENTATION_CONTEXT('2D SPACE',''
  ) );
#3119 = ORIENTED_EDGE('',*,*,#3120,.F.);
#3120 = EDGE_CURVE('',#3121,#3089,#3123,.T.);
#3121 = VERTEX_POINT('',#3122);
#3122 = CARTESIAN_POINT('',(-1.153846153846,-4.,-3.331176551168E-02));
#3123 = SURFACE_CURVE('',#3124,(#3129,#3136),.PCURVE_S1.);
#3124 = CIRCLE('',#3125,20.);
#3125 = AXIS2_PLACEMENT_3D('',#3126,#3127,#3128);
#3126 = CARTESIAN_POINT('',(0.,-4.,-20.));
#3127 = DIRECTION('',(0.,-1.,1.110223024625E-16));
#3128 = DIRECTION('',(1.,0.,0.));
#3129 = PCURVE('',#1217,#3130);
#3130 = DEFINITIONAL_REPRESENTATION('',(#3131),#3135);
#3131 = LINE('',#3132,#3133);
#3132 = CARTESIAN_POINT('',(0.,8.));
#3133 = VECTOR('',#3134,1.);
#3134 = DIRECTION('',(1.,0.));
#3135 = ( GEOMETRIC_REPRESENTATION_CONTEXT(2) 
PARAMETRIC_REPRESENTATION_CONTEXT() REPRESENTATION_CONTEXT('2D SPACE',''
  ) );
#3136 = PCURVE('',#3137,#3142);
#3137 = PLANE('',#3138);
#3138 = AXIS2_PLACEMENT_3D('',#3139,#3140,#3141);
#3139 = CARTESIAN_POINT('',(0.,-4.,-20.));
#3140 = DIRECTION('',(0.,-1.,1.110223024625E-16));
#3141 = DIRECTION('',(1.,0.,0.));
#3142 = DEFINITIONAL_REPRESENTATION('',(#3143),#3147);
#3143 = CIRCLE('',#3144,20.);
#3144 = AXIS2_PLACEMENT_2D('',#3145,#3146);
#3145 = CARTESIAN_POINT('',(0.,0.));
#3146 = DIRECTION('',(1.,0.));
#3147 = ( GEOMETRIC_REPRESENTATION_CONTEXT(2) 
PARAMETRIC_REPRESENTATION_CONTEXT() REPRESENTATION_CONTEXT('2D SPACE',''
  ) );
#3148 = ORIENTED_EDGE('',*,*,#3149,.F.);
#3149 = EDGE_CURVE('',#3150,#3121,#3152,.T.);
#3150 = VERTEX_POINT('',#3151);
#3151 = CARTESIAN_POINT('',(2.22044604925E-15,-2.8,0.));
#3152 = SURFACE_CURVE('',#3153,(#3158,#3168),.PCURVE_S1.);
#3153 = ELLIPSE('',#3154,28.855502074994,20.);
#3154 = AXIS2_PLACEMENT_3D('',#3155,#3156,#3157);
#3155 = CARTESIAN_POINT('',(0.,-2.8,-20.));
#3156 = DIRECTION('',(0.720833064902,-0.693108716252,-3.078021021404E-18
    ));
#3157 = DIRECTION('',(-0.693108716252,-0.720833064902,1.569790720916E-16
    ));
#3158 = PCURVE('',#1217,#3159);
#3159 = DEFINITIONAL_REPRESENTATION('',(#3160),#3167);
#3160 = B_SPLINE_CURVE_WITH_KNOTS('',5,(#3161,#3162,#3163,#3164,#3165,
    #3166),.UNSPECIFIED.,.F.,.F.,(6,6),(4.706138939694,4.77011336887),
  .PIECEWISE_BEZIER_KNOTS.);
#3161 = CARTESIAN_POINT('',(1.564546286104,6.67));
#3162 = CARTESIAN_POINT('',(1.577341171939,6.9361284274));
#3163 = CARTESIAN_POINT('',(1.590136057775,7.202283457531));
#3164 = CARTESIAN_POINT('',(1.60293094361,7.468374324456));
#3165 = CARTESIAN_POINT('',(1.615725829445,7.734310244116));
#3166 = CARTESIAN_POINT('',(1.62852071528,8.0000006));
#3167 = ( GEOMETRIC_REPRESENTATION_CONTEXT(2) 
PARAMETRIC_REPRESENTATION_CONTEXT() REPRESENTATION_CONTEXT('2D SPACE',''
  ) );
#3168 = PCURVE('',#3169,#3174);
#3169 = PLANE('',#3170);
#3170 = AXIS2_PLACEMENT_3D('',#3171,#3172,#3173);
#3171 = CARTESIAN_POINT('',(0.,-2.8,-20.));
#3172 = DIRECTION('',(0.720833064902,-0.693108716252,-3.078021021404E-18
    ));
#3173 = DIRECTION('',(-0.693108716252,-0.720833064902,1.569790720916E-16
    ));
#3174 = DEFINITIONAL_REPRESENTATION('',(#3175),#3179);
#3175 = ELLIPSE('',#3176,28.855502074994,20.);
#3176 = AXIS2_PLACEMENT_2D('',#3177,#3178);
#3177 = CARTESIAN_POINT('',(0.,0.));
#3178 = DIRECTION('',(1.,0.));
#3179 = ( GEOMETRIC_REPRESENTATION_CONTEXT(2) 
PARAMETRIC_REPRESENTATION_CONTEXT() REPRESENTATION_CONTEXT('2D SPACE',''
  ) );
#3180 = ORIENTED_EDGE('',*,*,#3181,.F.);
#3181 = EDGE_CURVE('',#874,#3150,#3182,.T.);
#3182 = SURFACE_CURVE('',#3183,(#3187,#3193),.PCURVE_S1.);
#3183 = LINE('',#3184,#3185);
#3184 = CARTESIAN_POINT('',(0.,4.,0.));
#3185 = VECTOR('',#3186,1.);
#3186 = DIRECTION('',(0.,-1.,1.110223024625E-16));
#3187 = PCURVE('',#1217,#3188);
#3188 = DEFINITIONAL_REPRESENTATION('',(#3189),#3192);
#3189 = B_SPLINE_CURVE_WITH_KNOTS('',1,(#3190,#3191),.UNSPECIFIED.,.F.,
  .F.,(2,2),(-6.000000025708E-07,8.0000006),.PIECEWISE_BEZIER_KNOTS.);
#3190 = CARTESIAN_POINT('',(1.570796326795,-6.000000003503E-07));
#3191 = CARTESIAN_POINT('',(1.570796326795,8.0000006));
#3192 = ( GEOMETRIC_REPRESENTATION_CONTEXT(2) 
PARAMETRIC_REPRESENTATION_CONTEXT() REPRESENTATION_CONTEXT('2D SPACE',''
  ) );
#3193 = PCURVE('',#1298,#3194);
#3194 = DEFINITIONAL_REPRESENTATION('',(#3195),#3198);
#3195 = B_SPLINE_CURVE_WITH_KNOTS('',1,(#3196,#3197),.UNSPECIFIED.,.F.,
  .F.,(2,2),(-6.000000025708E-07,8.0000006),.PIECEWISE_BEZIER_KNOTS.);
#3196 = CARTESIAN_POINT('',(1.570796326795,-6.000000003503E-07));
#3197 = CARTESIAN_POINT('',(1.570796326795,8.0000006));
#3198 = ( GEOMETRIC_REPRESENTATION_CONTEXT(2) 
PARAMETRIC_REPRESENTATION_CONTEXT() REPRESENTATION_CONTEXT('2D SPACE',''
  ) );
#3199 = ORIENTED_EDGE('',*,*,#1454,.T.);
#3200 = ORIENTED_EDGE('',*,*,#1202,.F.);
#3201 = ORIENTED_EDGE('',*,*,#1310,.T.);
#3202 = ADVANCED_FACE('',(#3203),#1298,.T.);
#3203 = FACE_BOUND('',#3204,.T.);
#3204 = EDGE_LOOP('',(#3205,#3236,#3266,#3267,#3268,#3269,#3270,#3271,
    #3303,#3332,#3364,#3396,#3425,#3457,#3489,#3518,#3550,#3582,#3611,
    #3643,#3675,#3704,#3736));
#3205 = ORIENTED_EDGE('',*,*,#3206,.F.);
#3206 = EDGE_CURVE('',#3207,#3209,#3211,.T.);
#3207 = VERTEX_POINT('',#3208);
#3208 = CARTESIAN_POINT('',(19.966688234488,-4.,-18.84615384615));
#3209 = VERTEX_POINT('',#3210);
#3210 = CARTESIAN_POINT('',(19.584977190888,-4.,-15.94677061685));
#3211 = SURFACE_CURVE('',#3212,(#3217,#3224),.PCURVE_S1.);
#3212 = CIRCLE('',#3213,20.);
#3213 = AXIS2_PLACEMENT_3D('',#3214,#3215,#3216);
#3214 = CARTESIAN_POINT('',(0.,-4.,-20.));
#3215 = DIRECTION('',(0.,-1.,1.110223024625E-16));
#3216 = DIRECTION('',(1.,0.,0.));
#3217 = PCURVE('',#1298,#3218);
#3218 = DEFINITIONAL_REPRESENTATION('',(#3219),#3223);
#3219 = LINE('',#3220,#3221);
#3220 = CARTESIAN_POINT('',(0.,8.));
#3221 = VECTOR('',#3222,1.);
#3222 = DIRECTION('',(1.,0.));
#3223 = ( GEOMETRIC_REPRESENTATION_CONTEXT(2) 
PARAMETRIC_REPRESENTATION_CONTEXT() REPRESENTATION_CONTEXT('2D SPACE',''
  ) );
#3224 = PCURVE('',#3225,#3230);
#3225 = PLANE('',#3226);
#3226 = AXIS2_PLACEMENT_3D('',#3227,#3228,#3229);
#3227 = CARTESIAN_POINT('',(0.,-4.,-20.));
#3228 = DIRECTION('',(0.,-1.,1.110223024625E-16));
#3229 = DIRECTION('',(1.,0.,0.));
#3230 = DEFINITIONAL_REPRESENTATION('',(#3231),#3235);
#3231 = CIRCLE('',#3232,20.);
#3232 = AXIS2_PLACEMENT_2D('',#3233,#3234);
#3233 = CARTESIAN_POINT('',(0.,0.));
#3234 = DIRECTION('',(1.,0.));
#3235 = ( GEOMETRIC_REPRESENTATION_CONTEXT(2) 
PARAMETRIC_REPRESENTATION_CONTEXT() REPRESENTATION_CONTEXT('2D SPACE',''
  ) );
#3236 = ORIENTED_EDGE('',*,*,#3237,.F.);
#3237 = EDGE_CURVE('',#1485,#3207,#3238,.T.);
#3238 = SURFACE_CURVE('',#3239,(#3244,#3254),.PCURVE_S1.);
#3239 = ELLIPSE('',#3240,28.855502074994,20.);
#3240 = AXIS2_PLACEMENT_3D('',#3241,#3242,#3243);
#3241 = CARTESIAN_POINT('',(0.,-2.8,-20.));
#3242 = DIRECTION('',(-0.,-0.693108716252,-0.720833064902));
#3243 = DIRECTION('',(0.,-0.720833064902,0.693108716252));
#3244 = PCURVE('',#1298,#3245);
#3245 = DEFINITIONAL_REPRESENTATION('',(#3246),#3253);
#3246 = B_SPLINE_CURVE_WITH_KNOTS('',5,(#3247,#3248,#3249,#3250,#3251,
    #3252),.UNSPECIFIED.,.F.,.F.,(6,6),(4.712388980385,4.77011336887),
  .PIECEWISE_BEZIER_KNOTS.);
#3247 = CARTESIAN_POINT('',(0.,6.8));
#3248 = CARTESIAN_POINT('',(1.154487769709E-02,7.0401334561));
#3249 = CARTESIAN_POINT('',(2.308975539419E-02,7.2802669122));
#3250 = CARTESIAN_POINT('',(3.463463309128E-02,7.520333689139));
#3251 = CARTESIAN_POINT('',(4.617951078838E-02,7.76026710777));
#3252 = CARTESIAN_POINT('',(5.772438848547E-02,8.0000006));
#3253 = ( GEOMETRIC_REPRESENTATION_CONTEXT(2) 
PARAMETRIC_REPRESENTATION_CONTEXT() REPRESENTATION_CONTEXT('2D SPACE',''
  ) );
#3254 = PCURVE('',#3255,#3260);
#3255 = PLANE('',#3256);
#3256 = AXIS2_PLACEMENT_3D('',#3257,#3258,#3259);
#3257 = CARTESIAN_POINT('',(0.,-2.8,-20.));
#3258 = DIRECTION('',(0.,-0.693108716252,-0.720833064902));
#3259 = DIRECTION('',(0.,-0.720833064902,0.693108716252));
#3260 = DEFINITIONAL_REPRESENTATION('',(#3261),#3265);
#3261 = ELLIPSE('',#3262,28.855502074994,20.);
#3262 = AXIS2_PLACEMENT_2D('',#3263,#3264);
#3263 = CARTESIAN_POINT('',(0.,0.));
#3264 = DIRECTION('',(1.,0.));
#3265 = ( GEOMETRIC_REPRESENTATION_CONTEXT(2) 
PARAMETRIC_REPRESENTATION_CONTEXT() REPRESENTATION_CONTEXT('2D SPACE',''
  ) );
#3266 = ORIENTED_EDGE('',*,*,#1484,.F.);
#3267 = ORIENTED_EDGE('',*,*,#1277,.T.);
#3268 = ORIENTED_EDGE('',*,*,#1398,.T.);
#3269 = ORIENTED_EDGE('',*,*,#1423,.T.);
#3270 = ORIENTED_EDGE('',*,*,#3181,.T.);
#3271 = ORIENTED_EDGE('',*,*,#3272,.F.);
#3272 = EDGE_CURVE('',#3273,#3150,#3275,.T.);
#3273 = VERTEX_POINT('',#3274);
#3274 = CARTESIAN_POINT('',(1.153846153846,-4.,-3.331176551168E-02));
#3275 = SURFACE_CURVE('',#3276,(#3281,#3291),.PCURVE_S1.);
#3276 = ELLIPSE('',#3277,28.855502074994,20.);
#3277 = AXIS2_PLACEMENT_3D('',#3278,#3279,#3280);
#3278 = CARTESIAN_POINT('',(0.,-2.8,-20.));
#3279 = DIRECTION('',(-0.720833064902,-0.693108716252,1.569790720916E-16
    ));
#3280 = DIRECTION('',(0.693108716252,-0.720833064902,3.078021021404E-18)
  );
#3281 = PCURVE('',#1298,#3282);
#3282 = DEFINITIONAL_REPRESENTATION('',(#3283),#3290);
#3283 = B_SPLINE_CURVE_WITH_KNOTS('',5,(#3284,#3285,#3286,#3287,#3288,
    #3289),.UNSPECIFIED.,.F.,.F.,(6,6),(1.513071938309,1.577046367486),
  .PIECEWISE_BEZIER_KNOTS.);
#3284 = CARTESIAN_POINT('',(1.513071938309,8.0000006));
#3285 = CARTESIAN_POINT('',(1.525866824145,7.734310244116));
#3286 = CARTESIAN_POINT('',(1.53866170998,7.468374324456));
#3287 = CARTESIAN_POINT('',(1.551456595815,7.202283457531));
#3288 = CARTESIAN_POINT('',(1.56425148165,6.9361284274));
#3289 = CARTESIAN_POINT('',(1.577046367486,6.67));
#3290 = ( GEOMETRIC_REPRESENTATION_CONTEXT(2) 
PARAMETRIC_REPRESENTATION_CONTEXT() REPRESENTATION_CONTEXT('2D SPACE',''
  ) );
#3291 = PCURVE('',#3292,#3297);
#3292 = PLANE('',#3293);
#3293 = AXIS2_PLACEMENT_3D('',#3294,#3295,#3296);
#3294 = CARTESIAN_POINT('',(1.25,-4.1,-20.));
#3295 = DIRECTION('',(-0.720833064902,-0.693108716252,1.569790720916E-16
    ));
#3296 = DIRECTION('',(-0.693108716252,0.720833064902,-3.078021021404E-18
    ));
#3297 = DEFINITIONAL_REPRESENTATION('',(#3298),#3302);
#3298 = ELLIPSE('',#3299,28.855502074994,20.);
#3299 = AXIS2_PLACEMENT_2D('',#3300,#3301);
#3300 = CARTESIAN_POINT('',(1.803468879687,-5.551115123126E-18));
#3301 = DIRECTION('',(-1.,0.));
#3302 = ( GEOMETRIC_REPRESENTATION_CONTEXT(2) 
PARAMETRIC_REPRESENTATION_CONTEXT() REPRESENTATION_CONTEXT('2D SPACE',''
  ) );
#3303 = ORIENTED_EDGE('',*,*,#3304,.F.);
#3304 = EDGE_CURVE('',#3305,#3273,#3307,.T.);
#3305 = VERTEX_POINT('',#3306);
#3306 = CARTESIAN_POINT('',(4.053229383146,-4.,-0.415022809112));
#3307 = SURFACE_CURVE('',#3308,(#3313,#3320),.PCURVE_S1.);
#3308 = CIRCLE('',#3309,20.);
#3309 = AXIS2_PLACEMENT_3D('',#3310,#3311,#3312);
#3310 = CARTESIAN_POINT('',(0.,-4.,-20.));
#3311 = DIRECTION('',(0.,-1.,1.110223024625E-16));
#3312 = DIRECTION('',(1.,0.,0.));
#3313 = PCURVE('',#1298,#3314);
#3314 = DEFINITIONAL_REPRESENTATION('',(#3315),#3319);
#3315 = LINE('',#3316,#3317);
#3316 = CARTESIAN_POINT('',(0.,8.));
#3317 = VECTOR('',#3318,1.);
#3318 = DIRECTION('',(1.,0.));
#3319 = ( GEOMETRIC_REPRESENTATION_CONTEXT(2) 
PARAMETRIC_REPRESENTATION_CONTEXT() REPRESENTATION_CONTEXT('2D SPACE',''
  ) );
#3320 = PCURVE('',#3321,#3326);
#3321 = PLANE('',#3322);
#3322 = AXIS2_PLACEMENT_3D('',#3323,#3324,#3325);
#3323 = CARTESIAN_POINT('',(0.,-4.,-20.));
#3324 = DIRECTION('',(0.,-1.,1.110223024625E-16));
#3325 = DIRECTION('',(1.,0.,0.));
#3326 = DEFINITIONAL_REPRESENTATION('',(#3327),#3331);
#3327 = CIRCLE('',#3328,20.);
#3328 = AXIS2_PLACEMENT_2D('',#3329,#3330);
#3329 = CARTESIAN_POINT('',(0.,0.));
#3330 = DIRECTION('',(1.,0.));
#3331 = ( GEOMETRIC_REPRESENTATION_CONTEXT(2) 
PARAMETRIC_REPRESENTATION_CONTEXT() REPRESENTATION_CONTEXT('2D SPACE',''
  ) );
#3332 = ORIENTED_EDGE('',*,*,#3333,.F.);
#3333 = EDGE_CURVE('',#3334,#3305,#3336,.T.);
#3334 = VERTEX_POINT('',#3335);
#3335 = CARTESIAN_POINT('',(5.17638090205,-2.8,-0.681483474219));
#3336 = SURFACE_CURVE('',#3337,(#3342,#3352),.PCURVE_S1.);
#3337 = ELLIPSE('',#3338,28.855502074994,20.);
#3338 = AXIS2_PLACEMENT_3D('',#3339,#3340,#3341);
#3339 = CARTESIAN_POINT('',(0.,-2.8,-20.));
#3340 = DIRECTION('',(0.696271273832,-0.693108716252,-0.186565325536));
#3341 = DIRECTION('',(-0.669491609454,-0.720833064902,0.179389736093));
#3342 = PCURVE('',#1298,#3343);
#3343 = DEFINITIONAL_REPRESENTATION('',(#3344),#3351);
#3344 = B_SPLINE_CURVE_WITH_KNOTS('',5,(#3345,#3346,#3347,#3348,#3349,
    #3350),.UNSPECIFIED.,.F.,.F.,(6,6),(4.706138939694,4.77011336887),
  .PIECEWISE_BEZIER_KNOTS.);
#3345 = CARTESIAN_POINT('',(1.302746898305,6.67));
#3346 = CARTESIAN_POINT('',(1.31554178414,6.9361284274));
#3347 = CARTESIAN_POINT('',(1.328336669975,7.202283457531));
#3348 = CARTESIAN_POINT('',(1.341131555811,7.468374324456));
#3349 = CARTESIAN_POINT('',(1.353926441646,7.734310244116));
#3350 = CARTESIAN_POINT('',(1.366721327481,8.0000006));
#3351 = ( GEOMETRIC_REPRESENTATION_CONTEXT(2) 
PARAMETRIC_REPRESENTATION_CONTEXT() REPRESENTATION_CONTEXT('2D SPACE',''
  ) );
#3352 = PCURVE('',#3353,#3358);
#3353 = PLANE('',#3354);
#3354 = AXIS2_PLACEMENT_3D('',#3355,#3356,#3357);
#3355 = CARTESIAN_POINT('',(0.,-2.8,-20.));
#3356 = DIRECTION('',(0.696271273832,-0.693108716252,-0.186565325536));
#3357 = DIRECTION('',(-0.669491609454,-0.720833064902,0.179389736093));
#3358 = DEFINITIONAL_REPRESENTATION('',(#3359),#3363);
#3359 = ELLIPSE('',#3360,28.855502074994,20.);
#3360 = AXIS2_PLACEMENT_2D('',#3361,#3362);
#3361 = CARTESIAN_POINT('',(0.,0.));
#3362 = DIRECTION('',(1.,2.775557561563E-17));
#3363 = ( GEOMETRIC_REPRESENTATION_CONTEXT(2) 
PARAMETRIC_REPRESENTATION_CONTEXT() REPRESENTATION_CONTEXT('2D SPACE',''
  ) );
#3364 = ORIENTED_EDGE('',*,*,#3365,.F.);
#3365 = EDGE_CURVE('',#3366,#3334,#3368,.T.);
#3366 = VERTEX_POINT('',#3367);
#3367 = CARTESIAN_POINT('',(6.282288982274,-4.,-1.012297528579));
#3368 = SURFACE_CURVE('',#3369,(#3374,#3384),.PCURVE_S1.);
#3369 = ELLIPSE('',#3370,28.855502074994,20.);
#3370 = AXIS2_PLACEMENT_3D('',#3371,#3372,#3373);
#3371 = CARTESIAN_POINT('',(0.,-2.8,-20.));
#3372 = DIRECTION('',(-0.696271273832,-0.693108716252,0.186565325536));
#3373 = DIRECTION('',(0.669491609454,-0.720833064902,-0.179389736093));
#3374 = PCURVE('',#1298,#3375);
#3375 = DEFINITIONAL_REPRESENTATION('',(#3376),#3383);
#3376 = B_SPLINE_CURVE_WITH_KNOTS('',5,(#3377,#3378,#3379,#3380,#3381,
    #3382),.UNSPECIFIED.,.F.,.F.,(6,6),(1.513071938309,1.577046367486),
  .PIECEWISE_BEZIER_KNOTS.);
#3377 = CARTESIAN_POINT('',(1.25127255051,8.0000006));
#3378 = CARTESIAN_POINT('',(1.264067436346,7.734310244116));
#3379 = CARTESIAN_POINT('',(1.276862322181,7.468374324456));
#3380 = CARTESIAN_POINT('',(1.289657208016,7.202283457531));
#3381 = CARTESIAN_POINT('',(1.302452093851,6.9361284274));
#3382 = CARTESIAN_POINT('',(1.315246979687,6.67));
#3383 = ( GEOMETRIC_REPRESENTATION_CONTEXT(2) 
PARAMETRIC_REPRESENTATION_CONTEXT() REPRESENTATION_CONTEXT('2D SPACE',''
  ) );
#3384 = PCURVE('',#3385,#3390);
#3385 = PLANE('',#3386);
#3386 = AXIS2_PLACEMENT_3D('',#3387,#3388,#3389);
#3387 = CARTESIAN_POINT('',(1.207407282861,-4.1,-20.32352380637));
#3388 = DIRECTION('',(-0.696271273832,-0.693108716252,0.186565325536));
#3389 = DIRECTION('',(-0.669491609454,0.720833064902,0.179389736093));
#3390 = DEFINITIONAL_REPRESENTATION('',(#3391),#3395);
#3391 = ELLIPSE('',#3392,28.855502074994,20.);
#3392 = AXIS2_PLACEMENT_2D('',#3393,#3394);
#3393 = CARTESIAN_POINT('',(1.803468879687,-8.881784197001E-16));
#3394 = DIRECTION('',(-1.,0.));
#3395 = ( GEOMETRIC_REPRESENTATION_CONTEXT(2) 
PARAMETRIC_REPRESENTATION_CONTEXT() REPRESENTATION_CONTEXT('2D SPACE',''
  ) );
#3396 = ORIENTED_EDGE('',*,*,#3397,.F.);
#3397 = EDGE_CURVE('',#3398,#3366,#3400,.T.);
#3398 = VERTEX_POINT('',#3399);
#3399 = CARTESIAN_POINT('',(8.984084035954,-4.,-2.131417682566));
#3400 = SURFACE_CURVE('',#3401,(#3406,#3413),.PCURVE_S1.);
#3401 = CIRCLE('',#3402,20.);
#3402 = AXIS2_PLACEMENT_3D('',#3403,#3404,#3405);
#3403 = CARTESIAN_POINT('',(0.,-4.,-20.));
#3404 = DIRECTION('',(0.,-1.,1.110223024625E-16));
#3405 = DIRECTION('',(1.,0.,0.));
#3406 = PCURVE('',#1298,#3407);
#3407 = DEFINITIONAL_REPRESENTATION('',(#3408),#3412);
#3408 = LINE('',#3409,#3410);
#3409 = CARTESIAN_POINT('',(0.,8.));
#3410 = VECTOR('',#3411,1.);
#3411 = DIRECTION('',(1.,0.));
#3412 = ( GEOMETRIC_REPRESENTATION_CONTEXT(2) 
PARAMETRIC_REPRESENTATION_CONTEXT() REPRESENTATION_CONTEXT('2D SPACE',''
  ) );
#3413 = PCURVE('',#3414,#3419);
#3414 = PLANE('',#3415);
#3415 = AXIS2_PLACEMENT_3D('',#3416,#3417,#3418);
#3416 = CARTESIAN_POINT('',(0.,-4.,-20.));
#3417 = DIRECTION('',(0.,-1.,1.110223024625E-16));
#3418 = DIRECTION('',(1.,0.,0.));
#3419 = DEFINITIONAL_REPRESENTATION('',(#3420),#3424);
#3420 = CIRCLE('',#3421,20.);
#3421 = AXIS2_PLACEMENT_2D('',#3422,#3423);
#3422 = CARTESIAN_POINT('',(0.,0.));
#3423 = DIRECTION('',(1.,0.));
#3424 = ( GEOMETRIC_REPRESENTATION_CONTEXT(2) 
PARAMETRIC_REPRESENTATION_CONTEXT() REPRESENTATION_CONTEXT('2D SPACE',''
  ) );
#3425 = ORIENTED_EDGE('',*,*,#3426,.F.);
#3426 = EDGE_CURVE('',#3427,#3398,#3429,.T.);
#3427 = VERTEX_POINT('',#3428);
#3428 = CARTESIAN_POINT('',(10.,-2.8,-2.679491924311));
#3429 = SURFACE_CURVE('',#3430,(#3435,#3445),.PCURVE_S1.);
#3430 = ELLIPSE('',#3431,28.855502074994,20.);
#3431 = AXIS2_PLACEMENT_3D('',#3432,#3433,#3434);
#3432 = CARTESIAN_POINT('',(0.,-2.8,-20.));
#3433 = DIRECTION('',(0.624259746093,-0.693108716252,-0.360416532451));
#3434 = DIRECTION('',(-0.600249755858,-0.720833064902,0.346554358126));
#3435 = PCURVE('',#1298,#3436);
#3436 = DEFINITIONAL_REPRESENTATION('',(#3437),#3444);
#3437 = B_SPLINE_CURVE_WITH_KNOTS('',5,(#3438,#3439,#3440,#3441,#3442,
    #3443),.UNSPECIFIED.,.F.,.F.,(6,6),(4.706138939694,4.77011336887),
  .PIECEWISE_BEZIER_KNOTS.);
#3438 = CARTESIAN_POINT('',(1.040947510506,6.67));
#3439 = CARTESIAN_POINT('',(1.053742396341,6.9361284274));
#3440 = CARTESIAN_POINT('',(1.066537282176,7.202283457531));
#3441 = CARTESIAN_POINT('',(1.079332168012,7.468374324456));
#3442 = CARTESIAN_POINT('',(1.092127053847,7.734310244116));
#3443 = CARTESIAN_POINT('',(1.104921939682,8.0000006));
#3444 = ( GEOMETRIC_REPRESENTATION_CONTEXT(2) 
PARAMETRIC_REPRESENTATION_CONTEXT() REPRESENTATION_CONTEXT('2D SPACE',''
  ) );
#3445 = PCURVE('',#3446,#3451);
#3446 = PLANE('',#3447);
#3447 = AXIS2_PLACEMENT_3D('',#3448,#3449,#3450);
#3448 = CARTESIAN_POINT('',(0.,-2.8,-20.));
#3449 = DIRECTION('',(0.624259746093,-0.693108716252,-0.360416532451));
#3450 = DIRECTION('',(-0.600249755858,-0.720833064902,0.346554358126));
#3451 = DEFINITIONAL_REPRESENTATION('',(#3452),#3456);
#3452 = ELLIPSE('',#3453,28.855502074994,20.);
#3453 = AXIS2_PLACEMENT_2D('',#3454,#3455);
#3454 = CARTESIAN_POINT('',(0.,0.));
#3455 = DIRECTION('',(1.,-5.551115123126E-17));
#3456 = ( GEOMETRIC_REPRESENTATION_CONTEXT(2) 
PARAMETRIC_REPRESENTATION_CONTEXT() REPRESENTATION_CONTEXT('2D SPACE',''
  ) );
#3457 = ORIENTED_EDGE('',*,*,#3458,.F.);
#3458 = EDGE_CURVE('',#3459,#3427,#3461,.T.);
#3459 = VERTEX_POINT('',#3460);
#3460 = CARTESIAN_POINT('',(10.982604198534,-4.,-3.285263836412));
#3461 = SURFACE_CURVE('',#3462,(#3467,#3477),.PCURVE_S1.);
#3462 = ELLIPSE('',#3463,28.855502074994,20.);
#3463 = AXIS2_PLACEMENT_3D('',#3464,#3465,#3466);
#3464 = CARTESIAN_POINT('',(0.,-2.8,-20.));
#3465 = DIRECTION('',(-0.624259746093,-0.693108716252,0.360416532451));
#3466 = DIRECTION('',(0.600249755858,-0.720833064902,-0.346554358126));
#3467 = PCURVE('',#1298,#3468);
#3468 = DEFINITIONAL_REPRESENTATION('',(#3469),#3476);
#3469 = B_SPLINE_CURVE_WITH_KNOTS('',5,(#3470,#3471,#3472,#3473,#3474,
    #3475),.UNSPECIFIED.,.F.,.F.,(6,6),(1.513071938309,1.577046367486),
  .PIECEWISE_BEZIER_KNOTS.);
#3470 = CARTESIAN_POINT('',(0.989473162711,8.0000006));
#3471 = CARTESIAN_POINT('',(1.002268048546,7.734310244116));
#3472 = CARTESIAN_POINT('',(1.015062934382,7.468374324456));
#3473 = CARTESIAN_POINT('',(1.027857820217,7.202283457531));
#3474 = CARTESIAN_POINT('',(1.040652706052,6.9361284274));
#3475 = CARTESIAN_POINT('',(1.053447591887,6.67));
#3476 = ( GEOMETRIC_REPRESENTATION_CONTEXT(2) 
PARAMETRIC_REPRESENTATION_CONTEXT() REPRESENTATION_CONTEXT('2D SPACE',''
  ) );
#3477 = PCURVE('',#3478,#3483);
#3478 = PLANE('',#3479);
#3479 = AXIS2_PLACEMENT_3D('',#3480,#3481,#3482);
#3480 = CARTESIAN_POINT('',(1.082531754731,-4.1,-20.625));
#3481 = DIRECTION('',(-0.624259746093,-0.693108716252,0.360416532451));
#3482 = DIRECTION('',(-0.600249755858,0.720833064902,0.346554358126));
#3483 = DEFINITIONAL_REPRESENTATION('',(#3484),#3488);
#3484 = ELLIPSE('',#3485,28.855502074994,20.);
#3485 = AXIS2_PLACEMENT_2D('',#3486,#3487);
#3486 = CARTESIAN_POINT('',(1.803468879687,1.110223024625E-16));
#3487 = DIRECTION('',(-1.,0.));
#3488 = ( GEOMETRIC_REPRESENTATION_CONTEXT(2) 
PARAMETRIC_REPRESENTATION_CONTEXT() REPRESENTATION_CONTEXT('2D SPACE',''
  ) );
#3489 = ORIENTED_EDGE('',*,*,#3490,.F.);
#3490 = EDGE_CURVE('',#3491,#3459,#3493,.T.);
#3491 = VERTEX_POINT('',#3492);
#3492 = CARTESIAN_POINT('',(13.302688208614,-4.,-5.065526911725));
#3493 = SURFACE_CURVE('',#3494,(#3499,#3506),.PCURVE_S1.);
#3494 = CIRCLE('',#3495,20.);
#3495 = AXIS2_PLACEMENT_3D('',#3496,#3497,#3498);
#3496 = CARTESIAN_POINT('',(0.,-4.,-20.));
#3497 = DIRECTION('',(0.,-1.,1.110223024625E-16));
#3498 = DIRECTION('',(1.,0.,0.));
#3499 = PCURVE('',#1298,#3500);
#3500 = DEFINITIONAL_REPRESENTATION('',(#3501),#3505);
#3501 = LINE('',#3502,#3503);
#3502 = CARTESIAN_POINT('',(0.,8.));
#3503 = VECTOR('',#3504,1.);
#3504 = DIRECTION('',(1.,0.));
#3505 = ( GEOMETRIC_REPRESENTATION_CONTEXT(2) 
PARAMETRIC_REPRESENTATION_CONTEXT() REPRESENTATION_CONTEXT('2D SPACE',''
  ) );
#3506 = PCURVE('',#3507,#3512);
#3507 = PLANE('',#3508);
#3508 = AXIS2_PLACEMENT_3D('',#3509,#3510,#3511);
#3509 = CARTESIAN_POINT('',(0.,-4.,-20.));
#3510 = DIRECTION('',(0.,-1.,1.110223024625E-16));
#3511 = DIRECTION('',(1.,0.,0.));
#3512 = DEFINITIONAL_REPRESENTATION('',(#3513),#3517);
#3513 = CIRCLE('',#3514,20.);
#3514 = AXIS2_PLACEMENT_2D('',#3515,#3516);
#3515 = CARTESIAN_POINT('',(0.,0.));
#3516 = DIRECTION('',(1.,0.));
#3517 = ( GEOMETRIC_REPRESENTATION_CONTEXT(2) 
PARAMETRIC_REPRESENTATION_CONTEXT() REPRESENTATION_CONTEXT('2D SPACE',''
  ) );
#3518 = ORIENTED_EDGE('',*,*,#3519,.F.);
#3519 = EDGE_CURVE('',#3520,#3491,#3522,.T.);
#3520 = VERTEX_POINT('',#3521);
#3521 = CARTESIAN_POINT('',(14.142135623731,-2.8,-5.857864376269));
#3522 = SURFACE_CURVE('',#3523,(#3528,#3538),.PCURVE_S1.);
#3523 = ELLIPSE('',#3524,28.855502074994,20.);
#3524 = AXIS2_PLACEMENT_3D('',#3525,#3526,#3527);
#3525 = CARTESIAN_POINT('',(0.,-2.8,-20.));
#3526 = DIRECTION('',(0.509705948296,-0.693108716252,-0.509705948296));
#3527 = DIRECTION('',(-0.490101873361,-0.720833064902,0.490101873361));
#3528 = PCURVE('',#1298,#3529);
#3529 = DEFINITIONAL_REPRESENTATION('',(#3530),#3537);
#3530 = B_SPLINE_CURVE_WITH_KNOTS('',5,(#3531,#3532,#3533,#3534,#3535,
    #3536),.UNSPECIFIED.,.F.,.F.,(6,6),(4.706138939694,4.77011336887),
  .PIECEWISE_BEZIER_KNOTS.);
#3531 = CARTESIAN_POINT('',(0.779148122707,6.67));
#3532 = CARTESIAN_POINT('',(0.791943008542,6.9361284274));
#3533 = CARTESIAN_POINT('',(0.804737894377,7.202283457531));
#3534 = CARTESIAN_POINT('',(0.817532780212,7.468374324456));
#3535 = CARTESIAN_POINT('',(0.830327666048,7.734310244116));
#3536 = CARTESIAN_POINT('',(0.843122551883,8.0000006));
#3537 = ( GEOMETRIC_REPRESENTATION_CONTEXT(2) 
PARAMETRIC_REPRESENTATION_CONTEXT() REPRESENTATION_CONTEXT('2D SPACE',''
  ) );
#3538 = PCURVE('',#3539,#3544);
#3539 = PLANE('',#3540);
#3540 = AXIS2_PLACEMENT_3D('',#3541,#3542,#3543);
#3541 = CARTESIAN_POINT('',(0.,-2.8,-20.));
#3542 = DIRECTION('',(0.509705948296,-0.693108716252,-0.509705948296));
#3543 = DIRECTION('',(-0.490101873361,-0.720833064902,0.490101873361));
#3544 = DEFINITIONAL_REPRESENTATION('',(#3545),#3549);
#3545 = ELLIPSE('',#3546,28.855502074994,20.);
#3546 = AXIS2_PLACEMENT_2D('',#3547,#3548);
#3547 = CARTESIAN_POINT('',(0.,0.));
#3548 = DIRECTION('',(1.,1.110223024625E-16));
#3549 = ( GEOMETRIC_REPRESENTATION_CONTEXT(2) 
PARAMETRIC_REPRESENTATION_CONTEXT() REPRESENTATION_CONTEXT('2D SPACE',''
  ) );
#3550 = ORIENTED_EDGE('',*,*,#3551,.F.);
#3551 = EDGE_CURVE('',#3552,#3520,#3554,.T.);
#3552 = VERTEX_POINT('',#3553);
#3553 = CARTESIAN_POINT('',(14.934473088275,-4.,-6.697311791386));
#3554 = SURFACE_CURVE('',#3555,(#3560,#3570),.PCURVE_S1.);
#3555 = ELLIPSE('',#3556,28.855502074994,20.);
#3556 = AXIS2_PLACEMENT_3D('',#3557,#3558,#3559);
#3557 = CARTESIAN_POINT('',(0.,-2.8,-20.));
#3558 = DIRECTION('',(-0.509705948296,-0.693108716252,0.509705948296));
#3559 = DIRECTION('',(0.490101873361,-0.720833064902,-0.490101873361));
#3560 = PCURVE('',#1298,#3561);
#3561 = DEFINITIONAL_REPRESENTATION('',(#3562),#3569);
#3562 = B_SPLINE_CURVE_WITH_KNOTS('',5,(#3563,#3564,#3565,#3566,#3567,
    #3568),.UNSPECIFIED.,.F.,.F.,(6,6),(1.513071938309,1.577046367486),
  .PIECEWISE_BEZIER_KNOTS.);
#3563 = CARTESIAN_POINT('',(0.727673774912,8.0000006));
#3564 = CARTESIAN_POINT('',(0.740468660747,7.734310244116));
#3565 = CARTESIAN_POINT('',(0.753263546582,7.468374324456));
#3566 = CARTESIAN_POINT('',(0.766058432418,7.202283457531));
#3567 = CARTESIAN_POINT('',(0.778853318253,6.9361284274));
#3568 = CARTESIAN_POINT('',(0.791648204088,6.67));
#3569 = ( GEOMETRIC_REPRESENTATION_CONTEXT(2) 
PARAMETRIC_REPRESENTATION_CONTEXT() REPRESENTATION_CONTEXT('2D SPACE',''
  ) );
#3570 = PCURVE('',#3571,#3576);
#3571 = PLANE('',#3572);
#3572 = AXIS2_PLACEMENT_3D('',#3573,#3574,#3575);
#3573 = CARTESIAN_POINT('',(0.883883476483,-4.1,-20.88388347648));
#3574 = DIRECTION('',(-0.509705948296,-0.693108716252,0.509705948296));
#3575 = DIRECTION('',(-0.490101873361,0.720833064902,0.490101873361));
#3576 = DEFINITIONAL_REPRESENTATION('',(#3577),#3581);
#3577 = ELLIPSE('',#3578,28.855502074994,20.);
#3578 = AXIS2_PLACEMENT_2D('',#3579,#3580);
#3579 = CARTESIAN_POINT('',(1.803468879687,-1.110223024625E-16));
#3580 = DIRECTION('',(-1.,0.));
#3581 = ( GEOMETRIC_REPRESENTATION_CONTEXT(2) 
PARAMETRIC_REPRESENTATION_CONTEXT() REPRESENTATION_CONTEXT('2D SPACE',''
  ) );
#3582 = ORIENTED_EDGE('',*,*,#3583,.F.);
#3583 = EDGE_CURVE('',#3584,#3552,#3586,.T.);
#3584 = VERTEX_POINT('',#3585);
#3585 = CARTESIAN_POINT('',(16.714736163588,-4.,-9.017395801466));
#3586 = SURFACE_CURVE('',#3587,(#3592,#3599),.PCURVE_S1.);
#3587 = CIRCLE('',#3588,20.);
#3588 = AXIS2_PLACEMENT_3D('',#3589,#3590,#3591);
#3589 = CARTESIAN_POINT('',(0.,-4.,-20.));
#3590 = DIRECTION('',(0.,-1.,1.110223024625E-16));
#3591 = DIRECTION('',(1.,0.,0.));
#3592 = PCURVE('',#1298,#3593);
#3593 = DEFINITIONAL_REPRESENTATION('',(#3594),#3598);
#3594 = LINE('',#3595,#3596);
#3595 = CARTESIAN_POINT('',(0.,8.));
#3596 = VECTOR('',#3597,1.);
#3597 = DIRECTION('',(1.,0.));
#3598 = ( GEOMETRIC_REPRESENTATION_CONTEXT(2) 
PARAMETRIC_REPRESENTATION_CONTEXT() REPRESENTATION_CONTEXT('2D SPACE',''
  ) );
#3599 = PCURVE('',#3600,#3605);
#3600 = PLANE('',#3601);
#3601 = AXIS2_PLACEMENT_3D('',#3602,#3603,#3604);
#3602 = CARTESIAN_POINT('',(0.,-4.,-20.));
#3603 = DIRECTION('',(0.,-1.,1.110223024625E-16));
#3604 = DIRECTION('',(1.,0.,0.));
#3605 = DEFINITIONAL_REPRESENTATION('',(#3606),#3610);
#3606 = CIRCLE('',#3607,20.);
#3607 = AXIS2_PLACEMENT_2D('',#3608,#3609);
#3608 = CARTESIAN_POINT('',(0.,0.));
#3609 = DIRECTION('',(1.,0.));
#3610 = ( GEOMETRIC_REPRESENTATION_CONTEXT(2) 
PARAMETRIC_REPRESENTATION_CONTEXT() REPRESENTATION_CONTEXT('2D SPACE',''
  ) );
#3611 = ORIENTED_EDGE('',*,*,#3612,.F.);
#3612 = EDGE_CURVE('',#3613,#3584,#3615,.T.);
#3613 = VERTEX_POINT('',#3614);
#3614 = CARTESIAN_POINT('',(17.320508075689,-2.8,-10.));
#3615 = SURFACE_CURVE('',#3616,(#3621,#3631),.PCURVE_S1.);
#3616 = ELLIPSE('',#3617,28.855502074994,20.);
#3617 = AXIS2_PLACEMENT_3D('',#3618,#3619,#3620);
#3618 = CARTESIAN_POINT('',(0.,-2.8,-20.));
#3619 = DIRECTION('',(0.360416532451,-0.693108716252,-0.624259746093));
#3620 = DIRECTION('',(-0.346554358126,-0.720833064902,0.600249755858));
#3621 = PCURVE('',#1298,#3622);
#3622 = DEFINITIONAL_REPRESENTATION('',(#3623),#3630);
#3623 = B_SPLINE_CURVE_WITH_KNOTS('',5,(#3624,#3625,#3626,#3627,#3628,
    #3629),.UNSPECIFIED.,.F.,.F.,(6,6),(4.706138939694,4.77011336887),
  .PIECEWISE_BEZIER_KNOTS.);
#3624 = CARTESIAN_POINT('',(0.517348734907,6.67));
#3625 = CARTESIAN_POINT('',(0.530143620743,6.9361284274));
#3626 = CARTESIAN_POINT('',(0.542938506578,7.202283457531));
#3627 = CARTESIAN_POINT('',(0.555733392413,7.468374324456));
#3628 = CARTESIAN_POINT('',(0.568528278249,7.734310244116));
#3629 = CARTESIAN_POINT('',(0.581323164084,8.0000006));
#3630 = ( GEOMETRIC_REPRESENTATION_CONTEXT(2) 
PARAMETRIC_REPRESENTATION_CONTEXT() REPRESENTATION_CONTEXT('2D SPACE',''
  ) );
#3631 = PCURVE('',#3632,#3637);
#3632 = PLANE('',#3633);
#3633 = AXIS2_PLACEMENT_3D('',#3634,#3635,#3636);
#3634 = CARTESIAN_POINT('',(0.,-2.8,-20.));
#3635 = DIRECTION('',(0.360416532451,-0.693108716252,-0.624259746093));
#3636 = DIRECTION('',(-0.346554358126,-0.720833064902,0.600249755858));
#3637 = DEFINITIONAL_REPRESENTATION('',(#3638),#3642);
#3638 = ELLIPSE('',#3639,28.855502074994,20.);
#3639 = AXIS2_PLACEMENT_2D('',#3640,#3641);
#3640 = CARTESIAN_POINT('',(0.,0.));
#3641 = DIRECTION('',(1.,5.551115123126E-17));
#3642 = ( GEOMETRIC_REPRESENTATION_CONTEXT(2) 
PARAMETRIC_REPRESENTATION_CONTEXT() REPRESENTATION_CONTEXT('2D SPACE',''
  ) );
#3643 = ORIENTED_EDGE('',*,*,#3644,.F.);
#3644 = EDGE_CURVE('',#3645,#3613,#3647,.T.);
#3645 = VERTEX_POINT('',#3646);
#3646 = CARTESIAN_POINT('',(17.868582317434,-4.,-11.01591596404));
#3647 = SURFACE_CURVE('',#3648,(#3653,#3663),.PCURVE_S1.);
#3648 = ELLIPSE('',#3649,28.855502074994,20.);
#3649 = AXIS2_PLACEMENT_3D('',#3650,#3651,#3652);
#3650 = CARTESIAN_POINT('',(0.,-2.8,-20.));
#3651 = DIRECTION('',(-0.360416532451,-0.693108716252,0.624259746093));
#3652 = DIRECTION('',(0.346554358126,-0.720833064902,-0.600249755858));
#3653 = PCURVE('',#1298,#3654);
#3654 = DEFINITIONAL_REPRESENTATION('',(#3655),#3662);
#3655 = B_SPLINE_CURVE_WITH_KNOTS('',5,(#3656,#3657,#3658,#3659,#3660,
    #3661),.UNSPECIFIED.,.F.,.F.,(6,6),(1.513071938309,1.577046367486),
  .PIECEWISE_BEZIER_KNOTS.);
#3656 = CARTESIAN_POINT('',(0.465874387113,8.0000006));
#3657 = CARTESIAN_POINT('',(0.478669272948,7.734310244116));
#3658 = CARTESIAN_POINT('',(0.491464158783,7.468374324456));
#3659 = CARTESIAN_POINT('',(0.504259044619,7.202283457531));
#3660 = CARTESIAN_POINT('',(0.517053930454,6.9361284274));
#3661 = CARTESIAN_POINT('',(0.529848816289,6.67));
#3662 = ( GEOMETRIC_REPRESENTATION_CONTEXT(2) 
PARAMETRIC_REPRESENTATION_CONTEXT() REPRESENTATION_CONTEXT('2D SPACE',''
  ) );
#3663 = PCURVE('',#3664,#3669);
#3664 = PLANE('',#3665);
#3665 = AXIS2_PLACEMENT_3D('',#3666,#3667,#3668);
#3666 = CARTESIAN_POINT('',(0.625,-4.1,-21.08253175473));
#3667 = DIRECTION('',(-0.360416532451,-0.693108716252,0.624259746093));
#3668 = DIRECTION('',(-0.346554358126,0.720833064902,0.600249755858));
#3669 = DEFINITIONAL_REPRESENTATION('',(#3670),#3674);
#3670 = ELLIPSE('',#3671,28.855502074994,20.);
#3671 = AXIS2_PLACEMENT_2D('',#3672,#3673);
#3672 = CARTESIAN_POINT('',(1.803468879687,-9.992007221626E-16));
#3673 = DIRECTION('',(-1.,0.));
#3674 = ( GEOMETRIC_REPRESENTATION_CONTEXT(2) 
PARAMETRIC_REPRESENTATION_CONTEXT() REPRESENTATION_CONTEXT('2D SPACE',''
  ) );
#3675 = ORIENTED_EDGE('',*,*,#3676,.F.);
#3676 = EDGE_CURVE('',#3677,#3645,#3679,.T.);
#3677 = VERTEX_POINT('',#3678);
#3678 = CARTESIAN_POINT('',(18.987702471421,-4.,-13.71771101772));
#3679 = SURFACE_CURVE('',#3680,(#3685,#3692),.PCURVE_S1.);
#3680 = CIRCLE('',#3681,20.);
#3681 = AXIS2_PLACEMENT_3D('',#3682,#3683,#3684);
#3682 = CARTESIAN_POINT('',(0.,-4.,-20.));
#3683 = DIRECTION('',(0.,-1.,1.110223024625E-16));
#3684 = DIRECTION('',(1.,0.,0.));
#3685 = PCURVE('',#1298,#3686);
#3686 = DEFINITIONAL_REPRESENTATION('',(#3687),#3691);
#3687 = LINE('',#3688,#3689);
#3688 = CARTESIAN_POINT('',(0.,8.));
#3689 = VECTOR('',#3690,1.);
#3690 = DIRECTION('',(1.,0.));
#3691 = ( GEOMETRIC_REPRESENTATION_CONTEXT(2) 
PARAMETRIC_REPRESENTATION_CONTEXT() REPRESENTATION_CONTEXT('2D SPACE',''
  ) );
#3692 = PCURVE('',#3693,#3698);
#3693 = PLANE('',#3694);
#3694 = AXIS2_PLACEMENT_3D('',#3695,#3696,#3697);
#3695 = CARTESIAN_POINT('',(0.,-4.,-20.));
#3696 = DIRECTION('',(0.,-1.,1.110223024625E-16));
#3697 = DIRECTION('',(1.,0.,0.));
#3698 = DEFINITIONAL_REPRESENTATION('',(#3699),#3703);
#3699 = CIRCLE('',#3700,20.);
#3700 = AXIS2_PLACEMENT_2D('',#3701,#3702);
#3701 = CARTESIAN_POINT('',(0.,0.));
#3702 = DIRECTION('',(1.,0.));
#3703 = ( GEOMETRIC_REPRESENTATION_CONTEXT(2) 
PARAMETRIC_REPRESENTATION_CONTEXT() REPRESENTATION_CONTEXT('2D SPACE',''
  ) );
#3704 = ORIENTED_EDGE('',*,*,#3705,.F.);
#3705 = EDGE_CURVE('',#3706,#3677,#3708,.T.);
#3706 = VERTEX_POINT('',#3707);
#3707 = CARTESIAN_POINT('',(19.318516525781,-2.8,-14.82361909795));
#3708 = SURFACE_CURVE('',#3709,(#3714,#3724),.PCURVE_S1.);
#3709 = ELLIPSE('',#3710,28.855502074994,20.);
#3710 = AXIS2_PLACEMENT_3D('',#3711,#3712,#3713);
#3711 = CARTESIAN_POINT('',(0.,-2.8,-20.));
#3712 = DIRECTION('',(0.186565325536,-0.693108716252,-0.696271273832));
#3713 = DIRECTION('',(-0.179389736093,-0.720833064902,0.669491609454));
#3714 = PCURVE('',#1298,#3715);
#3715 = DEFINITIONAL_REPRESENTATION('',(#3716),#3723);
#3716 = B_SPLINE_CURVE_WITH_KNOTS('',5,(#3717,#3718,#3719,#3720,#3721,
    #3722),.UNSPECIFIED.,.F.,.F.,(6,6),(4.706138939694,4.77011336887),
  .PIECEWISE_BEZIER_KNOTS.);
#3717 = CARTESIAN_POINT('',(0.255549347108,6.67));
#3718 = CARTESIAN_POINT('',(0.268344232944,6.9361284274));
#3719 = CARTESIAN_POINT('',(0.281139118779,7.202283457531));
#3720 = CARTESIAN_POINT('',(0.293934004614,7.468374324456));
#3721 = CARTESIAN_POINT('',(0.306728890449,7.734310244116));
#3722 = CARTESIAN_POINT('',(0.319523776285,8.0000006));
#3723 = ( GEOMETRIC_REPRESENTATION_CONTEXT(2) 
PARAMETRIC_REPRESENTATION_CONTEXT() REPRESENTATION_CONTEXT('2D SPACE',''
  ) );
#3724 = PCURVE('',#3725,#3730);
#3725 = PLANE('',#3726);
#3726 = AXIS2_PLACEMENT_3D('',#3727,#3728,#3729);
#3727 = CARTESIAN_POINT('',(0.,-2.8,-20.));
#3728 = DIRECTION('',(0.186565325536,-0.693108716252,-0.696271273832));
#3729 = DIRECTION('',(-0.179389736093,-0.720833064902,0.669491609454));
#3730 = DEFINITIONAL_REPRESENTATION('',(#3731),#3735);
#3731 = ELLIPSE('',#3732,28.855502074994,20.);
#3732 = AXIS2_PLACEMENT_2D('',#3733,#3734);
#3733 = CARTESIAN_POINT('',(0.,0.));
#3734 = DIRECTION('',(1.,2.775557561563E-17));
#3735 = ( GEOMETRIC_REPRESENTATION_CONTEXT(2) 
PARAMETRIC_REPRESENTATION_CONTEXT() REPRESENTATION_CONTEXT('2D SPACE',''
  ) );
#3736 = ORIENTED_EDGE('',*,*,#3737,.F.);
#3737 = EDGE_CURVE('',#3209,#3706,#3738,.T.);
#3738 = SURFACE_CURVE('',#3739,(#3744,#3754),.PCURVE_S1.);
#3739 = ELLIPSE('',#3740,28.855502074994,20.);
#3740 = AXIS2_PLACEMENT_3D('',#3741,#3742,#3743);
#3741 = CARTESIAN_POINT('',(0.,-2.8,-20.));
#3742 = DIRECTION('',(-0.186565325536,-0.693108716252,0.696271273832));
#3743 = DIRECTION('',(0.179389736093,-0.720833064902,-0.669491609454));
#3744 = PCURVE('',#1298,#3745);
#3745 = DEFINITIONAL_REPRESENTATION('',(#3746),#3753);
#3746 = B_SPLINE_CURVE_WITH_KNOTS('',5,(#3747,#3748,#3749,#3750,#3751,
    #3752),.UNSPECIFIED.,.F.,.F.,(6,6),(1.513071938309,1.577046367486),
  .PIECEWISE_BEZIER_KNOTS.);
#3747 = CARTESIAN_POINT('',(0.204074999314,8.0000006));
#3748 = CARTESIAN_POINT('',(0.216869885149,7.734310244116));
#3749 = CARTESIAN_POINT('',(0.229664770984,7.468374324456));
#3750 = CARTESIAN_POINT('',(0.242459656819,7.202283457531));
#3751 = CARTESIAN_POINT('',(0.255254542655,6.9361284274));
#3752 = CARTESIAN_POINT('',(0.26804942849,6.67));
#3753 = ( GEOMETRIC_REPRESENTATION_CONTEXT(2) 
PARAMETRIC_REPRESENTATION_CONTEXT() REPRESENTATION_CONTEXT('2D SPACE',''
  ) );
#3754 = PCURVE('',#3755,#3760);
#3755 = PLANE('',#3756);
#3756 = AXIS2_PLACEMENT_3D('',#3757,#3758,#3759);
#3757 = CARTESIAN_POINT('',(0.323523806378,-4.1,-21.20740728286));
#3758 = DIRECTION('',(-0.186565325536,-0.693108716252,0.696271273832));
#3759 = DIRECTION('',(-0.179389736093,0.720833064902,0.669491609454));
#3760 = DEFINITIONAL_REPRESENTATION('',(#3761),#3765);
#3761 = ELLIPSE('',#3762,28.855502074994,20.);
#3762 = AXIS2_PLACEMENT_2D('',#3763,#3764);
#3763 = CARTESIAN_POINT('',(1.803468879687,-3.330669073875E-16));
#3764 = DIRECTION('',(-1.,2.775557561563E-17));
#3765 = ( GEOMETRIC_REPRESENTATION_CONTEXT(2) 
PARAMETRIC_REPRESENTATION_CONTEXT() REPRESENTATION_CONTEXT('2D SPACE',''
  ) );
#3766 = ADVANCED_FACE('',(#3767),#1360,.F.);
#3767 = FACE_BOUND('',#3768,.F.);
#3768 = EDGE_LOOP('',(#3769,#3770,#3793,#3820,#3847,#3874,#3901,#3928,
    #3955,#3982,#4009,#4036,#4063,#4090,#4117,#4144,#4171,#4198,#4225,
    #4252,#4279,#4306,#4333,#4360,#4387,#4414,#4441,#4468,#4495,#4522,
    #4549,#4576,#4603,#4630,#4657,#4684,#4711,#4738,#4765,#4792,#4819,
    #4846,#4873,#4900,#4927,#4954,#4981,#5008,#5035,#5062,#5087));
#3769 = ORIENTED_EDGE('',*,*,#1339,.T.);
#3770 = ORIENTED_EDGE('',*,*,#3771,.F.);
#3771 = EDGE_CURVE('',#3772,#1340,#3774,.T.);
#3772 = VERTEX_POINT('',#3773);
#3773 = CARTESIAN_POINT('',(3.2,-2.8,-20.));
#3774 = SEAM_CURVE('',#3775,(#3779,#3786),.PCURVE_S1.);
#3775 = LINE('',#3776,#3777);
#3776 = CARTESIAN_POINT('',(3.2,-2.8,-20.));
#3777 = VECTOR('',#3778,1.);
#3778 = DIRECTION('',(0.,1.,0.));
#3779 = PCURVE('',#1360,#3780);
#3780 = DEFINITIONAL_REPRESENTATION('',(#3781),#3785);
#3781 = LINE('',#3782,#3783);
#3782 = CARTESIAN_POINT('',(6.28318530718,18.8));
#3783 = VECTOR('',#3784,1.);
#3784 = DIRECTION('',(0.,-1.));
#3785 = ( GEOMETRIC_REPRESENTATION_CONTEXT(2) 
PARAMETRIC_REPRESENTATION_CONTEXT() REPRESENTATION_CONTEXT('2D SPACE',''
  ) );
#3786 = PCURVE('',#1360,#3787);
#3787 = DEFINITIONAL_REPRESENTATION('',(#3788),#3792);
#3788 = LINE('',#3789,#3790);
#3789 = CARTESIAN_POINT('',(0.,18.8));
#3790 = VECTOR('',#3791,1.);
#3791 = DIRECTION('',(0.,-1.));
#3792 = ( GEOMETRIC_REPRESENTATION_CONTEXT(2) 
PARAMETRIC_REPRESENTATION_CONTEXT() REPRESENTATION_CONTEXT('2D SPACE',''
  ) );
#3793 = ORIENTED_EDGE('',*,*,#3794,.F.);
#3794 = EDGE_CURVE('',#3795,#3772,#3797,.T.);
#3795 = VERTEX_POINT('',#3796);
#3796 = CARTESIAN_POINT('',(3.172623556396,-3.234391167708,
    -20.4176838151));
#3797 = SURFACE_CURVE('',#3798,(#3803,#3813),.PCURVE_S1.);
#3798 = ELLIPSE('',#3799,4.616880331999,3.2);
#3799 = AXIS2_PLACEMENT_3D('',#3800,#3801,#3802);
#3800 = CARTESIAN_POINT('',(0.,-2.8,-20.));
#3801 = DIRECTION('',(8.827659056516E-17,-0.693108716252,0.720833064902)
  );
#3802 = DIRECTION('',(8.488133708189E-17,0.720833064902,0.693108716252)
  );
#3803 = PCURVE('',#1360,#3804);
#3804 = DEFINITIONAL_REPRESENTATION('',(#3805),#3812);
#3805 = B_SPLINE_CURVE_WITH_KNOTS('',5,(#3806,#3807,#3808,#3809,#3810,
    #3811),.UNSPECIFIED.,.F.,.F.,(6,6),(4.304541140642,4.712388980385),
  .PIECEWISE_BEZIER_KNOTS.);
#3806 = CARTESIAN_POINT('',(5.875337467437,20.12));
#3807 = CARTESIAN_POINT('',(5.956907035385,19.870802847248));
#3808 = CARTESIAN_POINT('',(6.038476603334,19.610627368241));
#3809 = CARTESIAN_POINT('',(6.120046171282,19.342927127923));
#3810 = CARTESIAN_POINT('',(6.201615739231,19.071463522133));
#3811 = CARTESIAN_POINT('',(6.28318530718,18.8));
#3812 = ( GEOMETRIC_REPRESENTATION_CONTEXT(2) 
PARAMETRIC_REPRESENTATION_CONTEXT() REPRESENTATION_CONTEXT('2D SPACE',''
  ) );
#3813 = PCURVE('',#1527,#3814);
#3814 = DEFINITIONAL_REPRESENTATION('',(#3815),#3819);
#3815 = ELLIPSE('',#3816,4.616880331999,3.2);
#3816 = AXIS2_PLACEMENT_2D('',#3817,#3818);
#3817 = CARTESIAN_POINT('',(-9.603425586782E-16,1.630303208745E-31));
#3818 = DIRECTION('',(-1.,-2.465190328816E-32));
#3819 = ( GEOMETRIC_REPRESENTATION_CONTEXT(2) 
PARAMETRIC_REPRESENTATION_CONTEXT() REPRESENTATION_CONTEXT('2D SPACE',''
  ) );
#3820 = ORIENTED_EDGE('',*,*,#3821,.F.);
#3821 = EDGE_CURVE('',#3822,#3795,#3824,.T.);
#3822 = VERTEX_POINT('',#3823);
#3823 = CARTESIAN_POINT('',(3.090962644125,-2.8,-20.82822094432));
#3824 = SURFACE_CURVE('',#3825,(#3830,#3840),.PCURVE_S1.);
#3825 = ELLIPSE('',#3826,4.616880331999,3.2);
#3826 = AXIS2_PLACEMENT_3D('',#3827,#3828,#3829);
#3827 = CARTESIAN_POINT('',(0.,-2.8,-20.));
#3828 = DIRECTION('',(-0.186565325536,-0.693108716252,-0.696271273832));
#3829 = DIRECTION('',(-0.179389736093,0.720833064902,-0.669491609454));
#3830 = PCURVE('',#1360,#3831);
#3831 = DEFINITIONAL_REPRESENTATION('',(#3832),#3839);
#3832 = B_SPLINE_CURVE_WITH_KNOTS('',5,(#3833,#3834,#3835,#3836,#3837,
    #3838),.UNSPECIFIED.,.F.,.F.,(6,6),(1.534730816468,1.832595714594),
  .PIECEWISE_BEZIER_KNOTS.);
#3833 = CARTESIAN_POINT('',(5.985320409053,18.68));
#3834 = CARTESIAN_POINT('',(6.044893388678,18.878129950423));
#3835 = CARTESIAN_POINT('',(6.104466368304,19.076792248607));
#3836 = CARTESIAN_POINT('',(6.164039347929,19.27452195535));
#3837 = CARTESIAN_POINT('',(6.223612327554,19.469846413295));
#3838 = CARTESIAN_POINT('',(6.28318530718,19.661349782101));
#3839 = ( GEOMETRIC_REPRESENTATION_CONTEXT(2) 
PARAMETRIC_REPRESENTATION_CONTEXT() REPRESENTATION_CONTEXT('2D SPACE',''
  ) );
#3840 = PCURVE('',#1588,#3841);
#3841 = DEFINITIONAL_REPRESENTATION('',(#3842),#3846);
#3842 = ELLIPSE('',#3843,4.616880331999,3.2);
#3843 = AXIS2_PLACEMENT_2D('',#3844,#3845);
#3844 = CARTESIAN_POINT('',(-1.022151506856E-15,3.328108990037E-16));
#3845 = DIRECTION('',(-1.,-5.551115123126E-17));
#3846 = ( GEOMETRIC_REPRESENTATION_CONTEXT(2) 
PARAMETRIC_REPRESENTATION_CONTEXT() REPRESENTATION_CONTEXT('2D SPACE',''
  ) );
#3847 = ORIENTED_EDGE('',*,*,#3848,.F.);
#3848 = EDGE_CURVE('',#3849,#3822,#3851,.T.);
#3849 = VERTEX_POINT('',#3850);
#3850 = CARTESIAN_POINT('',(2.956414504036,-3.234391167708,
    -21.22458698356));
#3851 = SURFACE_CURVE('',#3852,(#3857,#3867),.PCURVE_S1.);
#3852 = ELLIPSE('',#3853,4.616880331999,3.2);
#3853 = AXIS2_PLACEMENT_3D('',#3854,#3855,#3856);
#3854 = CARTESIAN_POINT('',(0.,-2.8,-20.));
#3855 = DIRECTION('',(0.186565325536,-0.693108716252,0.696271273832));
#3856 = DIRECTION('',(0.179389736093,0.720833064902,0.669491609454));
#3857 = PCURVE('',#1360,#3858);
#3858 = DEFINITIONAL_REPRESENTATION('',(#3859),#3866);
#3859 = B_SPLINE_CURVE_WITH_KNOTS('',5,(#3860,#3861,#3862,#3863,#3864,
    #3865),.UNSPECIFIED.,.F.,.F.,(6,6),(4.304541140642,4.748454490712),
  .PIECEWISE_BEZIER_KNOTS.);
#3860 = CARTESIAN_POINT('',(5.613538079637,20.12));
#3861 = CARTESIAN_POINT('',(5.702320749652,19.848766632733));
#3862 = CARTESIAN_POINT('',(5.791103419666,19.564527529015));
#3863 = CARTESIAN_POINT('',(5.87988608968,19.271735649027));
#3864 = CARTESIAN_POINT('',(5.968668759694,18.975276585441));
#3865 = CARTESIAN_POINT('',(6.057451429708,18.68));
#3866 = ( GEOMETRIC_REPRESENTATION_CONTEXT(2) 
PARAMETRIC_REPRESENTATION_CONTEXT() REPRESENTATION_CONTEXT('2D SPACE',''
  ) );
#3867 = PCURVE('',#1620,#3868);
#3868 = DEFINITIONAL_REPRESENTATION('',(#3869),#3873);
#3869 = ELLIPSE('',#3870,4.616880331999,3.2);
#3870 = AXIS2_PLACEMENT_2D('',#3871,#3872);
#3871 = CARTESIAN_POINT('',(1.803468879687,-5.551115123126E-17));
#3872 = DIRECTION('',(1.,5.551115123126E-17));
#3873 = ( GEOMETRIC_REPRESENTATION_CONTEXT(2) 
PARAMETRIC_REPRESENTATION_CONTEXT() REPRESENTATION_CONTEXT('2D SPACE',''
  ) );
#3874 = ORIENTED_EDGE('',*,*,#3875,.F.);
#3875 = EDGE_CURVE('',#3876,#3849,#3878,.T.);
#3876 = VERTEX_POINT('',#3877);
#3877 = CARTESIAN_POINT('',(2.77128129211,-2.8,-21.6));
#3878 = SURFACE_CURVE('',#3879,(#3884,#3894),.PCURVE_S1.);
#3879 = ELLIPSE('',#3880,4.616880331999,3.2);
#3880 = AXIS2_PLACEMENT_3D('',#3881,#3882,#3883);
#3881 = CARTESIAN_POINT('',(0.,-2.8,-20.));
#3882 = DIRECTION('',(-0.360416532451,-0.693108716252,-0.624259746093));
#3883 = DIRECTION('',(-0.346554358126,0.720833064902,-0.600249755858));
#3884 = PCURVE('',#1360,#3885);
#3885 = DEFINITIONAL_REPRESENTATION('',(#3886),#3893);
#3886 = B_SPLINE_CURVE_WITH_KNOTS('',5,(#3887,#3888,#3889,#3890,#3891,
    #3892),.UNSPECIFIED.,.F.,.F.,(6,6),(1.534730816468,1.978644166538),
  .PIECEWISE_BEZIER_KNOTS.);
#3887 = CARTESIAN_POINT('',(5.723521021254,18.68));
#3888 = CARTESIAN_POINT('',(5.812303691268,18.975276585441));
#3889 = CARTESIAN_POINT('',(5.901086361282,19.271735649027));
#3890 = CARTESIAN_POINT('',(5.989869031296,19.564527529015));
#3891 = CARTESIAN_POINT('',(6.07865170131,19.848766632733));
#3892 = CARTESIAN_POINT('',(6.167434371324,20.12));
#3893 = ( GEOMETRIC_REPRESENTATION_CONTEXT(2) 
PARAMETRIC_REPRESENTATION_CONTEXT() REPRESENTATION_CONTEXT('2D SPACE',''
  ) );
#3894 = PCURVE('',#1681,#3895);
#3895 = DEFINITIONAL_REPRESENTATION('',(#3896),#3900);
#3896 = ELLIPSE('',#3897,4.616880331999,3.2);
#3897 = AXIS2_PLACEMENT_2D('',#3898,#3899);
#3898 = CARTESIAN_POINT('',(-1.191016693641E-15,5.764453863871E-16));
#3899 = DIRECTION('',(-1.,0.));
#3900 = ( GEOMETRIC_REPRESENTATION_CONTEXT(2) 
PARAMETRIC_REPRESENTATION_CONTEXT() REPRESENTATION_CONTEXT('2D SPACE',''
  ) );
#3901 = ORIENTED_EDGE('',*,*,#3902,.F.);
#3902 = EDGE_CURVE('',#3903,#3876,#3905,.T.);
#3903 = VERTEX_POINT('',#3904);
#3904 = CARTESIAN_POINT('',(2.538730688932,-3.234391167708,
    -21.94803657282));
#3905 = SURFACE_CURVE('',#3906,(#3911,#3921),.PCURVE_S1.);
#3906 = ELLIPSE('',#3907,4.616880331999,3.2);
#3907 = AXIS2_PLACEMENT_3D('',#3908,#3909,#3910);
#3908 = CARTESIAN_POINT('',(0.,-2.8,-20.));
#3909 = DIRECTION('',(0.360416532451,-0.693108716252,0.624259746093));
#3910 = DIRECTION('',(0.346554358126,0.720833064902,0.600249755858));
#3911 = PCURVE('',#1360,#3912);
#3912 = DEFINITIONAL_REPRESENTATION('',(#3913),#3920);
#3913 = B_SPLINE_CURVE_WITH_KNOTS('',5,(#3914,#3915,#3916,#3917,#3918,
    #3919),.UNSPECIFIED.,.F.,.F.,(6,6),(4.304541140642,4.748454490712),
  .PIECEWISE_BEZIER_KNOTS.);
#3914 = CARTESIAN_POINT('',(5.351738691838,20.12));
#3915 = CARTESIAN_POINT('',(5.440521361852,19.848766632733));
#3916 = CARTESIAN_POINT('',(5.529304031866,19.564527529015));
#3917 = CARTESIAN_POINT('',(5.61808670188,19.271735649027));
#3918 = CARTESIAN_POINT('',(5.706869371894,18.975276585441));
#3919 = CARTESIAN_POINT('',(5.795652041908,18.68));
#3920 = ( GEOMETRIC_REPRESENTATION_CONTEXT(2) 
PARAMETRIC_REPRESENTATION_CONTEXT() REPRESENTATION_CONTEXT('2D SPACE',''
  ) );
#3921 = PCURVE('',#1713,#3922);
#3922 = DEFINITIONAL_REPRESENTATION('',(#3923),#3927);
#3923 = ELLIPSE('',#3924,4.616880331999,3.2);
#3924 = AXIS2_PLACEMENT_2D('',#3925,#3926);
#3925 = CARTESIAN_POINT('',(1.803468879687,0.));
#3926 = DIRECTION('',(1.,0.));
#3927 = ( GEOMETRIC_REPRESENTATION_CONTEXT(2) 
PARAMETRIC_REPRESENTATION_CONTEXT() REPRESENTATION_CONTEXT('2D SPACE',''
  ) );
#3928 = ORIENTED_EDGE('',*,*,#3929,.F.);
#3929 = EDGE_CURVE('',#3930,#3903,#3932,.T.);
#3930 = VERTEX_POINT('',#3931);
#3931 = CARTESIAN_POINT('',(2.262741699797,-2.8,-22.26274169979));
#3932 = SURFACE_CURVE('',#3933,(#3938,#3948),.PCURVE_S1.);
#3933 = ELLIPSE('',#3934,4.616880331999,3.2);
#3934 = AXIS2_PLACEMENT_3D('',#3935,#3936,#3937);
#3935 = CARTESIAN_POINT('',(0.,-2.8,-20.));
#3936 = DIRECTION('',(-0.509705948296,-0.693108716252,-0.509705948296));
#3937 = DIRECTION('',(-0.490101873361,0.720833064902,-0.490101873361));
#3938 = PCURVE('',#1360,#3939);
#3939 = DEFINITIONAL_REPRESENTATION('',(#3940),#3947);
#3940 = B_SPLINE_CURVE_WITH_KNOTS('',5,(#3941,#3942,#3943,#3944,#3945,
    #3946),.UNSPECIFIED.,.F.,.F.,(6,6),(1.534730816468,1.978644166538),
  .PIECEWISE_BEZIER_KNOTS.);
#3941 = CARTESIAN_POINT('',(5.461721633455,18.68));
#3942 = CARTESIAN_POINT('',(5.550504303469,18.975276585441));
#3943 = CARTESIAN_POINT('',(5.639286973483,19.271735649027));
#3944 = CARTESIAN_POINT('',(5.728069643497,19.564527529015));
#3945 = CARTESIAN_POINT('',(5.816852313511,19.848766632733));
#3946 = CARTESIAN_POINT('',(5.905634983525,20.12));
#3947 = ( GEOMETRIC_REPRESENTATION_CONTEXT(2) 
PARAMETRIC_REPRESENTATION_CONTEXT() REPRESENTATION_CONTEXT('2D SPACE',''
  ) );
#3948 = PCURVE('',#1774,#3949);
#3949 = DEFINITIONAL_REPRESENTATION('',(#3950),#3954);
#3950 = ELLIPSE('',#3951,4.616880331999,3.2);
#3951 = AXIS2_PLACEMENT_2D('',#3952,#3953);
#3952 = CARTESIAN_POINT('',(-1.421690828604E-15,6.656217980074E-16));
#3953 = DIRECTION('',(-1.,5.551115123126E-17));
#3954 = ( GEOMETRIC_REPRESENTATION_CONTEXT(2) 
PARAMETRIC_REPRESENTATION_CONTEXT() REPRESENTATION_CONTEXT('2D SPACE',''
  ) );
#3955 = ORIENTED_EDGE('',*,*,#3956,.F.);
#3956 = EDGE_CURVE('',#3957,#3930,#3959,.T.);
#3957 = VERTEX_POINT('',#3958);
#3958 = CARTESIAN_POINT('',(1.948036572828,-3.234391167708,
    -22.53873068893));
#3959 = SURFACE_CURVE('',#3960,(#3965,#3975),.PCURVE_S1.);
#3960 = ELLIPSE('',#3961,4.616880331999,3.2);
#3961 = AXIS2_PLACEMENT_3D('',#3962,#3963,#3964);
#3962 = CARTESIAN_POINT('',(0.,-2.8,-20.));
#3963 = DIRECTION('',(0.509705948296,-0.693108716252,0.509705948296));
#3964 = DIRECTION('',(0.490101873361,0.720833064902,0.490101873361));
#3965 = PCURVE('',#1360,#3966);
#3966 = DEFINITIONAL_REPRESENTATION('',(#3967),#3974);
#3967 = B_SPLINE_CURVE_WITH_KNOTS('',5,(#3968,#3969,#3970,#3971,#3972,
    #3973),.UNSPECIFIED.,.F.,.F.,(6,6),(4.304541140642,4.748454490712),
  .PIECEWISE_BEZIER_KNOTS.);
#3968 = CARTESIAN_POINT('',(5.089939304039,20.12));
#3969 = CARTESIAN_POINT('',(5.178721974053,19.848766632733));
#3970 = CARTESIAN_POINT('',(5.267504644067,19.564527529015));
#3971 = CARTESIAN_POINT('',(5.356287314081,19.271735649027));
#3972 = CARTESIAN_POINT('',(5.445069984095,18.975276585441));
#3973 = CARTESIAN_POINT('',(5.533852654109,18.68));
#3974 = ( GEOMETRIC_REPRESENTATION_CONTEXT(2) 
PARAMETRIC_REPRESENTATION_CONTEXT() REPRESENTATION_CONTEXT('2D SPACE',''
  ) );
#3975 = PCURVE('',#1806,#3976);
#3976 = DEFINITIONAL_REPRESENTATION('',(#3977),#3981);
#3977 = ELLIPSE('',#3978,4.616880331999,3.2);
#3978 = AXIS2_PLACEMENT_2D('',#3979,#3980);
#3979 = CARTESIAN_POINT('',(1.803468879687,-3.330669073875E-16));
#3980 = DIRECTION('',(1.,5.551115123126E-17));
#3981 = ( GEOMETRIC_REPRESENTATION_CONTEXT(2) 
PARAMETRIC_REPRESENTATION_CONTEXT() REPRESENTATION_CONTEXT('2D SPACE',''
  ) );
#3982 = ORIENTED_EDGE('',*,*,#3983,.F.);
#3983 = EDGE_CURVE('',#3984,#3957,#3986,.T.);
#3984 = VERTEX_POINT('',#3985);
#3985 = CARTESIAN_POINT('',(1.6,-2.8,-22.77128129211));
#3986 = SURFACE_CURVE('',#3987,(#3992,#4002),.PCURVE_S1.);
#3987 = ELLIPSE('',#3988,4.616880331999,3.2);
#3988 = AXIS2_PLACEMENT_3D('',#3989,#3990,#3991);
#3989 = CARTESIAN_POINT('',(0.,-2.8,-20.));
#3990 = DIRECTION('',(-0.624259746093,-0.693108716252,-0.360416532451));
#3991 = DIRECTION('',(-0.600249755858,0.720833064902,-0.346554358126));
#3992 = PCURVE('',#1360,#3993);
#3993 = DEFINITIONAL_REPRESENTATION('',(#3994),#4001);
#3994 = B_SPLINE_CURVE_WITH_KNOTS('',5,(#3995,#3996,#3997,#3998,#3999,
    #4000),.UNSPECIFIED.,.F.,.F.,(6,6),(1.534730816468,1.978644166538),
  .PIECEWISE_BEZIER_KNOTS.);
#3995 = CARTESIAN_POINT('',(5.199922245656,18.68));
#3996 = CARTESIAN_POINT('',(5.28870491567,18.975276585441));
#3997 = CARTESIAN_POINT('',(5.377487585684,19.271735649027));
#3998 = CARTESIAN_POINT('',(5.466270255698,19.564527529015));
#3999 = CARTESIAN_POINT('',(5.555052925712,19.848766632733));
#4000 = CARTESIAN_POINT('',(5.643835595726,20.12));
#4001 = ( GEOMETRIC_REPRESENTATION_CONTEXT(2) 
PARAMETRIC_REPRESENTATION_CONTEXT() REPRESENTATION_CONTEXT('2D SPACE',''
  ) );
#4002 = PCURVE('',#1867,#4003);
#4003 = DEFINITIONAL_REPRESENTATION('',(#4004),#4008);
#4004 = ELLIPSE('',#4005,4.616880331999,3.2);
#4005 = AXIS2_PLACEMENT_2D('',#4006,#4007);
#4006 = CARTESIAN_POINT('',(-1.652364963567E-15,5.764453863871E-16));
#4007 = DIRECTION('',(-1.,-5.551115123126E-17));
#4008 = ( GEOMETRIC_REPRESENTATION_CONTEXT(2) 
PARAMETRIC_REPRESENTATION_CONTEXT() REPRESENTATION_CONTEXT('2D SPACE',''
  ) );
#4009 = ORIENTED_EDGE('',*,*,#4010,.F.);
#4010 = EDGE_CURVE('',#4011,#3984,#4013,.T.);
#4011 = VERTEX_POINT('',#4012);
#4012 = CARTESIAN_POINT('',(1.224586983568,-3.234391167708,
    -22.95641450403));
#4013 = SURFACE_CURVE('',#4014,(#4019,#4029),.PCURVE_S1.);
#4014 = ELLIPSE('',#4015,4.616880331999,3.2);
#4015 = AXIS2_PLACEMENT_3D('',#4016,#4017,#4018);
#4016 = CARTESIAN_POINT('',(0.,-2.8,-20.));
#4017 = DIRECTION('',(0.624259746093,-0.693108716252,0.360416532451));
#4018 = DIRECTION('',(0.600249755858,0.720833064902,0.346554358126));
#4019 = PCURVE('',#1360,#4020);
#4020 = DEFINITIONAL_REPRESENTATION('',(#4021),#4028);
#4021 = B_SPLINE_CURVE_WITH_KNOTS('',5,(#4022,#4023,#4024,#4025,#4026,
    #4027),.UNSPECIFIED.,.F.,.F.,(6,6),(4.304541140642,4.748454490712),
  .PIECEWISE_BEZIER_KNOTS.);
#4022 = CARTESIAN_POINT('',(4.82813991624,20.12));
#4023 = CARTESIAN_POINT('',(4.916922586254,19.848766632733));
#4024 = CARTESIAN_POINT('',(5.005705256268,19.564527529015));
#4025 = CARTESIAN_POINT('',(5.094487926282,19.271735649027));
#4026 = CARTESIAN_POINT('',(5.183270596296,18.975276585441));
#4027 = CARTESIAN_POINT('',(5.27205326631,18.68));
#4028 = ( GEOMETRIC_REPRESENTATION_CONTEXT(2) 
PARAMETRIC_REPRESENTATION_CONTEXT() REPRESENTATION_CONTEXT('2D SPACE',''
  ) );
#4029 = PCURVE('',#1899,#4030);
#4030 = DEFINITIONAL_REPRESENTATION('',(#4031),#4035);
#4031 = ELLIPSE('',#4032,4.616880331999,3.2);
#4032 = AXIS2_PLACEMENT_2D('',#4033,#4034);
#4033 = CARTESIAN_POINT('',(1.803468879687,-6.661338147751E-16));
#4034 = DIRECTION('',(1.,0.));
#4035 = ( GEOMETRIC_REPRESENTATION_CONTEXT(2) 
PARAMETRIC_REPRESENTATION_CONTEXT() REPRESENTATION_CONTEXT('2D SPACE',''
  ) );
#4036 = ORIENTED_EDGE('',*,*,#4037,.F.);
#4037 = EDGE_CURVE('',#4038,#4011,#4040,.T.);
#4038 = VERTEX_POINT('',#4039);
#4039 = CARTESIAN_POINT('',(0.828220944328,-2.8,-23.09096264412));
#4040 = SURFACE_CURVE('',#4041,(#4046,#4056),.PCURVE_S1.);
#4041 = ELLIPSE('',#4042,4.616880331999,3.2);
#4042 = AXIS2_PLACEMENT_3D('',#4043,#4044,#4045);
#4043 = CARTESIAN_POINT('',(0.,-2.8,-20.));
#4044 = DIRECTION('',(-0.696271273832,-0.693108716252,-0.186565325536));
#4045 = DIRECTION('',(-0.669491609454,0.720833064902,-0.179389736093));
#4046 = PCURVE('',#1360,#4047);
#4047 = DEFINITIONAL_REPRESENTATION('',(#4048),#4055);
#4048 = B_SPLINE_CURVE_WITH_KNOTS('',5,(#4049,#4050,#4051,#4052,#4053,
    #4054),.UNSPECIFIED.,.F.,.F.,(6,6),(1.534730816468,1.978644166538),
  .PIECEWISE_BEZIER_KNOTS.);
#4049 = CARTESIAN_POINT('',(4.938122857857,18.68));
#4050 = CARTESIAN_POINT('',(5.026905527871,18.975276585441));
#4051 = CARTESIAN_POINT('',(5.115688197885,19.271735649027));
#4052 = CARTESIAN_POINT('',(5.204470867899,19.564527529015));
#4053 = CARTESIAN_POINT('',(5.293253537913,19.848766632733));
#4054 = CARTESIAN_POINT('',(5.382036207927,20.12));
#4055 = ( GEOMETRIC_REPRESENTATION_CONTEXT(2) 
PARAMETRIC_REPRESENTATION_CONTEXT() REPRESENTATION_CONTEXT('2D SPACE',''
  ) );
#4056 = PCURVE('',#1960,#4057);
#4057 = DEFINITIONAL_REPRESENTATION('',(#4058),#4062);
#4058 = ELLIPSE('',#4059,4.616880331999,3.2);
#4059 = AXIS2_PLACEMENT_2D('',#4060,#4061);
#4060 = CARTESIAN_POINT('',(-1.821230150352E-15,3.328108990037E-16));
#4061 = DIRECTION('',(-1.,0.));
#4062 = ( GEOMETRIC_REPRESENTATION_CONTEXT(2) 
PARAMETRIC_REPRESENTATION_CONTEXT() REPRESENTATION_CONTEXT('2D SPACE',''
  ) );
#4063 = ORIENTED_EDGE('',*,*,#4064,.F.);
#4064 = EDGE_CURVE('',#4065,#4038,#4067,.T.);
#4065 = VERTEX_POINT('',#4066);
#4066 = CARTESIAN_POINT('',(0.417683815104,-3.234391167708,
    -23.17262355639));
#4067 = SURFACE_CURVE('',#4068,(#4073,#4083),.PCURVE_S1.);
#4068 = ELLIPSE('',#4069,4.616880331999,3.2);
#4069 = AXIS2_PLACEMENT_3D('',#4070,#4071,#4072);
#4070 = CARTESIAN_POINT('',(0.,-2.8,-20.));
#4071 = DIRECTION('',(0.696271273832,-0.693108716252,0.186565325536));
#4072 = DIRECTION('',(0.669491609454,0.720833064902,0.179389736093));
#4073 = PCURVE('',#1360,#4074);
#4074 = DEFINITIONAL_REPRESENTATION('',(#4075),#4082);
#4075 = B_SPLINE_CURVE_WITH_KNOTS('',5,(#4076,#4077,#4078,#4079,#4080,
    #4081),.UNSPECIFIED.,.F.,.F.,(6,6),(4.304541140642,4.748454490712),
  .PIECEWISE_BEZIER_KNOTS.);
#4076 = CARTESIAN_POINT('',(4.566340528441,20.12));
#4077 = CARTESIAN_POINT('',(4.655123198455,19.848766632733));
#4078 = CARTESIAN_POINT('',(4.743905868469,19.564527529015));
#4079 = CARTESIAN_POINT('',(4.832688538483,19.271735649027));
#4080 = CARTESIAN_POINT('',(4.921471208497,18.975276585441));
#4081 = CARTESIAN_POINT('',(5.010253878511,18.68));
#4082 = ( GEOMETRIC_REPRESENTATION_CONTEXT(2) 
PARAMETRIC_REPRESENTATION_CONTEXT() REPRESENTATION_CONTEXT('2D SPACE',''
  ) );
#4083 = PCURVE('',#1992,#4084);
#4084 = DEFINITIONAL_REPRESENTATION('',(#4085),#4089);
#4085 = ELLIPSE('',#4086,4.616880331999,3.2);
#4086 = AXIS2_PLACEMENT_2D('',#4087,#4088);
#4087 = CARTESIAN_POINT('',(1.803468879687,1.054711873394E-15));
#4088 = DIRECTION('',(1.,0.));
#4089 = ( GEOMETRIC_REPRESENTATION_CONTEXT(2) 
PARAMETRIC_REPRESENTATION_CONTEXT() REPRESENTATION_CONTEXT('2D SPACE',''
  ) );
#4090 = ORIENTED_EDGE('',*,*,#4091,.F.);
#4091 = EDGE_CURVE('',#4092,#4065,#4094,.T.);
#4092 = VERTEX_POINT('',#4093);
#4093 = CARTESIAN_POINT('',(-7.105427357601E-16,-2.8,-23.2));
#4094 = SURFACE_CURVE('',#4095,(#4100,#4110),.PCURVE_S1.);
#4095 = ELLIPSE('',#4096,4.616880331999,3.2);
#4096 = AXIS2_PLACEMENT_3D('',#4097,#4098,#4099);
#4097 = CARTESIAN_POINT('',(0.,-2.8,-20.));
#4098 = DIRECTION('',(-0.720833064902,-0.693108716252,2.370076186481E-16
    ));
#4099 = DIRECTION('',(-0.693108716252,0.720833064902,7.387250451371E-17)
  );
#4100 = PCURVE('',#1360,#4101);
#4101 = DEFINITIONAL_REPRESENTATION('',(#4102),#4109);
#4102 = B_SPLINE_CURVE_WITH_KNOTS('',5,(#4103,#4104,#4105,#4106,#4107,
    #4108),.UNSPECIFIED.,.F.,.F.,(6,6),(1.534730816468,1.978644166538),
  .PIECEWISE_BEZIER_KNOTS.);
#4103 = CARTESIAN_POINT('',(4.676323470057,18.68));
#4104 = CARTESIAN_POINT('',(4.765106140072,18.975276585441));
#4105 = CARTESIAN_POINT('',(4.853888810086,19.271735649027));
#4106 = CARTESIAN_POINT('',(4.9426714801,19.564527529015));
#4107 = CARTESIAN_POINT('',(5.031454150114,19.848766632733));
#4108 = CARTESIAN_POINT('',(5.120236820128,20.12));
#4109 = ( GEOMETRIC_REPRESENTATION_CONTEXT(2) 
PARAMETRIC_REPRESENTATION_CONTEXT() REPRESENTATION_CONTEXT('2D SPACE',''
  ) );
#4110 = PCURVE('',#2053,#4111);
#4111 = DEFINITIONAL_REPRESENTATION('',(#4112),#4116);
#4112 = ELLIPSE('',#4113,4.616880331999,3.2);
#4113 = AXIS2_PLACEMENT_2D('',#4114,#4115);
#4114 = CARTESIAN_POINT('',(-1.88303909853E-15,-1.476840386071E-31));
#4115 = DIRECTION('',(-1.,1.232595164408E-32));
#4116 = ( GEOMETRIC_REPRESENTATION_CONTEXT(2) 
PARAMETRIC_REPRESENTATION_CONTEXT() REPRESENTATION_CONTEXT('2D SPACE',''
  ) );
#4117 = ORIENTED_EDGE('',*,*,#4118,.F.);
#4118 = EDGE_CURVE('',#4119,#4092,#4121,.T.);
#4119 = VERTEX_POINT('',#4120);
#4120 = CARTESIAN_POINT('',(-0.417683815104,-3.234391167708,
    -23.17262355639));
#4121 = SURFACE_CURVE('',#4122,(#4127,#4137),.PCURVE_S1.);
#4122 = ELLIPSE('',#4123,4.616880331999,3.2);
#4123 = AXIS2_PLACEMENT_3D('',#4124,#4125,#4126);
#4124 = CARTESIAN_POINT('',(0.,-2.8,-20.));
#4125 = DIRECTION('',(0.720833064902,-0.693108716252,-8.310656757792E-17
    ));
#4126 = DIRECTION('',(0.693108716252,0.720833064902,-2.339295976267E-16)
  );
#4127 = PCURVE('',#1360,#4128);
#4128 = DEFINITIONAL_REPRESENTATION('',(#4129),#4136);
#4129 = B_SPLINE_CURVE_WITH_KNOTS('',5,(#4130,#4131,#4132,#4133,#4134,
    #4135),.UNSPECIFIED.,.F.,.F.,(6,6),(4.304541140642,4.748454490712),
  .PIECEWISE_BEZIER_KNOTS.);
#4130 = CARTESIAN_POINT('',(4.304541140642,20.12));
#4131 = CARTESIAN_POINT('',(4.393323810656,19.848766632733));
#4132 = CARTESIAN_POINT('',(4.48210648067,19.564527529015));
#4133 = CARTESIAN_POINT('',(4.570889150684,19.271735649027));
#4134 = CARTESIAN_POINT('',(4.659671820698,18.975276585441));
#4135 = CARTESIAN_POINT('',(4.748454490712,18.68));
#4136 = ( GEOMETRIC_REPRESENTATION_CONTEXT(2) 
PARAMETRIC_REPRESENTATION_CONTEXT() REPRESENTATION_CONTEXT('2D SPACE',''
  ) );
#4137 = PCURVE('',#2085,#4138);
#4138 = DEFINITIONAL_REPRESENTATION('',(#4139),#4143);
#4139 = ELLIPSE('',#4140,4.616880331999,3.2);
#4140 = AXIS2_PLACEMENT_2D('',#4141,#4142);
#4141 = CARTESIAN_POINT('',(1.803468879687,4.218847493576E-16));
#4142 = DIRECTION('',(1.,0.));
#4143 = ( GEOMETRIC_REPRESENTATION_CONTEXT(2) 
PARAMETRIC_REPRESENTATION_CONTEXT() REPRESENTATION_CONTEXT('2D SPACE',''
  ) );
#4144 = ORIENTED_EDGE('',*,*,#4145,.F.);
#4145 = EDGE_CURVE('',#4146,#4119,#4148,.T.);
#4146 = VERTEX_POINT('',#4147);
#4147 = CARTESIAN_POINT('',(-0.828220944328,-2.8,-23.09096264412));
#4148 = SURFACE_CURVE('',#4149,(#4154,#4164),.PCURVE_S1.);
#4149 = ELLIPSE('',#4150,4.616880331999,3.2);
#4150 = AXIS2_PLACEMENT_3D('',#4151,#4152,#4153);
#4151 = CARTESIAN_POINT('',(0.,-2.8,-20.));
#4152 = DIRECTION('',(-0.696271273832,-0.693108716252,0.186565325536));
#4153 = DIRECTION('',(-0.669491609454,0.720833064902,0.179389736093));
#4154 = PCURVE('',#1360,#4155);
#4155 = DEFINITIONAL_REPRESENTATION('',(#4156),#4163);
#4156 = B_SPLINE_CURVE_WITH_KNOTS('',5,(#4157,#4158,#4159,#4160,#4161,
    #4162),.UNSPECIFIED.,.F.,.F.,(6,6),(1.534730816468,1.978644166538),
  .PIECEWISE_BEZIER_KNOTS.);
#4157 = CARTESIAN_POINT('',(4.414524082258,18.68));
#4158 = CARTESIAN_POINT('',(4.503306752272,18.975276585441));
#4159 = CARTESIAN_POINT('',(4.592089422286,19.271735649027));
#4160 = CARTESIAN_POINT('',(4.6808720923,19.564527529015));
#4161 = CARTESIAN_POINT('',(4.769654762314,19.848766632733));
#4162 = CARTESIAN_POINT('',(4.858437432329,20.12));
#4163 = ( GEOMETRIC_REPRESENTATION_CONTEXT(2) 
PARAMETRIC_REPRESENTATION_CONTEXT() REPRESENTATION_CONTEXT('2D SPACE',''
  ) );
#4164 = PCURVE('',#2146,#4165);
#4165 = DEFINITIONAL_REPRESENTATION('',(#4166),#4170);
#4166 = ELLIPSE('',#4167,4.616880331999,3.2);
#4167 = AXIS2_PLACEMENT_2D('',#4168,#4169);
#4168 = CARTESIAN_POINT('',(-1.821230150352E-15,-3.328108990037E-16));
#4169 = DIRECTION('',(-1.,0.));
#4170 = ( GEOMETRIC_REPRESENTATION_CONTEXT(2) 
PARAMETRIC_REPRESENTATION_CONTEXT() REPRESENTATION_CONTEXT('2D SPACE',''
  ) );
#4171 = ORIENTED_EDGE('',*,*,#4172,.F.);
#4172 = EDGE_CURVE('',#4173,#4146,#4175,.T.);
#4173 = VERTEX_POINT('',#4174);
#4174 = CARTESIAN_POINT('',(-1.224586983568,-3.234391167708,
    -22.95641450403));
#4175 = SURFACE_CURVE('',#4176,(#4181,#4191),.PCURVE_S1.);
#4176 = ELLIPSE('',#4177,4.616880331999,3.2);
#4177 = AXIS2_PLACEMENT_3D('',#4178,#4179,#4180);
#4178 = CARTESIAN_POINT('',(0.,-2.8,-20.));
#4179 = DIRECTION('',(0.696271273832,-0.693108716252,-0.186565325536));
#4180 = DIRECTION('',(0.669491609454,0.720833064902,-0.179389736093));
#4181 = PCURVE('',#1360,#4182);
#4182 = DEFINITIONAL_REPRESENTATION('',(#4183),#4190);
#4183 = B_SPLINE_CURVE_WITH_KNOTS('',5,(#4184,#4185,#4186,#4187,#4188,
    #4189),.UNSPECIFIED.,.F.,.F.,(6,6),(4.450589592586,4.748454490712),
  .PIECEWISE_BEZIER_KNOTS.);
#4184 = CARTESIAN_POINT('',(4.188790204786,19.661349782101));
#4185 = CARTESIAN_POINT('',(4.248363184412,19.469846413295));
#4186 = CARTESIAN_POINT('',(4.307936164037,19.27452195535));
#4187 = CARTESIAN_POINT('',(4.367509143662,19.076792248607));
#4188 = CARTESIAN_POINT('',(4.427082123287,18.878129950423));
#4189 = CARTESIAN_POINT('',(4.486655102913,18.68));
#4190 = ( GEOMETRIC_REPRESENTATION_CONTEXT(2) 
PARAMETRIC_REPRESENTATION_CONTEXT() REPRESENTATION_CONTEXT('2D SPACE',''
  ) );
#4191 = PCURVE('',#2178,#4192);
#4192 = DEFINITIONAL_REPRESENTATION('',(#4193),#4197);
#4193 = ELLIPSE('',#4194,4.616880331999,3.2);
#4194 = AXIS2_PLACEMENT_2D('',#4195,#4196);
#4195 = CARTESIAN_POINT('',(1.803468879687,-1.665334536938E-16));
#4196 = DIRECTION('',(1.,2.775557561563E-17));
#4197 = ( GEOMETRIC_REPRESENTATION_CONTEXT(2) 
PARAMETRIC_REPRESENTATION_CONTEXT() REPRESENTATION_CONTEXT('2D SPACE',''
  ) );
#4198 = ORIENTED_EDGE('',*,*,#4199,.F.);
#4199 = EDGE_CURVE('',#4200,#4173,#4202,.T.);
#4200 = VERTEX_POINT('',#4201);
#4201 = CARTESIAN_POINT('',(-1.6,-2.8,-22.77128129211));
#4202 = SURFACE_CURVE('',#4203,(#4208,#4218),.PCURVE_S1.);
#4203 = ELLIPSE('',#4204,4.616880331999,3.2);
#4204 = AXIS2_PLACEMENT_3D('',#4205,#4206,#4207);
#4205 = CARTESIAN_POINT('',(0.,-2.8,-20.));
#4206 = DIRECTION('',(-0.624259746093,-0.693108716252,0.360416532451));
#4207 = DIRECTION('',(-0.600249755858,0.720833064902,0.346554358126));
#4208 = PCURVE('',#1360,#4209);
#4209 = DEFINITIONAL_REPRESENTATION('',(#4210),#4217);
#4210 = B_SPLINE_CURVE_WITH_KNOTS('',5,(#4211,#4212,#4213,#4214,#4215,
    #4216),.UNSPECIFIED.,.F.,.F.,(6,6),(1.570796326795,1.978644166538),
  .PIECEWISE_BEZIER_KNOTS.);
#4211 = CARTESIAN_POINT('',(4.188790204786,18.8));
#4212 = CARTESIAN_POINT('',(4.270359772735,19.071463522133));
#4213 = CARTESIAN_POINT('',(4.351929340684,19.342927127923));
#4214 = CARTESIAN_POINT('',(4.433498908632,19.610627368241));
#4215 = CARTESIAN_POINT('',(4.515068476581,19.870802847248));
#4216 = CARTESIAN_POINT('',(4.596638044529,20.12));
#4217 = ( GEOMETRIC_REPRESENTATION_CONTEXT(2) 
PARAMETRIC_REPRESENTATION_CONTEXT() REPRESENTATION_CONTEXT('2D SPACE',''
  ) );
#4218 = PCURVE('',#2239,#4219);
#4219 = DEFINITIONAL_REPRESENTATION('',(#4220),#4224);
#4220 = ELLIPSE('',#4221,4.616880331999,3.2);
#4221 = AXIS2_PLACEMENT_2D('',#4222,#4223);
#4222 = CARTESIAN_POINT('',(-1.652364963567E-15,-5.764453863871E-16));
#4223 = DIRECTION('',(-1.,0.));
#4224 = ( GEOMETRIC_REPRESENTATION_CONTEXT(2) 
PARAMETRIC_REPRESENTATION_CONTEXT() REPRESENTATION_CONTEXT('2D SPACE',''
  ) );
#4225 = ORIENTED_EDGE('',*,*,#4226,.F.);
#4226 = EDGE_CURVE('',#4227,#4200,#4229,.T.);
#4227 = VERTEX_POINT('',#4228);
#4228 = CARTESIAN_POINT('',(-1.948036572828,-3.234391167708,
    -22.53873068893));
#4229 = SURFACE_CURVE('',#4230,(#4235,#4245),.PCURVE_S1.);
#4230 = ELLIPSE('',#4231,4.616880331999,3.2);
#4231 = AXIS2_PLACEMENT_3D('',#4232,#4233,#4234);
#4232 = CARTESIAN_POINT('',(0.,-2.8,-20.));
#4233 = DIRECTION('',(0.624259746093,-0.693108716252,-0.360416532451));
#4234 = DIRECTION('',(0.600249755858,0.720833064902,-0.346554358126));
#4235 = PCURVE('',#1360,#4236);
#4236 = DEFINITIONAL_REPRESENTATION('',(#4237),#4244);
#4237 = B_SPLINE_CURVE_WITH_KNOTS('',5,(#4238,#4239,#4240,#4241,#4242,
    #4243),.UNSPECIFIED.,.F.,.F.,(6,6),(4.304541140642,4.712388980385),
  .PIECEWISE_BEZIER_KNOTS.);
#4238 = CARTESIAN_POINT('',(3.780942365043,20.12));
#4239 = CARTESIAN_POINT('',(3.862511932992,19.870802847248));
#4240 = CARTESIAN_POINT('',(3.944081500941,19.610627368241));
#4241 = CARTESIAN_POINT('',(4.025651068889,19.342927127923));
#4242 = CARTESIAN_POINT('',(4.107220636838,19.071463522133));
#4243 = CARTESIAN_POINT('',(4.188790204786,18.8));
#4244 = ( GEOMETRIC_REPRESENTATION_CONTEXT(2) 
PARAMETRIC_REPRESENTATION_CONTEXT() REPRESENTATION_CONTEXT('2D SPACE',''
  ) );
#4245 = PCURVE('',#2271,#4246);
#4246 = DEFINITIONAL_REPRESENTATION('',(#4247),#4251);
#4247 = ELLIPSE('',#4248,4.616880331999,3.2);
#4248 = AXIS2_PLACEMENT_2D('',#4249,#4250);
#4249 = CARTESIAN_POINT('',(1.803468879687,1.221245327088E-15));
#4250 = DIRECTION('',(1.,5.551115123126E-17));
#4251 = ( GEOMETRIC_REPRESENTATION_CONTEXT(2) 
PARAMETRIC_REPRESENTATION_CONTEXT() REPRESENTATION_CONTEXT('2D SPACE',''
  ) );
#4252 = ORIENTED_EDGE('',*,*,#4253,.F.);
#4253 = EDGE_CURVE('',#4254,#4227,#4256,.T.);
#4254 = VERTEX_POINT('',#4255);
#4255 = CARTESIAN_POINT('',(-2.262741699797,-2.8,-22.26274169979));
#4256 = SURFACE_CURVE('',#4257,(#4262,#4272),.PCURVE_S1.);
#4257 = ELLIPSE('',#4258,4.616880331999,3.2);
#4258 = AXIS2_PLACEMENT_3D('',#4259,#4260,#4261);
#4259 = CARTESIAN_POINT('',(0.,-2.8,-20.));
#4260 = DIRECTION('',(-0.509705948296,-0.693108716252,0.509705948296));
#4261 = DIRECTION('',(-0.490101873361,0.720833064902,0.490101873361));
#4262 = PCURVE('',#1360,#4263);
#4263 = DEFINITIONAL_REPRESENTATION('',(#4264),#4271);
#4264 = B_SPLINE_CURVE_WITH_KNOTS('',5,(#4265,#4266,#4267,#4268,#4269,
    #4270),.UNSPECIFIED.,.F.,.F.,(6,6),(1.534730816468,1.832595714594),
  .PIECEWISE_BEZIER_KNOTS.);
#4265 = CARTESIAN_POINT('',(3.89092530666,18.68));
#4266 = CARTESIAN_POINT('',(3.950498286285,18.878129950423));
#4267 = CARTESIAN_POINT('',(4.010071265911,19.076792248607));
#4268 = CARTESIAN_POINT('',(4.069644245536,19.27452195535));
#4269 = CARTESIAN_POINT('',(4.129217225161,19.469846413295));
#4270 = CARTESIAN_POINT('',(4.188790204786,19.661349782101));
#4271 = ( GEOMETRIC_REPRESENTATION_CONTEXT(2) 
PARAMETRIC_REPRESENTATION_CONTEXT() REPRESENTATION_CONTEXT('2D SPACE',''
  ) );
#4272 = PCURVE('',#2332,#4273);
#4273 = DEFINITIONAL_REPRESENTATION('',(#4274),#4278);
#4274 = ELLIPSE('',#4275,4.616880331999,3.2);
#4275 = AXIS2_PLACEMENT_2D('',#4276,#4277);
#4276 = CARTESIAN_POINT('',(-1.421690828604E-15,-6.656217980074E-16));
#4277 = DIRECTION('',(-1.,-5.551115123126E-17));
#4278 = ( GEOMETRIC_REPRESENTATION_CONTEXT(2) 
PARAMETRIC_REPRESENTATION_CONTEXT() REPRESENTATION_CONTEXT('2D SPACE',''
  ) );
#4279 = ORIENTED_EDGE('',*,*,#4280,.F.);
#4280 = EDGE_CURVE('',#4281,#4254,#4283,.T.);
#4281 = VERTEX_POINT('',#4282);
#4282 = CARTESIAN_POINT('',(-2.538730688932,-3.234391167708,
    -21.94803657282));
#4283 = SURFACE_CURVE('',#4284,(#4289,#4299),.PCURVE_S1.);
#4284 = ELLIPSE('',#4285,4.616880331999,3.2);
#4285 = AXIS2_PLACEMENT_3D('',#4286,#4287,#4288);
#4286 = CARTESIAN_POINT('',(0.,-2.8,-20.));
#4287 = DIRECTION('',(0.509705948296,-0.693108716252,-0.509705948296));
#4288 = DIRECTION('',(0.490101873361,0.720833064902,-0.490101873361));
#4289 = PCURVE('',#1360,#4290);
#4290 = DEFINITIONAL_REPRESENTATION('',(#4291),#4298);
#4291 = B_SPLINE_CURVE_WITH_KNOTS('',5,(#4292,#4293,#4294,#4295,#4296,
    #4297),.UNSPECIFIED.,.F.,.F.,(6,6),(4.304541140642,4.748454490712),
  .PIECEWISE_BEZIER_KNOTS.);
#4292 = CARTESIAN_POINT('',(3.519142977244,20.12));
#4293 = CARTESIAN_POINT('',(3.607925647258,19.848766632733));
#4294 = CARTESIAN_POINT('',(3.696708317272,19.564527529015));
#4295 = CARTESIAN_POINT('',(3.785490987286,19.271735649027));
#4296 = CARTESIAN_POINT('',(3.8742736573,18.975276585441));
#4297 = CARTESIAN_POINT('',(3.963056327314,18.68));
#4298 = ( GEOMETRIC_REPRESENTATION_CONTEXT(2) 
PARAMETRIC_REPRESENTATION_CONTEXT() REPRESENTATION_CONTEXT('2D SPACE',''
  ) );
#4299 = PCURVE('',#2364,#4300);
#4300 = DEFINITIONAL_REPRESENTATION('',(#4301),#4305);
#4301 = ELLIPSE('',#4302,4.616880331999,3.2);
#4302 = AXIS2_PLACEMENT_2D('',#4303,#4304);
#4303 = CARTESIAN_POINT('',(1.803468879687,9.992007221626E-16));
#4304 = DIRECTION('',(1.,-5.551115123126E-17));
#4305 = ( GEOMETRIC_REPRESENTATION_CONTEXT(2) 
PARAMETRIC_REPRESENTATION_CONTEXT() REPRESENTATION_CONTEXT('2D SPACE',''
  ) );
#4306 = ORIENTED_EDGE('',*,*,#4307,.F.);
#4307 = EDGE_CURVE('',#4308,#4281,#4310,.T.);
#4308 = VERTEX_POINT('',#4309);
#4309 = CARTESIAN_POINT('',(-2.77128129211,-2.8,-21.6));
#4310 = SURFACE_CURVE('',#4311,(#4316,#4326),.PCURVE_S1.);
#4311 = ELLIPSE('',#4312,4.616880331999,3.2);
#4312 = AXIS2_PLACEMENT_3D('',#4313,#4314,#4315);
#4313 = CARTESIAN_POINT('',(0.,-2.8,-20.));
#4314 = DIRECTION('',(-0.360416532451,-0.693108716252,0.624259746093));
#4315 = DIRECTION('',(-0.346554358126,0.720833064902,0.600249755858));
#4316 = PCURVE('',#1360,#4317);
#4317 = DEFINITIONAL_REPRESENTATION('',(#4318),#4325);
#4318 = B_SPLINE_CURVE_WITH_KNOTS('',5,(#4319,#4320,#4321,#4322,#4323,
    #4324),.UNSPECIFIED.,.F.,.F.,(6,6),(1.534730816468,1.978644166538),
  .PIECEWISE_BEZIER_KNOTS.);
#4319 = CARTESIAN_POINT('',(3.629125918861,18.68));
#4320 = CARTESIAN_POINT('',(3.717908588875,18.975276585441));
#4321 = CARTESIAN_POINT('',(3.806691258889,19.271735649027));
#4322 = CARTESIAN_POINT('',(3.895473928903,19.564527529015));
#4323 = CARTESIAN_POINT('',(3.984256598917,19.848766632733));
#4324 = CARTESIAN_POINT('',(4.073039268931,20.12));
#4325 = ( GEOMETRIC_REPRESENTATION_CONTEXT(2) 
PARAMETRIC_REPRESENTATION_CONTEXT() REPRESENTATION_CONTEXT('2D SPACE',''
  ) );
#4326 = PCURVE('',#2425,#4327);
#4327 = DEFINITIONAL_REPRESENTATION('',(#4328),#4332);
#4328 = ELLIPSE('',#4329,4.616880331999,3.2);
#4329 = AXIS2_PLACEMENT_2D('',#4330,#4331);
#4330 = CARTESIAN_POINT('',(-1.191016693641E-15,-5.764453863871E-16));
#4331 = DIRECTION('',(-1.,0.));
#4332 = ( GEOMETRIC_REPRESENTATION_CONTEXT(2) 
PARAMETRIC_REPRESENTATION_CONTEXT() REPRESENTATION_CONTEXT('2D SPACE',''
  ) );
#4333 = ORIENTED_EDGE('',*,*,#4334,.F.);
#4334 = EDGE_CURVE('',#4335,#4308,#4337,.T.);
#4335 = VERTEX_POINT('',#4336);
#4336 = CARTESIAN_POINT('',(-2.956414504036,-3.234391167708,
    -21.22458698356));
#4337 = SURFACE_CURVE('',#4338,(#4343,#4353),.PCURVE_S1.);
#4338 = ELLIPSE('',#4339,4.616880331999,3.2);
#4339 = AXIS2_PLACEMENT_3D('',#4340,#4341,#4342);
#4340 = CARTESIAN_POINT('',(0.,-2.8,-20.));
#4341 = DIRECTION('',(0.360416532451,-0.693108716252,-0.624259746093));
#4342 = DIRECTION('',(0.346554358126,0.720833064902,-0.600249755858));
#4343 = PCURVE('',#1360,#4344);
#4344 = DEFINITIONAL_REPRESENTATION('',(#4345),#4352);
#4345 = B_SPLINE_CURVE_WITH_KNOTS('',5,(#4346,#4347,#4348,#4349,#4350,
    #4351),.UNSPECIFIED.,.F.,.F.,(6,6),(4.304541140642,4.748454490712),
  .PIECEWISE_BEZIER_KNOTS.);
#4346 = CARTESIAN_POINT('',(3.257343589445,20.12));
#4347 = CARTESIAN_POINT('',(3.346126259459,19.848766632733));
#4348 = CARTESIAN_POINT('',(3.434908929473,19.564527529015));
#4349 = CARTESIAN_POINT('',(3.523691599487,19.271735649027));
#4350 = CARTESIAN_POINT('',(3.612474269501,18.975276585441));
#4351 = CARTESIAN_POINT('',(3.701256939515,18.68));
#4352 = ( GEOMETRIC_REPRESENTATION_CONTEXT(2) 
PARAMETRIC_REPRESENTATION_CONTEXT() REPRESENTATION_CONTEXT('2D SPACE',''
  ) );
#4353 = PCURVE('',#2457,#4354);
#4354 = DEFINITIONAL_REPRESENTATION('',(#4355),#4359);
#4355 = ELLIPSE('',#4356,4.616880331999,3.2);
#4356 = AXIS2_PLACEMENT_2D('',#4357,#4358);
#4357 = CARTESIAN_POINT('',(1.803468879687,-1.110223024625E-16));
#4358 = DIRECTION('',(1.,0.));
#4359 = ( GEOMETRIC_REPRESENTATION_CONTEXT(2) 
PARAMETRIC_REPRESENTATION_CONTEXT() REPRESENTATION_CONTEXT('2D SPACE',''
  ) );
#4360 = ORIENTED_EDGE('',*,*,#4361,.F.);
#4361 = EDGE_CURVE('',#4362,#4335,#4364,.T.);
#4362 = VERTEX_POINT('',#4363);
#4363 = CARTESIAN_POINT('',(-3.090962644125,-2.8,-20.82822094432));
#4364 = SURFACE_CURVE('',#4365,(#4370,#4380),.PCURVE_S1.);
#4365 = ELLIPSE('',#4366,4.616880331999,3.2);
#4366 = AXIS2_PLACEMENT_3D('',#4367,#4368,#4369);
#4367 = CARTESIAN_POINT('',(0.,-2.8,-20.));
#4368 = DIRECTION('',(-0.186565325536,-0.693108716252,0.696271273832));
#4369 = DIRECTION('',(-0.179389736093,0.720833064902,0.669491609454));
#4370 = PCURVE('',#1360,#4371);
#4371 = DEFINITIONAL_REPRESENTATION('',(#4372),#4379);
#4372 = B_SPLINE_CURVE_WITH_KNOTS('',5,(#4373,#4374,#4375,#4376,#4377,
    #4378),.UNSPECIFIED.,.F.,.F.,(6,6),(1.534730816468,1.978644166538),
  .PIECEWISE_BEZIER_KNOTS.);
#4373 = CARTESIAN_POINT('',(3.367326531062,18.68));
#4374 = CARTESIAN_POINT('',(3.456109201076,18.975276585441));
#4375 = CARTESIAN_POINT('',(3.54489187109,19.271735649027));
#4376 = CARTESIAN_POINT('',(3.633674541104,19.564527529015));
#4377 = CARTESIAN_POINT('',(3.722457211118,19.848766632733));
#4378 = CARTESIAN_POINT('',(3.811239881132,20.12));
#4379 = ( GEOMETRIC_REPRESENTATION_CONTEXT(2) 
PARAMETRIC_REPRESENTATION_CONTEXT() REPRESENTATION_CONTEXT('2D SPACE',''
  ) );
#4380 = PCURVE('',#2518,#4381);
#4381 = DEFINITIONAL_REPRESENTATION('',(#4382),#4386);
#4382 = ELLIPSE('',#4383,4.616880331999,3.2);
#4383 = AXIS2_PLACEMENT_2D('',#4384,#4385);
#4384 = CARTESIAN_POINT('',(4.082097843509E-15,-3.64825130197E-16));
#4385 = DIRECTION('',(-1.,2.775557561563E-17));
#4386 = ( GEOMETRIC_REPRESENTATION_CONTEXT(2) 
PARAMETRIC_REPRESENTATION_CONTEXT() REPRESENTATION_CONTEXT('2D SPACE',''
  ) );
#4387 = ORIENTED_EDGE('',*,*,#4388,.F.);
#4388 = EDGE_CURVE('',#4389,#4362,#4391,.T.);
#4389 = VERTEX_POINT('',#4390);
#4390 = CARTESIAN_POINT('',(-3.172623556396,-3.234391167708,
    -20.4176838151));
#4391 = SURFACE_CURVE('',#4392,(#4397,#4407),.PCURVE_S1.);
#4392 = ELLIPSE('',#4393,4.616880331999,3.2);
#4393 = AXIS2_PLACEMENT_3D('',#4394,#4395,#4396);
#4394 = CARTESIAN_POINT('',(0.,-2.8,-20.));
#4395 = DIRECTION('',(0.186565325536,-0.693108716252,-0.696271273832));
#4396 = DIRECTION('',(0.179389736093,0.720833064902,-0.669491609454));
#4397 = PCURVE('',#1360,#4398);
#4398 = DEFINITIONAL_REPRESENTATION('',(#4399),#4406);
#4399 = B_SPLINE_CURVE_WITH_KNOTS('',5,(#4400,#4401,#4402,#4403,#4404,
    #4405),.UNSPECIFIED.,.F.,.F.,(6,6),(4.304541140642,4.748454490712),
  .PIECEWISE_BEZIER_KNOTS.);
#4400 = CARTESIAN_POINT('',(2.995544201646,20.12));
#4401 = CARTESIAN_POINT('',(3.08432687166,19.848766632733));
#4402 = CARTESIAN_POINT('',(3.173109541674,19.564527529015));
#4403 = CARTESIAN_POINT('',(3.261892211688,19.271735649027));
#4404 = CARTESIAN_POINT('',(3.350674881702,18.975276585441));
#4405 = CARTESIAN_POINT('',(3.439457551716,18.68));
#4406 = ( GEOMETRIC_REPRESENTATION_CONTEXT(2) 
PARAMETRIC_REPRESENTATION_CONTEXT() REPRESENTATION_CONTEXT('2D SPACE',''
  ) );
#4407 = PCURVE('',#2550,#4408);
#4408 = DEFINITIONAL_REPRESENTATION('',(#4409),#4413);
#4409 = ELLIPSE('',#4410,4.616880331999,3.2);
#4410 = AXIS2_PLACEMENT_2D('',#4411,#4412);
#4411 = CARTESIAN_POINT('',(1.803468879687,1.665334536938E-16));
#4412 = DIRECTION('',(1.,-2.775557561563E-17));
#4413 = ( GEOMETRIC_REPRESENTATION_CONTEXT(2) 
PARAMETRIC_REPRESENTATION_CONTEXT() REPRESENTATION_CONTEXT('2D SPACE',''
  ) );
#4414 = ORIENTED_EDGE('',*,*,#4415,.F.);
#4415 = EDGE_CURVE('',#4416,#4389,#4418,.T.);
#4416 = VERTEX_POINT('',#4417);
#4417 = CARTESIAN_POINT('',(-3.2,-2.8,-20.));
#4418 = SURFACE_CURVE('',#4419,(#4424,#4434),.PCURVE_S1.);
#4419 = ELLIPSE('',#4420,4.616880331999,3.2);
#4420 = AXIS2_PLACEMENT_3D('',#4421,#4422,#4423);
#4421 = CARTESIAN_POINT('',(0.,-2.8,-20.));
#4422 = DIRECTION('',(8.827659056516E-17,-0.693108716252,0.720833064902)
  );
#4423 = DIRECTION('',(8.488133708189E-17,0.720833064902,0.693108716252)
  );
#4424 = PCURVE('',#1360,#4425);
#4425 = DEFINITIONAL_REPRESENTATION('',(#4426),#4433);
#4426 = B_SPLINE_CURVE_WITH_KNOTS('',5,(#4427,#4428,#4429,#4430,#4431,
    #4432),.UNSPECIFIED.,.F.,.F.,(6,6),(1.534730816468,1.978644166538),
  .PIECEWISE_BEZIER_KNOTS.);
#4427 = CARTESIAN_POINT('',(3.105527143263,18.68));
#4428 = CARTESIAN_POINT('',(3.194309813277,18.975276585441));
#4429 = CARTESIAN_POINT('',(3.283092483291,19.271735649027));
#4430 = CARTESIAN_POINT('',(3.371875153305,19.564527529015));
#4431 = CARTESIAN_POINT('',(3.460657823319,19.848766632733));
#4432 = CARTESIAN_POINT('',(3.549440493333,20.12));
#4433 = ( GEOMETRIC_REPRESENTATION_CONTEXT(2) 
PARAMETRIC_REPRESENTATION_CONTEXT() REPRESENTATION_CONTEXT('2D SPACE',''
  ) );
#4434 = PCURVE('',#2611,#4435);
#4435 = DEFINITIONAL_REPRESENTATION('',(#4436),#4440);
#4436 = ELLIPSE('',#4437,4.616880331999,3.2);
#4437 = AXIS2_PLACEMENT_2D('',#4438,#4439);
#4438 = CARTESIAN_POINT('',(-9.603425586782E-16,1.630303208745E-31));
#4439 = DIRECTION('',(-1.,-2.465190328816E-32));
#4440 = ( GEOMETRIC_REPRESENTATION_CONTEXT(2) 
PARAMETRIC_REPRESENTATION_CONTEXT() REPRESENTATION_CONTEXT('2D SPACE',''
  ) );
#4441 = ORIENTED_EDGE('',*,*,#4442,.F.);
#4442 = EDGE_CURVE('',#4443,#4416,#4445,.T.);
#4443 = VERTEX_POINT('',#4444);
#4444 = CARTESIAN_POINT('',(-3.172623556396,-3.234391167708,
    -19.58231618489));
#4445 = SURFACE_CURVE('',#4446,(#4451,#4461),.PCURVE_S1.);
#4446 = ELLIPSE('',#4447,4.616880331999,3.2);
#4447 = AXIS2_PLACEMENT_3D('',#4448,#4449,#4450);
#4448 = CARTESIAN_POINT('',(0.,-2.8,-20.));
#4449 = DIRECTION('',(-8.827659056516E-17,-0.693108716252,
    -0.720833064902));
#4450 = DIRECTION('',(-8.488133708189E-17,0.720833064902,-0.693108716252
    ));
#4451 = PCURVE('',#1360,#4452);
#4452 = DEFINITIONAL_REPRESENTATION('',(#4453),#4460);
#4453 = B_SPLINE_CURVE_WITH_KNOTS('',5,(#4454,#4455,#4456,#4457,#4458,
    #4459),.UNSPECIFIED.,.F.,.F.,(6,6),(4.304541140642,4.748454490712),
  .PIECEWISE_BEZIER_KNOTS.);
#4454 = CARTESIAN_POINT('',(2.733744813847,20.12));
#4455 = CARTESIAN_POINT('',(2.822527483861,19.848766632733));
#4456 = CARTESIAN_POINT('',(2.911310153875,19.564527529015));
#4457 = CARTESIAN_POINT('',(3.000092823889,19.271735649027));
#4458 = CARTESIAN_POINT('',(3.088875493903,18.975276585441));
#4459 = CARTESIAN_POINT('',(3.177658163917,18.68));
#4460 = ( GEOMETRIC_REPRESENTATION_CONTEXT(2) 
PARAMETRIC_REPRESENTATION_CONTEXT() REPRESENTATION_CONTEXT('2D SPACE',''
  ) );
#4461 = PCURVE('',#2643,#4462);
#4462 = DEFINITIONAL_REPRESENTATION('',(#4463),#4467);
#4463 = ELLIPSE('',#4464,4.616880331999,3.2);
#4464 = AXIS2_PLACEMENT_2D('',#4465,#4466);
#4465 = CARTESIAN_POINT('',(1.803468879687,-2.218671295934E-31));
#4466 = DIRECTION('',(1.,1.232595164408E-32));
#4467 = ( GEOMETRIC_REPRESENTATION_CONTEXT(2) 
PARAMETRIC_REPRESENTATION_CONTEXT() REPRESENTATION_CONTEXT('2D SPACE',''
  ) );
#4468 = ORIENTED_EDGE('',*,*,#4469,.F.);
#4469 = EDGE_CURVE('',#4470,#4443,#4472,.T.);
#4470 = VERTEX_POINT('',#4471);
#4471 = CARTESIAN_POINT('',(-3.090962644125,-2.8,-19.17177905567));
#4472 = SURFACE_CURVE('',#4473,(#4478,#4488),.PCURVE_S1.);
#4473 = ELLIPSE('',#4474,4.616880331999,3.2);
#4474 = AXIS2_PLACEMENT_3D('',#4475,#4476,#4477);
#4475 = CARTESIAN_POINT('',(0.,-2.8,-20.));
#4476 = DIRECTION('',(0.186565325536,-0.693108716252,0.696271273832));
#4477 = DIRECTION('',(0.179389736093,0.720833064902,0.669491609454));
#4478 = PCURVE('',#1360,#4479);
#4479 = DEFINITIONAL_REPRESENTATION('',(#4480),#4487);
#4480 = B_SPLINE_CURVE_WITH_KNOTS('',5,(#4481,#4482,#4483,#4484,#4485,
    #4486),.UNSPECIFIED.,.F.,.F.,(6,6),(1.534730816468,1.978644166538),
  .PIECEWISE_BEZIER_KNOTS.);
#4481 = CARTESIAN_POINT('',(2.843727755463,18.68));
#4482 = CARTESIAN_POINT('',(2.932510425477,18.975276585441));
#4483 = CARTESIAN_POINT('',(3.021293095492,19.271735649027));
#4484 = CARTESIAN_POINT('',(3.110075765506,19.564527529015));
#4485 = CARTESIAN_POINT('',(3.19885843552,19.848766632733));
#4486 = CARTESIAN_POINT('',(3.287641105534,20.12));
#4487 = ( GEOMETRIC_REPRESENTATION_CONTEXT(2) 
PARAMETRIC_REPRESENTATION_CONTEXT() REPRESENTATION_CONTEXT('2D SPACE',''
  ) );
#4488 = PCURVE('',#2704,#4489);
#4489 = DEFINITIONAL_REPRESENTATION('',(#4490),#4494);
#4490 = ELLIPSE('',#4491,4.616880331999,3.2);
#4491 = AXIS2_PLACEMENT_2D('',#4492,#4493);
#4492 = CARTESIAN_POINT('',(-1.022151506856E-15,3.328108990037E-16));
#4493 = DIRECTION('',(-1.,-2.775557561563E-17));
#4494 = ( GEOMETRIC_REPRESENTATION_CONTEXT(2) 
PARAMETRIC_REPRESENTATION_CONTEXT() REPRESENTATION_CONTEXT('2D SPACE',''
  ) );
#4495 = ORIENTED_EDGE('',*,*,#4496,.F.);
#4496 = EDGE_CURVE('',#4497,#4470,#4499,.T.);
#4497 = VERTEX_POINT('',#4498);
#4498 = CARTESIAN_POINT('',(-2.956414504036,-3.234391167708,
    -18.77541301643));
#4499 = SURFACE_CURVE('',#4500,(#4505,#4515),.PCURVE_S1.);
#4500 = ELLIPSE('',#4501,4.616880331999,3.2);
#4501 = AXIS2_PLACEMENT_3D('',#4502,#4503,#4504);
#4502 = CARTESIAN_POINT('',(0.,-2.8,-20.));
#4503 = DIRECTION('',(-0.186565325536,-0.693108716252,-0.696271273832));
#4504 = DIRECTION('',(-0.179389736093,0.720833064902,-0.669491609454));
#4505 = PCURVE('',#1360,#4506);
#4506 = DEFINITIONAL_REPRESENTATION('',(#4507),#4514);
#4507 = B_SPLINE_CURVE_WITH_KNOTS('',5,(#4508,#4509,#4510,#4511,#4512,
    #4513),.UNSPECIFIED.,.F.,.F.,(6,6),(4.304541140642,4.748454490712),
  .PIECEWISE_BEZIER_KNOTS.);
#4508 = CARTESIAN_POINT('',(2.471945426048,20.12));
#4509 = CARTESIAN_POINT('',(2.560728096062,19.848766632733));
#4510 = CARTESIAN_POINT('',(2.649510766076,19.564527529015));
#4511 = CARTESIAN_POINT('',(2.73829343609,19.271735649027));
#4512 = CARTESIAN_POINT('',(2.827076106104,18.975276585441));
#4513 = CARTESIAN_POINT('',(2.915858776118,18.68));
#4514 = ( GEOMETRIC_REPRESENTATION_CONTEXT(2) 
PARAMETRIC_REPRESENTATION_CONTEXT() REPRESENTATION_CONTEXT('2D SPACE',''
  ) );
#4515 = PCURVE('',#2736,#4516);
#4516 = DEFINITIONAL_REPRESENTATION('',(#4517),#4521);
#4517 = ELLIPSE('',#4518,4.616880331999,3.2);
#4518 = AXIS2_PLACEMENT_2D('',#4519,#4520);
#4519 = CARTESIAN_POINT('',(1.803468879687,-1.665334536938E-16));
#4520 = DIRECTION('',(1.,5.551115123126E-17));
#4521 = ( GEOMETRIC_REPRESENTATION_CONTEXT(2) 
PARAMETRIC_REPRESENTATION_CONTEXT() REPRESENTATION_CONTEXT('2D SPACE',''
  ) );
#4522 = ORIENTED_EDGE('',*,*,#4523,.F.);
#4523 = EDGE_CURVE('',#4524,#4497,#4526,.T.);
#4524 = VERTEX_POINT('',#4525);
#4525 = CARTESIAN_POINT('',(-2.77128129211,-2.8,-18.4));
#4526 = SURFACE_CURVE('',#4527,(#4532,#4542),.PCURVE_S1.);
#4527 = ELLIPSE('',#4528,4.616880331999,3.2);
#4528 = AXIS2_PLACEMENT_3D('',#4529,#4530,#4531);
#4529 = CARTESIAN_POINT('',(0.,-2.8,-20.));
#4530 = DIRECTION('',(0.360416532451,-0.693108716252,0.624259746093));
#4531 = DIRECTION('',(0.346554358126,0.720833064902,0.600249755858));
#4532 = PCURVE('',#1360,#4533);
#4533 = DEFINITIONAL_REPRESENTATION('',(#4534),#4541);
#4534 = B_SPLINE_CURVE_WITH_KNOTS('',5,(#4535,#4536,#4537,#4538,#4539,
    #4540),.UNSPECIFIED.,.F.,.F.,(6,6),(1.534730816468,1.978644166538),
  .PIECEWISE_BEZIER_KNOTS.);
#4535 = CARTESIAN_POINT('',(2.581928367664,18.68));
#4536 = CARTESIAN_POINT('',(2.670711037678,18.975276585441));
#4537 = CARTESIAN_POINT('',(2.759493707692,19.271735649027));
#4538 = CARTESIAN_POINT('',(2.848276377706,19.564527529015));
#4539 = CARTESIAN_POINT('',(2.93705904772,19.848766632733));
#4540 = CARTESIAN_POINT('',(3.025841717734,20.12));
#4541 = ( GEOMETRIC_REPRESENTATION_CONTEXT(2) 
PARAMETRIC_REPRESENTATION_CONTEXT() REPRESENTATION_CONTEXT('2D SPACE',''
  ) );
#4542 = PCURVE('',#2797,#4543);
#4543 = DEFINITIONAL_REPRESENTATION('',(#4544),#4548);
#4544 = ELLIPSE('',#4545,4.616880331999,3.2);
#4545 = AXIS2_PLACEMENT_2D('',#4546,#4547);
#4546 = CARTESIAN_POINT('',(-1.191016693641E-15,5.764453863871E-16));
#4547 = DIRECTION('',(-1.,5.551115123126E-17));
#4548 = ( GEOMETRIC_REPRESENTATION_CONTEXT(2) 
PARAMETRIC_REPRESENTATION_CONTEXT() REPRESENTATION_CONTEXT('2D SPACE',''
  ) );
#4549 = ORIENTED_EDGE('',*,*,#4550,.F.);
#4550 = EDGE_CURVE('',#4551,#4524,#4553,.T.);
#4551 = VERTEX_POINT('',#4552);
#4552 = CARTESIAN_POINT('',(-2.538730688932,-3.234391167708,
    -18.05196342717));
#4553 = SURFACE_CURVE('',#4554,(#4559,#4569),.PCURVE_S1.);
#4554 = ELLIPSE('',#4555,4.616880331999,3.2);
#4555 = AXIS2_PLACEMENT_3D('',#4556,#4557,#4558);
#4556 = CARTESIAN_POINT('',(0.,-2.8,-20.));
#4557 = DIRECTION('',(-0.360416532451,-0.693108716252,-0.624259746093));
#4558 = DIRECTION('',(-0.346554358126,0.720833064902,-0.600249755858));
#4559 = PCURVE('',#1360,#4560);
#4560 = DEFINITIONAL_REPRESENTATION('',(#4561),#4568);
#4561 = B_SPLINE_CURVE_WITH_KNOTS('',5,(#4562,#4563,#4564,#4565,#4566,
    #4567),.UNSPECIFIED.,.F.,.F.,(6,6),(4.304541140642,4.748454490712),
  .PIECEWISE_BEZIER_KNOTS.);
#4562 = CARTESIAN_POINT('',(2.210146038249,20.12));
#4563 = CARTESIAN_POINT('',(2.298928708263,19.848766632733));
#4564 = CARTESIAN_POINT('',(2.387711378277,19.564527529015));
#4565 = CARTESIAN_POINT('',(2.476494048291,19.271735649027));
#4566 = CARTESIAN_POINT('',(2.565276718305,18.975276585441));
#4567 = CARTESIAN_POINT('',(2.654059388319,18.68));
#4568 = ( GEOMETRIC_REPRESENTATION_CONTEXT(2) 
PARAMETRIC_REPRESENTATION_CONTEXT() REPRESENTATION_CONTEXT('2D SPACE',''
  ) );
#4569 = PCURVE('',#2829,#4570);
#4570 = DEFINITIONAL_REPRESENTATION('',(#4571),#4575);
#4571 = ELLIPSE('',#4572,4.616880331999,3.2);
#4572 = AXIS2_PLACEMENT_2D('',#4573,#4574);
#4573 = CARTESIAN_POINT('',(1.803468879687,0.));
#4574 = DIRECTION('',(1.,-1.110223024625E-16));
#4575 = ( GEOMETRIC_REPRESENTATION_CONTEXT(2) 
PARAMETRIC_REPRESENTATION_CONTEXT() REPRESENTATION_CONTEXT('2D SPACE',''
  ) );
#4576 = ORIENTED_EDGE('',*,*,#4577,.F.);
#4577 = EDGE_CURVE('',#4578,#4551,#4580,.T.);
#4578 = VERTEX_POINT('',#4579);
#4579 = CARTESIAN_POINT('',(-2.262741699797,-2.8,-17.7372583002));
#4580 = SURFACE_CURVE('',#4581,(#4586,#4596),.PCURVE_S1.);
#4581 = ELLIPSE('',#4582,4.616880331999,3.2);
#4582 = AXIS2_PLACEMENT_3D('',#4583,#4584,#4585);
#4583 = CARTESIAN_POINT('',(0.,-2.8,-20.));
#4584 = DIRECTION('',(0.509705948296,-0.693108716252,0.509705948296));
#4585 = DIRECTION('',(0.490101873361,0.720833064902,0.490101873361));
#4586 = PCURVE('',#1360,#4587);
#4587 = DEFINITIONAL_REPRESENTATION('',(#4588),#4595);
#4588 = B_SPLINE_CURVE_WITH_KNOTS('',5,(#4589,#4590,#4591,#4592,#4593,
    #4594),.UNSPECIFIED.,.F.,.F.,(6,6),(1.534730816468,1.978644166538),
  .PIECEWISE_BEZIER_KNOTS.);
#4589 = CARTESIAN_POINT('',(2.320128979865,18.68));
#4590 = CARTESIAN_POINT('',(2.408911649879,18.975276585441));
#4591 = CARTESIAN_POINT('',(2.497694319893,19.271735649027));
#4592 = CARTESIAN_POINT('',(2.586476989907,19.564527529015));
#4593 = CARTESIAN_POINT('',(2.675259659921,19.848766632733));
#4594 = CARTESIAN_POINT('',(2.764042329935,20.12));
#4595 = ( GEOMETRIC_REPRESENTATION_CONTEXT(2) 
PARAMETRIC_REPRESENTATION_CONTEXT() REPRESENTATION_CONTEXT('2D SPACE',''
  ) );
#4596 = PCURVE('',#2890,#4597);
#4597 = DEFINITIONAL_REPRESENTATION('',(#4598),#4602);
#4598 = ELLIPSE('',#4599,4.616880331999,3.2);
#4599 = AXIS2_PLACEMENT_2D('',#4600,#4601);
#4600 = CARTESIAN_POINT('',(-1.421690828604E-15,6.656217980074E-16));
#4601 = DIRECTION('',(-1.,-5.551115123126E-17));
#4602 = ( GEOMETRIC_REPRESENTATION_CONTEXT(2) 
PARAMETRIC_REPRESENTATION_CONTEXT() REPRESENTATION_CONTEXT('2D SPACE',''
  ) );
#4603 = ORIENTED_EDGE('',*,*,#4604,.F.);
#4604 = EDGE_CURVE('',#4605,#4578,#4607,.T.);
#4605 = VERTEX_POINT('',#4606);
#4606 = CARTESIAN_POINT('',(-1.948036572828,-3.234391167708,
    -17.46126931106));
#4607 = SURFACE_CURVE('',#4608,(#4613,#4623),.PCURVE_S1.);
#4608 = ELLIPSE('',#4609,4.616880331999,3.2);
#4609 = AXIS2_PLACEMENT_3D('',#4610,#4611,#4612);
#4610 = CARTESIAN_POINT('',(0.,-2.8,-20.));
#4611 = DIRECTION('',(-0.509705948296,-0.693108716252,-0.509705948296));
#4612 = DIRECTION('',(-0.490101873361,0.720833064902,-0.490101873361));
#4613 = PCURVE('',#1360,#4614);
#4614 = DEFINITIONAL_REPRESENTATION('',(#4615),#4622);
#4615 = B_SPLINE_CURVE_WITH_KNOTS('',5,(#4616,#4617,#4618,#4619,#4620,
    #4621),.UNSPECIFIED.,.F.,.F.,(6,6),(4.450589592586,4.748454490712),
  .PIECEWISE_BEZIER_KNOTS.);
#4616 = CARTESIAN_POINT('',(2.094395102393,19.661349782101));
#4617 = CARTESIAN_POINT('',(2.153968082018,19.469846413295));
#4618 = CARTESIAN_POINT('',(2.213541061644,19.27452195535));
#4619 = CARTESIAN_POINT('',(2.273114041269,19.076792248607));
#4620 = CARTESIAN_POINT('',(2.332687020894,18.878129950423));
#4621 = CARTESIAN_POINT('',(2.39226000052,18.68));
#4622 = ( GEOMETRIC_REPRESENTATION_CONTEXT(2) 
PARAMETRIC_REPRESENTATION_CONTEXT() REPRESENTATION_CONTEXT('2D SPACE',''
  ) );
#4623 = PCURVE('',#2922,#4624);
#4624 = DEFINITIONAL_REPRESENTATION('',(#4625),#4629);
#4625 = ELLIPSE('',#4626,4.616880331999,3.2);
#4626 = AXIS2_PLACEMENT_2D('',#4627,#4628);
#4627 = CARTESIAN_POINT('',(1.803468879687,-7.771561172376E-16));
#4628 = DIRECTION('',(1.,0.));
#4629 = ( GEOMETRIC_REPRESENTATION_CONTEXT(2) 
PARAMETRIC_REPRESENTATION_CONTEXT() REPRESENTATION_CONTEXT('2D SPACE',''
  ) );
#4630 = ORIENTED_EDGE('',*,*,#4631,.F.);
#4631 = EDGE_CURVE('',#4632,#4605,#4634,.T.);
#4632 = VERTEX_POINT('',#4633);
#4633 = CARTESIAN_POINT('',(-1.6,-2.8,-17.22871870789));
#4634 = SURFACE_CURVE('',#4635,(#4640,#4650),.PCURVE_S1.);
#4635 = ELLIPSE('',#4636,4.616880331999,3.2);
#4636 = AXIS2_PLACEMENT_3D('',#4637,#4638,#4639);
#4637 = CARTESIAN_POINT('',(0.,-2.8,-20.));
#4638 = DIRECTION('',(0.624259746093,-0.693108716252,0.360416532451));
#4639 = DIRECTION('',(0.600249755858,0.720833064902,0.346554358126));
#4640 = PCURVE('',#1360,#4641);
#4641 = DEFINITIONAL_REPRESENTATION('',(#4642),#4649);
#4642 = B_SPLINE_CURVE_WITH_KNOTS('',5,(#4643,#4644,#4645,#4646,#4647,
    #4648),.UNSPECIFIED.,.F.,.F.,(6,6),(1.570796326795,1.978644166538),
  .PIECEWISE_BEZIER_KNOTS.);
#4643 = CARTESIAN_POINT('',(2.094395102393,18.8));
#4644 = CARTESIAN_POINT('',(2.175964670342,19.071463522133));
#4645 = CARTESIAN_POINT('',(2.25753423829,19.342927127923));
#4646 = CARTESIAN_POINT('',(2.339103806239,19.610627368241));
#4647 = CARTESIAN_POINT('',(2.420673374188,19.870802847248));
#4648 = CARTESIAN_POINT('',(2.502242942136,20.12));
#4649 = ( GEOMETRIC_REPRESENTATION_CONTEXT(2) 
PARAMETRIC_REPRESENTATION_CONTEXT() REPRESENTATION_CONTEXT('2D SPACE',''
  ) );
#4650 = PCURVE('',#2983,#4651);
#4651 = DEFINITIONAL_REPRESENTATION('',(#4652),#4656);
#4652 = ELLIPSE('',#4653,4.616880331999,3.2);
#4653 = AXIS2_PLACEMENT_2D('',#4654,#4655);
#4654 = CARTESIAN_POINT('',(-1.652364963567E-15,5.764453863871E-16));
#4655 = DIRECTION('',(-1.,0.));
#4656 = ( GEOMETRIC_REPRESENTATION_CONTEXT(2) 
PARAMETRIC_REPRESENTATION_CONTEXT() REPRESENTATION_CONTEXT('2D SPACE',''
  ) );
#4657 = ORIENTED_EDGE('',*,*,#4658,.F.);
#4658 = EDGE_CURVE('',#4659,#4632,#4661,.T.);
#4659 = VERTEX_POINT('',#4660);
#4660 = CARTESIAN_POINT('',(-1.224586983568,-3.234391167708,
    -17.04358549596));
#4661 = SURFACE_CURVE('',#4662,(#4667,#4677),.PCURVE_S1.);
#4662 = ELLIPSE('',#4663,4.616880331999,3.2);
#4663 = AXIS2_PLACEMENT_3D('',#4664,#4665,#4666);
#4664 = CARTESIAN_POINT('',(0.,-2.8,-20.));
#4665 = DIRECTION('',(-0.624259746093,-0.693108716252,-0.360416532451));
#4666 = DIRECTION('',(-0.600249755858,0.720833064902,-0.346554358126));
#4667 = PCURVE('',#1360,#4668);
#4668 = DEFINITIONAL_REPRESENTATION('',(#4669),#4676);
#4669 = B_SPLINE_CURVE_WITH_KNOTS('',5,(#4670,#4671,#4672,#4673,#4674,
    #4675),.UNSPECIFIED.,.F.,.F.,(6,6),(4.304541140642,4.712388980385),
  .PIECEWISE_BEZIER_KNOTS.);
#4670 = CARTESIAN_POINT('',(1.68654726265,20.12));
#4671 = CARTESIAN_POINT('',(1.768116830599,19.870802847248));
#4672 = CARTESIAN_POINT('',(1.849686398547,19.610627368241));
#4673 = CARTESIAN_POINT('',(1.931255966496,19.342927127923));
#4674 = CARTESIAN_POINT('',(2.012825534445,19.071463522133));
#4675 = CARTESIAN_POINT('',(2.094395102393,18.8));
#4676 = ( GEOMETRIC_REPRESENTATION_CONTEXT(2) 
PARAMETRIC_REPRESENTATION_CONTEXT() REPRESENTATION_CONTEXT('2D SPACE',''
  ) );
#4677 = PCURVE('',#3015,#4678);
#4678 = DEFINITIONAL_REPRESENTATION('',(#4679),#4683);
#4679 = ELLIPSE('',#4680,4.616880331999,3.2);
#4680 = AXIS2_PLACEMENT_2D('',#4681,#4682);
#4681 = CARTESIAN_POINT('',(1.803468879687,-3.330669073875E-16));
#4682 = DIRECTION('',(1.,0.));
#4683 = ( GEOMETRIC_REPRESENTATION_CONTEXT(2) 
PARAMETRIC_REPRESENTATION_CONTEXT() REPRESENTATION_CONTEXT('2D SPACE',''
  ) );
#4684 = ORIENTED_EDGE('',*,*,#4685,.F.);
#4685 = EDGE_CURVE('',#4686,#4659,#4688,.T.);
#4686 = VERTEX_POINT('',#4687);
#4687 = CARTESIAN_POINT('',(-0.828220944328,-2.8,-16.90903735587));
#4688 = SURFACE_CURVE('',#4689,(#4694,#4704),.PCURVE_S1.);
#4689 = ELLIPSE('',#4690,4.616880331999,3.2);
#4690 = AXIS2_PLACEMENT_3D('',#4691,#4692,#4693);
#4691 = CARTESIAN_POINT('',(0.,-2.8,-20.));
#4692 = DIRECTION('',(0.696271273832,-0.693108716252,0.186565325536));
#4693 = DIRECTION('',(0.669491609454,0.720833064902,0.179389736093));
#4694 = PCURVE('',#1360,#4695);
#4695 = DEFINITIONAL_REPRESENTATION('',(#4696),#4703);
#4696 = B_SPLINE_CURVE_WITH_KNOTS('',5,(#4697,#4698,#4699,#4700,#4701,
    #4702),.UNSPECIFIED.,.F.,.F.,(6,6),(1.534730816468,1.832595714594),
  .PIECEWISE_BEZIER_KNOTS.);
#4697 = CARTESIAN_POINT('',(1.796530204267,18.68));
#4698 = CARTESIAN_POINT('',(1.856103183892,18.878129950423));
#4699 = CARTESIAN_POINT('',(1.915676163517,19.076792248607));
#4700 = CARTESIAN_POINT('',(1.975249143143,19.27452195535));
#4701 = CARTESIAN_POINT('',(2.034822122768,19.469846413295));
#4702 = CARTESIAN_POINT('',(2.094395102393,19.661349782101));
#4703 = ( GEOMETRIC_REPRESENTATION_CONTEXT(2) 
PARAMETRIC_REPRESENTATION_CONTEXT() REPRESENTATION_CONTEXT('2D SPACE',''
  ) );
#4704 = PCURVE('',#3076,#4705);
#4705 = DEFINITIONAL_REPRESENTATION('',(#4706),#4710);
#4706 = ELLIPSE('',#4707,4.616880331999,3.2);
#4707 = AXIS2_PLACEMENT_2D('',#4708,#4709);
#4708 = CARTESIAN_POINT('',(-1.821230150352E-15,3.328108990037E-16));
#4709 = DIRECTION('',(-1.,0.));
#4710 = ( GEOMETRIC_REPRESENTATION_CONTEXT(2) 
PARAMETRIC_REPRESENTATION_CONTEXT() REPRESENTATION_CONTEXT('2D SPACE',''
  ) );
#4711 = ORIENTED_EDGE('',*,*,#4712,.F.);
#4712 = EDGE_CURVE('',#4713,#4686,#4715,.T.);
#4713 = VERTEX_POINT('',#4714);
#4714 = CARTESIAN_POINT('',(-0.417683815104,-3.234391167708,
    -16.8273764436));
#4715 = SURFACE_CURVE('',#4716,(#4721,#4731),.PCURVE_S1.);
#4716 = ELLIPSE('',#4717,4.616880331999,3.2);
#4717 = AXIS2_PLACEMENT_3D('',#4718,#4719,#4720);
#4718 = CARTESIAN_POINT('',(0.,-2.8,-20.));
#4719 = DIRECTION('',(-0.696271273832,-0.693108716252,-0.186565325536));
#4720 = DIRECTION('',(-0.669491609454,0.720833064902,-0.179389736093));
#4721 = PCURVE('',#1360,#4722);
#4722 = DEFINITIONAL_REPRESENTATION('',(#4723),#4730);
#4723 = B_SPLINE_CURVE_WITH_KNOTS('',5,(#4724,#4725,#4726,#4727,#4728,
    #4729),.UNSPECIFIED.,.F.,.F.,(6,6),(4.304541140642,4.748454490712),
  .PIECEWISE_BEZIER_KNOTS.);
#4724 = CARTESIAN_POINT('',(1.424747874851,20.12));
#4725 = CARTESIAN_POINT('',(1.513530544865,19.848766632733));
#4726 = CARTESIAN_POINT('',(1.602313214879,19.564527529015));
#4727 = CARTESIAN_POINT('',(1.691095884893,19.271735649027));
#4728 = CARTESIAN_POINT('',(1.779878554907,18.975276585441));
#4729 = CARTESIAN_POINT('',(1.868661224921,18.68));
#4730 = ( GEOMETRIC_REPRESENTATION_CONTEXT(2) 
PARAMETRIC_REPRESENTATION_CONTEXT() REPRESENTATION_CONTEXT('2D SPACE',''
  ) );
#4731 = PCURVE('',#3108,#4732);
#4732 = DEFINITIONAL_REPRESENTATION('',(#4733),#4737);
#4733 = ELLIPSE('',#4734,4.616880331999,3.2);
#4734 = AXIS2_PLACEMENT_2D('',#4735,#4736);
#4735 = CARTESIAN_POINT('',(1.803468879687,1.665334536938E-16));
#4736 = DIRECTION('',(1.,-2.775557561563E-17));
#4737 = ( GEOMETRIC_REPRESENTATION_CONTEXT(2) 
PARAMETRIC_REPRESENTATION_CONTEXT() REPRESENTATION_CONTEXT('2D SPACE',''
  ) );
#4738 = ORIENTED_EDGE('',*,*,#4739,.F.);
#4739 = EDGE_CURVE('',#4740,#4713,#4742,.T.);
#4740 = VERTEX_POINT('',#4741);
#4741 = CARTESIAN_POINT('',(3.552713678801E-16,-2.8,-16.8));
#4742 = SURFACE_CURVE('',#4743,(#4748,#4758),.PCURVE_S1.);
#4743 = ELLIPSE('',#4744,4.616880331999,3.2);
#4744 = AXIS2_PLACEMENT_3D('',#4745,#4746,#4747);
#4745 = CARTESIAN_POINT('',(0.,-2.8,-20.));
#4746 = DIRECTION('',(0.720833064902,-0.693108716252,-3.078021021404E-18
    ));
#4747 = DIRECTION('',(0.693108716252,0.720833064902,-1.569790720916E-16)
  );
#4748 = PCURVE('',#1360,#4749);
#4749 = DEFINITIONAL_REPRESENTATION('',(#4750),#4757);
#4750 = B_SPLINE_CURVE_WITH_KNOTS('',5,(#4751,#4752,#4753,#4754,#4755,
    #4756),.UNSPECIFIED.,.F.,.F.,(6,6),(1.534730816468,1.978644166538),
  .PIECEWISE_BEZIER_KNOTS.);
#4751 = CARTESIAN_POINT('',(1.534730816468,18.68));
#4752 = CARTESIAN_POINT('',(1.623513486482,18.975276585441));
#4753 = CARTESIAN_POINT('',(1.712296156496,19.271735649027));
#4754 = CARTESIAN_POINT('',(1.80107882651,19.564527529015));
#4755 = CARTESIAN_POINT('',(1.889861496524,19.848766632733));
#4756 = CARTESIAN_POINT('',(1.978644166538,20.12));
#4757 = ( GEOMETRIC_REPRESENTATION_CONTEXT(2) 
PARAMETRIC_REPRESENTATION_CONTEXT() REPRESENTATION_CONTEXT('2D SPACE',''
  ) );
#4758 = PCURVE('',#3169,#4759);
#4759 = DEFINITIONAL_REPRESENTATION('',(#4760),#4764);
#4760 = ELLIPSE('',#4761,4.616880331999,3.2);
#4761 = AXIS2_PLACEMENT_2D('',#4762,#4763);
#4762 = CARTESIAN_POINT('',(-1.88303909853E-15,-2.95709148897E-31));
#4763 = DIRECTION('',(-1.,0.));
#4764 = ( GEOMETRIC_REPRESENTATION_CONTEXT(2) 
PARAMETRIC_REPRESENTATION_CONTEXT() REPRESENTATION_CONTEXT('2D SPACE',''
  ) );
#4765 = ORIENTED_EDGE('',*,*,#4766,.F.);
#4766 = EDGE_CURVE('',#4767,#4740,#4769,.T.);
#4767 = VERTEX_POINT('',#4768);
#4768 = CARTESIAN_POINT('',(0.417683815104,-3.234391167708,
    -16.8273764436));
#4769 = SURFACE_CURVE('',#4770,(#4775,#4785),.PCURVE_S1.);
#4770 = ELLIPSE('',#4771,4.616880331999,3.2);
#4771 = AXIS2_PLACEMENT_3D('',#4772,#4773,#4774);
#4772 = CARTESIAN_POINT('',(0.,-2.8,-20.));
#4773 = DIRECTION('',(-0.720833064902,-0.693108716252,1.569790720916E-16
    ));
#4774 = DIRECTION('',(-0.693108716252,0.720833064902,-3.078021021404E-18
    ));
#4775 = PCURVE('',#1360,#4776);
#4776 = DEFINITIONAL_REPRESENTATION('',(#4777),#4784);
#4777 = B_SPLINE_CURVE_WITH_KNOTS('',5,(#4778,#4779,#4780,#4781,#4782,
    #4783),.UNSPECIFIED.,.F.,.F.,(6,6),(4.304541140642,4.748454490712),
  .PIECEWISE_BEZIER_KNOTS.);
#4778 = CARTESIAN_POINT('',(1.162948487052,20.12));
#4779 = CARTESIAN_POINT('',(1.251731157066,19.848766632733));
#4780 = CARTESIAN_POINT('',(1.34051382708,19.564527529015));
#4781 = CARTESIAN_POINT('',(1.429296497094,19.271735649027));
#4782 = CARTESIAN_POINT('',(1.518079167108,18.975276585441));
#4783 = CARTESIAN_POINT('',(1.606861837122,18.68));
#4784 = ( GEOMETRIC_REPRESENTATION_CONTEXT(2) 
PARAMETRIC_REPRESENTATION_CONTEXT() REPRESENTATION_CONTEXT('2D SPACE',''
  ) );
#4785 = PCURVE('',#3292,#4786);
#4786 = DEFINITIONAL_REPRESENTATION('',(#4787),#4791);
#4787 = ELLIPSE('',#4788,4.616880331999,3.2);
#4788 = AXIS2_PLACEMENT_2D('',#4789,#4790);
#4789 = CARTESIAN_POINT('',(1.803468879687,-5.551115123126E-18));
#4790 = DIRECTION('',(1.,0.));
#4791 = ( GEOMETRIC_REPRESENTATION_CONTEXT(2) 
PARAMETRIC_REPRESENTATION_CONTEXT() REPRESENTATION_CONTEXT('2D SPACE',''
  ) );
#4792 = ORIENTED_EDGE('',*,*,#4793,.F.);
#4793 = EDGE_CURVE('',#4794,#4767,#4796,.T.);
#4794 = VERTEX_POINT('',#4795);
#4795 = CARTESIAN_POINT('',(0.828220944328,-2.8,-16.90903735587));
#4796 = SURFACE_CURVE('',#4797,(#4802,#4812),.PCURVE_S1.);
#4797 = ELLIPSE('',#4798,4.616880331999,3.2);
#4798 = AXIS2_PLACEMENT_3D('',#4799,#4800,#4801);
#4799 = CARTESIAN_POINT('',(0.,-2.8,-20.));
#4800 = DIRECTION('',(0.696271273832,-0.693108716252,-0.186565325536));
#4801 = DIRECTION('',(0.669491609454,0.720833064902,-0.179389736093));
#4802 = PCURVE('',#1360,#4803);
#4803 = DEFINITIONAL_REPRESENTATION('',(#4804),#4811);
#4804 = B_SPLINE_CURVE_WITH_KNOTS('',5,(#4805,#4806,#4807,#4808,#4809,
    #4810),.UNSPECIFIED.,.F.,.F.,(6,6),(1.534730816468,1.978644166538),
  .PIECEWISE_BEZIER_KNOTS.);
#4805 = CARTESIAN_POINT('',(1.272931428669,18.68));
#4806 = CARTESIAN_POINT('',(1.361714098683,18.975276585441));
#4807 = CARTESIAN_POINT('',(1.450496768697,19.271735649027));
#4808 = CARTESIAN_POINT('',(1.539279438711,19.564527529015));
#4809 = CARTESIAN_POINT('',(1.628062108725,19.848766632733));
#4810 = CARTESIAN_POINT('',(1.716844778739,20.12));
#4811 = ( GEOMETRIC_REPRESENTATION_CONTEXT(2) 
PARAMETRIC_REPRESENTATION_CONTEXT() REPRESENTATION_CONTEXT('2D SPACE',''
  ) );
#4812 = PCURVE('',#3353,#4813);
#4813 = DEFINITIONAL_REPRESENTATION('',(#4814),#4818);
#4814 = ELLIPSE('',#4815,4.616880331999,3.2);
#4815 = AXIS2_PLACEMENT_2D('',#4816,#4817);
#4816 = CARTESIAN_POINT('',(-1.821230150352E-15,-3.328108990037E-16));
#4817 = DIRECTION('',(-1.,-2.775557561563E-17));
#4818 = ( GEOMETRIC_REPRESENTATION_CONTEXT(2) 
PARAMETRIC_REPRESENTATION_CONTEXT() REPRESENTATION_CONTEXT('2D SPACE',''
  ) );
#4819 = ORIENTED_EDGE('',*,*,#4820,.F.);
#4820 = EDGE_CURVE('',#4821,#4794,#4823,.T.);
#4821 = VERTEX_POINT('',#4822);
#4822 = CARTESIAN_POINT('',(1.224586983568,-3.234391167708,
    -17.04358549596));
#4823 = SURFACE_CURVE('',#4824,(#4829,#4839),.PCURVE_S1.);
#4824 = ELLIPSE('',#4825,4.616880331999,3.2);
#4825 = AXIS2_PLACEMENT_3D('',#4826,#4827,#4828);
#4826 = CARTESIAN_POINT('',(0.,-2.8,-20.));
#4827 = DIRECTION('',(-0.696271273832,-0.693108716252,0.186565325536));
#4828 = DIRECTION('',(-0.669491609454,0.720833064902,0.179389736093));
#4829 = PCURVE('',#1360,#4830);
#4830 = DEFINITIONAL_REPRESENTATION('',(#4831),#4838);
#4831 = B_SPLINE_CURVE_WITH_KNOTS('',5,(#4832,#4833,#4834,#4835,#4836,
    #4837),.UNSPECIFIED.,.F.,.F.,(6,6),(4.304541140642,4.748454490712),
  .PIECEWISE_BEZIER_KNOTS.);
#4832 = CARTESIAN_POINT('',(0.901149099253,20.12));
#4833 = CARTESIAN_POINT('',(0.989931769267,19.848766632733));
#4834 = CARTESIAN_POINT('',(1.078714439281,19.564527529015));
#4835 = CARTESIAN_POINT('',(1.167497109295,19.271735649027));
#4836 = CARTESIAN_POINT('',(1.256279779309,18.975276585441));
#4837 = CARTESIAN_POINT('',(1.345062449323,18.68));
#4838 = ( GEOMETRIC_REPRESENTATION_CONTEXT(2) 
PARAMETRIC_REPRESENTATION_CONTEXT() REPRESENTATION_CONTEXT('2D SPACE',''
  ) );
#4839 = PCURVE('',#3385,#4840);
#4840 = DEFINITIONAL_REPRESENTATION('',(#4841),#4845);
#4841 = ELLIPSE('',#4842,4.616880331999,3.2);
#4842 = AXIS2_PLACEMENT_2D('',#4843,#4844);
#4843 = CARTESIAN_POINT('',(1.803468879687,-4.996003610813E-16));
#4844 = DIRECTION('',(1.,0.));
#4845 = ( GEOMETRIC_REPRESENTATION_CONTEXT(2) 
PARAMETRIC_REPRESENTATION_CONTEXT() REPRESENTATION_CONTEXT('2D SPACE',''
  ) );
#4846 = ORIENTED_EDGE('',*,*,#4847,.F.);
#4847 = EDGE_CURVE('',#4848,#4821,#4850,.T.);
#4848 = VERTEX_POINT('',#4849);
#4849 = CARTESIAN_POINT('',(1.6,-2.8,-17.22871870789));
#4850 = SURFACE_CURVE('',#4851,(#4856,#4866),.PCURVE_S1.);
#4851 = ELLIPSE('',#4852,4.616880331999,3.2);
#4852 = AXIS2_PLACEMENT_3D('',#4853,#4854,#4855);
#4853 = CARTESIAN_POINT('',(0.,-2.8,-20.));
#4854 = DIRECTION('',(0.624259746093,-0.693108716252,-0.360416532451));
#4855 = DIRECTION('',(0.600249755858,0.720833064902,-0.346554358126));
#4856 = PCURVE('',#1360,#4857);
#4857 = DEFINITIONAL_REPRESENTATION('',(#4858),#4865);
#4858 = B_SPLINE_CURVE_WITH_KNOTS('',5,(#4859,#4860,#4861,#4862,#4863,
    #4864),.UNSPECIFIED.,.F.,.F.,(6,6),(1.534730816468,1.978644166538),
  .PIECEWISE_BEZIER_KNOTS.);
#4859 = CARTESIAN_POINT('',(1.011132040869,18.68));
#4860 = CARTESIAN_POINT('',(1.099914710883,18.975276585441));
#4861 = CARTESIAN_POINT('',(1.188697380897,19.271735649027));
#4862 = CARTESIAN_POINT('',(1.277480050911,19.564527529015));
#4863 = CARTESIAN_POINT('',(1.366262720926,19.848766632733));
#4864 = CARTESIAN_POINT('',(1.45504539094,20.12));
#4865 = ( GEOMETRIC_REPRESENTATION_CONTEXT(2) 
PARAMETRIC_REPRESENTATION_CONTEXT() REPRESENTATION_CONTEXT('2D SPACE',''
  ) );
#4866 = PCURVE('',#3446,#4867);
#4867 = DEFINITIONAL_REPRESENTATION('',(#4868),#4872);
#4868 = ELLIPSE('',#4869,4.616880331999,3.2);
#4869 = AXIS2_PLACEMENT_2D('',#4870,#4871);
#4870 = CARTESIAN_POINT('',(-1.652364963567E-15,-5.764453863871E-16));
#4871 = DIRECTION('',(-1.,5.551115123126E-17));
#4872 = ( GEOMETRIC_REPRESENTATION_CONTEXT(2) 
PARAMETRIC_REPRESENTATION_CONTEXT() REPRESENTATION_CONTEXT('2D SPACE',''
  ) );
#4873 = ORIENTED_EDGE('',*,*,#4874,.F.);
#4874 = EDGE_CURVE('',#4875,#4848,#4877,.T.);
#4875 = VERTEX_POINT('',#4876);
#4876 = CARTESIAN_POINT('',(1.948036572828,-3.234391167708,
    -17.46126931106));
#4877 = SURFACE_CURVE('',#4878,(#4883,#4893),.PCURVE_S1.);
#4878 = ELLIPSE('',#4879,4.616880331999,3.2);
#4879 = AXIS2_PLACEMENT_3D('',#4880,#4881,#4882);
#4880 = CARTESIAN_POINT('',(0.,-2.8,-20.));
#4881 = DIRECTION('',(-0.624259746093,-0.693108716252,0.360416532451));
#4882 = DIRECTION('',(-0.600249755858,0.720833064902,0.346554358126));
#4883 = PCURVE('',#1360,#4884);
#4884 = DEFINITIONAL_REPRESENTATION('',(#4885),#4892);
#4885 = B_SPLINE_CURVE_WITH_KNOTS('',5,(#4886,#4887,#4888,#4889,#4890,
    #4891),.UNSPECIFIED.,.F.,.F.,(6,6),(4.304541140642,4.748454490712),
  .PIECEWISE_BEZIER_KNOTS.);
#4886 = CARTESIAN_POINT('',(0.639349711454,20.12));
#4887 = CARTESIAN_POINT('',(0.728132381468,19.848766632733));
#4888 = CARTESIAN_POINT('',(0.816915051482,19.564527529015));
#4889 = CARTESIAN_POINT('',(0.905697721496,19.271735649027));
#4890 = CARTESIAN_POINT('',(0.99448039151,18.975276585441));
#4891 = CARTESIAN_POINT('',(1.083263061524,18.68));
#4892 = ( GEOMETRIC_REPRESENTATION_CONTEXT(2) 
PARAMETRIC_REPRESENTATION_CONTEXT() REPRESENTATION_CONTEXT('2D SPACE',''
  ) );
#4893 = PCURVE('',#3478,#4894);
#4894 = DEFINITIONAL_REPRESENTATION('',(#4895),#4899);
#4895 = ELLIPSE('',#4896,4.616880331999,3.2);
#4896 = AXIS2_PLACEMENT_2D('',#4897,#4898);
#4897 = CARTESIAN_POINT('',(1.803468879687,6.661338147751E-16));
#4898 = DIRECTION('',(1.,0.));
#4899 = ( GEOMETRIC_REPRESENTATION_CONTEXT(2) 
PARAMETRIC_REPRESENTATION_CONTEXT() REPRESENTATION_CONTEXT('2D SPACE',''
  ) );
#4900 = ORIENTED_EDGE('',*,*,#4901,.F.);
#4901 = EDGE_CURVE('',#4902,#4875,#4904,.T.);
#4902 = VERTEX_POINT('',#4903);
#4903 = CARTESIAN_POINT('',(2.262741699797,-2.8,-17.7372583002));
#4904 = SURFACE_CURVE('',#4905,(#4910,#4920),.PCURVE_S1.);
#4905 = ELLIPSE('',#4906,4.616880331999,3.2);
#4906 = AXIS2_PLACEMENT_3D('',#4907,#4908,#4909);
#4907 = CARTESIAN_POINT('',(0.,-2.8,-20.));
#4908 = DIRECTION('',(0.509705948296,-0.693108716252,-0.509705948296));
#4909 = DIRECTION('',(0.490101873361,0.720833064902,-0.490101873361));
#4910 = PCURVE('',#1360,#4911);
#4911 = DEFINITIONAL_REPRESENTATION('',(#4912),#4919);
#4912 = B_SPLINE_CURVE_WITH_KNOTS('',5,(#4913,#4914,#4915,#4916,#4917,
    #4918),.UNSPECIFIED.,.F.,.F.,(6,6),(1.534730816468,1.978644166538),
  .PIECEWISE_BEZIER_KNOTS.);
#4913 = CARTESIAN_POINT('',(0.74933265307,18.68));
#4914 = CARTESIAN_POINT('',(0.838115323084,18.975276585441));
#4915 = CARTESIAN_POINT('',(0.926897993098,19.271735649027));
#4916 = CARTESIAN_POINT('',(1.015680663112,19.564527529015));
#4917 = CARTESIAN_POINT('',(1.104463333126,19.848766632733));
#4918 = CARTESIAN_POINT('',(1.19324600314,20.12));
#4919 = ( GEOMETRIC_REPRESENTATION_CONTEXT(2) 
PARAMETRIC_REPRESENTATION_CONTEXT() REPRESENTATION_CONTEXT('2D SPACE',''
  ) );
#4920 = PCURVE('',#3539,#4921);
#4921 = DEFINITIONAL_REPRESENTATION('',(#4922),#4926);
#4922 = ELLIPSE('',#4923,4.616880331999,3.2);
#4923 = AXIS2_PLACEMENT_2D('',#4924,#4925);
#4924 = CARTESIAN_POINT('',(-1.421690828604E-15,-6.656217980074E-16));
#4925 = DIRECTION('',(-1.,-1.110223024625E-16));
#4926 = ( GEOMETRIC_REPRESENTATION_CONTEXT(2) 
PARAMETRIC_REPRESENTATION_CONTEXT() REPRESENTATION_CONTEXT('2D SPACE',''
  ) );
#4927 = ORIENTED_EDGE('',*,*,#4928,.F.);
#4928 = EDGE_CURVE('',#4929,#4902,#4931,.T.);
#4929 = VERTEX_POINT('',#4930);
#4930 = CARTESIAN_POINT('',(2.538730688932,-3.234391167708,
    -18.05196342717));
#4931 = SURFACE_CURVE('',#4932,(#4937,#4947),.PCURVE_S1.);
#4932 = ELLIPSE('',#4933,4.616880331999,3.2);
#4933 = AXIS2_PLACEMENT_3D('',#4934,#4935,#4936);
#4934 = CARTESIAN_POINT('',(0.,-2.8,-20.));
#4935 = DIRECTION('',(-0.509705948296,-0.693108716252,0.509705948296));
#4936 = DIRECTION('',(-0.490101873361,0.720833064902,0.490101873361));
#4937 = PCURVE('',#1360,#4938);
#4938 = DEFINITIONAL_REPRESENTATION('',(#4939),#4946);
#4939 = B_SPLINE_CURVE_WITH_KNOTS('',5,(#4940,#4941,#4942,#4943,#4944,
    #4945),.UNSPECIFIED.,.F.,.F.,(6,6),(4.304541140642,4.748454490712),
  .PIECEWISE_BEZIER_KNOTS.);
#4940 = CARTESIAN_POINT('',(0.377550323654,20.12));
#4941 = CARTESIAN_POINT('',(0.466332993669,19.848766632733));
#4942 = CARTESIAN_POINT('',(0.555115663683,19.564527529014));
#4943 = CARTESIAN_POINT('',(0.643898333697,19.271735649027));
#4944 = CARTESIAN_POINT('',(0.732681003711,18.975276585441));
#4945 = CARTESIAN_POINT('',(0.821463673725,18.68));
#4946 = ( GEOMETRIC_REPRESENTATION_CONTEXT(2) 
PARAMETRIC_REPRESENTATION_CONTEXT() REPRESENTATION_CONTEXT('2D SPACE',''
  ) );
#4947 = PCURVE('',#3571,#4948);
#4948 = DEFINITIONAL_REPRESENTATION('',(#4949),#4953);
#4949 = ELLIPSE('',#4950,4.616880331999,3.2);
#4950 = AXIS2_PLACEMENT_2D('',#4951,#4952);
#4951 = CARTESIAN_POINT('',(1.803468879687,5.551115123126E-16));
#4952 = DIRECTION('',(1.,0.));
#4953 = ( GEOMETRIC_REPRESENTATION_CONTEXT(2) 
PARAMETRIC_REPRESENTATION_CONTEXT() REPRESENTATION_CONTEXT('2D SPACE',''
  ) );
#4954 = ORIENTED_EDGE('',*,*,#4955,.F.);
#4955 = EDGE_CURVE('',#4956,#4929,#4958,.T.);
#4956 = VERTEX_POINT('',#4957);
#4957 = CARTESIAN_POINT('',(2.77128129211,-2.8,-18.4));
#4958 = SURFACE_CURVE('',#4959,(#4964,#4974),.PCURVE_S1.);
#4959 = ELLIPSE('',#4960,4.616880331999,3.2);
#4960 = AXIS2_PLACEMENT_3D('',#4961,#4962,#4963);
#4961 = CARTESIAN_POINT('',(0.,-2.8,-20.));
#4962 = DIRECTION('',(0.360416532451,-0.693108716252,-0.624259746093));
#4963 = DIRECTION('',(0.346554358126,0.720833064902,-0.600249755858));
#4964 = PCURVE('',#1360,#4965);
#4965 = DEFINITIONAL_REPRESENTATION('',(#4966),#4973);
#4966 = B_SPLINE_CURVE_WITH_KNOTS('',5,(#4967,#4968,#4969,#4970,#4971,
    #4972),.UNSPECIFIED.,.F.,.F.,(6,6),(1.534730816468,1.978644166538),
  .PIECEWISE_BEZIER_KNOTS.);
#4967 = CARTESIAN_POINT('',(0.487533265271,18.68));
#4968 = CARTESIAN_POINT('',(0.576315935285,18.975276585441));
#4969 = CARTESIAN_POINT('',(0.665098605299,19.271735649027));
#4970 = CARTESIAN_POINT('',(0.753881275313,19.564527529015));
#4971 = CARTESIAN_POINT('',(0.842663945327,19.848766632733));
#4972 = CARTESIAN_POINT('',(0.931446615341,20.12));
#4973 = ( GEOMETRIC_REPRESENTATION_CONTEXT(2) 
PARAMETRIC_REPRESENTATION_CONTEXT() REPRESENTATION_CONTEXT('2D SPACE',''
  ) );
#4974 = PCURVE('',#3632,#4975);
#4975 = DEFINITIONAL_REPRESENTATION('',(#4976),#4980);
#4976 = ELLIPSE('',#4977,4.616880331999,3.2);
#4977 = AXIS2_PLACEMENT_2D('',#4978,#4979);
#4978 = CARTESIAN_POINT('',(-1.191016693641E-15,-5.764453863871E-16));
#4979 = DIRECTION('',(-1.,-5.551115123126E-17));
#4980 = ( GEOMETRIC_REPRESENTATION_CONTEXT(2) 
PARAMETRIC_REPRESENTATION_CONTEXT() REPRESENTATION_CONTEXT('2D SPACE',''
  ) );
#4981 = ORIENTED_EDGE('',*,*,#4982,.F.);
#4982 = EDGE_CURVE('',#4983,#4956,#4985,.T.);
#4983 = VERTEX_POINT('',#4984);
#4984 = CARTESIAN_POINT('',(2.956414504036,-3.234391167708,
    -18.77541301643));
#4985 = SURFACE_CURVE('',#4986,(#4991,#5001),.PCURVE_S1.);
#4986 = ELLIPSE('',#4987,4.616880331999,3.2);
#4987 = AXIS2_PLACEMENT_3D('',#4988,#4989,#4990);
#4988 = CARTESIAN_POINT('',(0.,-2.8,-20.));
#4989 = DIRECTION('',(-0.360416532451,-0.693108716252,0.624259746093));
#4990 = DIRECTION('',(-0.346554358126,0.720833064902,0.600249755858));
#4991 = PCURVE('',#1360,#4992);
#4992 = DEFINITIONAL_REPRESENTATION('',(#4993),#5000);
#4993 = B_SPLINE_CURVE_WITH_KNOTS('',5,(#4994,#4995,#4996,#4997,#4998,
    #4999),.UNSPECIFIED.,.F.,.F.,(6,6),(4.304541140642,4.748454490712),
  .PIECEWISE_BEZIER_KNOTS.);
#4994 = CARTESIAN_POINT('',(0.115750935855,20.12));
#4995 = CARTESIAN_POINT('',(0.204533605869,19.848766632733));
#4996 = CARTESIAN_POINT('',(0.293316275883,19.564527529015));
#4997 = CARTESIAN_POINT('',(0.382098945897,19.271735649027));
#4998 = CARTESIAN_POINT('',(0.470881615911,18.975276585441));
#4999 = CARTESIAN_POINT('',(0.559664285926,18.68));
#5000 = ( GEOMETRIC_REPRESENTATION_CONTEXT(2) 
PARAMETRIC_REPRESENTATION_CONTEXT() REPRESENTATION_CONTEXT('2D SPACE',''
  ) );
#5001 = PCURVE('',#3664,#5002);
#5002 = DEFINITIONAL_REPRESENTATION('',(#5003),#5007);
#5003 = ELLIPSE('',#5004,4.616880331999,3.2);
#5004 = AXIS2_PLACEMENT_2D('',#5005,#5006);
#5005 = CARTESIAN_POINT('',(1.803468879687,-3.330669073875E-16));
#5006 = DIRECTION('',(1.,0.));
#5007 = ( GEOMETRIC_REPRESENTATION_CONTEXT(2) 
PARAMETRIC_REPRESENTATION_CONTEXT() REPRESENTATION_CONTEXT('2D SPACE',''
  ) );
#5008 = ORIENTED_EDGE('',*,*,#5009,.F.);
#5009 = EDGE_CURVE('',#5010,#4983,#5012,.T.);
#5010 = VERTEX_POINT('',#5011);
#5011 = CARTESIAN_POINT('',(3.090962644125,-2.8,-19.17177905567));
#5012 = SURFACE_CURVE('',#5013,(#5018,#5028),.PCURVE_S1.);
#5013 = ELLIPSE('',#5014,4.616880331999,3.2);
#5014 = AXIS2_PLACEMENT_3D('',#5015,#5016,#5017);
#5015 = CARTESIAN_POINT('',(0.,-2.8,-20.));
#5016 = DIRECTION('',(0.186565325536,-0.693108716252,-0.696271273832));
#5017 = DIRECTION('',(0.179389736093,0.720833064902,-0.669491609454));
#5018 = PCURVE('',#1360,#5019);
#5019 = DEFINITIONAL_REPRESENTATION('',(#5020),#5027);
#5020 = B_SPLINE_CURVE_WITH_KNOTS('',5,(#5021,#5022,#5023,#5024,#5025,
    #5026),.UNSPECIFIED.,.F.,.F.,(6,6),(1.534730816468,1.978644166538),
  .PIECEWISE_BEZIER_KNOTS.);
#5021 = CARTESIAN_POINT('',(0.225733877472,18.68));
#5022 = CARTESIAN_POINT('',(0.314516547486,18.975276585441));
#5023 = CARTESIAN_POINT('',(0.4032992175,19.271735649027));
#5024 = CARTESIAN_POINT('',(0.492081887514,19.564527529015));
#5025 = CARTESIAN_POINT('',(0.580864557528,19.848766632733));
#5026 = CARTESIAN_POINT('',(0.669647227542,20.12));
#5027 = ( GEOMETRIC_REPRESENTATION_CONTEXT(2) 
PARAMETRIC_REPRESENTATION_CONTEXT() REPRESENTATION_CONTEXT('2D SPACE',''
  ) );
#5028 = PCURVE('',#3725,#5029);
#5029 = DEFINITIONAL_REPRESENTATION('',(#5030),#5034);
#5030 = ELLIPSE('',#5031,4.616880331999,3.2);
#5031 = AXIS2_PLACEMENT_2D('',#5032,#5033);
#5032 = CARTESIAN_POINT('',(-1.022151506856E-15,-3.328108990037E-16));
#5033 = DIRECTION('',(-1.,-2.775557561563E-17));
#5034 = ( GEOMETRIC_REPRESENTATION_CONTEXT(2) 
PARAMETRIC_REPRESENTATION_CONTEXT() REPRESENTATION_CONTEXT('2D SPACE',''
  ) );
#5035 = ORIENTED_EDGE('',*,*,#5036,.F.);
#5036 = EDGE_CURVE('',#5037,#5010,#5039,.T.);
#5037 = VERTEX_POINT('',#5038);
#5038 = CARTESIAN_POINT('',(3.172623556396,-3.234391167708,
    -19.58231618489));
#5039 = SURFACE_CURVE('',#5040,(#5045,#5055),.PCURVE_S1.);
#5040 = ELLIPSE('',#5041,4.616880331999,3.2);
#5041 = AXIS2_PLACEMENT_3D('',#5042,#5043,#5044);
#5042 = CARTESIAN_POINT('',(0.,-2.8,-20.));
#5043 = DIRECTION('',(-0.186565325536,-0.693108716252,0.696271273832));
#5044 = DIRECTION('',(-0.179389736093,0.720833064902,0.669491609454));
#5045 = PCURVE('',#1360,#5046);
#5046 = DEFINITIONAL_REPRESENTATION('',(#5047),#5054);
#5047 = B_SPLINE_CURVE_WITH_KNOTS('',5,(#5048,#5049,#5050,#5051,#5052,
    #5053),.UNSPECIFIED.,.F.,.F.,(6,6),(4.450589592586,4.748454490712),
  .PIECEWISE_BEZIER_KNOTS.);
#5048 = CARTESIAN_POINT('',(-8.881784197001E-16,19.661349782101));
#5049 = CARTESIAN_POINT('',(5.957297962527E-02,19.469846413295));
#5050 = CARTESIAN_POINT('',(0.119145959251,19.27452195535));
#5051 = CARTESIAN_POINT('',(0.178718938876,19.076792248607));
#5052 = CARTESIAN_POINT('',(0.238291918501,18.878129950423));
#5053 = CARTESIAN_POINT('',(0.297864898126,18.68));
#5054 = ( GEOMETRIC_REPRESENTATION_CONTEXT(2) 
PARAMETRIC_REPRESENTATION_CONTEXT() REPRESENTATION_CONTEXT('2D SPACE',''
  ) );
#5055 = PCURVE('',#3755,#5056);
#5056 = DEFINITIONAL_REPRESENTATION('',(#5057),#5061);
#5057 = ELLIPSE('',#5058,4.616880331999,3.2);
#5058 = AXIS2_PLACEMENT_2D('',#5059,#5060);
#5059 = CARTESIAN_POINT('',(1.803468879687,0.));
#5060 = DIRECTION('',(1.,-2.775557561563E-17));
#5061 = ( GEOMETRIC_REPRESENTATION_CONTEXT(2) 
PARAMETRIC_REPRESENTATION_CONTEXT() REPRESENTATION_CONTEXT('2D SPACE',''
  ) );
#5062 = ORIENTED_EDGE('',*,*,#5063,.F.);
#5063 = EDGE_CURVE('',#3772,#5037,#5064,.T.);
#5064 = SURFACE_CURVE('',#5065,(#5070,#5080),.PCURVE_S1.);
#5065 = ELLIPSE('',#5066,4.616880331999,3.2);
#5066 = AXIS2_PLACEMENT_3D('',#5067,#5068,#5069);
#5067 = CARTESIAN_POINT('',(0.,-2.8,-20.));
#5068 = DIRECTION('',(0.,-0.693108716252,-0.720833064902));
#5069 = DIRECTION('',(0.,0.720833064902,-0.693108716252));
#5070 = PCURVE('',#1360,#5071);
#5071 = DEFINITIONAL_REPRESENTATION('',(#5072),#5079);
#5072 = B_SPLINE_CURVE_WITH_KNOTS('',5,(#5073,#5074,#5075,#5076,#5077,
    #5078),.UNSPECIFIED.,.F.,.F.,(6,6),(1.570796326795,1.978644166538),
  .PIECEWISE_BEZIER_KNOTS.);
#5073 = CARTESIAN_POINT('',(0.,18.8));
#5074 = CARTESIAN_POINT('',(8.156956794859E-02,19.071463522133));
#5075 = CARTESIAN_POINT('',(0.163139135897,19.342927127923));
#5076 = CARTESIAN_POINT('',(0.244708703846,19.610627368241));
#5077 = CARTESIAN_POINT('',(0.326278271794,19.870802847248));
#5078 = CARTESIAN_POINT('',(0.407847839743,20.12));
#5079 = ( GEOMETRIC_REPRESENTATION_CONTEXT(2) 
PARAMETRIC_REPRESENTATION_CONTEXT() REPRESENTATION_CONTEXT('2D SPACE',''
  ) );
#5080 = PCURVE('',#3255,#5081);
#5081 = DEFINITIONAL_REPRESENTATION('',(#5082),#5086);
#5082 = ELLIPSE('',#5083,4.616880331999,3.2);
#5083 = AXIS2_PLACEMENT_2D('',#5084,#5085);
#5084 = CARTESIAN_POINT('',(-9.603425586782E-16,0.));
#5085 = DIRECTION('',(-1.,0.));
#5086 = ( GEOMETRIC_REPRESENTATION_CONTEXT(2) 
PARAMETRIC_REPRESENTATION_CONTEXT() REPRESENTATION_CONTEXT('2D SPACE',''
  ) );
#5087 = ORIENTED_EDGE('',*,*,#3771,.T.);
#5088 = ADVANCED_FACE('',(#5089),#3169,.T.);
#5089 = FACE_BOUND('',#5090,.T.);
#5090 = EDGE_LOOP('',(#5091,#5114,#5135,#5136,#5157));
#5091 = ORIENTED_EDGE('',*,*,#5092,.F.);
#5092 = EDGE_CURVE('',#5093,#3121,#5095,.T.);
#5093 = VERTEX_POINT('',#5094);
#5094 = CARTESIAN_POINT('',(-1.153846153846,-4.,-11.23566833147));
#5095 = SURFACE_CURVE('',#5096,(#5100,#5107),.PCURVE_S1.);
#5096 = LINE('',#5097,#5098);
#5097 = CARTESIAN_POINT('',(-1.153846153846,-4.,-20.));
#5098 = VECTOR('',#5099,1.);
#5099 = DIRECTION('',(1.110223024625E-16,1.110223024625E-16,1.));
#5100 = PCURVE('',#3169,#5101);
#5101 = DEFINITIONAL_REPRESENTATION('',(#5102),#5106);
#5102 = LINE('',#5103,#5104);
#5103 = CARTESIAN_POINT('',(1.664740504327,2.613294196425E-16));
#5104 = VECTOR('',#5105,1.);
#5105 = DIRECTION('',(0.,-1.));
#5106 = ( GEOMETRIC_REPRESENTATION_CONTEXT(2) 
PARAMETRIC_REPRESENTATION_CONTEXT() REPRESENTATION_CONTEXT('2D SPACE',''
  ) );
#5107 = PCURVE('',#3137,#5108);
#5108 = DEFINITIONAL_REPRESENTATION('',(#5109),#5113);
#5109 = LINE('',#5110,#5111);
#5110 = CARTESIAN_POINT('',(-1.153846153846,0.));
#5111 = VECTOR('',#5112,1.);
#5112 = DIRECTION('',(1.110223024625E-16,1.));
#5113 = ( GEOMETRIC_REPRESENTATION_CONTEXT(2) 
PARAMETRIC_REPRESENTATION_CONTEXT() REPRESENTATION_CONTEXT('2D SPACE',''
  ) );
#5114 = ORIENTED_EDGE('',*,*,#5115,.T.);
#5115 = EDGE_CURVE('',#5093,#4713,#5116,.T.);
#5116 = SURFACE_CURVE('',#5117,(#5121,#5128),.PCURVE_S1.);
#5117 = LINE('',#5118,#5119);
#5118 = CARTESIAN_POINT('',(-2.176419437393E-02,-2.822634762149,
    -19.83468453107));
#5119 = VECTOR('',#5120,1.);
#5120 = DIRECTION('',(0.129339938368,0.134513535903,-0.982434368801));
#5121 = PCURVE('',#3169,#5122);
#5122 = DEFINITIONAL_REPRESENTATION('',(#5123),#5127);
#5123 = LINE('',#5124,#5125);
#5124 = CARTESIAN_POINT('',(3.140083779588E-02,-0.165315468926));
#5125 = VECTOR('',#5126,1.);
#5126 = DIRECTION('',(-0.186608442998,0.982434368801));
#5127 = ( GEOMETRIC_REPRESENTATION_CONTEXT(2) 
PARAMETRIC_REPRESENTATION_CONTEXT() REPRESENTATION_CONTEXT('2D SPACE',''
  ) );
#5128 = PCURVE('',#3108,#5129);
#5129 = DEFINITIONAL_REPRESENTATION('',(#5130),#5134);
#5130 = LINE('',#5131,#5132);
#5131 = CARTESIAN_POINT('',(1.772068041891,-0.165315468926));
#5132 = VECTOR('',#5133,1.);
#5133 = DIRECTION('',(0.186608442998,0.982434368801));
#5134 = ( GEOMETRIC_REPRESENTATION_CONTEXT(2) 
PARAMETRIC_REPRESENTATION_CONTEXT() REPRESENTATION_CONTEXT('2D SPACE',''
  ) );
#5135 = ORIENTED_EDGE('',*,*,#4739,.F.);
#5136 = ORIENTED_EDGE('',*,*,#5137,.T.);
#5137 = EDGE_CURVE('',#4740,#3150,#5138,.T.);
#5138 = SURFACE_CURVE('',#5139,(#5143,#5150),.PCURVE_S1.);
#5139 = LINE('',#5140,#5141);
#5140 = CARTESIAN_POINT('',(0.,-2.8,-20.));
#5141 = VECTOR('',#5142,1.);
#5142 = DIRECTION('',(1.110223024625E-16,1.110223024625E-16,1.));
#5143 = PCURVE('',#3169,#5144);
#5144 = DEFINITIONAL_REPRESENTATION('',(#5145),#5149);
#5145 = LINE('',#5146,#5147);
#5146 = CARTESIAN_POINT('',(0.,-0.));
#5147 = VECTOR('',#5148,1.);
#5148 = DIRECTION('',(0.,-1.));
#5149 = ( GEOMETRIC_REPRESENTATION_CONTEXT(2) 
PARAMETRIC_REPRESENTATION_CONTEXT() REPRESENTATION_CONTEXT('2D SPACE',''
  ) );
#5150 = PCURVE('',#3292,#5151);
#5151 = DEFINITIONAL_REPRESENTATION('',(#5152),#5156);
#5152 = LINE('',#5153,#5154);
#5153 = CARTESIAN_POINT('',(1.803468879687,-5.551115123126E-18));
#5154 = VECTOR('',#5155,1.);
#5155 = DIRECTION('',(0.,-1.));
#5156 = ( GEOMETRIC_REPRESENTATION_CONTEXT(2) 
PARAMETRIC_REPRESENTATION_CONTEXT() REPRESENTATION_CONTEXT('2D SPACE',''
  ) );
#5157 = ORIENTED_EDGE('',*,*,#3149,.T.);
#5158 = ADVANCED_FACE('',(#5159),#3137,.T.);
#5159 = FACE_BOUND('',#5160,.T.);
#5160 = EDGE_LOOP('',(#5161,#5162,#5183));
#5161 = ORIENTED_EDGE('',*,*,#3120,.T.);
#5162 = ORIENTED_EDGE('',*,*,#5163,.T.);
#5163 = EDGE_CURVE('',#3089,#5093,#5164,.T.);
#5164 = SURFACE_CURVE('',#5165,(#5169,#5176),.PCURVE_S1.);
#5165 = LINE('',#5166,#5167);
#5166 = CARTESIAN_POINT('',(1.114529799564,-4.,-19.70136264026));
#5167 = VECTOR('',#5168,1.);
#5168 = DIRECTION('',(0.258819045103,-1.072393092426E-16,-0.965925826289
    ));
#5169 = PCURVE('',#3137,#5170);
#5170 = DEFINITIONAL_REPRESENTATION('',(#5171),#5175);
#5171 = LINE('',#5172,#5173);
#5172 = CARTESIAN_POINT('',(1.114529799564,0.298637359734));
#5173 = VECTOR('',#5174,1.);
#5174 = DIRECTION('',(0.258819045103,-0.965925826289));
#5175 = ( GEOMETRIC_REPRESENTATION_CONTEXT(2) 
PARAMETRIC_REPRESENTATION_CONTEXT() REPRESENTATION_CONTEXT('2D SPACE',''
  ) );
#5176 = PCURVE('',#3108,#5177);
#5177 = DEFINITIONAL_REPRESENTATION('',(#5178),#5182);
#5178 = LINE('',#5179,#5180);
#5179 = CARTESIAN_POINT('',(0.138728375361,-6.245004513517E-17));
#5180 = VECTOR('',#5181,1.);
#5181 = DIRECTION('',(0.,1.));
#5182 = ( GEOMETRIC_REPRESENTATION_CONTEXT(2) 
PARAMETRIC_REPRESENTATION_CONTEXT() REPRESENTATION_CONTEXT('2D SPACE',''
  ) );
#5183 = ORIENTED_EDGE('',*,*,#5092,.T.);
#5184 = ADVANCED_FACE('',(#5185),#3108,.T.);
#5185 = FACE_BOUND('',#5186,.T.);
#5186 = EDGE_LOOP('',(#5187,#5208,#5209,#5210,#5211));
#5187 = ORIENTED_EDGE('',*,*,#5188,.F.);
#5188 = EDGE_CURVE('',#4686,#3057,#5189,.T.);
#5189 = SURFACE_CURVE('',#5190,(#5194,#5201),.PCURVE_S1.);
#5190 = LINE('',#5191,#5192);
#5191 = CARTESIAN_POINT('',(0.,-2.8,-20.));
#5192 = VECTOR('',#5193,1.);
#5193 = DIRECTION('',(-0.258819045103,1.072393092426E-16,0.965925826289)
  );
#5194 = PCURVE('',#3108,#5195);
#5195 = DEFINITIONAL_REPRESENTATION('',(#5196),#5200);
#5196 = LINE('',#5197,#5198);
#5197 = CARTESIAN_POINT('',(1.803468879687,4.440892098501E-16));
#5198 = VECTOR('',#5199,1.);
#5199 = DIRECTION('',(0.,-1.));
#5200 = ( GEOMETRIC_REPRESENTATION_CONTEXT(2) 
PARAMETRIC_REPRESENTATION_CONTEXT() REPRESENTATION_CONTEXT('2D SPACE',''
  ) );
#5201 = PCURVE('',#3076,#5202);
#5202 = DEFINITIONAL_REPRESENTATION('',(#5203),#5207);
#5203 = LINE('',#5204,#5205);
#5204 = CARTESIAN_POINT('',(-0.,0.));
#5205 = VECTOR('',#5206,1.);
#5206 = DIRECTION('',(2.775557561563E-17,-1.));
#5207 = ( GEOMETRIC_REPRESENTATION_CONTEXT(2) 
PARAMETRIC_REPRESENTATION_CONTEXT() REPRESENTATION_CONTEXT('2D SPACE',''
  ) );
#5208 = ORIENTED_EDGE('',*,*,#4712,.F.);
#5209 = ORIENTED_EDGE('',*,*,#5115,.F.);
#5210 = ORIENTED_EDGE('',*,*,#5163,.F.);
#5211 = ORIENTED_EDGE('',*,*,#3088,.T.);
#5212 = ADVANCED_FACE('',(#5213),#3076,.T.);
#5213 = FACE_BOUND('',#5214,.T.);
#5214 = EDGE_LOOP('',(#5215,#5238,#5259,#5260,#5261));
#5215 = ORIENTED_EDGE('',*,*,#5216,.F.);
#5216 = EDGE_CURVE('',#5217,#3028,#5219,.T.);
#5217 = VERTEX_POINT('',#5218);
#5218 = CARTESIAN_POINT('',(-3.382905752975,-4.,-11.83294305093));
#5219 = SURFACE_CURVE('',#5220,(#5224,#5231),.PCURVE_S1.);
#5220 = LINE('',#5221,#5222);
#5221 = CARTESIAN_POINT('',(-1.114529799564,-4.,-20.29863735973));
#5222 = VECTOR('',#5223,1.);
#5223 = DIRECTION('',(-0.258819045103,1.072393092426E-16,0.965925826289)
  );
#5224 = PCURVE('',#3076,#5225);
#5225 = DEFINITIONAL_REPRESENTATION('',(#5226),#5230);
#5226 = LINE('',#5227,#5228);
#5227 = CARTESIAN_POINT('',(1.664740504327,9.436895709314E-16));
#5228 = VECTOR('',#5229,1.);
#5229 = DIRECTION('',(2.775557561563E-17,-1.));
#5230 = ( GEOMETRIC_REPRESENTATION_CONTEXT(2) 
PARAMETRIC_REPRESENTATION_CONTEXT() REPRESENTATION_CONTEXT('2D SPACE',''
  ) );
#5231 = PCURVE('',#3044,#5232);
#5232 = DEFINITIONAL_REPRESENTATION('',(#5233),#5237);
#5233 = LINE('',#5234,#5235);
#5234 = CARTESIAN_POINT('',(-1.114529799564,-0.298637359734));
#5235 = VECTOR('',#5236,1.);
#5236 = DIRECTION('',(-0.258819045103,0.965925826289));
#5237 = ( GEOMETRIC_REPRESENTATION_CONTEXT(2) 
PARAMETRIC_REPRESENTATION_CONTEXT() REPRESENTATION_CONTEXT('2D SPACE',''
  ) );
#5238 = ORIENTED_EDGE('',*,*,#5239,.T.);
#5239 = EDGE_CURVE('',#5217,#4659,#5240,.T.);
#5240 = SURFACE_CURVE('',#5241,(#5245,#5252),.PCURVE_S1.);
#5241 = LINE('',#5242,#5243);
#5242 = CARTESIAN_POINT('',(-6.380938924224E-02,-2.822634762149,
    -19.84595050708));
#5243 = VECTOR('',#5244,1.);
#5244 = DIRECTION('',(0.37920551205,0.134513535903,-0.915483090117));
#5245 = PCURVE('',#3076,#5246);
#5246 = DEFINITIONAL_REPRESENTATION('',(#5247),#5251);
#5247 = LINE('',#5248,#5249);
#5248 = CARTESIAN_POINT('',(3.140083779588E-02,-0.165315468926));
#5249 = VECTOR('',#5250,1.);
#5250 = DIRECTION('',(-0.186608442998,0.982434368801));
#5251 = ( GEOMETRIC_REPRESENTATION_CONTEXT(2) 
PARAMETRIC_REPRESENTATION_CONTEXT() REPRESENTATION_CONTEXT('2D SPACE',''
  ) );
#5252 = PCURVE('',#3015,#5253);
#5253 = DEFINITIONAL_REPRESENTATION('',(#5254),#5258);
#5254 = LINE('',#5255,#5256);
#5255 = CARTESIAN_POINT('',(1.772068041891,-0.165315468926));
#5256 = VECTOR('',#5257,1.);
#5257 = DIRECTION('',(0.186608442998,0.982434368801));
#5258 = ( GEOMETRIC_REPRESENTATION_CONTEXT(2) 
PARAMETRIC_REPRESENTATION_CONTEXT() REPRESENTATION_CONTEXT('2D SPACE',''
  ) );
#5259 = ORIENTED_EDGE('',*,*,#4685,.F.);
#5260 = ORIENTED_EDGE('',*,*,#5188,.T.);
#5261 = ORIENTED_EDGE('',*,*,#3056,.T.);
#5262 = ADVANCED_FACE('',(#5263),#3044,.T.);
#5263 = FACE_BOUND('',#5264,.T.);
#5264 = EDGE_LOOP('',(#5265,#5266,#5267));
#5265 = ORIENTED_EDGE('',*,*,#5216,.T.);
#5266 = ORIENTED_EDGE('',*,*,#3027,.T.);
#5267 = ORIENTED_EDGE('',*,*,#5268,.T.);
#5268 = EDGE_CURVE('',#2996,#5217,#5269,.T.);
#5269 = SURFACE_CURVE('',#5270,(#5274,#5281),.PCURVE_S1.);
#5270 = LINE('',#5271,#5272);
#5271 = CARTESIAN_POINT('',(0.99926008129,-4.,-19.42307692307));
#5272 = VECTOR('',#5273,1.);
#5273 = DIRECTION('',(0.5,-9.614813431918E-17,-0.866025403784));
#5274 = PCURVE('',#3044,#5275);
#5275 = DEFINITIONAL_REPRESENTATION('',(#5276),#5280);
#5276 = LINE('',#5277,#5278);
#5277 = CARTESIAN_POINT('',(0.99926008129,0.576923076923));
#5278 = VECTOR('',#5279,1.);
#5279 = DIRECTION('',(0.5,-0.866025403784));
#5280 = ( GEOMETRIC_REPRESENTATION_CONTEXT(2) 
PARAMETRIC_REPRESENTATION_CONTEXT() REPRESENTATION_CONTEXT('2D SPACE',''
  ) );
#5281 = PCURVE('',#3015,#5282);
#5282 = DEFINITIONAL_REPRESENTATION('',(#5283),#5287);
#5283 = LINE('',#5284,#5285);
#5284 = CARTESIAN_POINT('',(0.138728375361,4.579669976579E-16));
#5285 = VECTOR('',#5286,1.);
#5286 = DIRECTION('',(0.,1.));
#5287 = ( GEOMETRIC_REPRESENTATION_CONTEXT(2) 
PARAMETRIC_REPRESENTATION_CONTEXT() REPRESENTATION_CONTEXT('2D SPACE',''
  ) );
#5288 = ADVANCED_FACE('',(#5289),#3015,.T.);
#5289 = FACE_BOUND('',#5290,.T.);
#5290 = EDGE_LOOP('',(#5291,#5312,#5313,#5314,#5315));
#5291 = ORIENTED_EDGE('',*,*,#5292,.F.);
#5292 = EDGE_CURVE('',#4632,#2964,#5293,.T.);
#5293 = SURFACE_CURVE('',#5294,(#5298,#5305),.PCURVE_S1.);
#5294 = LINE('',#5295,#5296);
#5295 = CARTESIAN_POINT('',(0.,-2.8,-20.));
#5296 = VECTOR('',#5297,1.);
#5297 = DIRECTION('',(-0.5,9.614813431918E-17,0.866025403784));
#5298 = PCURVE('',#3015,#5299);
#5299 = DEFINITIONAL_REPRESENTATION('',(#5300),#5304);
#5300 = LINE('',#5301,#5302);
#5301 = CARTESIAN_POINT('',(1.803468879687,2.22044604925E-16));
#5302 = VECTOR('',#5303,1.);
#5303 = DIRECTION('',(0.,-1.));
#5304 = ( GEOMETRIC_REPRESENTATION_CONTEXT(2) 
PARAMETRIC_REPRESENTATION_CONTEXT() REPRESENTATION_CONTEXT('2D SPACE',''
  ) );
#5305 = PCURVE('',#2983,#5306);
#5306 = DEFINITIONAL_REPRESENTATION('',(#5307),#5311);
#5307 = LINE('',#5308,#5309);
#5308 = CARTESIAN_POINT('',(-0.,0.));
#5309 = VECTOR('',#5310,1.);
#5310 = DIRECTION('',(0.,-1.));
#5311 = ( GEOMETRIC_REPRESENTATION_CONTEXT(2) 
PARAMETRIC_REPRESENTATION_CONTEXT() REPRESENTATION_CONTEXT('2D SPACE',''
  ) );
#5312 = ORIENTED_EDGE('',*,*,#4658,.F.);
#5313 = ORIENTED_EDGE('',*,*,#5239,.F.);
#5314 = ORIENTED_EDGE('',*,*,#5268,.F.);
#5315 = ORIENTED_EDGE('',*,*,#2995,.T.);
#5316 = ADVANCED_FACE('',(#5317),#2983,.T.);
#5317 = FACE_BOUND('',#5318,.T.);
#5318 = EDGE_LOOP('',(#5319,#5342,#5363,#5364,#5365));
#5319 = ORIENTED_EDGE('',*,*,#5320,.F.);
#5320 = EDGE_CURVE('',#5321,#2935,#5323,.T.);
#5321 = VERTEX_POINT('',#5322);
#5322 = CARTESIAN_POINT('',(-5.381425915554,-4.,-12.98678920478));
#5323 = SURFACE_CURVE('',#5324,(#5328,#5335),.PCURVE_S1.);
#5324 = LINE('',#5325,#5326);
#5325 = CARTESIAN_POINT('',(-0.99926008129,-4.,-20.57692307692));
#5326 = VECTOR('',#5327,1.);
#5327 = DIRECTION('',(-0.5,9.614813431918E-17,0.866025403784));
#5328 = PCURVE('',#2983,#5329);
#5329 = DEFINITIONAL_REPRESENTATION('',(#5330),#5334);
#5330 = LINE('',#5331,#5332);
#5331 = CARTESIAN_POINT('',(1.664740504327,-1.110223024625E-16));
#5332 = VECTOR('',#5333,1.);
#5333 = DIRECTION('',(0.,-1.));
#5334 = ( GEOMETRIC_REPRESENTATION_CONTEXT(2) 
PARAMETRIC_REPRESENTATION_CONTEXT() REPRESENTATION_CONTEXT('2D SPACE',''
  ) );
#5335 = PCURVE('',#2951,#5336);
#5336 = DEFINITIONAL_REPRESENTATION('',(#5337),#5341);
#5337 = LINE('',#5338,#5339);
#5338 = CARTESIAN_POINT('',(-0.99926008129,-0.576923076923));
#5339 = VECTOR('',#5340,1.);
#5340 = DIRECTION('',(-0.5,0.866025403784));
#5341 = ( GEOMETRIC_REPRESENTATION_CONTEXT(2) 
PARAMETRIC_REPRESENTATION_CONTEXT() REPRESENTATION_CONTEXT('2D SPACE',''
  ) );
#5342 = ORIENTED_EDGE('',*,*,#5343,.T.);
#5343 = EDGE_CURVE('',#5321,#4605,#5344,.T.);
#5344 = SURFACE_CURVE('',#5345,(#5349,#5356),.PCURVE_S1.);
#5345 = LINE('',#5346,#5347);
#5346 = CARTESIAN_POINT('',(-0.101506079684,-2.822634762149,
    -19.86771470145));
#5347 = VECTOR('',#5348,1.);
#5348 = DIRECTION('',(0.603228856751,0.134513535903,-0.786143151749));
#5349 = PCURVE('',#2983,#5350);
#5350 = DEFINITIONAL_REPRESENTATION('',(#5351),#5355);
#5351 = LINE('',#5352,#5353);
#5352 = CARTESIAN_POINT('',(3.140083779588E-02,-0.165315468926));
#5353 = VECTOR('',#5354,1.);
#5354 = DIRECTION('',(-0.186608442998,0.982434368801));
#5355 = ( GEOMETRIC_REPRESENTATION_CONTEXT(2) 
PARAMETRIC_REPRESENTATION_CONTEXT() REPRESENTATION_CONTEXT('2D SPACE',''
  ) );
#5356 = PCURVE('',#2922,#5357);
#5357 = DEFINITIONAL_REPRESENTATION('',(#5358),#5362);
#5358 = LINE('',#5359,#5360);
#5359 = CARTESIAN_POINT('',(1.772068041891,-0.165315468926));
#5360 = VECTOR('',#5361,1.);
#5361 = DIRECTION('',(0.186608442998,0.982434368801));
#5362 = ( GEOMETRIC_REPRESENTATION_CONTEXT(2) 
PARAMETRIC_REPRESENTATION_CONTEXT() REPRESENTATION_CONTEXT('2D SPACE',''
  ) );
#5363 = ORIENTED_EDGE('',*,*,#4631,.F.);
#5364 = ORIENTED_EDGE('',*,*,#5292,.T.);
#5365 = ORIENTED_EDGE('',*,*,#2963,.T.);
#5366 = ADVANCED_FACE('',(#5367),#2951,.T.);
#5367 = FACE_BOUND('',#5368,.T.);
#5368 = EDGE_LOOP('',(#5369,#5390,#5391));
#5369 = ORIENTED_EDGE('',*,*,#5370,.T.);
#5370 = EDGE_CURVE('',#2903,#5321,#5371,.T.);
#5371 = SURFACE_CURVE('',#5372,(#5376,#5383),.PCURVE_S1.);
#5372 = LINE('',#5373,#5374);
#5373 = CARTESIAN_POINT('',(0.815892439831,-4.,-19.18410756016));
#5374 = VECTOR('',#5375,1.);
#5375 = DIRECTION('',(0.707106781187,-7.850462293419E-17,-0.707106781187
    ));
#5376 = PCURVE('',#2951,#5377);
#5377 = DEFINITIONAL_REPRESENTATION('',(#5378),#5382);
#5378 = LINE('',#5379,#5380);
#5379 = CARTESIAN_POINT('',(0.815892439831,0.815892439831));
#5380 = VECTOR('',#5381,1.);
#5381 = DIRECTION('',(0.707106781187,-0.707106781187));
#5382 = ( GEOMETRIC_REPRESENTATION_CONTEXT(2) 
PARAMETRIC_REPRESENTATION_CONTEXT() REPRESENTATION_CONTEXT('2D SPACE',''
  ) );
#5383 = PCURVE('',#2922,#5384);
#5384 = DEFINITIONAL_REPRESENTATION('',(#5385),#5389);
#5385 = LINE('',#5386,#5387);
#5386 = CARTESIAN_POINT('',(0.138728375361,-1.720845688169E-15));
#5387 = VECTOR('',#5388,1.);
#5388 = DIRECTION('',(-5.551115123126E-17,1.));
#5389 = ( GEOMETRIC_REPRESENTATION_CONTEXT(2) 
PARAMETRIC_REPRESENTATION_CONTEXT() REPRESENTATION_CONTEXT('2D SPACE',''
  ) );
#5390 = ORIENTED_EDGE('',*,*,#5320,.T.);
#5391 = ORIENTED_EDGE('',*,*,#2934,.T.);
#5392 = ADVANCED_FACE('',(#5393),#2922,.T.);
#5393 = FACE_BOUND('',#5394,.T.);
#5394 = EDGE_LOOP('',(#5395,#5416,#5417,#5418,#5419));
#5395 = ORIENTED_EDGE('',*,*,#5396,.F.);
#5396 = EDGE_CURVE('',#4578,#2871,#5397,.T.);
#5397 = SURFACE_CURVE('',#5398,(#5402,#5409),.PCURVE_S1.);
#5398 = LINE('',#5399,#5400);
#5399 = CARTESIAN_POINT('',(0.,-2.8,-20.));
#5400 = VECTOR('',#5401,1.);
#5401 = DIRECTION('',(-0.707106781187,7.850462293419E-17,0.707106781187)
  );
#5402 = PCURVE('',#2922,#5403);
#5403 = DEFINITIONAL_REPRESENTATION('',(#5404),#5408);
#5404 = LINE('',#5405,#5406);
#5405 = CARTESIAN_POINT('',(1.803468879687,0.));
#5406 = VECTOR('',#5407,1.);
#5407 = DIRECTION('',(5.551115123126E-17,-1.));
#5408 = ( GEOMETRIC_REPRESENTATION_CONTEXT(2) 
PARAMETRIC_REPRESENTATION_CONTEXT() REPRESENTATION_CONTEXT('2D SPACE',''
  ) );
#5409 = PCURVE('',#2890,#5410);
#5410 = DEFINITIONAL_REPRESENTATION('',(#5411),#5415);
#5411 = LINE('',#5412,#5413);
#5412 = CARTESIAN_POINT('',(-0.,0.));
#5413 = VECTOR('',#5414,1.);
#5414 = DIRECTION('',(-5.551115123126E-17,-1.));
#5415 = ( GEOMETRIC_REPRESENTATION_CONTEXT(2) 
PARAMETRIC_REPRESENTATION_CONTEXT() REPRESENTATION_CONTEXT('2D SPACE',''
  ) );
#5416 = ORIENTED_EDGE('',*,*,#4604,.F.);
#5417 = ORIENTED_EDGE('',*,*,#5343,.F.);
#5418 = ORIENTED_EDGE('',*,*,#5370,.F.);
#5419 = ORIENTED_EDGE('',*,*,#2902,.T.);
#5420 = ADVANCED_FACE('',(#5421),#2890,.T.);
#5421 = FACE_BOUND('',#5422,.T.);
#5422 = EDGE_LOOP('',(#5423,#5446,#5467,#5468,#5469));
#5423 = ORIENTED_EDGE('',*,*,#5424,.F.);
#5424 = EDGE_CURVE('',#5425,#2842,#5427,.T.);
#5425 = VERTEX_POINT('',#5426);
#5426 = CARTESIAN_POINT('',(-7.013210795216,-4.,-14.61857408444));
#5427 = SURFACE_CURVE('',#5428,(#5432,#5439),.PCURVE_S1.);
#5428 = LINE('',#5429,#5430);
#5429 = CARTESIAN_POINT('',(-0.815892439831,-4.,-20.81589243983));
#5430 = VECTOR('',#5431,1.);
#5431 = DIRECTION('',(-0.707106781187,7.850462293419E-17,0.707106781187)
  );
#5432 = PCURVE('',#2890,#5433);
#5433 = DEFINITIONAL_REPRESENTATION('',(#5434),#5438);
#5434 = LINE('',#5435,#5436);
#5435 = CARTESIAN_POINT('',(1.664740504327,-1.33226762955E-15));
#5436 = VECTOR('',#5437,1.);
#5437 = DIRECTION('',(-5.551115123126E-17,-1.));
#5438 = ( GEOMETRIC_REPRESENTATION_CONTEXT(2) 
PARAMETRIC_REPRESENTATION_CONTEXT() REPRESENTATION_CONTEXT('2D SPACE',''
  ) );
#5439 = PCURVE('',#2858,#5440);
#5440 = DEFINITIONAL_REPRESENTATION('',(#5441),#5445);
#5441 = LINE('',#5442,#5443);
#5442 = CARTESIAN_POINT('',(-0.815892439831,-0.815892439831));
#5443 = VECTOR('',#5444,1.);
#5444 = DIRECTION('',(-0.707106781187,0.707106781187));
#5445 = ( GEOMETRIC_REPRESENTATION_CONTEXT(2) 
PARAMETRIC_REPRESENTATION_CONTEXT() REPRESENTATION_CONTEXT('2D SPACE',''
  ) );
#5446 = ORIENTED_EDGE('',*,*,#5447,.T.);
#5447 = EDGE_CURVE('',#5425,#4551,#5448,.T.);
#5448 = SURFACE_CURVE('',#5449,(#5453,#5460),.PCURVE_S1.);
#5449 = LINE('',#5450,#5451);
#5450 = CARTESIAN_POINT('',(-0.132285298541,-2.822634762149,
    -19.89849392031));
#5451 = VECTOR('',#5452,1.);
#5452 = DIRECTION('',(0.786143151749,0.134513535903,-0.603228856751));
#5453 = PCURVE('',#2890,#5454);
#5454 = DEFINITIONAL_REPRESENTATION('',(#5455),#5459);
#5455 = LINE('',#5456,#5457);
#5456 = CARTESIAN_POINT('',(3.140083779588E-02,-0.165315468926));
#5457 = VECTOR('',#5458,1.);
#5458 = DIRECTION('',(-0.186608442998,0.982434368801));
#5459 = ( GEOMETRIC_REPRESENTATION_CONTEXT(2) 
PARAMETRIC_REPRESENTATION_CONTEXT() REPRESENTATION_CONTEXT('2D SPACE',''
  ) );
#5460 = PCURVE('',#2829,#5461);
#5461 = DEFINITIONAL_REPRESENTATION('',(#5462),#5466);
#5462 = LINE('',#5463,#5464);
#5463 = CARTESIAN_POINT('',(1.772068041891,-0.165315468926));
#5464 = VECTOR('',#5465,1.);
#5465 = DIRECTION('',(0.186608442998,0.982434368801));
#5466 = ( GEOMETRIC_REPRESENTATION_CONTEXT(2) 
PARAMETRIC_REPRESENTATION_CONTEXT() REPRESENTATION_CONTEXT('2D SPACE',''
  ) );
#5467 = ORIENTED_EDGE('',*,*,#4577,.F.);
#5468 = ORIENTED_EDGE('',*,*,#5396,.T.);
#5469 = ORIENTED_EDGE('',*,*,#2870,.T.);
#5470 = ADVANCED_FACE('',(#5471),#2858,.T.);
#5471 = FACE_BOUND('',#5472,.T.);
#5472 = EDGE_LOOP('',(#5473,#5494,#5495));
#5473 = ORIENTED_EDGE('',*,*,#5474,.T.);
#5474 = EDGE_CURVE('',#2810,#5425,#5475,.T.);
#5475 = SURFACE_CURVE('',#5476,(#5480,#5487),.PCURVE_S1.);
#5476 = LINE('',#5477,#5478);
#5477 = CARTESIAN_POINT('',(0.576923076923,-4.,-19.00073991871));
#5478 = VECTOR('',#5479,1.);
#5479 = DIRECTION('',(0.866025403784,-5.551115123126E-17,-0.5));
#5480 = PCURVE('',#2858,#5481);
#5481 = DEFINITIONAL_REPRESENTATION('',(#5482),#5486);
#5482 = LINE('',#5483,#5484);
#5483 = CARTESIAN_POINT('',(0.576923076923,0.99926008129));
#5484 = VECTOR('',#5485,1.);
#5485 = DIRECTION('',(0.866025403784,-0.5));
#5486 = ( GEOMETRIC_REPRESENTATION_CONTEXT(2) 
PARAMETRIC_REPRESENTATION_CONTEXT() REPRESENTATION_CONTEXT('2D SPACE',''
  ) );
#5487 = PCURVE('',#2829,#5488);
#5488 = DEFINITIONAL_REPRESENTATION('',(#5489),#5493);
#5489 = LINE('',#5490,#5491);
#5490 = CARTESIAN_POINT('',(0.138728375361,8.743006318923E-16));
#5491 = VECTOR('',#5492,1.);
#5492 = DIRECTION('',(0.,1.));
#5493 = ( GEOMETRIC_REPRESENTATION_CONTEXT(2) 
PARAMETRIC_REPRESENTATION_CONTEXT() REPRESENTATION_CONTEXT('2D SPACE',''
  ) );
#5494 = ORIENTED_EDGE('',*,*,#5424,.T.);
#5495 = ORIENTED_EDGE('',*,*,#2841,.T.);
#5496 = ADVANCED_FACE('',(#5497),#2829,.T.);
#5497 = FACE_BOUND('',#5498,.T.);
#5498 = EDGE_LOOP('',(#5499,#5520,#5521,#5522,#5523));
#5499 = ORIENTED_EDGE('',*,*,#5500,.F.);
#5500 = EDGE_CURVE('',#4524,#2778,#5501,.T.);
#5501 = SURFACE_CURVE('',#5502,(#5506,#5513),.PCURVE_S1.);
#5502 = LINE('',#5503,#5504);
#5503 = CARTESIAN_POINT('',(0.,-2.8,-20.));
#5504 = VECTOR('',#5505,1.);
#5505 = DIRECTION('',(-0.866025403784,5.551115123126E-17,0.5));
#5506 = PCURVE('',#2829,#5507);
#5507 = DEFINITIONAL_REPRESENTATION('',(#5508),#5512);
#5508 = LINE('',#5509,#5510);
#5509 = CARTESIAN_POINT('',(1.803468879687,5.551115123126E-16));
#5510 = VECTOR('',#5511,1.);
#5511 = DIRECTION('',(0.,-1.));
#5512 = ( GEOMETRIC_REPRESENTATION_CONTEXT(2) 
PARAMETRIC_REPRESENTATION_CONTEXT() REPRESENTATION_CONTEXT('2D SPACE',''
  ) );
#5513 = PCURVE('',#2797,#5514);
#5514 = DEFINITIONAL_REPRESENTATION('',(#5515),#5519);
#5515 = LINE('',#5516,#5517);
#5516 = CARTESIAN_POINT('',(-0.,0.));
#5517 = VECTOR('',#5518,1.);
#5518 = DIRECTION('',(0.,-1.));
#5519 = ( GEOMETRIC_REPRESENTATION_CONTEXT(2) 
PARAMETRIC_REPRESENTATION_CONTEXT() REPRESENTATION_CONTEXT('2D SPACE',''
  ) );
#5520 = ORIENTED_EDGE('',*,*,#4550,.F.);
#5521 = ORIENTED_EDGE('',*,*,#5447,.F.);
#5522 = ORIENTED_EDGE('',*,*,#5474,.F.);
#5523 = ORIENTED_EDGE('',*,*,#2809,.T.);
#5524 = ADVANCED_FACE('',(#5525),#2797,.T.);
#5525 = FACE_BOUND('',#5526,.T.);
#5526 = EDGE_LOOP('',(#5527,#5550,#5571,#5572,#5573));
#5527 = ORIENTED_EDGE('',*,*,#5528,.F.);
#5528 = EDGE_CURVE('',#5529,#2749,#5531,.T.);
#5529 = VERTEX_POINT('',#5530);
#5530 = CARTESIAN_POINT('',(-8.167056949062,-4.,-16.61709424702));
#5531 = SURFACE_CURVE('',#5532,(#5536,#5543),.PCURVE_S1.);
#5532 = LINE('',#5533,#5534);
#5533 = CARTESIAN_POINT('',(-0.576923076923,-4.,-20.99926008129));
#5534 = VECTOR('',#5535,1.);
#5535 = DIRECTION('',(-0.866025403784,5.551115123126E-17,0.5));
#5536 = PCURVE('',#2797,#5537);
#5537 = DEFINITIONAL_REPRESENTATION('',(#5538),#5542);
#5538 = LINE('',#5539,#5540);
#5539 = CARTESIAN_POINT('',(1.664740504327,0.));
#5540 = VECTOR('',#5541,1.);
#5541 = DIRECTION('',(0.,-1.));
#5542 = ( GEOMETRIC_REPRESENTATION_CONTEXT(2) 
PARAMETRIC_REPRESENTATION_CONTEXT() REPRESENTATION_CONTEXT('2D SPACE',''
  ) );
#5543 = PCURVE('',#2765,#5544);
#5544 = DEFINITIONAL_REPRESENTATION('',(#5545),#5549);
#5545 = LINE('',#5546,#5547);
#5546 = CARTESIAN_POINT('',(-0.576923076923,-0.99926008129));
#5547 = VECTOR('',#5548,1.);
#5548 = DIRECTION('',(-0.866025403784,0.5));
#5549 = ( GEOMETRIC_REPRESENTATION_CONTEXT(2) 
PARAMETRIC_REPRESENTATION_CONTEXT() REPRESENTATION_CONTEXT('2D SPACE',''
  ) );
#5550 = ORIENTED_EDGE('',*,*,#5551,.T.);
#5551 = EDGE_CURVE('',#5529,#4497,#5552,.T.);
#5552 = SURFACE_CURVE('',#5553,(#5557,#5564),.PCURVE_S1.);
#5553 = LINE('',#5554,#5555);
#5554 = CARTESIAN_POINT('',(-0.154049492915,-2.822634762149,
    -19.93619061075));
#5555 = VECTOR('',#5556,1.);
#5556 = DIRECTION('',(0.915483090117,0.134513535903,-0.37920551205));
#5557 = PCURVE('',#2797,#5558);
#5558 = DEFINITIONAL_REPRESENTATION('',(#5559),#5563);
#5559 = LINE('',#5560,#5561);
#5560 = CARTESIAN_POINT('',(3.140083779587E-02,-0.165315468926));
#5561 = VECTOR('',#5562,1.);
#5562 = DIRECTION('',(-0.186608442998,0.982434368801));
#5563 = ( GEOMETRIC_REPRESENTATION_CONTEXT(2) 
PARAMETRIC_REPRESENTATION_CONTEXT() REPRESENTATION_CONTEXT('2D SPACE',''
  ) );
#5564 = PCURVE('',#2736,#5565);
#5565 = DEFINITIONAL_REPRESENTATION('',(#5566),#5570);
#5566 = LINE('',#5567,#5568);
#5567 = CARTESIAN_POINT('',(1.772068041891,-0.165315468926));
#5568 = VECTOR('',#5569,1.);
#5569 = DIRECTION('',(0.186608442998,0.982434368801));
#5570 = ( GEOMETRIC_REPRESENTATION_CONTEXT(2) 
PARAMETRIC_REPRESENTATION_CONTEXT() REPRESENTATION_CONTEXT('2D SPACE',''
  ) );
#5571 = ORIENTED_EDGE('',*,*,#4523,.F.);
#5572 = ORIENTED_EDGE('',*,*,#5500,.T.);
#5573 = ORIENTED_EDGE('',*,*,#2777,.T.);
#5574 = ADVANCED_FACE('',(#5575),#2765,.T.);
#5575 = FACE_BOUND('',#5576,.T.);
#5576 = EDGE_LOOP('',(#5577,#5578,#5599));
#5577 = ORIENTED_EDGE('',*,*,#2748,.T.);
#5578 = ORIENTED_EDGE('',*,*,#5579,.T.);
#5579 = EDGE_CURVE('',#2717,#5529,#5580,.T.);
#5580 = SURFACE_CURVE('',#5581,(#5585,#5592),.PCURVE_S1.);
#5581 = LINE('',#5582,#5583);
#5582 = CARTESIAN_POINT('',(0.298637359734,-4.,-18.88547020043));
#5583 = VECTOR('',#5584,1.);
#5584 = DIRECTION('',(0.965925826289,-2.873468630843E-17,-0.258819045103
    ));
#5585 = PCURVE('',#2765,#5586);
#5586 = DEFINITIONAL_REPRESENTATION('',(#5587),#5591);
#5587 = LINE('',#5588,#5589);
#5588 = CARTESIAN_POINT('',(0.298637359734,1.114529799564));
#5589 = VECTOR('',#5590,1.);
#5590 = DIRECTION('',(0.965925826289,-0.258819045103));
#5591 = ( GEOMETRIC_REPRESENTATION_CONTEXT(2) 
PARAMETRIC_REPRESENTATION_CONTEXT() REPRESENTATION_CONTEXT('2D SPACE',''
  ) );
#5592 = PCURVE('',#2736,#5593);
#5593 = DEFINITIONAL_REPRESENTATION('',(#5594),#5598);
#5594 = LINE('',#5595,#5596);
#5595 = CARTESIAN_POINT('',(0.138728375361,5.898059818321E-16));
#5596 = VECTOR('',#5597,1.);
#5597 = DIRECTION('',(2.775557561563E-17,1.));
#5598 = ( GEOMETRIC_REPRESENTATION_CONTEXT(2) 
PARAMETRIC_REPRESENTATION_CONTEXT() REPRESENTATION_CONTEXT('2D SPACE',''
  ) );
#5599 = ORIENTED_EDGE('',*,*,#5528,.T.);
#5600 = ADVANCED_FACE('',(#5601),#2736,.T.);
#5601 = FACE_BOUND('',#5602,.T.);
#5602 = EDGE_LOOP('',(#5603,#5624,#5625,#5626,#5627));
#5603 = ORIENTED_EDGE('',*,*,#5604,.F.);
#5604 = EDGE_CURVE('',#4470,#2685,#5605,.T.);
#5605 = SURFACE_CURVE('',#5606,(#5610,#5617),.PCURVE_S1.);
#5606 = LINE('',#5607,#5608);
#5607 = CARTESIAN_POINT('',(0.,-2.8,-20.));
#5608 = VECTOR('',#5609,1.);
#5609 = DIRECTION('',(-0.965925826289,2.873468630843E-17,0.258819045103)
  );
#5610 = PCURVE('',#2736,#5611);
#5611 = DEFINITIONAL_REPRESENTATION('',(#5612),#5616);
#5612 = LINE('',#5613,#5614);
#5613 = CARTESIAN_POINT('',(1.803468879687,1.665334536938E-16));
#5614 = VECTOR('',#5615,1.);
#5615 = DIRECTION('',(-2.775557561563E-17,-1.));
#5616 = ( GEOMETRIC_REPRESENTATION_CONTEXT(2) 
PARAMETRIC_REPRESENTATION_CONTEXT() REPRESENTATION_CONTEXT('2D SPACE',''
  ) );
#5617 = PCURVE('',#2704,#5618);
#5618 = DEFINITIONAL_REPRESENTATION('',(#5619),#5623);
#5619 = LINE('',#5620,#5621);
#5620 = CARTESIAN_POINT('',(-0.,0.));
#5621 = VECTOR('',#5622,1.);
#5622 = DIRECTION('',(-2.775557561563E-17,-1.));
#5623 = ( GEOMETRIC_REPRESENTATION_CONTEXT(2) 
PARAMETRIC_REPRESENTATION_CONTEXT() REPRESENTATION_CONTEXT('2D SPACE',''
  ) );
#5624 = ORIENTED_EDGE('',*,*,#4496,.F.);
#5625 = ORIENTED_EDGE('',*,*,#5551,.F.);
#5626 = ORIENTED_EDGE('',*,*,#5579,.F.);
#5627 = ORIENTED_EDGE('',*,*,#2716,.T.);
#5628 = ADVANCED_FACE('',(#5629),#2704,.T.);
#5629 = FACE_BOUND('',#5630,.T.);
#5630 = EDGE_LOOP('',(#5631,#5654,#5675,#5676,#5677));
#5631 = ORIENTED_EDGE('',*,*,#5632,.F.);
#5632 = EDGE_CURVE('',#5633,#2656,#5635,.T.);
#5633 = VERTEX_POINT('',#5634);
#5634 = CARTESIAN_POINT('',(-8.764331668529,-4.,-18.84615384615));
#5635 = SURFACE_CURVE('',#5636,(#5640,#5647),.PCURVE_S1.);
#5636 = LINE('',#5637,#5638);
#5637 = CARTESIAN_POINT('',(-0.298637359734,-4.,-21.11452979956));
#5638 = VECTOR('',#5639,1.);
#5639 = DIRECTION('',(-0.965925826289,2.873468630843E-17,0.258819045103)
  );
#5640 = PCURVE('',#2704,#5641);
#5641 = DEFINITIONAL_REPRESENTATION('',(#5642),#5646);
#5642 = LINE('',#5643,#5644);
#5643 = CARTESIAN_POINT('',(1.664740504327,-2.22044604925E-16));
#5644 = VECTOR('',#5645,1.);
#5645 = DIRECTION('',(-2.775557561563E-17,-1.));
#5646 = ( GEOMETRIC_REPRESENTATION_CONTEXT(2) 
PARAMETRIC_REPRESENTATION_CONTEXT() REPRESENTATION_CONTEXT('2D SPACE',''
  ) );
#5647 = PCURVE('',#2672,#5648);
#5648 = DEFINITIONAL_REPRESENTATION('',(#5649),#5653);
#5649 = LINE('',#5650,#5651);
#5650 = CARTESIAN_POINT('',(-0.298637359734,-1.114529799564));
#5651 = VECTOR('',#5652,1.);
#5652 = DIRECTION('',(-0.965925826289,0.258819045103));
#5653 = ( GEOMETRIC_REPRESENTATION_CONTEXT(2) 
PARAMETRIC_REPRESENTATION_CONTEXT() REPRESENTATION_CONTEXT('2D SPACE',''
  ) );
#5654 = ORIENTED_EDGE('',*,*,#5655,.T.);
#5655 = EDGE_CURVE('',#5633,#4443,#5656,.T.);
#5656 = SURFACE_CURVE('',#5657,(#5661,#5668),.PCURVE_S1.);
#5657 = LINE('',#5658,#5659);
#5658 = CARTESIAN_POINT('',(-0.165315468926,-2.822634762149,
    -19.97823580562));
#5659 = VECTOR('',#5660,1.);
#5660 = DIRECTION('',(0.982434368801,0.134513535903,-0.129339938368));
#5661 = PCURVE('',#2704,#5662);
#5662 = DEFINITIONAL_REPRESENTATION('',(#5663),#5667);
#5663 = LINE('',#5664,#5665);
#5664 = CARTESIAN_POINT('',(3.140083779588E-02,-0.165315468926));
#5665 = VECTOR('',#5666,1.);
#5666 = DIRECTION('',(-0.186608442998,0.982434368801));
#5667 = ( GEOMETRIC_REPRESENTATION_CONTEXT(2) 
PARAMETRIC_REPRESENTATION_CONTEXT() REPRESENTATION_CONTEXT('2D SPACE',''
  ) );
#5668 = PCURVE('',#2643,#5669);
#5669 = DEFINITIONAL_REPRESENTATION('',(#5670),#5674);
#5670 = LINE('',#5671,#5672);
#5671 = CARTESIAN_POINT('',(1.772068041891,-0.165315468926));
#5672 = VECTOR('',#5673,1.);
#5673 = DIRECTION('',(0.186608442998,0.982434368801));
#5674 = ( GEOMETRIC_REPRESENTATION_CONTEXT(2) 
PARAMETRIC_REPRESENTATION_CONTEXT() REPRESENTATION_CONTEXT('2D SPACE',''
  ) );
#5675 = ORIENTED_EDGE('',*,*,#4469,.F.);
#5676 = ORIENTED_EDGE('',*,*,#5604,.T.);
#5677 = ORIENTED_EDGE('',*,*,#2684,.T.);
#5678 = ADVANCED_FACE('',(#5679),#2672,.T.);
#5679 = FACE_BOUND('',#5680,.T.);
#5680 = EDGE_LOOP('',(#5681,#5682,#5683));
#5681 = ORIENTED_EDGE('',*,*,#5632,.T.);
#5682 = ORIENTED_EDGE('',*,*,#2655,.T.);
#5683 = ORIENTED_EDGE('',*,*,#5684,.T.);
#5684 = EDGE_CURVE('',#2624,#5633,#5685,.T.);
#5685 = SURFACE_CURVE('',#5686,(#5690,#5697),.PCURVE_S1.);
#5686 = LINE('',#5687,#5688);
#5687 = CARTESIAN_POINT('',(1.413053999016E-16,-4.,-18.84615384615));
#5688 = VECTOR('',#5689,1.);
#5689 = DIRECTION('',(1.,-1.359631073447E-32,-1.224646799147E-16));
#5690 = PCURVE('',#2672,#5691);
#5691 = DEFINITIONAL_REPRESENTATION('',(#5692),#5696);
#5692 = LINE('',#5693,#5694);
#5693 = CARTESIAN_POINT('',(1.413053999016E-16,1.153846153846));
#5694 = VECTOR('',#5695,1.);
#5695 = DIRECTION('',(1.,-1.224646799147E-16));
#5696 = ( GEOMETRIC_REPRESENTATION_CONTEXT(2) 
PARAMETRIC_REPRESENTATION_CONTEXT() REPRESENTATION_CONTEXT('2D SPACE',''
  ) );
#5697 = PCURVE('',#2643,#5698);
#5698 = DEFINITIONAL_REPRESENTATION('',(#5699),#5703);
#5699 = LINE('',#5700,#5701);
#5700 = CARTESIAN_POINT('',(0.138728375361,1.479114197289E-31));
#5701 = VECTOR('',#5702,1.);
#5702 = DIRECTION('',(0.,1.));
#5703 = ( GEOMETRIC_REPRESENTATION_CONTEXT(2) 
PARAMETRIC_REPRESENTATION_CONTEXT() REPRESENTATION_CONTEXT('2D SPACE',''
  ) );
#5704 = ADVANCED_FACE('',(#5705),#2643,.T.);
#5705 = FACE_BOUND('',#5706,.T.);
#5706 = EDGE_LOOP('',(#5707,#5728,#5729,#5730,#5731));
#5707 = ORIENTED_EDGE('',*,*,#5708,.F.);
#5708 = EDGE_CURVE('',#4416,#2592,#5709,.T.);
#5709 = SURFACE_CURVE('',#5710,(#5714,#5721),.PCURVE_S1.);
#5710 = LINE('',#5711,#5712);
#5711 = CARTESIAN_POINT('',(0.,-2.8,-20.));
#5712 = VECTOR('',#5713,1.);
#5713 = DIRECTION('',(-1.,1.359631073447E-32,1.224646799147E-16));
#5714 = PCURVE('',#2643,#5715);
#5715 = DEFINITIONAL_REPRESENTATION('',(#5716),#5720);
#5716 = LINE('',#5717,#5718);
#5717 = CARTESIAN_POINT('',(1.803468879687,-4.930380657631E-32));
#5718 = VECTOR('',#5719,1.);
#5719 = DIRECTION('',(0.,-1.));
#5720 = ( GEOMETRIC_REPRESENTATION_CONTEXT(2) 
PARAMETRIC_REPRESENTATION_CONTEXT() REPRESENTATION_CONTEXT('2D SPACE',''
  ) );
#5721 = PCURVE('',#2611,#5722);
#5722 = DEFINITIONAL_REPRESENTATION('',(#5723),#5727);
#5723 = LINE('',#5724,#5725);
#5724 = CARTESIAN_POINT('',(-0.,0.));
#5725 = VECTOR('',#5726,1.);
#5726 = DIRECTION('',(0.,-1.));
#5727 = ( GEOMETRIC_REPRESENTATION_CONTEXT(2) 
PARAMETRIC_REPRESENTATION_CONTEXT() REPRESENTATION_CONTEXT('2D SPACE',''
  ) );
#5728 = ORIENTED_EDGE('',*,*,#4442,.F.);
#5729 = ORIENTED_EDGE('',*,*,#5655,.F.);
#5730 = ORIENTED_EDGE('',*,*,#5684,.F.);
#5731 = ORIENTED_EDGE('',*,*,#2623,.T.);
#5732 = ADVANCED_FACE('',(#5733),#2611,.T.);
#5733 = FACE_BOUND('',#5734,.T.);
#5734 = EDGE_LOOP('',(#5735,#5736,#5737,#5760,#5781));
#5735 = ORIENTED_EDGE('',*,*,#5708,.T.);
#5736 = ORIENTED_EDGE('',*,*,#2591,.T.);
#5737 = ORIENTED_EDGE('',*,*,#5738,.T.);
#5738 = EDGE_CURVE('',#2563,#5739,#5741,.T.);
#5739 = VERTEX_POINT('',#5740);
#5740 = CARTESIAN_POINT('',(-8.764331668529,-4.,-21.15384615384));
#5741 = SURFACE_CURVE('',#5742,(#5746,#5753),.PCURVE_S1.);
#5742 = LINE('',#5743,#5744);
#5743 = CARTESIAN_POINT('',(-19.96668823448,-4.,-21.15384615384));
#5744 = VECTOR('',#5745,1.);
#5745 = DIRECTION('',(1.,-4.506478287488E-32,-4.059074787257E-16));
#5746 = PCURVE('',#2611,#5747);
#5747 = DEFINITIONAL_REPRESENTATION('',(#5748),#5752);
#5748 = LINE('',#5749,#5750);
#5749 = CARTESIAN_POINT('',(1.664740504327,-19.96668823448));
#5750 = VECTOR('',#5751,1.);
#5751 = DIRECTION('',(1.964566744147E-16,1.));
#5752 = ( GEOMETRIC_REPRESENTATION_CONTEXT(2) 
PARAMETRIC_REPRESENTATION_CONTEXT() REPRESENTATION_CONTEXT('2D SPACE',''
  ) );
#5753 = PCURVE('',#2579,#5754);
#5754 = DEFINITIONAL_REPRESENTATION('',(#5755),#5759);
#5755 = LINE('',#5756,#5757);
#5756 = CARTESIAN_POINT('',(-19.96668823448,-1.153846153846));
#5757 = VECTOR('',#5758,1.);
#5758 = DIRECTION('',(1.,-4.059074787257E-16));
#5759 = ( GEOMETRIC_REPRESENTATION_CONTEXT(2) 
PARAMETRIC_REPRESENTATION_CONTEXT() REPRESENTATION_CONTEXT('2D SPACE',''
  ) );
#5760 = ORIENTED_EDGE('',*,*,#5761,.T.);
#5761 = EDGE_CURVE('',#5739,#4389,#5762,.T.);
#5762 = SURFACE_CURVE('',#5763,(#5767,#5774),.PCURVE_S1.);
#5763 = LINE('',#5764,#5765);
#5764 = CARTESIAN_POINT('',(-0.165315468926,-2.822634762149,
    -20.02176419437));
#5765 = VECTOR('',#5766,1.);
#5766 = DIRECTION('',(0.982434368801,0.134513535903,0.129339938368));
#5767 = PCURVE('',#2611,#5768);
#5768 = DEFINITIONAL_REPRESENTATION('',(#5769),#5773);
#5769 = LINE('',#5770,#5771);
#5770 = CARTESIAN_POINT('',(3.140083779588E-02,-0.165315468926));
#5771 = VECTOR('',#5772,1.);
#5772 = DIRECTION('',(-0.186608442998,0.982434368801));
#5773 = ( GEOMETRIC_REPRESENTATION_CONTEXT(2) 
PARAMETRIC_REPRESENTATION_CONTEXT() REPRESENTATION_CONTEXT('2D SPACE',''
  ) );
#5774 = PCURVE('',#2550,#5775);
#5775 = DEFINITIONAL_REPRESENTATION('',(#5776),#5780);
#5776 = LINE('',#5777,#5778);
#5777 = CARTESIAN_POINT('',(1.772068041891,-0.165315468926));
#5778 = VECTOR('',#5779,1.);
#5779 = DIRECTION('',(0.186608442998,0.982434368801));
#5780 = ( GEOMETRIC_REPRESENTATION_CONTEXT(2) 
PARAMETRIC_REPRESENTATION_CONTEXT() REPRESENTATION_CONTEXT('2D SPACE',''
  ) );
#5781 = ORIENTED_EDGE('',*,*,#4415,.F.);
#5782 = ADVANCED_FACE('',(#5783),#2579,.T.);
#5783 = FACE_BOUND('',#5784,.T.);
#5784 = EDGE_LOOP('',(#5785,#5786,#5787));
#5785 = ORIENTED_EDGE('',*,*,#5738,.F.);
#5786 = ORIENTED_EDGE('',*,*,#2562,.T.);
#5787 = ORIENTED_EDGE('',*,*,#5788,.T.);
#5788 = EDGE_CURVE('',#2531,#5739,#5789,.T.);
#5789 = SURFACE_CURVE('',#5790,(#5794,#5801),.PCURVE_S1.);
#5790 = LINE('',#5791,#5792);
#5791 = CARTESIAN_POINT('',(-0.298637359734,-4.,-18.88547020043));
#5792 = VECTOR('',#5793,1.);
#5793 = DIRECTION('',(0.965925826289,2.873468630843E-17,0.258819045103)
  );
#5794 = PCURVE('',#2579,#5795);
#5795 = DEFINITIONAL_REPRESENTATION('',(#5796),#5800);
#5796 = LINE('',#5797,#5798);
#5797 = CARTESIAN_POINT('',(-0.298637359734,1.114529799564));
#5798 = VECTOR('',#5799,1.);
#5799 = DIRECTION('',(0.965925826289,0.258819045103));
#5800 = ( GEOMETRIC_REPRESENTATION_CONTEXT(2) 
PARAMETRIC_REPRESENTATION_CONTEXT() REPRESENTATION_CONTEXT('2D SPACE',''
  ) );
#5801 = PCURVE('',#2550,#5802);
#5802 = DEFINITIONAL_REPRESENTATION('',(#5803),#5807);
#5803 = LINE('',#5804,#5805);
#5804 = CARTESIAN_POINT('',(0.138728375361,-6.245004513517E-16));
#5805 = VECTOR('',#5806,1.);
#5806 = DIRECTION('',(-5.551115123126E-17,1.));
#5807 = ( GEOMETRIC_REPRESENTATION_CONTEXT(2) 
PARAMETRIC_REPRESENTATION_CONTEXT() REPRESENTATION_CONTEXT('2D SPACE',''
  ) );
#5808 = ADVANCED_FACE('',(#5809),#2550,.T.);
#5809 = FACE_BOUND('',#5810,.T.);
#5810 = EDGE_LOOP('',(#5811,#5832,#5833,#5834,#5835));
#5811 = ORIENTED_EDGE('',*,*,#5812,.F.);
#5812 = EDGE_CURVE('',#4362,#2499,#5813,.T.);
#5813 = SURFACE_CURVE('',#5814,(#5818,#5825),.PCURVE_S1.);
#5814 = LINE('',#5815,#5816);
#5815 = CARTESIAN_POINT('',(0.,-2.8,-20.));
#5816 = VECTOR('',#5817,1.);
#5817 = DIRECTION('',(-0.965925826289,-2.873468630843E-17,
    -0.258819045103));
#5818 = PCURVE('',#2550,#5819);
#5819 = DEFINITIONAL_REPRESENTATION('',(#5820),#5824);
#5820 = LINE('',#5821,#5822);
#5821 = CARTESIAN_POINT('',(1.803468879687,-2.22044604925E-16));
#5822 = VECTOR('',#5823,1.);
#5823 = DIRECTION('',(5.551115123126E-17,-1.));
#5824 = ( GEOMETRIC_REPRESENTATION_CONTEXT(2) 
PARAMETRIC_REPRESENTATION_CONTEXT() REPRESENTATION_CONTEXT('2D SPACE',''
  ) );
#5825 = PCURVE('',#2518,#5826);
#5826 = DEFINITIONAL_REPRESENTATION('',(#5827),#5831);
#5827 = LINE('',#5828,#5829);
#5828 = CARTESIAN_POINT('',(0.,0.));
#5829 = VECTOR('',#5830,1.);
#5830 = DIRECTION('',(2.775557561563E-17,-1.));
#5831 = ( GEOMETRIC_REPRESENTATION_CONTEXT(2) 
PARAMETRIC_REPRESENTATION_CONTEXT() REPRESENTATION_CONTEXT('2D SPACE',''
  ) );
#5832 = ORIENTED_EDGE('',*,*,#4388,.F.);
#5833 = ORIENTED_EDGE('',*,*,#5761,.F.);
#5834 = ORIENTED_EDGE('',*,*,#5788,.F.);
#5835 = ORIENTED_EDGE('',*,*,#2530,.T.);
#5836 = ADVANCED_FACE('',(#5837),#2518,.T.);
#5837 = FACE_BOUND('',#5838,.T.);
#5838 = EDGE_LOOP('',(#5839,#5862,#5883,#5884,#5885));
#5839 = ORIENTED_EDGE('',*,*,#5840,.F.);
#5840 = EDGE_CURVE('',#5841,#2470,#5843,.T.);
#5841 = VERTEX_POINT('',#5842);
#5842 = CARTESIAN_POINT('',(-8.167056949062,-4.,-23.38290575297));
#5843 = SURFACE_CURVE('',#5844,(#5848,#5855),.PCURVE_S1.);
#5844 = LINE('',#5845,#5846);
#5845 = CARTESIAN_POINT('',(0.298637359734,-4.,-21.11452979956));
#5846 = VECTOR('',#5847,1.);
#5847 = DIRECTION('',(-0.965925826289,-2.873468630843E-17,
    -0.258819045103));
#5848 = PCURVE('',#2518,#5849);
#5849 = DEFINITIONAL_REPRESENTATION('',(#5850),#5854);
#5850 = LINE('',#5851,#5852);
#5851 = CARTESIAN_POINT('',(1.664740504327,3.330669073875E-16));
#5852 = VECTOR('',#5853,1.);
#5853 = DIRECTION('',(2.775557561563E-17,-1.));
#5854 = ( GEOMETRIC_REPRESENTATION_CONTEXT(2) 
PARAMETRIC_REPRESENTATION_CONTEXT() REPRESENTATION_CONTEXT('2D SPACE',''
  ) );
#5855 = PCURVE('',#2486,#5856);
#5856 = DEFINITIONAL_REPRESENTATION('',(#5857),#5861);
#5857 = LINE('',#5858,#5859);
#5858 = CARTESIAN_POINT('',(0.298637359734,-1.114529799564));
#5859 = VECTOR('',#5860,1.);
#5860 = DIRECTION('',(-0.965925826289,-0.258819045103));
#5861 = ( GEOMETRIC_REPRESENTATION_CONTEXT(2) 
PARAMETRIC_REPRESENTATION_CONTEXT() REPRESENTATION_CONTEXT('2D SPACE',''
  ) );
#5862 = ORIENTED_EDGE('',*,*,#5863,.T.);
#5863 = EDGE_CURVE('',#5841,#4335,#5864,.T.);
#5864 = SURFACE_CURVE('',#5865,(#5869,#5876),.PCURVE_S1.);
#5865 = LINE('',#5866,#5867);
#5866 = CARTESIAN_POINT('',(-0.154049492915,-2.822634762149,
    -20.06380938924));
#5867 = VECTOR('',#5868,1.);
#5868 = DIRECTION('',(0.915483090117,0.134513535903,0.37920551205));
#5869 = PCURVE('',#2518,#5870);
#5870 = DEFINITIONAL_REPRESENTATION('',(#5871),#5875);
#5871 = LINE('',#5872,#5873);
#5872 = CARTESIAN_POINT('',(3.140083779587E-02,-0.165315468926));
#5873 = VECTOR('',#5874,1.);
#5874 = DIRECTION('',(-0.186608442998,0.982434368801));
#5875 = ( GEOMETRIC_REPRESENTATION_CONTEXT(2) 
PARAMETRIC_REPRESENTATION_CONTEXT() REPRESENTATION_CONTEXT('2D SPACE',''
  ) );
#5876 = PCURVE('',#2457,#5877);
#5877 = DEFINITIONAL_REPRESENTATION('',(#5878),#5882);
#5878 = LINE('',#5879,#5880);
#5879 = CARTESIAN_POINT('',(1.772068041891,-0.165315468926));
#5880 = VECTOR('',#5881,1.);
#5881 = DIRECTION('',(0.186608442998,0.982434368801));
#5882 = ( GEOMETRIC_REPRESENTATION_CONTEXT(2) 
PARAMETRIC_REPRESENTATION_CONTEXT() REPRESENTATION_CONTEXT('2D SPACE',''
  ) );
#5883 = ORIENTED_EDGE('',*,*,#4361,.F.);
#5884 = ORIENTED_EDGE('',*,*,#5812,.T.);
#5885 = ORIENTED_EDGE('',*,*,#2498,.T.);
#5886 = ADVANCED_FACE('',(#5887),#2486,.T.);
#5887 = FACE_BOUND('',#5888,.T.);
#5888 = EDGE_LOOP('',(#5889,#5910,#5911));
#5889 = ORIENTED_EDGE('',*,*,#5890,.T.);
#5890 = EDGE_CURVE('',#2438,#5841,#5891,.T.);
#5891 = SURFACE_CURVE('',#5892,(#5896,#5903),.PCURVE_S1.);
#5892 = LINE('',#5893,#5894);
#5893 = CARTESIAN_POINT('',(-0.576923076923,-4.,-19.00073991871));
#5894 = VECTOR('',#5895,1.);
#5895 = DIRECTION('',(0.866025403784,5.551115123126E-17,0.5));
#5896 = PCURVE('',#2486,#5897);
#5897 = DEFINITIONAL_REPRESENTATION('',(#5898),#5902);
#5898 = LINE('',#5899,#5900);
#5899 = CARTESIAN_POINT('',(-0.576923076923,0.99926008129));
#5900 = VECTOR('',#5901,1.);
#5901 = DIRECTION('',(0.866025403784,0.5));
#5902 = ( GEOMETRIC_REPRESENTATION_CONTEXT(2) 
PARAMETRIC_REPRESENTATION_CONTEXT() REPRESENTATION_CONTEXT('2D SPACE',''
  ) );
#5903 = PCURVE('',#2457,#5904);
#5904 = DEFINITIONAL_REPRESENTATION('',(#5905),#5909);
#5905 = LINE('',#5906,#5907);
#5906 = CARTESIAN_POINT('',(0.138728375361,-7.008282842946E-16));
#5907 = VECTOR('',#5908,1.);
#5908 = DIRECTION('',(0.,1.));
#5909 = ( GEOMETRIC_REPRESENTATION_CONTEXT(2) 
PARAMETRIC_REPRESENTATION_CONTEXT() REPRESENTATION_CONTEXT('2D SPACE',''
  ) );
#5910 = ORIENTED_EDGE('',*,*,#5840,.T.);
#5911 = ORIENTED_EDGE('',*,*,#2469,.T.);
#5912 = ADVANCED_FACE('',(#5913),#2457,.T.);
#5913 = FACE_BOUND('',#5914,.T.);
#5914 = EDGE_LOOP('',(#5915,#5936,#5937,#5938,#5939));
#5915 = ORIENTED_EDGE('',*,*,#5916,.F.);
#5916 = EDGE_CURVE('',#4308,#2406,#5917,.T.);
#5917 = SURFACE_CURVE('',#5918,(#5922,#5929),.PCURVE_S1.);
#5918 = LINE('',#5919,#5920);
#5919 = CARTESIAN_POINT('',(0.,-2.8,-20.));
#5920 = VECTOR('',#5921,1.);
#5921 = DIRECTION('',(-0.866025403784,-5.551115123126E-17,-0.5));
#5922 = PCURVE('',#2457,#5923);
#5923 = DEFINITIONAL_REPRESENTATION('',(#5924),#5928);
#5924 = LINE('',#5925,#5926);
#5925 = CARTESIAN_POINT('',(1.803468879687,-6.661338147751E-16));
#5926 = VECTOR('',#5927,1.);
#5927 = DIRECTION('',(0.,-1.));
#5928 = ( GEOMETRIC_REPRESENTATION_CONTEXT(2) 
PARAMETRIC_REPRESENTATION_CONTEXT() REPRESENTATION_CONTEXT('2D SPACE',''
  ) );
#5929 = PCURVE('',#2425,#5930);
#5930 = DEFINITIONAL_REPRESENTATION('',(#5931),#5935);
#5931 = LINE('',#5932,#5933);
#5932 = CARTESIAN_POINT('',(0.,0.));
#5933 = VECTOR('',#5934,1.);
#5934 = DIRECTION('',(0.,-1.));
#5935 = ( GEOMETRIC_REPRESENTATION_CONTEXT(2) 
PARAMETRIC_REPRESENTATION_CONTEXT() REPRESENTATION_CONTEXT('2D SPACE',''
  ) );
#5936 = ORIENTED_EDGE('',*,*,#4334,.F.);
#5937 = ORIENTED_EDGE('',*,*,#5863,.F.);
#5938 = ORIENTED_EDGE('',*,*,#5890,.F.);
#5939 = ORIENTED_EDGE('',*,*,#2437,.T.);
#5940 = ADVANCED_FACE('',(#5941),#2425,.T.);
#5941 = FACE_BOUND('',#5942,.T.);
#5942 = EDGE_LOOP('',(#5943,#5966,#5987,#5988,#5989));
#5943 = ORIENTED_EDGE('',*,*,#5944,.F.);
#5944 = EDGE_CURVE('',#5945,#2377,#5947,.T.);
#5945 = VERTEX_POINT('',#5946);
#5946 = CARTESIAN_POINT('',(-7.013210795216,-4.,-25.38142591555));
#5947 = SURFACE_CURVE('',#5948,(#5952,#5959),.PCURVE_S1.);
#5948 = LINE('',#5949,#5950);
#5949 = CARTESIAN_POINT('',(0.576923076923,-4.,-20.99926008129));
#5950 = VECTOR('',#5951,1.);
#5951 = DIRECTION('',(-0.866025403784,-5.551115123126E-17,-0.5));
#5952 = PCURVE('',#2425,#5953);
#5953 = DEFINITIONAL_REPRESENTATION('',(#5954),#5958);
#5954 = LINE('',#5955,#5956);
#5955 = CARTESIAN_POINT('',(1.664740504327,-1.110223024625E-16));
#5956 = VECTOR('',#5957,1.);
#5957 = DIRECTION('',(0.,-1.));
#5958 = ( GEOMETRIC_REPRESENTATION_CONTEXT(2) 
PARAMETRIC_REPRESENTATION_CONTEXT() REPRESENTATION_CONTEXT('2D SPACE',''
  ) );
#5959 = PCURVE('',#2393,#5960);
#5960 = DEFINITIONAL_REPRESENTATION('',(#5961),#5965);
#5961 = LINE('',#5962,#5963);
#5962 = CARTESIAN_POINT('',(0.576923076923,-0.99926008129));
#5963 = VECTOR('',#5964,1.);
#5964 = DIRECTION('',(-0.866025403784,-0.5));
#5965 = ( GEOMETRIC_REPRESENTATION_CONTEXT(2) 
PARAMETRIC_REPRESENTATION_CONTEXT() REPRESENTATION_CONTEXT('2D SPACE',''
  ) );
#5966 = ORIENTED_EDGE('',*,*,#5967,.T.);
#5967 = EDGE_CURVE('',#5945,#4281,#5968,.T.);
#5968 = SURFACE_CURVE('',#5969,(#5973,#5980),.PCURVE_S1.);
#5969 = LINE('',#5970,#5971);
#5970 = CARTESIAN_POINT('',(-0.132285298541,-2.822634762149,
    -20.10150607968));
#5971 = VECTOR('',#5972,1.);
#5972 = DIRECTION('',(0.786143151749,0.134513535903,0.603228856751));
#5973 = PCURVE('',#2425,#5974);
#5974 = DEFINITIONAL_REPRESENTATION('',(#5975),#5979);
#5975 = LINE('',#5976,#5977);
#5976 = CARTESIAN_POINT('',(3.140083779588E-02,-0.165315468926));
#5977 = VECTOR('',#5978,1.);
#5978 = DIRECTION('',(-0.186608442998,0.982434368801));
#5979 = ( GEOMETRIC_REPRESENTATION_CONTEXT(2) 
PARAMETRIC_REPRESENTATION_CONTEXT() REPRESENTATION_CONTEXT('2D SPACE',''
  ) );
#5980 = PCURVE('',#2364,#5981);
#5981 = DEFINITIONAL_REPRESENTATION('',(#5982),#5986);
#5982 = LINE('',#5983,#5984);
#5983 = CARTESIAN_POINT('',(1.772068041891,-0.165315468926));
#5984 = VECTOR('',#5985,1.);
#5985 = DIRECTION('',(0.186608442998,0.982434368801));
#5986 = ( GEOMETRIC_REPRESENTATION_CONTEXT(2) 
PARAMETRIC_REPRESENTATION_CONTEXT() REPRESENTATION_CONTEXT('2D SPACE',''
  ) );
#5987 = ORIENTED_EDGE('',*,*,#4307,.F.);
#5988 = ORIENTED_EDGE('',*,*,#5916,.T.);
#5989 = ORIENTED_EDGE('',*,*,#2405,.T.);
#5990 = ADVANCED_FACE('',(#5991),#2393,.T.);
#5991 = FACE_BOUND('',#5992,.T.);
#5992 = EDGE_LOOP('',(#5993,#6014,#6015));
#5993 = ORIENTED_EDGE('',*,*,#5994,.T.);
#5994 = EDGE_CURVE('',#2345,#5945,#5995,.T.);
#5995 = SURFACE_CURVE('',#5996,(#6000,#6007),.PCURVE_S1.);
#5996 = LINE('',#5997,#5998);
#5997 = CARTESIAN_POINT('',(-0.815892439831,-4.,-19.18410756016));
#5998 = VECTOR('',#5999,1.);
#5999 = DIRECTION('',(0.707106781187,7.850462293419E-17,0.707106781187)
  );
#6000 = PCURVE('',#2393,#6001);
#6001 = DEFINITIONAL_REPRESENTATION('',(#6002),#6006);
#6002 = LINE('',#6003,#6004);
#6003 = CARTESIAN_POINT('',(-0.815892439831,0.815892439831));
#6004 = VECTOR('',#6005,1.);
#6005 = DIRECTION('',(0.707106781187,0.707106781187));
#6006 = ( GEOMETRIC_REPRESENTATION_CONTEXT(2) 
PARAMETRIC_REPRESENTATION_CONTEXT() REPRESENTATION_CONTEXT('2D SPACE',''
  ) );
#6007 = PCURVE('',#2364,#6008);
#6008 = DEFINITIONAL_REPRESENTATION('',(#6009),#6013);
#6009 = LINE('',#6010,#6011);
#6010 = CARTESIAN_POINT('',(0.138728375361,1.595945597899E-15));
#6011 = VECTOR('',#6012,1.);
#6012 = DIRECTION('',(0.,1.));
#6013 = ( GEOMETRIC_REPRESENTATION_CONTEXT(2) 
PARAMETRIC_REPRESENTATION_CONTEXT() REPRESENTATION_CONTEXT('2D SPACE',''
  ) );
#6014 = ORIENTED_EDGE('',*,*,#5944,.T.);
#6015 = ORIENTED_EDGE('',*,*,#2376,.T.);
#6016 = ADVANCED_FACE('',(#6017),#2364,.T.);
#6017 = FACE_BOUND('',#6018,.T.);
#6018 = EDGE_LOOP('',(#6019,#6040,#6041,#6042,#6043));
#6019 = ORIENTED_EDGE('',*,*,#6020,.F.);
#6020 = EDGE_CURVE('',#4254,#2313,#6021,.T.);
#6021 = SURFACE_CURVE('',#6022,(#6026,#6033),.PCURVE_S1.);
#6022 = LINE('',#6023,#6024);
#6023 = CARTESIAN_POINT('',(0.,-2.8,-20.));
#6024 = VECTOR('',#6025,1.);
#6025 = DIRECTION('',(-0.707106781187,-7.850462293419E-17,
    -0.707106781187));
#6026 = PCURVE('',#2364,#6027);
#6027 = DEFINITIONAL_REPRESENTATION('',(#6028),#6032);
#6028 = LINE('',#6029,#6030);
#6029 = CARTESIAN_POINT('',(1.803468879687,2.22044604925E-16));
#6030 = VECTOR('',#6031,1.);
#6031 = DIRECTION('',(0.,-1.));
#6032 = ( GEOMETRIC_REPRESENTATION_CONTEXT(2) 
PARAMETRIC_REPRESENTATION_CONTEXT() REPRESENTATION_CONTEXT('2D SPACE',''
  ) );
#6033 = PCURVE('',#2332,#6034);
#6034 = DEFINITIONAL_REPRESENTATION('',(#6035),#6039);
#6035 = LINE('',#6036,#6037);
#6036 = CARTESIAN_POINT('',(0.,0.));
#6037 = VECTOR('',#6038,1.);
#6038 = DIRECTION('',(5.551115123126E-17,-1.));
#6039 = ( GEOMETRIC_REPRESENTATION_CONTEXT(2) 
PARAMETRIC_REPRESENTATION_CONTEXT() REPRESENTATION_CONTEXT('2D SPACE',''
  ) );
#6040 = ORIENTED_EDGE('',*,*,#4280,.F.);
#6041 = ORIENTED_EDGE('',*,*,#5967,.F.);
#6042 = ORIENTED_EDGE('',*,*,#5994,.F.);
#6043 = ORIENTED_EDGE('',*,*,#2344,.T.);
#6044 = ADVANCED_FACE('',(#6045),#2332,.T.);
#6045 = FACE_BOUND('',#6046,.T.);
#6046 = EDGE_LOOP('',(#6047,#6070,#6091,#6092,#6093));
#6047 = ORIENTED_EDGE('',*,*,#6048,.F.);
#6048 = EDGE_CURVE('',#6049,#2284,#6051,.T.);
#6049 = VERTEX_POINT('',#6050);
#6050 = CARTESIAN_POINT('',(-5.381425915554,-4.,-27.01321079521));
#6051 = SURFACE_CURVE('',#6052,(#6056,#6063),.PCURVE_S1.);
#6052 = LINE('',#6053,#6054);
#6053 = CARTESIAN_POINT('',(0.815892439831,-4.,-20.81589243983));
#6054 = VECTOR('',#6055,1.);
#6055 = DIRECTION('',(-0.707106781187,-7.850462293419E-17,
    -0.707106781187));
#6056 = PCURVE('',#2332,#6057);
#6057 = DEFINITIONAL_REPRESENTATION('',(#6058),#6062);
#6058 = LINE('',#6059,#6060);
#6059 = CARTESIAN_POINT('',(1.664740504327,1.443289932013E-15));
#6060 = VECTOR('',#6061,1.);
#6061 = DIRECTION('',(5.551115123126E-17,-1.));
#6062 = ( GEOMETRIC_REPRESENTATION_CONTEXT(2) 
PARAMETRIC_REPRESENTATION_CONTEXT() REPRESENTATION_CONTEXT('2D SPACE',''
  ) );
#6063 = PCURVE('',#2300,#6064);
#6064 = DEFINITIONAL_REPRESENTATION('',(#6065),#6069);
#6065 = LINE('',#6066,#6067);
#6066 = CARTESIAN_POINT('',(0.815892439831,-0.815892439831));
#6067 = VECTOR('',#6068,1.);
#6068 = DIRECTION('',(-0.707106781187,-0.707106781187));
#6069 = ( GEOMETRIC_REPRESENTATION_CONTEXT(2) 
PARAMETRIC_REPRESENTATION_CONTEXT() REPRESENTATION_CONTEXT('2D SPACE',''
  ) );
#6070 = ORIENTED_EDGE('',*,*,#6071,.T.);
#6071 = EDGE_CURVE('',#6049,#4227,#6072,.T.);
#6072 = SURFACE_CURVE('',#6073,(#6077,#6084),.PCURVE_S1.);
#6073 = LINE('',#6074,#6075);
#6074 = CARTESIAN_POINT('',(-0.101506079684,-2.822634762149,
    -20.13228529854));
#6075 = VECTOR('',#6076,1.);
#6076 = DIRECTION('',(0.603228856751,0.134513535903,0.786143151749));
#6077 = PCURVE('',#2332,#6078);
#6078 = DEFINITIONAL_REPRESENTATION('',(#6079),#6083);
#6079 = LINE('',#6080,#6081);
#6080 = CARTESIAN_POINT('',(3.140083779587E-02,-0.165315468926));
#6081 = VECTOR('',#6082,1.);
#6082 = DIRECTION('',(-0.186608442998,0.982434368801));
#6083 = ( GEOMETRIC_REPRESENTATION_CONTEXT(2) 
PARAMETRIC_REPRESENTATION_CONTEXT() REPRESENTATION_CONTEXT('2D SPACE',''
  ) );
#6084 = PCURVE('',#2271,#6085);
#6085 = DEFINITIONAL_REPRESENTATION('',(#6086),#6090);
#6086 = LINE('',#6087,#6088);
#6087 = CARTESIAN_POINT('',(1.772068041891,-0.165315468926));
#6088 = VECTOR('',#6089,1.);
#6089 = DIRECTION('',(0.186608442998,0.982434368801));
#6090 = ( GEOMETRIC_REPRESENTATION_CONTEXT(2) 
PARAMETRIC_REPRESENTATION_CONTEXT() REPRESENTATION_CONTEXT('2D SPACE',''
  ) );
#6091 = ORIENTED_EDGE('',*,*,#4253,.F.);
#6092 = ORIENTED_EDGE('',*,*,#6020,.T.);
#6093 = ORIENTED_EDGE('',*,*,#2312,.T.);
#6094 = ADVANCED_FACE('',(#6095),#2300,.T.);
#6095 = FACE_BOUND('',#6096,.T.);
#6096 = EDGE_LOOP('',(#6097,#6118,#6119));
#6097 = ORIENTED_EDGE('',*,*,#6098,.T.);
#6098 = EDGE_CURVE('',#2252,#6049,#6099,.T.);
#6099 = SURFACE_CURVE('',#6100,(#6104,#6111),.PCURVE_S1.);
#6100 = LINE('',#6101,#6102);
#6101 = CARTESIAN_POINT('',(-0.99926008129,-4.,-19.42307692307));
#6102 = VECTOR('',#6103,1.);
#6103 = DIRECTION('',(0.5,9.614813431918E-17,0.866025403784));
#6104 = PCURVE('',#2300,#6105);
#6105 = DEFINITIONAL_REPRESENTATION('',(#6106),#6110);
#6106 = LINE('',#6107,#6108);
#6107 = CARTESIAN_POINT('',(-0.99926008129,0.576923076923));
#6108 = VECTOR('',#6109,1.);
#6109 = DIRECTION('',(0.5,0.866025403784));
#6110 = ( GEOMETRIC_REPRESENTATION_CONTEXT(2) 
PARAMETRIC_REPRESENTATION_CONTEXT() REPRESENTATION_CONTEXT('2D SPACE',''
  ) );
#6111 = PCURVE('',#2271,#6112);
#6112 = DEFINITIONAL_REPRESENTATION('',(#6113),#6117);
#6113 = LINE('',#6114,#6115);
#6114 = CARTESIAN_POINT('',(0.138728375361,-3.885780586188E-16));
#6115 = VECTOR('',#6116,1.);
#6116 = DIRECTION('',(0.,1.));
#6117 = ( GEOMETRIC_REPRESENTATION_CONTEXT(2) 
PARAMETRIC_REPRESENTATION_CONTEXT() REPRESENTATION_CONTEXT('2D SPACE',''
  ) );
#6118 = ORIENTED_EDGE('',*,*,#6048,.T.);
#6119 = ORIENTED_EDGE('',*,*,#2283,.T.);
#6120 = ADVANCED_FACE('',(#6121),#2271,.T.);
#6121 = FACE_BOUND('',#6122,.T.);
#6122 = EDGE_LOOP('',(#6123,#6144,#6145,#6146,#6147));
#6123 = ORIENTED_EDGE('',*,*,#6124,.F.);
#6124 = EDGE_CURVE('',#4200,#2220,#6125,.T.);
#6125 = SURFACE_CURVE('',#6126,(#6130,#6137),.PCURVE_S1.);
#6126 = LINE('',#6127,#6128);
#6127 = CARTESIAN_POINT('',(0.,-2.8,-20.));
#6128 = VECTOR('',#6129,1.);
#6129 = DIRECTION('',(-0.5,-9.614813431918E-17,-0.866025403784));
#6130 = PCURVE('',#2271,#6131);
#6131 = DEFINITIONAL_REPRESENTATION('',(#6132),#6136);
#6132 = LINE('',#6133,#6134);
#6133 = CARTESIAN_POINT('',(1.803468879687,6.661338147751E-16));
#6134 = VECTOR('',#6135,1.);
#6135 = DIRECTION('',(0.,-1.));
#6136 = ( GEOMETRIC_REPRESENTATION_CONTEXT(2) 
PARAMETRIC_REPRESENTATION_CONTEXT() REPRESENTATION_CONTEXT('2D SPACE',''
  ) );
#6137 = PCURVE('',#2239,#6138);
#6138 = DEFINITIONAL_REPRESENTATION('',(#6139),#6143);
#6139 = LINE('',#6140,#6141);
#6140 = CARTESIAN_POINT('',(0.,0.));
#6141 = VECTOR('',#6142,1.);
#6142 = DIRECTION('',(0.,-1.));
#6143 = ( GEOMETRIC_REPRESENTATION_CONTEXT(2) 
PARAMETRIC_REPRESENTATION_CONTEXT() REPRESENTATION_CONTEXT('2D SPACE',''
  ) );
#6144 = ORIENTED_EDGE('',*,*,#4226,.F.);
#6145 = ORIENTED_EDGE('',*,*,#6071,.F.);
#6146 = ORIENTED_EDGE('',*,*,#6098,.F.);
#6147 = ORIENTED_EDGE('',*,*,#2251,.T.);
#6148 = ADVANCED_FACE('',(#6149),#2239,.T.);
#6149 = FACE_BOUND('',#6150,.T.);
#6150 = EDGE_LOOP('',(#6151,#6174,#6195,#6196,#6197));
#6151 = ORIENTED_EDGE('',*,*,#6152,.F.);
#6152 = EDGE_CURVE('',#6153,#2191,#6155,.T.);
#6153 = VERTEX_POINT('',#6154);
#6154 = CARTESIAN_POINT('',(-3.382905752975,-4.,-28.16705694906));
#6155 = SURFACE_CURVE('',#6156,(#6160,#6167),.PCURVE_S1.);
#6156 = LINE('',#6157,#6158);
#6157 = CARTESIAN_POINT('',(0.99926008129,-4.,-20.57692307692));
#6158 = VECTOR('',#6159,1.);
#6159 = DIRECTION('',(-0.5,-9.614813431918E-17,-0.866025403784));
#6160 = PCURVE('',#2239,#6161);
#6161 = DEFINITIONAL_REPRESENTATION('',(#6162),#6166);
#6162 = LINE('',#6163,#6164);
#6163 = CARTESIAN_POINT('',(1.664740504327,8.326672684689E-16));
#6164 = VECTOR('',#6165,1.);
#6165 = DIRECTION('',(0.,-1.));
#6166 = ( GEOMETRIC_REPRESENTATION_CONTEXT(2) 
PARAMETRIC_REPRESENTATION_CONTEXT() REPRESENTATION_CONTEXT('2D SPACE',''
  ) );
#6167 = PCURVE('',#2207,#6168);
#6168 = DEFINITIONAL_REPRESENTATION('',(#6169),#6173);
#6169 = LINE('',#6170,#6171);
#6170 = CARTESIAN_POINT('',(0.99926008129,-0.576923076923));
#6171 = VECTOR('',#6172,1.);
#6172 = DIRECTION('',(-0.5,-0.866025403784));
#6173 = ( GEOMETRIC_REPRESENTATION_CONTEXT(2) 
PARAMETRIC_REPRESENTATION_CONTEXT() REPRESENTATION_CONTEXT('2D SPACE',''
  ) );
#6174 = ORIENTED_EDGE('',*,*,#6175,.T.);
#6175 = EDGE_CURVE('',#6153,#4173,#6176,.T.);
#6176 = SURFACE_CURVE('',#6177,(#6181,#6188),.PCURVE_S1.);
#6177 = LINE('',#6178,#6179);
#6178 = CARTESIAN_POINT('',(-6.380938924224E-02,-2.822634762149,
    -20.15404949291));
#6179 = VECTOR('',#6180,1.);
#6180 = DIRECTION('',(0.37920551205,0.134513535903,0.915483090117));
#6181 = PCURVE('',#2239,#6182);
#6182 = DEFINITIONAL_REPRESENTATION('',(#6183),#6187);
#6183 = LINE('',#6184,#6185);
#6184 = CARTESIAN_POINT('',(3.140083779588E-02,-0.165315468926));
#6185 = VECTOR('',#6186,1.);
#6186 = DIRECTION('',(-0.186608442998,0.982434368801));
#6187 = ( GEOMETRIC_REPRESENTATION_CONTEXT(2) 
PARAMETRIC_REPRESENTATION_CONTEXT() REPRESENTATION_CONTEXT('2D SPACE',''
  ) );
#6188 = PCURVE('',#2178,#6189);
#6189 = DEFINITIONAL_REPRESENTATION('',(#6190),#6194);
#6190 = LINE('',#6191,#6192);
#6191 = CARTESIAN_POINT('',(1.772068041891,-0.165315468926));
#6192 = VECTOR('',#6193,1.);
#6193 = DIRECTION('',(0.186608442998,0.982434368801));
#6194 = ( GEOMETRIC_REPRESENTATION_CONTEXT(2) 
PARAMETRIC_REPRESENTATION_CONTEXT() REPRESENTATION_CONTEXT('2D SPACE',''
  ) );
#6195 = ORIENTED_EDGE('',*,*,#4199,.F.);
#6196 = ORIENTED_EDGE('',*,*,#6124,.T.);
#6197 = ORIENTED_EDGE('',*,*,#2219,.T.);
#6198 = ADVANCED_FACE('',(#6199),#2207,.T.);
#6199 = FACE_BOUND('',#6200,.T.);
#6200 = EDGE_LOOP('',(#6201,#6222,#6223));
#6201 = ORIENTED_EDGE('',*,*,#6202,.T.);
#6202 = EDGE_CURVE('',#2159,#6153,#6203,.T.);
#6203 = SURFACE_CURVE('',#6204,(#6208,#6215),.PCURVE_S1.);
#6204 = LINE('',#6205,#6206);
#6205 = CARTESIAN_POINT('',(-1.114529799564,-4.,-19.70136264026));
#6206 = VECTOR('',#6207,1.);
#6207 = DIRECTION('',(0.258819045103,1.072393092426E-16,0.965925826289)
  );
#6208 = PCURVE('',#2207,#6209);
#6209 = DEFINITIONAL_REPRESENTATION('',(#6210),#6214);
#6210 = LINE('',#6211,#6212);
#6211 = CARTESIAN_POINT('',(-1.114529799564,0.298637359734));
#6212 = VECTOR('',#6213,1.);
#6213 = DIRECTION('',(0.258819045103,0.965925826289));
#6214 = ( GEOMETRIC_REPRESENTATION_CONTEXT(2) 
PARAMETRIC_REPRESENTATION_CONTEXT() REPRESENTATION_CONTEXT('2D SPACE',''
  ) );
#6215 = PCURVE('',#2178,#6216);
#6216 = DEFINITIONAL_REPRESENTATION('',(#6217),#6221);
#6217 = LINE('',#6218,#6219);
#6218 = CARTESIAN_POINT('',(0.138728375361,6.245004513517E-17));
#6219 = VECTOR('',#6220,1.);
#6220 = DIRECTION('',(0.,1.));
#6221 = ( GEOMETRIC_REPRESENTATION_CONTEXT(2) 
PARAMETRIC_REPRESENTATION_CONTEXT() REPRESENTATION_CONTEXT('2D SPACE',''
  ) );
#6222 = ORIENTED_EDGE('',*,*,#6152,.T.);
#6223 = ORIENTED_EDGE('',*,*,#2190,.T.);
#6224 = ADVANCED_FACE('',(#6225),#2178,.T.);
#6225 = FACE_BOUND('',#6226,.T.);
#6226 = EDGE_LOOP('',(#6227,#6248,#6249,#6250,#6251));
#6227 = ORIENTED_EDGE('',*,*,#6228,.F.);
#6228 = EDGE_CURVE('',#4146,#2127,#6229,.T.);
#6229 = SURFACE_CURVE('',#6230,(#6234,#6241),.PCURVE_S1.);
#6230 = LINE('',#6231,#6232);
#6231 = CARTESIAN_POINT('',(0.,-2.8,-20.));
#6232 = VECTOR('',#6233,1.);
#6233 = DIRECTION('',(-0.258819045103,-1.072393092426E-16,
    -0.965925826289));
#6234 = PCURVE('',#2178,#6235);
#6235 = DEFINITIONAL_REPRESENTATION('',(#6236),#6240);
#6236 = LINE('',#6237,#6238);
#6237 = CARTESIAN_POINT('',(1.803468879687,-4.440892098501E-16));
#6238 = VECTOR('',#6239,1.);
#6239 = DIRECTION('',(0.,-1.));
#6240 = ( GEOMETRIC_REPRESENTATION_CONTEXT(2) 
PARAMETRIC_REPRESENTATION_CONTEXT() REPRESENTATION_CONTEXT('2D SPACE',''
  ) );
#6241 = PCURVE('',#2146,#6242);
#6242 = DEFINITIONAL_REPRESENTATION('',(#6243),#6247);
#6243 = LINE('',#6244,#6245);
#6244 = CARTESIAN_POINT('',(0.,0.));
#6245 = VECTOR('',#6246,1.);
#6246 = DIRECTION('',(-2.775557561563E-17,-1.));
#6247 = ( GEOMETRIC_REPRESENTATION_CONTEXT(2) 
PARAMETRIC_REPRESENTATION_CONTEXT() REPRESENTATION_CONTEXT('2D SPACE',''
  ) );
#6248 = ORIENTED_EDGE('',*,*,#4172,.F.);
#6249 = ORIENTED_EDGE('',*,*,#6175,.F.);
#6250 = ORIENTED_EDGE('',*,*,#6202,.F.);
#6251 = ORIENTED_EDGE('',*,*,#2158,.T.);
#6252 = ADVANCED_FACE('',(#6253),#2146,.T.);
#6253 = FACE_BOUND('',#6254,.T.);
#6254 = EDGE_LOOP('',(#6255,#6278,#6299,#6300,#6301));
#6255 = ORIENTED_EDGE('',*,*,#6256,.F.);
#6256 = EDGE_CURVE('',#6257,#2098,#6259,.T.);
#6257 = VERTEX_POINT('',#6258);
#6258 = CARTESIAN_POINT('',(-1.153846153846,-4.,-28.76433166852));
#6259 = SURFACE_CURVE('',#6260,(#6264,#6271),.PCURVE_S1.);
#6260 = LINE('',#6261,#6262);
#6261 = CARTESIAN_POINT('',(1.114529799564,-4.,-20.29863735973));
#6262 = VECTOR('',#6263,1.);
#6263 = DIRECTION('',(-0.258819045103,-1.072393092426E-16,
    -0.965925826289));
#6264 = PCURVE('',#2146,#6265);
#6265 = DEFINITIONAL_REPRESENTATION('',(#6266),#6270);
#6266 = LINE('',#6267,#6268);
#6267 = CARTESIAN_POINT('',(1.664740504327,-9.436895709314E-16));
#6268 = VECTOR('',#6269,1.);
#6269 = DIRECTION('',(-2.775557561563E-17,-1.));
#6270 = ( GEOMETRIC_REPRESENTATION_CONTEXT(2) 
PARAMETRIC_REPRESENTATION_CONTEXT() REPRESENTATION_CONTEXT('2D SPACE',''
  ) );
#6271 = PCURVE('',#2114,#6272);
#6272 = DEFINITIONAL_REPRESENTATION('',(#6273),#6277);
#6273 = LINE('',#6274,#6275);
#6274 = CARTESIAN_POINT('',(1.114529799564,-0.298637359734));
#6275 = VECTOR('',#6276,1.);
#6276 = DIRECTION('',(-0.258819045103,-0.965925826289));
#6277 = ( GEOMETRIC_REPRESENTATION_CONTEXT(2) 
PARAMETRIC_REPRESENTATION_CONTEXT() REPRESENTATION_CONTEXT('2D SPACE',''
  ) );
#6278 = ORIENTED_EDGE('',*,*,#6279,.T.);
#6279 = EDGE_CURVE('',#6257,#4119,#6280,.T.);
#6280 = SURFACE_CURVE('',#6281,(#6285,#6292),.PCURVE_S1.);
#6281 = LINE('',#6282,#6283);
#6282 = CARTESIAN_POINT('',(-2.176419437393E-02,-2.822634762149,
    -20.16531546892));
#6283 = VECTOR('',#6284,1.);
#6284 = DIRECTION('',(0.129339938368,0.134513535903,0.982434368801));
#6285 = PCURVE('',#2146,#6286);
#6286 = DEFINITIONAL_REPRESENTATION('',(#6287),#6291);
#6287 = LINE('',#6288,#6289);
#6288 = CARTESIAN_POINT('',(3.140083779588E-02,-0.165315468926));
#6289 = VECTOR('',#6290,1.);
#6290 = DIRECTION('',(-0.186608442998,0.982434368801));
#6291 = ( GEOMETRIC_REPRESENTATION_CONTEXT(2) 
PARAMETRIC_REPRESENTATION_CONTEXT() REPRESENTATION_CONTEXT('2D SPACE',''
  ) );
#6292 = PCURVE('',#2085,#6293);
#6293 = DEFINITIONAL_REPRESENTATION('',(#6294),#6298);
#6294 = LINE('',#6295,#6296);
#6295 = CARTESIAN_POINT('',(1.772068041891,-0.165315468926));
#6296 = VECTOR('',#6297,1.);
#6297 = DIRECTION('',(0.186608442998,0.982434368801));
#6298 = ( GEOMETRIC_REPRESENTATION_CONTEXT(2) 
PARAMETRIC_REPRESENTATION_CONTEXT() REPRESENTATION_CONTEXT('2D SPACE',''
  ) );
#6299 = ORIENTED_EDGE('',*,*,#4145,.F.);
#6300 = ORIENTED_EDGE('',*,*,#6228,.T.);
#6301 = ORIENTED_EDGE('',*,*,#2126,.T.);
#6302 = ADVANCED_FACE('',(#6303),#2114,.T.);
#6303 = FACE_BOUND('',#6304,.T.);
#6304 = EDGE_LOOP('',(#6305,#6326,#6327));
#6305 = ORIENTED_EDGE('',*,*,#6306,.T.);
#6306 = EDGE_CURVE('',#2066,#6257,#6307,.T.);
#6307 = SURFACE_CURVE('',#6308,(#6312,#6319),.PCURVE_S1.);
#6308 = LINE('',#6309,#6310);
#6309 = CARTESIAN_POINT('',(-1.153846153846,-4.,-20.));
#6310 = VECTOR('',#6311,1.);
#6311 = DIRECTION('',(2.22044604925E-16,1.110223024625E-16,1.));
#6312 = PCURVE('',#2114,#6313);
#6313 = DEFINITIONAL_REPRESENTATION('',(#6314),#6318);
#6314 = LINE('',#6315,#6316);
#6315 = CARTESIAN_POINT('',(-1.153846153846,0.));
#6316 = VECTOR('',#6317,1.);
#6317 = DIRECTION('',(2.22044604925E-16,1.));
#6318 = ( GEOMETRIC_REPRESENTATION_CONTEXT(2) 
PARAMETRIC_REPRESENTATION_CONTEXT() REPRESENTATION_CONTEXT('2D SPACE',''
  ) );
#6319 = PCURVE('',#2085,#6320);
#6320 = DEFINITIONAL_REPRESENTATION('',(#6321),#6325);
#6321 = LINE('',#6322,#6323);
#6322 = CARTESIAN_POINT('',(0.138728375361,3.24526730275E-17));
#6323 = VECTOR('',#6324,1.);
#6324 = DIRECTION('',(0.,1.));
#6325 = ( GEOMETRIC_REPRESENTATION_CONTEXT(2) 
PARAMETRIC_REPRESENTATION_CONTEXT() REPRESENTATION_CONTEXT('2D SPACE',''
  ) );
#6326 = ORIENTED_EDGE('',*,*,#6256,.T.);
#6327 = ORIENTED_EDGE('',*,*,#2097,.T.);
#6328 = ADVANCED_FACE('',(#6329),#2085,.T.);
#6329 = FACE_BOUND('',#6330,.T.);
#6330 = EDGE_LOOP('',(#6331,#6352,#6353,#6354,#6355));
#6331 = ORIENTED_EDGE('',*,*,#6332,.F.);
#6332 = EDGE_CURVE('',#4092,#2034,#6333,.T.);
#6333 = SURFACE_CURVE('',#6334,(#6338,#6345),.PCURVE_S1.);
#6334 = LINE('',#6335,#6336);
#6335 = CARTESIAN_POINT('',(0.,-2.8,-20.));
#6336 = VECTOR('',#6337,1.);
#6337 = DIRECTION('',(-2.22044604925E-16,-1.110223024625E-16,-1.));
#6338 = PCURVE('',#2085,#6339);
#6339 = DEFINITIONAL_REPRESENTATION('',(#6340),#6344);
#6340 = LINE('',#6341,#6342);
#6341 = CARTESIAN_POINT('',(1.803468879687,4.218847493576E-16));
#6342 = VECTOR('',#6343,1.);
#6343 = DIRECTION('',(0.,-1.));
#6344 = ( GEOMETRIC_REPRESENTATION_CONTEXT(2) 
PARAMETRIC_REPRESENTATION_CONTEXT() REPRESENTATION_CONTEXT('2D SPACE',''
  ) );
#6345 = PCURVE('',#2053,#6346);
#6346 = DEFINITIONAL_REPRESENTATION('',(#6347),#6351);
#6347 = LINE('',#6348,#6349);
#6348 = CARTESIAN_POINT('',(0.,0.));
#6349 = VECTOR('',#6350,1.);
#6350 = DIRECTION('',(0.,-1.));
#6351 = ( GEOMETRIC_REPRESENTATION_CONTEXT(2) 
PARAMETRIC_REPRESENTATION_CONTEXT() REPRESENTATION_CONTEXT('2D SPACE',''
  ) );
#6352 = ORIENTED_EDGE('',*,*,#4118,.F.);
#6353 = ORIENTED_EDGE('',*,*,#6279,.F.);
#6354 = ORIENTED_EDGE('',*,*,#6306,.F.);
#6355 = ORIENTED_EDGE('',*,*,#2065,.T.);
#6356 = ADVANCED_FACE('',(#6357),#2053,.T.);
#6357 = FACE_BOUND('',#6358,.T.);
#6358 = EDGE_LOOP('',(#6359,#6382,#6403,#6404,#6405));
#6359 = ORIENTED_EDGE('',*,*,#6360,.F.);
#6360 = EDGE_CURVE('',#6361,#2005,#6363,.T.);
#6361 = VERTEX_POINT('',#6362);
#6362 = CARTESIAN_POINT('',(1.153846153846,-4.,-28.76433166852));
#6363 = SURFACE_CURVE('',#6364,(#6368,#6375),.PCURVE_S1.);
#6364 = LINE('',#6365,#6366);
#6365 = CARTESIAN_POINT('',(1.153846153846,-4.,-20.));
#6366 = VECTOR('',#6367,1.);
#6367 = DIRECTION('',(-2.22044604925E-16,-1.110223024625E-16,-1.));
#6368 = PCURVE('',#2053,#6369);
#6369 = DEFINITIONAL_REPRESENTATION('',(#6370),#6374);
#6370 = LINE('',#6371,#6372);
#6371 = CARTESIAN_POINT('',(1.664740504327,1.2297855042E-16));
#6372 = VECTOR('',#6373,1.);
#6373 = DIRECTION('',(0.,-1.));
#6374 = ( GEOMETRIC_REPRESENTATION_CONTEXT(2) 
PARAMETRIC_REPRESENTATION_CONTEXT() REPRESENTATION_CONTEXT('2D SPACE',''
  ) );
#6375 = PCURVE('',#2021,#6376);
#6376 = DEFINITIONAL_REPRESENTATION('',(#6377),#6381);
#6377 = LINE('',#6378,#6379);
#6378 = CARTESIAN_POINT('',(1.153846153846,0.));
#6379 = VECTOR('',#6380,1.);
#6380 = DIRECTION('',(-2.22044604925E-16,-1.));
#6381 = ( GEOMETRIC_REPRESENTATION_CONTEXT(2) 
PARAMETRIC_REPRESENTATION_CONTEXT() REPRESENTATION_CONTEXT('2D SPACE',''
  ) );
#6382 = ORIENTED_EDGE('',*,*,#6383,.T.);
#6383 = EDGE_CURVE('',#6361,#4065,#6384,.T.);
#6384 = SURFACE_CURVE('',#6385,(#6389,#6396),.PCURVE_S1.);
#6385 = LINE('',#6386,#6387);
#6386 = CARTESIAN_POINT('',(2.176419437393E-02,-2.822634762149,
    -20.16531546892));
#6387 = VECTOR('',#6388,1.);
#6388 = DIRECTION('',(-0.129339938368,0.134513535903,0.982434368801));
#6389 = PCURVE('',#2053,#6390);
#6390 = DEFINITIONAL_REPRESENTATION('',(#6391),#6395);
#6391 = LINE('',#6392,#6393);
#6392 = CARTESIAN_POINT('',(3.140083779588E-02,-0.165315468926));
#6393 = VECTOR('',#6394,1.);
#6394 = DIRECTION('',(-0.186608442998,0.982434368801));
#6395 = ( GEOMETRIC_REPRESENTATION_CONTEXT(2) 
PARAMETRIC_REPRESENTATION_CONTEXT() REPRESENTATION_CONTEXT('2D SPACE',''
  ) );
#6396 = PCURVE('',#1992,#6397);
#6397 = DEFINITIONAL_REPRESENTATION('',(#6398),#6402);
#6398 = LINE('',#6399,#6400);
#6399 = CARTESIAN_POINT('',(1.772068041891,-0.165315468926));
#6400 = VECTOR('',#6401,1.);
#6401 = DIRECTION('',(0.186608442998,0.982434368801));
#6402 = ( GEOMETRIC_REPRESENTATION_CONTEXT(2) 
PARAMETRIC_REPRESENTATION_CONTEXT() REPRESENTATION_CONTEXT('2D SPACE',''
  ) );
#6403 = ORIENTED_EDGE('',*,*,#4091,.F.);
#6404 = ORIENTED_EDGE('',*,*,#6332,.T.);
#6405 = ORIENTED_EDGE('',*,*,#2033,.T.);
#6406 = ADVANCED_FACE('',(#6407),#2021,.T.);
#6407 = FACE_BOUND('',#6408,.T.);
#6408 = EDGE_LOOP('',(#6409,#6430,#6431));
#6409 = ORIENTED_EDGE('',*,*,#6410,.T.);
#6410 = EDGE_CURVE('',#1973,#6361,#6411,.T.);
#6411 = SURFACE_CURVE('',#6412,(#6416,#6423),.PCURVE_S1.);
#6412 = LINE('',#6413,#6414);
#6413 = CARTESIAN_POINT('',(-1.114529799564,-4.,-20.29863735973));
#6414 = VECTOR('',#6415,1.);
#6415 = DIRECTION('',(-0.258819045103,1.072393092426E-16,0.965925826289)
  );
#6416 = PCURVE('',#2021,#6417);
#6417 = DEFINITIONAL_REPRESENTATION('',(#6418),#6422);
#6418 = LINE('',#6419,#6420);
#6419 = CARTESIAN_POINT('',(-1.114529799564,-0.298637359734));
#6420 = VECTOR('',#6421,1.);
#6421 = DIRECTION('',(-0.258819045103,0.965925826289));
#6422 = ( GEOMETRIC_REPRESENTATION_CONTEXT(2) 
PARAMETRIC_REPRESENTATION_CONTEXT() REPRESENTATION_CONTEXT('2D SPACE',''
  ) );
#6423 = PCURVE('',#1992,#6424);
#6424 = DEFINITIONAL_REPRESENTATION('',(#6425),#6429);
#6425 = LINE('',#6426,#6427);
#6426 = CARTESIAN_POINT('',(0.138728375361,-5.551115123126E-17));
#6427 = VECTOR('',#6428,1.);
#6428 = DIRECTION('',(0.,1.));
#6429 = ( GEOMETRIC_REPRESENTATION_CONTEXT(2) 
PARAMETRIC_REPRESENTATION_CONTEXT() REPRESENTATION_CONTEXT('2D SPACE',''
  ) );
#6430 = ORIENTED_EDGE('',*,*,#6360,.T.);
#6431 = ORIENTED_EDGE('',*,*,#2004,.T.);
#6432 = ADVANCED_FACE('',(#6433),#1992,.T.);
#6433 = FACE_BOUND('',#6434,.T.);
#6434 = EDGE_LOOP('',(#6435,#6456,#6457,#6458,#6459));
#6435 = ORIENTED_EDGE('',*,*,#6436,.F.);
#6436 = EDGE_CURVE('',#4038,#1941,#6437,.T.);
#6437 = SURFACE_CURVE('',#6438,(#6442,#6449),.PCURVE_S1.);
#6438 = LINE('',#6439,#6440);
#6439 = CARTESIAN_POINT('',(0.,-2.8,-20.));
#6440 = VECTOR('',#6441,1.);
#6441 = DIRECTION('',(0.258819045103,-1.072393092426E-16,-0.965925826289
    ));
#6442 = PCURVE('',#1992,#6443);
#6443 = DEFINITIONAL_REPRESENTATION('',(#6444),#6448);
#6444 = LINE('',#6445,#6446);
#6445 = CARTESIAN_POINT('',(1.803468879687,1.387778780781E-15));
#6446 = VECTOR('',#6447,1.);
#6447 = DIRECTION('',(0.,-1.));
#6448 = ( GEOMETRIC_REPRESENTATION_CONTEXT(2) 
PARAMETRIC_REPRESENTATION_CONTEXT() REPRESENTATION_CONTEXT('2D SPACE',''
  ) );
#6449 = PCURVE('',#1960,#6450);
#6450 = DEFINITIONAL_REPRESENTATION('',(#6451),#6455);
#6451 = LINE('',#6452,#6453);
#6452 = CARTESIAN_POINT('',(0.,0.));
#6453 = VECTOR('',#6454,1.);
#6454 = DIRECTION('',(-2.775557561563E-17,-1.));
#6455 = ( GEOMETRIC_REPRESENTATION_CONTEXT(2) 
PARAMETRIC_REPRESENTATION_CONTEXT() REPRESENTATION_CONTEXT('2D SPACE',''
  ) );
#6456 = ORIENTED_EDGE('',*,*,#4064,.F.);
#6457 = ORIENTED_EDGE('',*,*,#6383,.F.);
#6458 = ORIENTED_EDGE('',*,*,#6410,.F.);
#6459 = ORIENTED_EDGE('',*,*,#1972,.T.);
#6460 = ADVANCED_FACE('',(#6461),#1960,.T.);
#6461 = FACE_BOUND('',#6462,.T.);
#6462 = EDGE_LOOP('',(#6463,#6486,#6507,#6508,#6509));
#6463 = ORIENTED_EDGE('',*,*,#6464,.F.);
#6464 = EDGE_CURVE('',#6465,#1912,#6467,.T.);
#6465 = VERTEX_POINT('',#6466);
#6466 = CARTESIAN_POINT('',(3.382905752975,-4.,-28.16705694906));
#6467 = SURFACE_CURVE('',#6468,(#6472,#6479),.PCURVE_S1.);
#6468 = LINE('',#6469,#6470);
#6469 = CARTESIAN_POINT('',(1.114529799564,-4.,-19.70136264026));
#6470 = VECTOR('',#6471,1.);
#6471 = DIRECTION('',(0.258819045103,-1.072393092426E-16,-0.965925826289
    ));
#6472 = PCURVE('',#1960,#6473);
#6473 = DEFINITIONAL_REPRESENTATION('',(#6474),#6478);
#6474 = LINE('',#6475,#6476);
#6475 = CARTESIAN_POINT('',(1.664740504327,1.221245327088E-15));
#6476 = VECTOR('',#6477,1.);
#6477 = DIRECTION('',(-2.775557561563E-17,-1.));
#6478 = ( GEOMETRIC_REPRESENTATION_CONTEXT(2) 
PARAMETRIC_REPRESENTATION_CONTEXT() REPRESENTATION_CONTEXT('2D SPACE',''
  ) );
#6479 = PCURVE('',#1928,#6480);
#6480 = DEFINITIONAL_REPRESENTATION('',(#6481),#6485);
#6481 = LINE('',#6482,#6483);
#6482 = CARTESIAN_POINT('',(1.114529799564,0.298637359734));
#6483 = VECTOR('',#6484,1.);
#6484 = DIRECTION('',(0.258819045103,-0.965925826289));
#6485 = ( GEOMETRIC_REPRESENTATION_CONTEXT(2) 
PARAMETRIC_REPRESENTATION_CONTEXT() REPRESENTATION_CONTEXT('2D SPACE',''
  ) );
#6486 = ORIENTED_EDGE('',*,*,#6487,.T.);
#6487 = EDGE_CURVE('',#6465,#4011,#6488,.T.);
#6488 = SURFACE_CURVE('',#6489,(#6493,#6500),.PCURVE_S1.);
#6489 = LINE('',#6490,#6491);
#6490 = CARTESIAN_POINT('',(6.380938924224E-02,-2.822634762149,
    -20.15404949291));
#6491 = VECTOR('',#6492,1.);
#6492 = DIRECTION('',(-0.37920551205,0.134513535903,0.915483090117));
#6493 = PCURVE('',#1960,#6494);
#6494 = DEFINITIONAL_REPRESENTATION('',(#6495),#6499);
#6495 = LINE('',#6496,#6497);
#6496 = CARTESIAN_POINT('',(3.140083779588E-02,-0.165315468926));
#6497 = VECTOR('',#6498,1.);
#6498 = DIRECTION('',(-0.186608442998,0.982434368801));
#6499 = ( GEOMETRIC_REPRESENTATION_CONTEXT(2) 
PARAMETRIC_REPRESENTATION_CONTEXT() REPRESENTATION_CONTEXT('2D SPACE',''
  ) );
#6500 = PCURVE('',#1899,#6501);
#6501 = DEFINITIONAL_REPRESENTATION('',(#6502),#6506);
#6502 = LINE('',#6503,#6504);
#6503 = CARTESIAN_POINT('',(1.772068041891,-0.165315468926));
#6504 = VECTOR('',#6505,1.);
#6505 = DIRECTION('',(0.186608442998,0.982434368801));
#6506 = ( GEOMETRIC_REPRESENTATION_CONTEXT(2) 
PARAMETRIC_REPRESENTATION_CONTEXT() REPRESENTATION_CONTEXT('2D SPACE',''
  ) );
#6507 = ORIENTED_EDGE('',*,*,#4037,.F.);
#6508 = ORIENTED_EDGE('',*,*,#6436,.T.);
#6509 = ORIENTED_EDGE('',*,*,#1940,.T.);
#6510 = ADVANCED_FACE('',(#6511),#1928,.T.);
#6511 = FACE_BOUND('',#6512,.T.);
#6512 = EDGE_LOOP('',(#6513,#6534,#6535));
#6513 = ORIENTED_EDGE('',*,*,#6514,.T.);
#6514 = EDGE_CURVE('',#1880,#6465,#6515,.T.);
#6515 = SURFACE_CURVE('',#6516,(#6520,#6527),.PCURVE_S1.);
#6516 = LINE('',#6517,#6518);
#6517 = CARTESIAN_POINT('',(-0.99926008129,-4.,-20.57692307692));
#6518 = VECTOR('',#6519,1.);
#6519 = DIRECTION('',(-0.5,9.614813431918E-17,0.866025403784));
#6520 = PCURVE('',#1928,#6521);
#6521 = DEFINITIONAL_REPRESENTATION('',(#6522),#6526);
#6522 = LINE('',#6523,#6524);
#6523 = CARTESIAN_POINT('',(-0.99926008129,-0.576923076923));
#6524 = VECTOR('',#6525,1.);
#6525 = DIRECTION('',(-0.5,0.866025403784));
#6526 = ( GEOMETRIC_REPRESENTATION_CONTEXT(2) 
PARAMETRIC_REPRESENTATION_CONTEXT() REPRESENTATION_CONTEXT('2D SPACE',''
  ) );
#6527 = PCURVE('',#1899,#6528);
#6528 = DEFINITIONAL_REPRESENTATION('',(#6529),#6533);
#6529 = LINE('',#6530,#6531);
#6530 = CARTESIAN_POINT('',(0.138728375361,3.885780586188E-16));
#6531 = VECTOR('',#6532,1.);
#6532 = DIRECTION('',(0.,1.));
#6533 = ( GEOMETRIC_REPRESENTATION_CONTEXT(2) 
PARAMETRIC_REPRESENTATION_CONTEXT() REPRESENTATION_CONTEXT('2D SPACE',''
  ) );
#6534 = ORIENTED_EDGE('',*,*,#6464,.T.);
#6535 = ORIENTED_EDGE('',*,*,#1911,.T.);
#6536 = ADVANCED_FACE('',(#6537),#1899,.T.);
#6537 = FACE_BOUND('',#6538,.T.);
#6538 = EDGE_LOOP('',(#6539,#6560,#6561,#6562,#6563));
#6539 = ORIENTED_EDGE('',*,*,#6540,.F.);
#6540 = EDGE_CURVE('',#3984,#1848,#6541,.T.);
#6541 = SURFACE_CURVE('',#6542,(#6546,#6553),.PCURVE_S1.);
#6542 = LINE('',#6543,#6544);
#6543 = CARTESIAN_POINT('',(0.,-2.8,-20.));
#6544 = VECTOR('',#6545,1.);
#6545 = DIRECTION('',(0.5,-9.614813431918E-17,-0.866025403784));
#6546 = PCURVE('',#1899,#6547);
#6547 = DEFINITIONAL_REPRESENTATION('',(#6548),#6552);
#6548 = LINE('',#6549,#6550);
#6549 = CARTESIAN_POINT('',(1.803468879687,-1.110223024625E-16));
#6550 = VECTOR('',#6551,1.);
#6551 = DIRECTION('',(0.,-1.));
#6552 = ( GEOMETRIC_REPRESENTATION_CONTEXT(2) 
PARAMETRIC_REPRESENTATION_CONTEXT() REPRESENTATION_CONTEXT('2D SPACE',''
  ) );
#6553 = PCURVE('',#1867,#6554);
#6554 = DEFINITIONAL_REPRESENTATION('',(#6555),#6559);
#6555 = LINE('',#6556,#6557);
#6556 = CARTESIAN_POINT('',(0.,0.));
#6557 = VECTOR('',#6558,1.);
#6558 = DIRECTION('',(0.,-1.));
#6559 = ( GEOMETRIC_REPRESENTATION_CONTEXT(2) 
PARAMETRIC_REPRESENTATION_CONTEXT() REPRESENTATION_CONTEXT('2D SPACE',''
  ) );
#6560 = ORIENTED_EDGE('',*,*,#4010,.F.);
#6561 = ORIENTED_EDGE('',*,*,#6487,.F.);
#6562 = ORIENTED_EDGE('',*,*,#6514,.F.);
#6563 = ORIENTED_EDGE('',*,*,#1879,.T.);
#6564 = ADVANCED_FACE('',(#6565),#1867,.T.);
#6565 = FACE_BOUND('',#6566,.T.);
#6566 = EDGE_LOOP('',(#6567,#6590,#6611,#6612,#6613));
#6567 = ORIENTED_EDGE('',*,*,#6568,.F.);
#6568 = EDGE_CURVE('',#6569,#1819,#6571,.T.);
#6569 = VERTEX_POINT('',#6570);
#6570 = CARTESIAN_POINT('',(5.381425915554,-4.,-27.01321079521));
#6571 = SURFACE_CURVE('',#6572,(#6576,#6583),.PCURVE_S1.);
#6572 = LINE('',#6573,#6574);
#6573 = CARTESIAN_POINT('',(0.99926008129,-4.,-19.42307692307));
#6574 = VECTOR('',#6575,1.);
#6575 = DIRECTION('',(0.5,-9.614813431918E-17,-0.866025403784));
#6576 = PCURVE('',#1867,#6577);
#6577 = DEFINITIONAL_REPRESENTATION('',(#6578),#6582);
#6578 = LINE('',#6579,#6580);
#6579 = CARTESIAN_POINT('',(1.664740504327,-6.661338147751E-16));
#6580 = VECTOR('',#6581,1.);
#6581 = DIRECTION('',(0.,-1.));
#6582 = ( GEOMETRIC_REPRESENTATION_CONTEXT(2) 
PARAMETRIC_REPRESENTATION_CONTEXT() REPRESENTATION_CONTEXT('2D SPACE',''
  ) );
#6583 = PCURVE('',#1835,#6584);
#6584 = DEFINITIONAL_REPRESENTATION('',(#6585),#6589);
#6585 = LINE('',#6586,#6587);
#6586 = CARTESIAN_POINT('',(0.99926008129,0.576923076923));
#6587 = VECTOR('',#6588,1.);
#6588 = DIRECTION('',(0.5,-0.866025403784));
#6589 = ( GEOMETRIC_REPRESENTATION_CONTEXT(2) 
PARAMETRIC_REPRESENTATION_CONTEXT() REPRESENTATION_CONTEXT('2D SPACE',''
  ) );
#6590 = ORIENTED_EDGE('',*,*,#6591,.T.);
#6591 = EDGE_CURVE('',#6569,#3957,#6592,.T.);
#6592 = SURFACE_CURVE('',#6593,(#6597,#6604),.PCURVE_S1.);
#6593 = LINE('',#6594,#6595);
#6594 = CARTESIAN_POINT('',(0.101506079684,-2.822634762149,
    -20.13228529854));
#6595 = VECTOR('',#6596,1.);
#6596 = DIRECTION('',(-0.603228856751,0.134513535903,0.786143151749));
#6597 = PCURVE('',#1867,#6598);
#6598 = DEFINITIONAL_REPRESENTATION('',(#6599),#6603);
#6599 = LINE('',#6600,#6601);
#6600 = CARTESIAN_POINT('',(3.140083779588E-02,-0.165315468926));
#6601 = VECTOR('',#6602,1.);
#6602 = DIRECTION('',(-0.186608442998,0.982434368801));
#6603 = ( GEOMETRIC_REPRESENTATION_CONTEXT(2) 
PARAMETRIC_REPRESENTATION_CONTEXT() REPRESENTATION_CONTEXT('2D SPACE',''
  ) );
#6604 = PCURVE('',#1806,#6605);
#6605 = DEFINITIONAL_REPRESENTATION('',(#6606),#6610);
#6606 = LINE('',#6607,#6608);
#6607 = CARTESIAN_POINT('',(1.772068041891,-0.165315468926));
#6608 = VECTOR('',#6609,1.);
#6609 = DIRECTION('',(0.186608442998,0.982434368801));
#6610 = ( GEOMETRIC_REPRESENTATION_CONTEXT(2) 
PARAMETRIC_REPRESENTATION_CONTEXT() REPRESENTATION_CONTEXT('2D SPACE',''
  ) );
#6611 = ORIENTED_EDGE('',*,*,#3983,.F.);
#6612 = ORIENTED_EDGE('',*,*,#6540,.T.);
#6613 = ORIENTED_EDGE('',*,*,#1847,.T.);
#6614 = ADVANCED_FACE('',(#6615),#1835,.T.);
#6615 = FACE_BOUND('',#6616,.T.);
#6616 = EDGE_LOOP('',(#6617,#6638,#6639));
#6617 = ORIENTED_EDGE('',*,*,#6618,.T.);
#6618 = EDGE_CURVE('',#1787,#6569,#6619,.T.);
#6619 = SURFACE_CURVE('',#6620,(#6624,#6631),.PCURVE_S1.);
#6620 = LINE('',#6621,#6622);
#6621 = CARTESIAN_POINT('',(-0.815892439831,-4.,-20.81589243983));
#6622 = VECTOR('',#6623,1.);
#6623 = DIRECTION('',(-0.707106781187,7.850462293419E-17,0.707106781187)
  );
#6624 = PCURVE('',#1835,#6625);
#6625 = DEFINITIONAL_REPRESENTATION('',(#6626),#6630);
#6626 = LINE('',#6627,#6628);
#6627 = CARTESIAN_POINT('',(-0.815892439831,-0.815892439831));
#6628 = VECTOR('',#6629,1.);
#6629 = DIRECTION('',(-0.707106781187,0.707106781187));
#6630 = ( GEOMETRIC_REPRESENTATION_CONTEXT(2) 
PARAMETRIC_REPRESENTATION_CONTEXT() REPRESENTATION_CONTEXT('2D SPACE',''
  ) );
#6631 = PCURVE('',#1806,#6632);
#6632 = DEFINITIONAL_REPRESENTATION('',(#6633),#6637);
#6633 = LINE('',#6634,#6635);
#6634 = CARTESIAN_POINT('',(0.138728375361,1.52655665886E-15));
#6635 = VECTOR('',#6636,1.);
#6636 = DIRECTION('',(-5.551115123126E-17,1.));
#6637 = ( GEOMETRIC_REPRESENTATION_CONTEXT(2) 
PARAMETRIC_REPRESENTATION_CONTEXT() REPRESENTATION_CONTEXT('2D SPACE',''
  ) );
#6638 = ORIENTED_EDGE('',*,*,#6568,.T.);
#6639 = ORIENTED_EDGE('',*,*,#1818,.T.);
#6640 = ADVANCED_FACE('',(#6641),#1806,.T.);
#6641 = FACE_BOUND('',#6642,.T.);
#6642 = EDGE_LOOP('',(#6643,#6664,#6665,#6666,#6667));
#6643 = ORIENTED_EDGE('',*,*,#6644,.F.);
#6644 = EDGE_CURVE('',#3930,#1755,#6645,.T.);
#6645 = SURFACE_CURVE('',#6646,(#6650,#6657),.PCURVE_S1.);
#6646 = LINE('',#6647,#6648);
#6647 = CARTESIAN_POINT('',(0.,-2.8,-20.));
#6648 = VECTOR('',#6649,1.);
#6649 = DIRECTION('',(0.707106781187,-7.850462293419E-17,-0.707106781187
    ));
#6650 = PCURVE('',#1806,#6651);
#6651 = DEFINITIONAL_REPRESENTATION('',(#6652),#6656);
#6652 = LINE('',#6653,#6654);
#6653 = CARTESIAN_POINT('',(1.803468879687,3.330669073875E-16));
#6654 = VECTOR('',#6655,1.);
#6655 = DIRECTION('',(-5.551115123126E-17,-1.));
#6656 = ( GEOMETRIC_REPRESENTATION_CONTEXT(2) 
PARAMETRIC_REPRESENTATION_CONTEXT() REPRESENTATION_CONTEXT('2D SPACE',''
  ) );
#6657 = PCURVE('',#1774,#6658);
#6658 = DEFINITIONAL_REPRESENTATION('',(#6659),#6663);
#6659 = LINE('',#6660,#6661);
#6660 = CARTESIAN_POINT('',(0.,0.));
#6661 = VECTOR('',#6662,1.);
#6662 = DIRECTION('',(0.,-1.));
#6663 = ( GEOMETRIC_REPRESENTATION_CONTEXT(2) 
PARAMETRIC_REPRESENTATION_CONTEXT() REPRESENTATION_CONTEXT('2D SPACE',''
  ) );
#6664 = ORIENTED_EDGE('',*,*,#3956,.F.);
#6665 = ORIENTED_EDGE('',*,*,#6591,.F.);
#6666 = ORIENTED_EDGE('',*,*,#6618,.F.);
#6667 = ORIENTED_EDGE('',*,*,#1786,.T.);
#6668 = ADVANCED_FACE('',(#6669),#1774,.T.);
#6669 = FACE_BOUND('',#6670,.T.);
#6670 = EDGE_LOOP('',(#6671,#6694,#6715,#6716,#6717));
#6671 = ORIENTED_EDGE('',*,*,#6672,.F.);
#6672 = EDGE_CURVE('',#6673,#1726,#6675,.T.);
#6673 = VERTEX_POINT('',#6674);
#6674 = CARTESIAN_POINT('',(7.013210795216,-4.,-25.38142591555));
#6675 = SURFACE_CURVE('',#6676,(#6680,#6687),.PCURVE_S1.);
#6676 = LINE('',#6677,#6678);
#6677 = CARTESIAN_POINT('',(0.815892439831,-4.,-19.18410756016));
#6678 = VECTOR('',#6679,1.);
#6679 = DIRECTION('',(0.707106781187,-7.850462293419E-17,-0.707106781187
    ));
#6680 = PCURVE('',#1774,#6681);
#6681 = DEFINITIONAL_REPRESENTATION('',(#6682),#6686);
#6682 = LINE('',#6683,#6684);
#6683 = CARTESIAN_POINT('',(1.664740504327,1.665334536938E-15));
#6684 = VECTOR('',#6685,1.);
#6685 = DIRECTION('',(1.110223024625E-16,-1.));
#6686 = ( GEOMETRIC_REPRESENTATION_CONTEXT(2) 
PARAMETRIC_REPRESENTATION_CONTEXT() REPRESENTATION_CONTEXT('2D SPACE',''
  ) );
#6687 = PCURVE('',#1742,#6688);
#6688 = DEFINITIONAL_REPRESENTATION('',(#6689),#6693);
#6689 = LINE('',#6690,#6691);
#6690 = CARTESIAN_POINT('',(0.815892439831,0.815892439831));
#6691 = VECTOR('',#6692,1.);
#6692 = DIRECTION('',(0.707106781187,-0.707106781187));
#6693 = ( GEOMETRIC_REPRESENTATION_CONTEXT(2) 
PARAMETRIC_REPRESENTATION_CONTEXT() REPRESENTATION_CONTEXT('2D SPACE',''
  ) );
#6694 = ORIENTED_EDGE('',*,*,#6695,.T.);
#6695 = EDGE_CURVE('',#6673,#3903,#6696,.T.);
#6696 = SURFACE_CURVE('',#6697,(#6701,#6708),.PCURVE_S1.);
#6697 = LINE('',#6698,#6699);
#6698 = CARTESIAN_POINT('',(0.132285298541,-2.822634762149,
    -20.10150607968));
#6699 = VECTOR('',#6700,1.);
#6700 = DIRECTION('',(-0.786143151749,0.134513535903,0.603228856751));
#6701 = PCURVE('',#1774,#6702);
#6702 = DEFINITIONAL_REPRESENTATION('',(#6703),#6707);
#6703 = LINE('',#6704,#6705);
#6704 = CARTESIAN_POINT('',(3.140083779588E-02,-0.165315468926));
#6705 = VECTOR('',#6706,1.);
#6706 = DIRECTION('',(-0.186608442998,0.982434368801));
#6707 = ( GEOMETRIC_REPRESENTATION_CONTEXT(2) 
PARAMETRIC_REPRESENTATION_CONTEXT() REPRESENTATION_CONTEXT('2D SPACE',''
  ) );
#6708 = PCURVE('',#1713,#6709);
#6709 = DEFINITIONAL_REPRESENTATION('',(#6710),#6714);
#6710 = LINE('',#6711,#6712);
#6711 = CARTESIAN_POINT('',(1.772068041891,-0.165315468926));
#6712 = VECTOR('',#6713,1.);
#6713 = DIRECTION('',(0.186608442998,0.982434368801));
#6714 = ( GEOMETRIC_REPRESENTATION_CONTEXT(2) 
PARAMETRIC_REPRESENTATION_CONTEXT() REPRESENTATION_CONTEXT('2D SPACE',''
  ) );
#6715 = ORIENTED_EDGE('',*,*,#3929,.F.);
#6716 = ORIENTED_EDGE('',*,*,#6644,.T.);
#6717 = ORIENTED_EDGE('',*,*,#1754,.T.);
#6718 = ADVANCED_FACE('',(#6719),#1742,.T.);
#6719 = FACE_BOUND('',#6720,.T.);
#6720 = EDGE_LOOP('',(#6721,#6742,#6743));
#6721 = ORIENTED_EDGE('',*,*,#6722,.T.);
#6722 = EDGE_CURVE('',#1694,#6673,#6723,.T.);
#6723 = SURFACE_CURVE('',#6724,(#6728,#6735),.PCURVE_S1.);
#6724 = LINE('',#6725,#6726);
#6725 = CARTESIAN_POINT('',(-0.576923076923,-4.,-20.99926008129));
#6726 = VECTOR('',#6727,1.);
#6727 = DIRECTION('',(-0.866025403784,5.551115123126E-17,0.5));
#6728 = PCURVE('',#1742,#6729);
#6729 = DEFINITIONAL_REPRESENTATION('',(#6730),#6734);
#6730 = LINE('',#6731,#6732);
#6731 = CARTESIAN_POINT('',(-0.576923076923,-0.99926008129));
#6732 = VECTOR('',#6733,1.);
#6733 = DIRECTION('',(-0.866025403784,0.5));
#6734 = ( GEOMETRIC_REPRESENTATION_CONTEXT(2) 
PARAMETRIC_REPRESENTATION_CONTEXT() REPRESENTATION_CONTEXT('2D SPACE',''
  ) );
#6735 = PCURVE('',#1713,#6736);
#6736 = DEFINITIONAL_REPRESENTATION('',(#6737),#6741);
#6737 = LINE('',#6738,#6739);
#6738 = CARTESIAN_POINT('',(0.138728375361,-1.595945597899E-15));
#6739 = VECTOR('',#6740,1.);
#6740 = DIRECTION('',(0.,1.));
#6741 = ( GEOMETRIC_REPRESENTATION_CONTEXT(2) 
PARAMETRIC_REPRESENTATION_CONTEXT() REPRESENTATION_CONTEXT('2D SPACE',''
  ) );
#6742 = ORIENTED_EDGE('',*,*,#6672,.T.);
#6743 = ORIENTED_EDGE('',*,*,#1725,.T.);
#6744 = ADVANCED_FACE('',(#6745),#1713,.T.);
#6745 = FACE_BOUND('',#6746,.T.);
#6746 = EDGE_LOOP('',(#6747,#6768,#6769,#6770,#6771));
#6747 = ORIENTED_EDGE('',*,*,#6748,.F.);
#6748 = EDGE_CURVE('',#3876,#1662,#6749,.T.);
#6749 = SURFACE_CURVE('',#6750,(#6754,#6761),.PCURVE_S1.);
#6750 = LINE('',#6751,#6752);
#6751 = CARTESIAN_POINT('',(0.,-2.8,-20.));
#6752 = VECTOR('',#6753,1.);
#6753 = DIRECTION('',(0.866025403784,-5.551115123126E-17,-0.5));
#6754 = PCURVE('',#1713,#6755);
#6755 = DEFINITIONAL_REPRESENTATION('',(#6756),#6760);
#6756 = LINE('',#6757,#6758);
#6757 = CARTESIAN_POINT('',(1.803468879687,-1.33226762955E-15));
#6758 = VECTOR('',#6759,1.);
#6759 = DIRECTION('',(0.,-1.));
#6760 = ( GEOMETRIC_REPRESENTATION_CONTEXT(2) 
PARAMETRIC_REPRESENTATION_CONTEXT() REPRESENTATION_CONTEXT('2D SPACE',''
  ) );
#6761 = PCURVE('',#1681,#6762);
#6762 = DEFINITIONAL_REPRESENTATION('',(#6763),#6767);
#6763 = LINE('',#6764,#6765);
#6764 = CARTESIAN_POINT('',(0.,0.));
#6765 = VECTOR('',#6766,1.);
#6766 = DIRECTION('',(0.,-1.));
#6767 = ( GEOMETRIC_REPRESENTATION_CONTEXT(2) 
PARAMETRIC_REPRESENTATION_CONTEXT() REPRESENTATION_CONTEXT('2D SPACE',''
  ) );
#6768 = ORIENTED_EDGE('',*,*,#3902,.F.);
#6769 = ORIENTED_EDGE('',*,*,#6695,.F.);
#6770 = ORIENTED_EDGE('',*,*,#6722,.F.);
#6771 = ORIENTED_EDGE('',*,*,#1693,.T.);
#6772 = ADVANCED_FACE('',(#6773),#1681,.T.);
#6773 = FACE_BOUND('',#6774,.T.);
#6774 = EDGE_LOOP('',(#6775,#6798,#6819,#6820,#6821));
#6775 = ORIENTED_EDGE('',*,*,#6776,.F.);
#6776 = EDGE_CURVE('',#6777,#1633,#6779,.T.);
#6777 = VERTEX_POINT('',#6778);
#6778 = CARTESIAN_POINT('',(8.167056949062,-4.,-23.38290575297));
#6779 = SURFACE_CURVE('',#6780,(#6784,#6791),.PCURVE_S1.);
#6780 = LINE('',#6781,#6782);
#6781 = CARTESIAN_POINT('',(0.576923076923,-4.,-19.00073991871));
#6782 = VECTOR('',#6783,1.);
#6783 = DIRECTION('',(0.866025403784,-5.551115123126E-17,-0.5));
#6784 = PCURVE('',#1681,#6785);
#6785 = DEFINITIONAL_REPRESENTATION('',(#6786),#6790);
#6786 = LINE('',#6787,#6788);
#6787 = CARTESIAN_POINT('',(1.664740504327,-5.551115123126E-17));
#6788 = VECTOR('',#6789,1.);
#6789 = DIRECTION('',(0.,-1.));
#6790 = ( GEOMETRIC_REPRESENTATION_CONTEXT(2) 
PARAMETRIC_REPRESENTATION_CONTEXT() REPRESENTATION_CONTEXT('2D SPACE',''
  ) );
#6791 = PCURVE('',#1649,#6792);
#6792 = DEFINITIONAL_REPRESENTATION('',(#6793),#6797);
#6793 = LINE('',#6794,#6795);
#6794 = CARTESIAN_POINT('',(0.576923076923,0.99926008129));
#6795 = VECTOR('',#6796,1.);
#6796 = DIRECTION('',(0.866025403784,-0.5));
#6797 = ( GEOMETRIC_REPRESENTATION_CONTEXT(2) 
PARAMETRIC_REPRESENTATION_CONTEXT() REPRESENTATION_CONTEXT('2D SPACE',''
  ) );
#6798 = ORIENTED_EDGE('',*,*,#6799,.T.);
#6799 = EDGE_CURVE('',#6777,#3849,#6800,.T.);
#6800 = SURFACE_CURVE('',#6801,(#6805,#6812),.PCURVE_S1.);
#6801 = LINE('',#6802,#6803);
#6802 = CARTESIAN_POINT('',(0.154049492915,-2.822634762149,
    -20.06380938924));
#6803 = VECTOR('',#6804,1.);
#6804 = DIRECTION('',(-0.915483090117,0.134513535903,0.37920551205));
#6805 = PCURVE('',#1681,#6806);
#6806 = DEFINITIONAL_REPRESENTATION('',(#6807),#6811);
#6807 = LINE('',#6808,#6809);
#6808 = CARTESIAN_POINT('',(3.140083779588E-02,-0.165315468926));
#6809 = VECTOR('',#6810,1.);
#6810 = DIRECTION('',(-0.186608442998,0.982434368801));
#6811 = ( GEOMETRIC_REPRESENTATION_CONTEXT(2) 
PARAMETRIC_REPRESENTATION_CONTEXT() REPRESENTATION_CONTEXT('2D SPACE',''
  ) );
#6812 = PCURVE('',#1620,#6813);
#6813 = DEFINITIONAL_REPRESENTATION('',(#6814),#6818);
#6814 = LINE('',#6815,#6816);
#6815 = CARTESIAN_POINT('',(1.772068041891,-0.165315468926));
#6816 = VECTOR('',#6817,1.);
#6817 = DIRECTION('',(0.186608442998,0.982434368801));
#6818 = ( GEOMETRIC_REPRESENTATION_CONTEXT(2) 
PARAMETRIC_REPRESENTATION_CONTEXT() REPRESENTATION_CONTEXT('2D SPACE',''
  ) );
#6819 = ORIENTED_EDGE('',*,*,#3875,.F.);
#6820 = ORIENTED_EDGE('',*,*,#6748,.T.);
#6821 = ORIENTED_EDGE('',*,*,#1661,.T.);
#6822 = ADVANCED_FACE('',(#6823),#1649,.T.);
#6823 = FACE_BOUND('',#6824,.T.);
#6824 = EDGE_LOOP('',(#6825,#6846,#6847));
#6825 = ORIENTED_EDGE('',*,*,#6826,.T.);
#6826 = EDGE_CURVE('',#1601,#6777,#6827,.T.);
#6827 = SURFACE_CURVE('',#6828,(#6832,#6839),.PCURVE_S1.);
#6828 = LINE('',#6829,#6830);
#6829 = CARTESIAN_POINT('',(-0.298637359734,-4.,-21.11452979956));
#6830 = VECTOR('',#6831,1.);
#6831 = DIRECTION('',(-0.965925826289,2.873468630843E-17,0.258819045103)
  );
#6832 = PCURVE('',#1649,#6833);
#6833 = DEFINITIONAL_REPRESENTATION('',(#6834),#6838);
#6834 = LINE('',#6835,#6836);
#6835 = CARTESIAN_POINT('',(-0.298637359734,-1.114529799564));
#6836 = VECTOR('',#6837,1.);
#6837 = DIRECTION('',(-0.965925826289,0.258819045103));
#6838 = ( GEOMETRIC_REPRESENTATION_CONTEXT(2) 
PARAMETRIC_REPRESENTATION_CONTEXT() REPRESENTATION_CONTEXT('2D SPACE',''
  ) );
#6839 = PCURVE('',#1620,#6840);
#6840 = DEFINITIONAL_REPRESENTATION('',(#6841),#6845);
#6841 = LINE('',#6842,#6843);
#6842 = CARTESIAN_POINT('',(0.138728375361,6.175615574477E-16));
#6843 = VECTOR('',#6844,1.);
#6844 = DIRECTION('',(5.551115123126E-17,1.));
#6845 = ( GEOMETRIC_REPRESENTATION_CONTEXT(2) 
PARAMETRIC_REPRESENTATION_CONTEXT() REPRESENTATION_CONTEXT('2D SPACE',''
  ) );
#6846 = ORIENTED_EDGE('',*,*,#6776,.T.);
#6847 = ORIENTED_EDGE('',*,*,#1632,.T.);
#6848 = ADVANCED_FACE('',(#6849),#1620,.T.);
#6849 = FACE_BOUND('',#6850,.T.);
#6850 = EDGE_LOOP('',(#6851,#6872,#6873,#6874,#6875));
#6851 = ORIENTED_EDGE('',*,*,#6852,.F.);
#6852 = EDGE_CURVE('',#3822,#1569,#6853,.T.);
#6853 = SURFACE_CURVE('',#6854,(#6858,#6865),.PCURVE_S1.);
#6854 = LINE('',#6855,#6856);
#6855 = CARTESIAN_POINT('',(0.,-2.8,-20.));
#6856 = VECTOR('',#6857,1.);
#6857 = DIRECTION('',(0.965925826289,-2.873468630843E-17,-0.258819045103
    ));
#6858 = PCURVE('',#1620,#6859);
#6859 = DEFINITIONAL_REPRESENTATION('',(#6860),#6864);
#6860 = LINE('',#6861,#6862);
#6861 = CARTESIAN_POINT('',(1.803468879687,2.775557561563E-16));
#6862 = VECTOR('',#6863,1.);
#6863 = DIRECTION('',(-2.775557561563E-17,-1.));
#6864 = ( GEOMETRIC_REPRESENTATION_CONTEXT(2) 
PARAMETRIC_REPRESENTATION_CONTEXT() REPRESENTATION_CONTEXT('2D SPACE',''
  ) );
#6865 = PCURVE('',#1588,#6866);
#6866 = DEFINITIONAL_REPRESENTATION('',(#6867),#6871);
#6867 = LINE('',#6868,#6869);
#6868 = CARTESIAN_POINT('',(0.,0.));
#6869 = VECTOR('',#6870,1.);
#6870 = DIRECTION('',(-2.775557561563E-17,-1.));
#6871 = ( GEOMETRIC_REPRESENTATION_CONTEXT(2) 
PARAMETRIC_REPRESENTATION_CONTEXT() REPRESENTATION_CONTEXT('2D SPACE',''
  ) );
#6872 = ORIENTED_EDGE('',*,*,#3848,.F.);
#6873 = ORIENTED_EDGE('',*,*,#6799,.F.);
#6874 = ORIENTED_EDGE('',*,*,#6826,.F.);
#6875 = ORIENTED_EDGE('',*,*,#1600,.T.);
#6876 = ADVANCED_FACE('',(#6877),#1588,.T.);
#6877 = FACE_BOUND('',#6878,.T.);
#6878 = EDGE_LOOP('',(#6879,#6902,#6903,#6904,#6905));
#6879 = ORIENTED_EDGE('',*,*,#6880,.F.);
#6880 = EDGE_CURVE('',#3795,#6881,#6883,.T.);
#6881 = VERTEX_POINT('',#6882);
#6882 = CARTESIAN_POINT('',(8.764331668529,-4.,-21.15384615384));
#6883 = SURFACE_CURVE('',#6884,(#6888,#6895),.PCURVE_S1.);
#6884 = LINE('',#6885,#6886);
#6885 = CARTESIAN_POINT('',(0.,-2.8,-20.));
#6886 = VECTOR('',#6887,1.);
#6887 = DIRECTION('',(0.982434368801,-0.134513535903,-0.129339938368));
#6888 = PCURVE('',#1588,#6889);
#6889 = DEFINITIONAL_REPRESENTATION('',(#6890),#6894);
#6890 = LINE('',#6891,#6892);
#6891 = CARTESIAN_POINT('',(0.,0.));
#6892 = VECTOR('',#6893,1.);
#6893 = DIRECTION('',(0.186608442998,-0.982434368801));
#6894 = ( GEOMETRIC_REPRESENTATION_CONTEXT(2) 
PARAMETRIC_REPRESENTATION_CONTEXT() REPRESENTATION_CONTEXT('2D SPACE',''
  ) );
#6895 = PCURVE('',#1527,#6896);
#6896 = DEFINITIONAL_REPRESENTATION('',(#6897),#6901);
#6897 = LINE('',#6898,#6899);
#6898 = CARTESIAN_POINT('',(-0.,0.));
#6899 = VECTOR('',#6900,1.);
#6900 = DIRECTION('',(0.186608442998,0.982434368801));
#6901 = ( GEOMETRIC_REPRESENTATION_CONTEXT(2) 
PARAMETRIC_REPRESENTATION_CONTEXT() REPRESENTATION_CONTEXT('2D SPACE',''
  ) );
#6902 = ORIENTED_EDGE('',*,*,#3821,.F.);
#6903 = ORIENTED_EDGE('',*,*,#6852,.T.);
#6904 = ORIENTED_EDGE('',*,*,#1568,.T.);
#6905 = ORIENTED_EDGE('',*,*,#6906,.F.);
#6906 = EDGE_CURVE('',#6881,#1540,#6907,.T.);
#6907 = SURFACE_CURVE('',#6908,(#6912,#6919),.PCURVE_S1.);
#6908 = LINE('',#6909,#6910);
#6909 = CARTESIAN_POINT('',(0.298637359734,-4.,-18.88547020043));
#6910 = VECTOR('',#6911,1.);
#6911 = DIRECTION('',(0.965925826289,-2.873468630843E-17,-0.258819045103
    ));
#6912 = PCURVE('',#1588,#6913);
#6913 = DEFINITIONAL_REPRESENTATION('',(#6914),#6918);
#6914 = LINE('',#6915,#6916);
#6915 = CARTESIAN_POINT('',(1.664740504327,-4.996003610813E-16));
#6916 = VECTOR('',#6917,1.);
#6917 = DIRECTION('',(-8.326672684689E-17,-1.));
#6918 = ( GEOMETRIC_REPRESENTATION_CONTEXT(2) 
PARAMETRIC_REPRESENTATION_CONTEXT() REPRESENTATION_CONTEXT('2D SPACE',''
  ) );
#6919 = PCURVE('',#1556,#6920);
#6920 = DEFINITIONAL_REPRESENTATION('',(#6921),#6925);
#6921 = LINE('',#6922,#6923);
#6922 = CARTESIAN_POINT('',(0.298637359734,1.114529799564));
#6923 = VECTOR('',#6924,1.);
#6924 = DIRECTION('',(0.965925826289,-0.258819045103));
#6925 = ( GEOMETRIC_REPRESENTATION_CONTEXT(2) 
PARAMETRIC_REPRESENTATION_CONTEXT() REPRESENTATION_CONTEXT('2D SPACE',''
  ) );
#6926 = ADVANCED_FACE('',(#6927),#1556,.T.);
#6927 = FACE_BOUND('',#6928,.T.);
#6928 = EDGE_LOOP('',(#6929,#6950,#6951));
#6929 = ORIENTED_EDGE('',*,*,#6930,.F.);
#6930 = EDGE_CURVE('',#6881,#1508,#6931,.T.);
#6931 = SURFACE_CURVE('',#6932,(#6936,#6943),.PCURVE_S1.);
#6932 = LINE('',#6933,#6934);
#6933 = CARTESIAN_POINT('',(-19.96668823448,-4.,-21.15384615384));
#6934 = VECTOR('',#6935,1.);
#6935 = DIRECTION('',(1.,-4.506478287488E-32,-4.059074787257E-16));
#6936 = PCURVE('',#1556,#6937);
#6937 = DEFINITIONAL_REPRESENTATION('',(#6938),#6942);
#6938 = LINE('',#6939,#6940);
#6939 = CARTESIAN_POINT('',(-19.96668823448,-1.153846153846));
#6940 = VECTOR('',#6941,1.);
#6941 = DIRECTION('',(1.,-4.059074787257E-16));
#6942 = ( GEOMETRIC_REPRESENTATION_CONTEXT(2) 
PARAMETRIC_REPRESENTATION_CONTEXT() REPRESENTATION_CONTEXT('2D SPACE',''
  ) );
#6943 = PCURVE('',#1527,#6944);
#6944 = DEFINITIONAL_REPRESENTATION('',(#6945),#6949);
#6945 = LINE('',#6946,#6947);
#6946 = CARTESIAN_POINT('',(1.664740504327,-19.96668823448));
#6947 = VECTOR('',#6948,1.);
#6948 = DIRECTION('',(1.964566744147E-16,1.));
#6949 = ( GEOMETRIC_REPRESENTATION_CONTEXT(2) 
PARAMETRIC_REPRESENTATION_CONTEXT() REPRESENTATION_CONTEXT('2D SPACE',''
  ) );
#6950 = ORIENTED_EDGE('',*,*,#6906,.T.);
#6951 = ORIENTED_EDGE('',*,*,#1539,.T.);
#6952 = ADVANCED_FACE('',(#6953),#1527,.T.);
#6953 = FACE_BOUND('',#6954,.T.);
#6954 = EDGE_LOOP('',(#6955,#6976,#6977,#6978,#6979));
#6955 = ORIENTED_EDGE('',*,*,#6956,.F.);
#6956 = EDGE_CURVE('',#3772,#1485,#6957,.T.);
#6957 = SURFACE_CURVE('',#6958,(#6962,#6969),.PCURVE_S1.);
#6958 = LINE('',#6959,#6960);
#6959 = CARTESIAN_POINT('',(0.,-2.8,-20.));
#6960 = VECTOR('',#6961,1.);
#6961 = DIRECTION('',(1.,0.,0.));
#6962 = PCURVE('',#1527,#6963);
#6963 = DEFINITIONAL_REPRESENTATION('',(#6964),#6968);
#6964 = LINE('',#6965,#6966);
#6965 = CARTESIAN_POINT('',(-0.,0.));
#6966 = VECTOR('',#6967,1.);
#6967 = DIRECTION('',(-8.488133708189E-17,1.));
#6968 = ( GEOMETRIC_REPRESENTATION_CONTEXT(2) 
PARAMETRIC_REPRESENTATION_CONTEXT() REPRESENTATION_CONTEXT('2D SPACE',''
  ) );
#6969 = PCURVE('',#3255,#6970);
#6970 = DEFINITIONAL_REPRESENTATION('',(#6971),#6975);
#6971 = LINE('',#6972,#6973);
#6972 = CARTESIAN_POINT('',(0.,0.));
#6973 = VECTOR('',#6974,1.);
#6974 = DIRECTION('',(0.,-1.));
#6975 = ( GEOMETRIC_REPRESENTATION_CONTEXT(2) 
PARAMETRIC_REPRESENTATION_CONTEXT() REPRESENTATION_CONTEXT('2D SPACE',''
  ) );
#6976 = ORIENTED_EDGE('',*,*,#3794,.F.);
#6977 = ORIENTED_EDGE('',*,*,#6880,.T.);
#6978 = ORIENTED_EDGE('',*,*,#6930,.T.);
#6979 = ORIENTED_EDGE('',*,*,#1507,.T.);
#6980 = ADVANCED_FACE('',(#6981),#3225,.T.);
#6981 = FACE_BOUND('',#6982,.T.);
#6982 = EDGE_LOOP('',(#6983,#7006,#7027));
#6983 = ORIENTED_EDGE('',*,*,#6984,.T.);
#6984 = EDGE_CURVE('',#3209,#6985,#6987,.T.);
#6985 = VERTEX_POINT('',#6986);
#6986 = CARTESIAN_POINT('',(8.764331668529,-4.,-18.84615384615));
#6987 = SURFACE_CURVE('',#6988,(#6992,#6999),.PCURVE_S1.);
#6988 = LINE('',#6989,#6990);
#6989 = CARTESIAN_POINT('',(0.298637359734,-4.,-21.11452979956));
#6990 = VECTOR('',#6991,1.);
#6991 = DIRECTION('',(-0.965925826289,-2.873468630843E-17,
    -0.258819045103));
#6992 = PCURVE('',#3225,#6993);
#6993 = DEFINITIONAL_REPRESENTATION('',(#6994),#6998);
#6994 = LINE('',#6995,#6996);
#6995 = CARTESIAN_POINT('',(0.298637359734,-1.114529799564));
#6996 = VECTOR('',#6997,1.);
#6997 = DIRECTION('',(-0.965925826289,-0.258819045103));
#6998 = ( GEOMETRIC_REPRESENTATION_CONTEXT(2) 
PARAMETRIC_REPRESENTATION_CONTEXT() REPRESENTATION_CONTEXT('2D SPACE',''
  ) );
#6999 = PCURVE('',#3755,#7000);
#7000 = DEFINITIONAL_REPRESENTATION('',(#7001),#7005);
#7001 = LINE('',#7002,#7003);
#7002 = CARTESIAN_POINT('',(0.138728375361,-6.210310043997E-16));
#7003 = VECTOR('',#7004,1.);
#7004 = DIRECTION('',(0.,1.));
#7005 = ( GEOMETRIC_REPRESENTATION_CONTEXT(2) 
PARAMETRIC_REPRESENTATION_CONTEXT() REPRESENTATION_CONTEXT('2D SPACE',''
  ) );
#7006 = ORIENTED_EDGE('',*,*,#7007,.T.);
#7007 = EDGE_CURVE('',#6985,#3207,#7008,.T.);
#7008 = SURFACE_CURVE('',#7009,(#7013,#7020),.PCURVE_S1.);
#7009 = LINE('',#7010,#7011);
#7010 = CARTESIAN_POINT('',(0.,-4.,-18.84615384615));
#7011 = VECTOR('',#7012,1.);
#7012 = DIRECTION('',(1.,0.,0.));
#7013 = PCURVE('',#3225,#7014);
#7014 = DEFINITIONAL_REPRESENTATION('',(#7015),#7019);
#7015 = LINE('',#7016,#7017);
#7016 = CARTESIAN_POINT('',(0.,1.153846153846));
#7017 = VECTOR('',#7018,1.);
#7018 = DIRECTION('',(1.,0.));
#7019 = ( GEOMETRIC_REPRESENTATION_CONTEXT(2) 
PARAMETRIC_REPRESENTATION_CONTEXT() REPRESENTATION_CONTEXT('2D SPACE',''
  ) );
#7020 = PCURVE('',#3255,#7021);
#7021 = DEFINITIONAL_REPRESENTATION('',(#7022),#7026);
#7022 = LINE('',#7023,#7024);
#7023 = CARTESIAN_POINT('',(1.664740504327,0.));
#7024 = VECTOR('',#7025,1.);
#7025 = DIRECTION('',(0.,-1.));
#7026 = ( GEOMETRIC_REPRESENTATION_CONTEXT(2) 
PARAMETRIC_REPRESENTATION_CONTEXT() REPRESENTATION_CONTEXT('2D SPACE',''
  ) );
#7027 = ORIENTED_EDGE('',*,*,#3206,.T.);
#7028 = ADVANCED_FACE('',(#7029),#3755,.T.);
#7029 = FACE_BOUND('',#7030,.T.);
#7030 = EDGE_LOOP('',(#7031,#7052,#7053,#7074,#7075));
#7031 = ORIENTED_EDGE('',*,*,#7032,.F.);
#7032 = EDGE_CURVE('',#5010,#3706,#7033,.T.);
#7033 = SURFACE_CURVE('',#7034,(#7038,#7045),.PCURVE_S1.);
#7034 = LINE('',#7035,#7036);
#7035 = CARTESIAN_POINT('',(0.,-2.8,-20.));
#7036 = VECTOR('',#7037,1.);
#7037 = DIRECTION('',(0.965925826289,2.873468630843E-17,0.258819045103)
  );
#7038 = PCURVE('',#3755,#7039);
#7039 = DEFINITIONAL_REPRESENTATION('',(#7040),#7044);
#7040 = LINE('',#7041,#7042);
#7041 = CARTESIAN_POINT('',(1.803468879687,-3.330669073875E-16));
#7042 = VECTOR('',#7043,1.);
#7043 = DIRECTION('',(0.,-1.));
#7044 = ( GEOMETRIC_REPRESENTATION_CONTEXT(2) 
PARAMETRIC_REPRESENTATION_CONTEXT() REPRESENTATION_CONTEXT('2D SPACE',''
  ) );
#7045 = PCURVE('',#3725,#7046);
#7046 = DEFINITIONAL_REPRESENTATION('',(#7047),#7051);
#7047 = LINE('',#7048,#7049);
#7048 = CARTESIAN_POINT('',(0.,-0.));
#7049 = VECTOR('',#7050,1.);
#7050 = DIRECTION('',(0.,-1.));
#7051 = ( GEOMETRIC_REPRESENTATION_CONTEXT(2) 
PARAMETRIC_REPRESENTATION_CONTEXT() REPRESENTATION_CONTEXT('2D SPACE',''
  ) );
#7052 = ORIENTED_EDGE('',*,*,#5036,.F.);
#7053 = ORIENTED_EDGE('',*,*,#7054,.F.);
#7054 = EDGE_CURVE('',#6985,#5037,#7055,.T.);
#7055 = SURFACE_CURVE('',#7056,(#7060,#7067),.PCURVE_S1.);
#7056 = LINE('',#7057,#7058);
#7057 = CARTESIAN_POINT('',(0.165315468926,-2.822634762149,
    -19.97823580562));
#7058 = VECTOR('',#7059,1.);
#7059 = DIRECTION('',(-0.982434368801,0.134513535903,-0.129339938368));
#7060 = PCURVE('',#3755,#7061);
#7061 = DEFINITIONAL_REPRESENTATION('',(#7062),#7066);
#7062 = LINE('',#7063,#7064);
#7063 = CARTESIAN_POINT('',(1.772068041891,-0.165315468926));
#7064 = VECTOR('',#7065,1.);
#7065 = DIRECTION('',(0.186608442998,0.982434368801));
#7066 = ( GEOMETRIC_REPRESENTATION_CONTEXT(2) 
PARAMETRIC_REPRESENTATION_CONTEXT() REPRESENTATION_CONTEXT('2D SPACE',''
  ) );
#7067 = PCURVE('',#3255,#7068);
#7068 = DEFINITIONAL_REPRESENTATION('',(#7069),#7073);
#7069 = LINE('',#7070,#7071);
#7070 = CARTESIAN_POINT('',(3.140083779588E-02,-0.165315468926));
#7071 = VECTOR('',#7072,1.);
#7072 = DIRECTION('',(-0.186608442998,0.982434368801));
#7073 = ( GEOMETRIC_REPRESENTATION_CONTEXT(2) 
PARAMETRIC_REPRESENTATION_CONTEXT() REPRESENTATION_CONTEXT('2D SPACE',''
  ) );
#7074 = ORIENTED_EDGE('',*,*,#6984,.F.);
#7075 = ORIENTED_EDGE('',*,*,#3737,.T.);
#7076 = ADVANCED_FACE('',(#7077),#3725,.T.);
#7077 = FACE_BOUND('',#7078,.T.);
#7078 = EDGE_LOOP('',(#7079,#7102,#7123,#7124,#7125));
#7079 = ORIENTED_EDGE('',*,*,#7080,.F.);
#7080 = EDGE_CURVE('',#7081,#3677,#7083,.T.);
#7081 = VERTEX_POINT('',#7082);
#7082 = CARTESIAN_POINT('',(8.167056949062,-4.,-16.61709424702));
#7083 = SURFACE_CURVE('',#7084,(#7088,#7095),.PCURVE_S1.);
#7084 = LINE('',#7085,#7086);
#7085 = CARTESIAN_POINT('',(-0.298637359734,-4.,-18.88547020043));
#7086 = VECTOR('',#7087,1.);
#7087 = DIRECTION('',(0.965925826289,2.873468630843E-17,0.258819045103)
  );
#7088 = PCURVE('',#3725,#7089);
#7089 = DEFINITIONAL_REPRESENTATION('',(#7090),#7094);
#7090 = LINE('',#7091,#7092);
#7091 = CARTESIAN_POINT('',(1.664740504327,4.440892098501E-16));
#7092 = VECTOR('',#7093,1.);
#7093 = DIRECTION('',(0.,-1.));
#7094 = ( GEOMETRIC_REPRESENTATION_CONTEXT(2) 
PARAMETRIC_REPRESENTATION_CONTEXT() REPRESENTATION_CONTEXT('2D SPACE',''
  ) );
#7095 = PCURVE('',#3693,#7096);
#7096 = DEFINITIONAL_REPRESENTATION('',(#7097),#7101);
#7097 = LINE('',#7098,#7099);
#7098 = CARTESIAN_POINT('',(-0.298637359734,1.114529799564));
#7099 = VECTOR('',#7100,1.);
#7100 = DIRECTION('',(0.965925826289,0.258819045103));
#7101 = ( GEOMETRIC_REPRESENTATION_CONTEXT(2) 
PARAMETRIC_REPRESENTATION_CONTEXT() REPRESENTATION_CONTEXT('2D SPACE',''
  ) );
#7102 = ORIENTED_EDGE('',*,*,#7103,.T.);
#7103 = EDGE_CURVE('',#7081,#4983,#7104,.T.);
#7104 = SURFACE_CURVE('',#7105,(#7109,#7116),.PCURVE_S1.);
#7105 = LINE('',#7106,#7107);
#7106 = CARTESIAN_POINT('',(0.154049492915,-2.822634762149,
    -19.93619061075));
#7107 = VECTOR('',#7108,1.);
#7108 = DIRECTION('',(-0.915483090117,0.134513535903,-0.37920551205));
#7109 = PCURVE('',#3725,#7110);
#7110 = DEFINITIONAL_REPRESENTATION('',(#7111),#7115);
#7111 = LINE('',#7112,#7113);
#7112 = CARTESIAN_POINT('',(3.140083779588E-02,-0.165315468926));
#7113 = VECTOR('',#7114,1.);
#7114 = DIRECTION('',(-0.186608442998,0.982434368801));
#7115 = ( GEOMETRIC_REPRESENTATION_CONTEXT(2) 
PARAMETRIC_REPRESENTATION_CONTEXT() REPRESENTATION_CONTEXT('2D SPACE',''
  ) );
#7116 = PCURVE('',#3664,#7117);
#7117 = DEFINITIONAL_REPRESENTATION('',(#7118),#7122);
#7118 = LINE('',#7119,#7120);
#7119 = CARTESIAN_POINT('',(1.772068041891,-0.165315468926));
#7120 = VECTOR('',#7121,1.);
#7121 = DIRECTION('',(0.186608442998,0.982434368801));
#7122 = ( GEOMETRIC_REPRESENTATION_CONTEXT(2) 
PARAMETRIC_REPRESENTATION_CONTEXT() REPRESENTATION_CONTEXT('2D SPACE',''
  ) );
#7123 = ORIENTED_EDGE('',*,*,#5009,.F.);
#7124 = ORIENTED_EDGE('',*,*,#7032,.T.);
#7125 = ORIENTED_EDGE('',*,*,#3705,.T.);
#7126 = ADVANCED_FACE('',(#7127),#3693,.T.);
#7127 = FACE_BOUND('',#7128,.T.);
#7128 = EDGE_LOOP('',(#7129,#7150,#7151));
#7129 = ORIENTED_EDGE('',*,*,#7130,.T.);
#7130 = EDGE_CURVE('',#3645,#7081,#7131,.T.);
#7131 = SURFACE_CURVE('',#7132,(#7136,#7143),.PCURVE_S1.);
#7132 = LINE('',#7133,#7134);
#7133 = CARTESIAN_POINT('',(0.576923076923,-4.,-20.99926008129));
#7134 = VECTOR('',#7135,1.);
#7135 = DIRECTION('',(-0.866025403784,-5.551115123126E-17,-0.5));
#7136 = PCURVE('',#3693,#7137);
#7137 = DEFINITIONAL_REPRESENTATION('',(#7138),#7142);
#7138 = LINE('',#7139,#7140);
#7139 = CARTESIAN_POINT('',(0.576923076923,-0.99926008129));
#7140 = VECTOR('',#7141,1.);
#7141 = DIRECTION('',(-0.866025403784,-0.5));
#7142 = ( GEOMETRIC_REPRESENTATION_CONTEXT(2) 
PARAMETRIC_REPRESENTATION_CONTEXT() REPRESENTATION_CONTEXT('2D SPACE',''
  ) );
#7143 = PCURVE('',#3664,#7144);
#7144 = DEFINITIONAL_REPRESENTATION('',(#7145),#7149);
#7145 = LINE('',#7146,#7147);
#7146 = CARTESIAN_POINT('',(0.138728375361,-8.881784197001E-16));
#7147 = VECTOR('',#7148,1.);
#7148 = DIRECTION('',(0.,1.));
#7149 = ( GEOMETRIC_REPRESENTATION_CONTEXT(2) 
PARAMETRIC_REPRESENTATION_CONTEXT() REPRESENTATION_CONTEXT('2D SPACE',''
  ) );
#7150 = ORIENTED_EDGE('',*,*,#7080,.T.);
#7151 = ORIENTED_EDGE('',*,*,#3676,.T.);
#7152 = ADVANCED_FACE('',(#7153),#3664,.T.);
#7153 = FACE_BOUND('',#7154,.T.);
#7154 = EDGE_LOOP('',(#7155,#7176,#7177,#7178,#7179));
#7155 = ORIENTED_EDGE('',*,*,#7156,.F.);
#7156 = EDGE_CURVE('',#4956,#3613,#7157,.T.);
#7157 = SURFACE_CURVE('',#7158,(#7162,#7169),.PCURVE_S1.);
#7158 = LINE('',#7159,#7160);
#7159 = CARTESIAN_POINT('',(0.,-2.8,-20.));
#7160 = VECTOR('',#7161,1.);
#7161 = DIRECTION('',(0.866025403784,5.551115123126E-17,0.5));
#7162 = PCURVE('',#3664,#7163);
#7163 = DEFINITIONAL_REPRESENTATION('',(#7164),#7168);
#7164 = LINE('',#7165,#7166);
#7165 = CARTESIAN_POINT('',(1.803468879687,-9.992007221626E-16));
#7166 = VECTOR('',#7167,1.);
#7167 = DIRECTION('',(0.,-1.));
#7168 = ( GEOMETRIC_REPRESENTATION_CONTEXT(2) 
PARAMETRIC_REPRESENTATION_CONTEXT() REPRESENTATION_CONTEXT('2D SPACE',''
  ) );
#7169 = PCURVE('',#3632,#7170);
#7170 = DEFINITIONAL_REPRESENTATION('',(#7171),#7175);
#7171 = LINE('',#7172,#7173);
#7172 = CARTESIAN_POINT('',(0.,-0.));
#7173 = VECTOR('',#7174,1.);
#7174 = DIRECTION('',(0.,-1.));
#7175 = ( GEOMETRIC_REPRESENTATION_CONTEXT(2) 
PARAMETRIC_REPRESENTATION_CONTEXT() REPRESENTATION_CONTEXT('2D SPACE',''
  ) );
#7176 = ORIENTED_EDGE('',*,*,#4982,.F.);
#7177 = ORIENTED_EDGE('',*,*,#7103,.F.);
#7178 = ORIENTED_EDGE('',*,*,#7130,.F.);
#7179 = ORIENTED_EDGE('',*,*,#3644,.T.);
#7180 = ADVANCED_FACE('',(#7181),#3632,.T.);
#7181 = FACE_BOUND('',#7182,.T.);
#7182 = EDGE_LOOP('',(#7183,#7206,#7227,#7228,#7229));
#7183 = ORIENTED_EDGE('',*,*,#7184,.F.);
#7184 = EDGE_CURVE('',#7185,#3584,#7187,.T.);
#7185 = VERTEX_POINT('',#7186);
#7186 = CARTESIAN_POINT('',(7.013210795216,-4.,-14.61857408444));
#7187 = SURFACE_CURVE('',#7188,(#7192,#7199),.PCURVE_S1.);
#7188 = LINE('',#7189,#7190);
#7189 = CARTESIAN_POINT('',(-0.576923076923,-4.,-19.00073991871));
#7190 = VECTOR('',#7191,1.);
#7191 = DIRECTION('',(0.866025403784,5.551115123126E-17,0.5));
#7192 = PCURVE('',#3632,#7193);
#7193 = DEFINITIONAL_REPRESENTATION('',(#7194),#7198);
#7194 = LINE('',#7195,#7196);
#7195 = CARTESIAN_POINT('',(1.664740504327,2.22044604925E-16));
#7196 = VECTOR('',#7197,1.);
#7197 = DIRECTION('',(0.,-1.));
#7198 = ( GEOMETRIC_REPRESENTATION_CONTEXT(2) 
PARAMETRIC_REPRESENTATION_CONTEXT() REPRESENTATION_CONTEXT('2D SPACE',''
  ) );
#7199 = PCURVE('',#3600,#7200);
#7200 = DEFINITIONAL_REPRESENTATION('',(#7201),#7205);
#7201 = LINE('',#7202,#7203);
#7202 = CARTESIAN_POINT('',(-0.576923076923,0.99926008129));
#7203 = VECTOR('',#7204,1.);
#7204 = DIRECTION('',(0.866025403784,0.5));
#7205 = ( GEOMETRIC_REPRESENTATION_CONTEXT(2) 
PARAMETRIC_REPRESENTATION_CONTEXT() REPRESENTATION_CONTEXT('2D SPACE',''
  ) );
#7206 = ORIENTED_EDGE('',*,*,#7207,.T.);
#7207 = EDGE_CURVE('',#7185,#4929,#7208,.T.);
#7208 = SURFACE_CURVE('',#7209,(#7213,#7220),.PCURVE_S1.);
#7209 = LINE('',#7210,#7211);
#7210 = CARTESIAN_POINT('',(0.132285298541,-2.822634762149,
    -19.89849392031));
#7211 = VECTOR('',#7212,1.);
#7212 = DIRECTION('',(-0.786143151749,0.134513535903,-0.603228856751));
#7213 = PCURVE('',#3632,#7214);
#7214 = DEFINITIONAL_REPRESENTATION('',(#7215),#7219);
#7215 = LINE('',#7216,#7217);
#7216 = CARTESIAN_POINT('',(3.140083779588E-02,-0.165315468926));
#7217 = VECTOR('',#7218,1.);
#7218 = DIRECTION('',(-0.186608442998,0.982434368801));
#7219 = ( GEOMETRIC_REPRESENTATION_CONTEXT(2) 
PARAMETRIC_REPRESENTATION_CONTEXT() REPRESENTATION_CONTEXT('2D SPACE',''
  ) );
#7220 = PCURVE('',#3571,#7221);
#7221 = DEFINITIONAL_REPRESENTATION('',(#7222),#7226);
#7222 = LINE('',#7223,#7224);
#7223 = CARTESIAN_POINT('',(1.772068041891,-0.165315468926));
#7224 = VECTOR('',#7225,1.);
#7225 = DIRECTION('',(0.186608442998,0.982434368801));
#7226 = ( GEOMETRIC_REPRESENTATION_CONTEXT(2) 
PARAMETRIC_REPRESENTATION_CONTEXT() REPRESENTATION_CONTEXT('2D SPACE',''
  ) );
#7227 = ORIENTED_EDGE('',*,*,#4955,.F.);
#7228 = ORIENTED_EDGE('',*,*,#7156,.T.);
#7229 = ORIENTED_EDGE('',*,*,#3612,.T.);
#7230 = ADVANCED_FACE('',(#7231),#3600,.T.);
#7231 = FACE_BOUND('',#7232,.T.);
#7232 = EDGE_LOOP('',(#7233,#7234,#7255));
#7233 = ORIENTED_EDGE('',*,*,#3583,.T.);
#7234 = ORIENTED_EDGE('',*,*,#7235,.T.);
#7235 = EDGE_CURVE('',#3552,#7185,#7236,.T.);
#7236 = SURFACE_CURVE('',#7237,(#7241,#7248),.PCURVE_S1.);
#7237 = LINE('',#7238,#7239);
#7238 = CARTESIAN_POINT('',(0.815892439831,-4.,-20.81589243983));
#7239 = VECTOR('',#7240,1.);
#7240 = DIRECTION('',(-0.707106781187,-7.850462293419E-17,
    -0.707106781187));
#7241 = PCURVE('',#3600,#7242);
#7242 = DEFINITIONAL_REPRESENTATION('',(#7243),#7247);
#7243 = LINE('',#7244,#7245);
#7244 = CARTESIAN_POINT('',(0.815892439831,-0.815892439831));
#7245 = VECTOR('',#7246,1.);
#7246 = DIRECTION('',(-0.707106781187,-0.707106781187));
#7247 = ( GEOMETRIC_REPRESENTATION_CONTEXT(2) 
PARAMETRIC_REPRESENTATION_CONTEXT() REPRESENTATION_CONTEXT('2D SPACE',''
  ) );
#7248 = PCURVE('',#3571,#7249);
#7249 = DEFINITIONAL_REPRESENTATION('',(#7250),#7254);
#7250 = LINE('',#7251,#7252);
#7251 = CARTESIAN_POINT('',(0.138728375361,-1.49186218934E-15));
#7252 = VECTOR('',#7253,1.);
#7253 = DIRECTION('',(-5.551115123126E-17,1.));
#7254 = ( GEOMETRIC_REPRESENTATION_CONTEXT(2) 
PARAMETRIC_REPRESENTATION_CONTEXT() REPRESENTATION_CONTEXT('2D SPACE',''
  ) );
#7255 = ORIENTED_EDGE('',*,*,#7184,.T.);
#7256 = ADVANCED_FACE('',(#7257),#3571,.T.);
#7257 = FACE_BOUND('',#7258,.T.);
#7258 = EDGE_LOOP('',(#7259,#7280,#7281,#7282,#7283));
#7259 = ORIENTED_EDGE('',*,*,#7260,.F.);
#7260 = EDGE_CURVE('',#4902,#3520,#7261,.T.);
#7261 = SURFACE_CURVE('',#7262,(#7266,#7273),.PCURVE_S1.);
#7262 = LINE('',#7263,#7264);
#7263 = CARTESIAN_POINT('',(0.,-2.8,-20.));
#7264 = VECTOR('',#7265,1.);
#7265 = DIRECTION('',(0.707106781187,7.850462293419E-17,0.707106781187)
  );
#7266 = PCURVE('',#3571,#7267);
#7267 = DEFINITIONAL_REPRESENTATION('',(#7268),#7272);
#7268 = LINE('',#7269,#7270);
#7269 = CARTESIAN_POINT('',(1.803468879687,-1.110223024625E-16));
#7270 = VECTOR('',#7271,1.);
#7271 = DIRECTION('',(5.551115123126E-17,-1.));
#7272 = ( GEOMETRIC_REPRESENTATION_CONTEXT(2) 
PARAMETRIC_REPRESENTATION_CONTEXT() REPRESENTATION_CONTEXT('2D SPACE',''
  ) );
#7273 = PCURVE('',#3539,#7274);
#7274 = DEFINITIONAL_REPRESENTATION('',(#7275),#7279);
#7275 = LINE('',#7276,#7277);
#7276 = CARTESIAN_POINT('',(0.,-0.));
#7277 = VECTOR('',#7278,1.);
#7278 = DIRECTION('',(-5.551115123126E-17,-1.));
#7279 = ( GEOMETRIC_REPRESENTATION_CONTEXT(2) 
PARAMETRIC_REPRESENTATION_CONTEXT() REPRESENTATION_CONTEXT('2D SPACE',''
  ) );
#7280 = ORIENTED_EDGE('',*,*,#4928,.F.);
#7281 = ORIENTED_EDGE('',*,*,#7207,.F.);
#7282 = ORIENTED_EDGE('',*,*,#7235,.F.);
#7283 = ORIENTED_EDGE('',*,*,#3551,.T.);
#7284 = ADVANCED_FACE('',(#7285),#3539,.T.);
#7285 = FACE_BOUND('',#7286,.T.);
#7286 = EDGE_LOOP('',(#7287,#7310,#7331,#7332,#7333));
#7287 = ORIENTED_EDGE('',*,*,#7288,.F.);
#7288 = EDGE_CURVE('',#7289,#3491,#7291,.T.);
#7289 = VERTEX_POINT('',#7290);
#7290 = CARTESIAN_POINT('',(5.381425915554,-4.,-12.98678920478));
#7291 = SURFACE_CURVE('',#7292,(#7296,#7303),.PCURVE_S1.);
#7292 = LINE('',#7293,#7294);
#7293 = CARTESIAN_POINT('',(-0.815892439831,-4.,-19.18410756016));
#7294 = VECTOR('',#7295,1.);
#7295 = DIRECTION('',(0.707106781187,7.850462293419E-17,0.707106781187)
  );
#7296 = PCURVE('',#3539,#7297);
#7297 = DEFINITIONAL_REPRESENTATION('',(#7298),#7302);
#7298 = LINE('',#7299,#7300);
#7299 = CARTESIAN_POINT('',(1.664740504327,-1.443289932013E-15));
#7300 = VECTOR('',#7301,1.);
#7301 = DIRECTION('',(-5.551115123126E-17,-1.));
#7302 = ( GEOMETRIC_REPRESENTATION_CONTEXT(2) 
PARAMETRIC_REPRESENTATION_CONTEXT() REPRESENTATION_CONTEXT('2D SPACE',''
  ) );
#7303 = PCURVE('',#3507,#7304);
#7304 = DEFINITIONAL_REPRESENTATION('',(#7305),#7309);
#7305 = LINE('',#7306,#7307);
#7306 = CARTESIAN_POINT('',(-0.815892439831,0.815892439831));
#7307 = VECTOR('',#7308,1.);
#7308 = DIRECTION('',(0.707106781187,0.707106781187));
#7309 = ( GEOMETRIC_REPRESENTATION_CONTEXT(2) 
PARAMETRIC_REPRESENTATION_CONTEXT() REPRESENTATION_CONTEXT('2D SPACE',''
  ) );
#7310 = ORIENTED_EDGE('',*,*,#7311,.T.);
#7311 = EDGE_CURVE('',#7289,#4875,#7312,.T.);
#7312 = SURFACE_CURVE('',#7313,(#7317,#7324),.PCURVE_S1.);
#7313 = LINE('',#7314,#7315);
#7314 = CARTESIAN_POINT('',(0.101506079684,-2.822634762149,
    -19.86771470145));
#7315 = VECTOR('',#7316,1.);
#7316 = DIRECTION('',(-0.603228856751,0.134513535903,-0.786143151749));
#7317 = PCURVE('',#3539,#7318);
#7318 = DEFINITIONAL_REPRESENTATION('',(#7319),#7323);
#7319 = LINE('',#7320,#7321);
#7320 = CARTESIAN_POINT('',(3.140083779588E-02,-0.165315468926));
#7321 = VECTOR('',#7322,1.);
#7322 = DIRECTION('',(-0.186608442998,0.982434368801));
#7323 = ( GEOMETRIC_REPRESENTATION_CONTEXT(2) 
PARAMETRIC_REPRESENTATION_CONTEXT() REPRESENTATION_CONTEXT('2D SPACE',''
  ) );
#7324 = PCURVE('',#3478,#7325);
#7325 = DEFINITIONAL_REPRESENTATION('',(#7326),#7330);
#7326 = LINE('',#7327,#7328);
#7327 = CARTESIAN_POINT('',(1.772068041891,-0.165315468926));
#7328 = VECTOR('',#7329,1.);
#7329 = DIRECTION('',(0.186608442998,0.982434368801));
#7330 = ( GEOMETRIC_REPRESENTATION_CONTEXT(2) 
PARAMETRIC_REPRESENTATION_CONTEXT() REPRESENTATION_CONTEXT('2D SPACE',''
  ) );
#7331 = ORIENTED_EDGE('',*,*,#4901,.F.);
#7332 = ORIENTED_EDGE('',*,*,#7260,.T.);
#7333 = ORIENTED_EDGE('',*,*,#3519,.T.);
#7334 = ADVANCED_FACE('',(#7335),#3507,.T.);
#7335 = FACE_BOUND('',#7336,.T.);
#7336 = EDGE_LOOP('',(#7337,#7338,#7339));
#7337 = ORIENTED_EDGE('',*,*,#7288,.T.);
#7338 = ORIENTED_EDGE('',*,*,#3490,.T.);
#7339 = ORIENTED_EDGE('',*,*,#7340,.T.);
#7340 = EDGE_CURVE('',#3459,#7289,#7341,.T.);
#7341 = SURFACE_CURVE('',#7342,(#7346,#7353),.PCURVE_S1.);
#7342 = LINE('',#7343,#7344);
#7343 = CARTESIAN_POINT('',(0.99926008129,-4.,-20.57692307692));
#7344 = VECTOR('',#7345,1.);
#7345 = DIRECTION('',(-0.5,-9.614813431918E-17,-0.866025403784));
#7346 = PCURVE('',#3507,#7347);
#7347 = DEFINITIONAL_REPRESENTATION('',(#7348),#7352);
#7348 = LINE('',#7349,#7350);
#7349 = CARTESIAN_POINT('',(0.99926008129,-0.576923076923));
#7350 = VECTOR('',#7351,1.);
#7351 = DIRECTION('',(-0.5,-0.866025403784));
#7352 = ( GEOMETRIC_REPRESENTATION_CONTEXT(2) 
PARAMETRIC_REPRESENTATION_CONTEXT() REPRESENTATION_CONTEXT('2D SPACE',''
  ) );
#7353 = PCURVE('',#3478,#7354);
#7354 = DEFINITIONAL_REPRESENTATION('',(#7355),#7359);
#7355 = LINE('',#7356,#7357);
#7356 = CARTESIAN_POINT('',(0.138728375361,-3.885780586188E-16));
#7357 = VECTOR('',#7358,1.);
#7358 = DIRECTION('',(0.,1.));
#7359 = ( GEOMETRIC_REPRESENTATION_CONTEXT(2) 
PARAMETRIC_REPRESENTATION_CONTEXT() REPRESENTATION_CONTEXT('2D SPACE',''
  ) );
#7360 = ADVANCED_FACE('',(#7361),#3478,.T.);
#7361 = FACE_BOUND('',#7362,.T.);
#7362 = EDGE_LOOP('',(#7363,#7384,#7385,#7386,#7387));
#7363 = ORIENTED_EDGE('',*,*,#7364,.F.);
#7364 = EDGE_CURVE('',#4848,#3427,#7365,.T.);
#7365 = SURFACE_CURVE('',#7366,(#7370,#7377),.PCURVE_S1.);
#7366 = LINE('',#7367,#7368);
#7367 = CARTESIAN_POINT('',(0.,-2.8,-20.));
#7368 = VECTOR('',#7369,1.);
#7369 = DIRECTION('',(0.5,9.614813431918E-17,0.866025403784));
#7370 = PCURVE('',#3478,#7371);
#7371 = DEFINITIONAL_REPRESENTATION('',(#7372),#7376);
#7372 = LINE('',#7373,#7374);
#7373 = CARTESIAN_POINT('',(1.803468879687,1.110223024625E-16));
#7374 = VECTOR('',#7375,1.);
#7375 = DIRECTION('',(0.,-1.));
#7376 = ( GEOMETRIC_REPRESENTATION_CONTEXT(2) 
PARAMETRIC_REPRESENTATION_CONTEXT() REPRESENTATION_CONTEXT('2D SPACE',''
  ) );
#7377 = PCURVE('',#3446,#7378);
#7378 = DEFINITIONAL_REPRESENTATION('',(#7379),#7383);
#7379 = LINE('',#7380,#7381);
#7380 = CARTESIAN_POINT('',(0.,-0.));
#7381 = VECTOR('',#7382,1.);
#7382 = DIRECTION('',(0.,-1.));
#7383 = ( GEOMETRIC_REPRESENTATION_CONTEXT(2) 
PARAMETRIC_REPRESENTATION_CONTEXT() REPRESENTATION_CONTEXT('2D SPACE',''
  ) );
#7384 = ORIENTED_EDGE('',*,*,#4874,.F.);
#7385 = ORIENTED_EDGE('',*,*,#7311,.F.);
#7386 = ORIENTED_EDGE('',*,*,#7340,.F.);
#7387 = ORIENTED_EDGE('',*,*,#3458,.T.);
#7388 = ADVANCED_FACE('',(#7389),#3446,.T.);
#7389 = FACE_BOUND('',#7390,.T.);
#7390 = EDGE_LOOP('',(#7391,#7414,#7435,#7436,#7437));
#7391 = ORIENTED_EDGE('',*,*,#7392,.F.);
#7392 = EDGE_CURVE('',#7393,#3398,#7395,.T.);
#7393 = VERTEX_POINT('',#7394);
#7394 = CARTESIAN_POINT('',(3.382905752975,-4.,-11.83294305093));
#7395 = SURFACE_CURVE('',#7396,(#7400,#7407),.PCURVE_S1.);
#7396 = LINE('',#7397,#7398);
#7397 = CARTESIAN_POINT('',(-0.99926008129,-4.,-19.42307692307));
#7398 = VECTOR('',#7399,1.);
#7399 = DIRECTION('',(0.5,9.614813431918E-17,0.866025403784));
#7400 = PCURVE('',#3446,#7401);
#7401 = DEFINITIONAL_REPRESENTATION('',(#7402),#7406);
#7402 = LINE('',#7403,#7404);
#7403 = CARTESIAN_POINT('',(1.664740504327,6.661338147751E-16));
#7404 = VECTOR('',#7405,1.);
#7405 = DIRECTION('',(0.,-1.));
#7406 = ( GEOMETRIC_REPRESENTATION_CONTEXT(2) 
PARAMETRIC_REPRESENTATION_CONTEXT() REPRESENTATION_CONTEXT('2D SPACE',''
  ) );
#7407 = PCURVE('',#3414,#7408);
#7408 = DEFINITIONAL_REPRESENTATION('',(#7409),#7413);
#7409 = LINE('',#7410,#7411);
#7410 = CARTESIAN_POINT('',(-0.99926008129,0.576923076923));
#7411 = VECTOR('',#7412,1.);
#7412 = DIRECTION('',(0.5,0.866025403784));
#7413 = ( GEOMETRIC_REPRESENTATION_CONTEXT(2) 
PARAMETRIC_REPRESENTATION_CONTEXT() REPRESENTATION_CONTEXT('2D SPACE',''
  ) );
#7414 = ORIENTED_EDGE('',*,*,#7415,.T.);
#7415 = EDGE_CURVE('',#7393,#4821,#7416,.T.);
#7416 = SURFACE_CURVE('',#7417,(#7421,#7428),.PCURVE_S1.);
#7417 = LINE('',#7418,#7419);
#7418 = CARTESIAN_POINT('',(6.380938924224E-02,-2.822634762149,
    -19.84595050708));
#7419 = VECTOR('',#7420,1.);
#7420 = DIRECTION('',(-0.37920551205,0.134513535903,-0.915483090117));
#7421 = PCURVE('',#3446,#7422);
#7422 = DEFINITIONAL_REPRESENTATION('',(#7423),#7427);
#7423 = LINE('',#7424,#7425);
#7424 = CARTESIAN_POINT('',(3.140083779588E-02,-0.165315468926));
#7425 = VECTOR('',#7426,1.);
#7426 = DIRECTION('',(-0.186608442998,0.982434368801));
#7427 = ( GEOMETRIC_REPRESENTATION_CONTEXT(2) 
PARAMETRIC_REPRESENTATION_CONTEXT() REPRESENTATION_CONTEXT('2D SPACE',''
  ) );
#7428 = PCURVE('',#3385,#7429);
#7429 = DEFINITIONAL_REPRESENTATION('',(#7430),#7434);
#7430 = LINE('',#7431,#7432);
#7431 = CARTESIAN_POINT('',(1.772068041891,-0.165315468926));
#7432 = VECTOR('',#7433,1.);
#7433 = DIRECTION('',(0.186608442998,0.982434368801));
#7434 = ( GEOMETRIC_REPRESENTATION_CONTEXT(2) 
PARAMETRIC_REPRESENTATION_CONTEXT() REPRESENTATION_CONTEXT('2D SPACE',''
  ) );
#7435 = ORIENTED_EDGE('',*,*,#4847,.F.);
#7436 = ORIENTED_EDGE('',*,*,#7364,.T.);
#7437 = ORIENTED_EDGE('',*,*,#3426,.T.);
#7438 = ADVANCED_FACE('',(#7439),#3414,.T.);
#7439 = FACE_BOUND('',#7440,.T.);
#7440 = EDGE_LOOP('',(#7441,#7462,#7463));
#7441 = ORIENTED_EDGE('',*,*,#7442,.T.);
#7442 = EDGE_CURVE('',#3366,#7393,#7443,.T.);
#7443 = SURFACE_CURVE('',#7444,(#7448,#7455),.PCURVE_S1.);
#7444 = LINE('',#7445,#7446);
#7445 = CARTESIAN_POINT('',(1.114529799564,-4.,-20.29863735973));
#7446 = VECTOR('',#7447,1.);
#7447 = DIRECTION('',(-0.258819045103,-1.072393092426E-16,
    -0.965925826289));
#7448 = PCURVE('',#3414,#7449);
#7449 = DEFINITIONAL_REPRESENTATION('',(#7450),#7454);
#7450 = LINE('',#7451,#7452);
#7451 = CARTESIAN_POINT('',(1.114529799564,-0.298637359734));
#7452 = VECTOR('',#7453,1.);
#7453 = DIRECTION('',(-0.258819045103,-0.965925826289));
#7454 = ( GEOMETRIC_REPRESENTATION_CONTEXT(2) 
PARAMETRIC_REPRESENTATION_CONTEXT() REPRESENTATION_CONTEXT('2D SPACE',''
  ) );
#7455 = PCURVE('',#3385,#7456);
#7456 = DEFINITIONAL_REPRESENTATION('',(#7457),#7461);
#7457 = LINE('',#7458,#7459);
#7458 = CARTESIAN_POINT('',(0.138728375361,4.163336342344E-17));
#7459 = VECTOR('',#7460,1.);
#7460 = DIRECTION('',(2.775557561563E-17,1.));
#7461 = ( GEOMETRIC_REPRESENTATION_CONTEXT(2) 
PARAMETRIC_REPRESENTATION_CONTEXT() REPRESENTATION_CONTEXT('2D SPACE',''
  ) );
#7462 = ORIENTED_EDGE('',*,*,#7392,.T.);
#7463 = ORIENTED_EDGE('',*,*,#3397,.T.);
#7464 = ADVANCED_FACE('',(#7465),#3385,.T.);
#7465 = FACE_BOUND('',#7466,.T.);
#7466 = EDGE_LOOP('',(#7467,#7488,#7489,#7490,#7491));
#7467 = ORIENTED_EDGE('',*,*,#7468,.F.);
#7468 = EDGE_CURVE('',#4794,#3334,#7469,.T.);
#7469 = SURFACE_CURVE('',#7470,(#7474,#7481),.PCURVE_S1.);
#7470 = LINE('',#7471,#7472);
#7471 = CARTESIAN_POINT('',(0.,-2.8,-20.));
#7472 = VECTOR('',#7473,1.);
#7473 = DIRECTION('',(0.258819045103,1.072393092426E-16,0.965925826289)
  );
#7474 = PCURVE('',#3385,#7475);
#7475 = DEFINITIONAL_REPRESENTATION('',(#7476),#7480);
#7476 = LINE('',#7477,#7478);
#7477 = CARTESIAN_POINT('',(1.803468879687,-8.881784197001E-16));
#7478 = VECTOR('',#7479,1.);
#7479 = DIRECTION('',(-2.775557561563E-17,-1.));
#7480 = ( GEOMETRIC_REPRESENTATION_CONTEXT(2) 
PARAMETRIC_REPRESENTATION_CONTEXT() REPRESENTATION_CONTEXT('2D SPACE',''
  ) );
#7481 = PCURVE('',#3353,#7482);
#7482 = DEFINITIONAL_REPRESENTATION('',(#7483),#7487);
#7483 = LINE('',#7484,#7485);
#7484 = CARTESIAN_POINT('',(0.,-0.));
#7485 = VECTOR('',#7486,1.);
#7486 = DIRECTION('',(0.,-1.));
#7487 = ( GEOMETRIC_REPRESENTATION_CONTEXT(2) 
PARAMETRIC_REPRESENTATION_CONTEXT() REPRESENTATION_CONTEXT('2D SPACE',''
  ) );
#7488 = ORIENTED_EDGE('',*,*,#4820,.F.);
#7489 = ORIENTED_EDGE('',*,*,#7415,.F.);
#7490 = ORIENTED_EDGE('',*,*,#7442,.F.);
#7491 = ORIENTED_EDGE('',*,*,#3365,.T.);
#7492 = ADVANCED_FACE('',(#7493),#3353,.T.);
#7493 = FACE_BOUND('',#7494,.T.);
#7494 = EDGE_LOOP('',(#7495,#7518,#7539,#7540,#7541));
#7495 = ORIENTED_EDGE('',*,*,#7496,.F.);
#7496 = EDGE_CURVE('',#7497,#3305,#7499,.T.);
#7497 = VERTEX_POINT('',#7498);
#7498 = CARTESIAN_POINT('',(1.153846153846,-4.,-11.23566833147));
#7499 = SURFACE_CURVE('',#7500,(#7504,#7511),.PCURVE_S1.);
#7500 = LINE('',#7501,#7502);
#7501 = CARTESIAN_POINT('',(-1.114529799564,-4.,-19.70136264026));
#7502 = VECTOR('',#7503,1.);
#7503 = DIRECTION('',(0.258819045103,1.072393092426E-16,0.965925826289)
  );
#7504 = PCURVE('',#3353,#7505);
#7505 = DEFINITIONAL_REPRESENTATION('',(#7506),#7510);
#7506 = LINE('',#7507,#7508);
#7507 = CARTESIAN_POINT('',(1.664740504327,-6.661338147751E-16));
#7508 = VECTOR('',#7509,1.);
#7509 = DIRECTION('',(0.,-1.));
#7510 = ( GEOMETRIC_REPRESENTATION_CONTEXT(2) 
PARAMETRIC_REPRESENTATION_CONTEXT() REPRESENTATION_CONTEXT('2D SPACE',''
  ) );
#7511 = PCURVE('',#3321,#7512);
#7512 = DEFINITIONAL_REPRESENTATION('',(#7513),#7517);
#7513 = LINE('',#7514,#7515);
#7514 = CARTESIAN_POINT('',(-1.114529799564,0.298637359734));
#7515 = VECTOR('',#7516,1.);
#7516 = DIRECTION('',(0.258819045103,0.965925826289));
#7517 = ( GEOMETRIC_REPRESENTATION_CONTEXT(2) 
PARAMETRIC_REPRESENTATION_CONTEXT() REPRESENTATION_CONTEXT('2D SPACE',''
  ) );
#7518 = ORIENTED_EDGE('',*,*,#7519,.T.);
#7519 = EDGE_CURVE('',#7497,#4767,#7520,.T.);
#7520 = SURFACE_CURVE('',#7521,(#7525,#7532),.PCURVE_S1.);
#7521 = LINE('',#7522,#7523);
#7522 = CARTESIAN_POINT('',(2.176419437393E-02,-2.822634762149,
    -19.83468453107));
#7523 = VECTOR('',#7524,1.);
#7524 = DIRECTION('',(-0.129339938368,0.134513535903,-0.982434368801));
#7525 = PCURVE('',#3353,#7526);
#7526 = DEFINITIONAL_REPRESENTATION('',(#7527),#7531);
#7527 = LINE('',#7528,#7529);
#7528 = CARTESIAN_POINT('',(3.140083779588E-02,-0.165315468926));
#7529 = VECTOR('',#7530,1.);
#7530 = DIRECTION('',(-0.186608442998,0.982434368801));
#7531 = ( GEOMETRIC_REPRESENTATION_CONTEXT(2) 
PARAMETRIC_REPRESENTATION_CONTEXT() REPRESENTATION_CONTEXT('2D SPACE',''
  ) );
#7532 = PCURVE('',#3292,#7533);
#7533 = DEFINITIONAL_REPRESENTATION('',(#7534),#7538);
#7534 = LINE('',#7535,#7536);
#7535 = CARTESIAN_POINT('',(1.772068041891,-0.165315468926));
#7536 = VECTOR('',#7537,1.);
#7537 = DIRECTION('',(0.186608442998,0.982434368801));
#7538 = ( GEOMETRIC_REPRESENTATION_CONTEXT(2) 
PARAMETRIC_REPRESENTATION_CONTEXT() REPRESENTATION_CONTEXT('2D SPACE',''
  ) );
#7539 = ORIENTED_EDGE('',*,*,#4793,.F.);
#7540 = ORIENTED_EDGE('',*,*,#7468,.T.);
#7541 = ORIENTED_EDGE('',*,*,#3333,.T.);
#7542 = ADVANCED_FACE('',(#7543),#3321,.T.);
#7543 = FACE_BOUND('',#7544,.T.);
#7544 = EDGE_LOOP('',(#7545,#7566,#7567));
#7545 = ORIENTED_EDGE('',*,*,#7546,.T.);
#7546 = EDGE_CURVE('',#3273,#7497,#7547,.T.);
#7547 = SURFACE_CURVE('',#7548,(#7552,#7559),.PCURVE_S1.);
#7548 = LINE('',#7549,#7550);
#7549 = CARTESIAN_POINT('',(1.153846153846,-4.,-20.));
#7550 = VECTOR('',#7551,1.);
#7551 = DIRECTION('',(-1.110223024625E-16,-1.110223024625E-16,-1.));
#7552 = PCURVE('',#3321,#7553);
#7553 = DEFINITIONAL_REPRESENTATION('',(#7554),#7558);
#7554 = LINE('',#7555,#7556);
#7555 = CARTESIAN_POINT('',(1.153846153846,0.));
#7556 = VECTOR('',#7557,1.);
#7557 = DIRECTION('',(-1.110223024625E-16,-1.));
#7558 = ( GEOMETRIC_REPRESENTATION_CONTEXT(2) 
PARAMETRIC_REPRESENTATION_CONTEXT() REPRESENTATION_CONTEXT('2D SPACE',''
  ) );
#7559 = PCURVE('',#3292,#7560);
#7560 = DEFINITIONAL_REPRESENTATION('',(#7561),#7565);
#7561 = LINE('',#7562,#7563);
#7562 = CARTESIAN_POINT('',(0.138728375361,-4.270088556251E-19));
#7563 = VECTOR('',#7564,1.);
#7564 = DIRECTION('',(0.,1.));
#7565 = ( GEOMETRIC_REPRESENTATION_CONTEXT(2) 
PARAMETRIC_REPRESENTATION_CONTEXT() REPRESENTATION_CONTEXT('2D SPACE',''
  ) );
#7566 = ORIENTED_EDGE('',*,*,#7496,.T.);
#7567 = ORIENTED_EDGE('',*,*,#3304,.T.);
#7568 = ADVANCED_FACE('',(#7569),#3292,.T.);
#7569 = FACE_BOUND('',#7570,.T.);
#7570 = EDGE_LOOP('',(#7571,#7572,#7573,#7574,#7575));
#7571 = ORIENTED_EDGE('',*,*,#5137,.F.);
#7572 = ORIENTED_EDGE('',*,*,#4766,.F.);
#7573 = ORIENTED_EDGE('',*,*,#7519,.F.);
#7574 = ORIENTED_EDGE('',*,*,#7546,.F.);
#7575 = ORIENTED_EDGE('',*,*,#3272,.T.);
#7576 = ADVANCED_FACE('',(#7577),#3255,.T.);
#7577 = FACE_BOUND('',#7578,.T.);
#7578 = EDGE_LOOP('',(#7579,#7580,#7581,#7582,#7583));
#7579 = ORIENTED_EDGE('',*,*,#7007,.F.);
#7580 = ORIENTED_EDGE('',*,*,#7054,.T.);
#7581 = ORIENTED_EDGE('',*,*,#5063,.F.);
#7582 = ORIENTED_EDGE('',*,*,#6956,.T.);
#7583 = ORIENTED_EDGE('',*,*,#3237,.T.);
#7584 = ( GEOMETRIC_REPRESENTATION_CONTEXT(3) 
GLOBAL_UNCERTAINTY_ASSIGNED_CONTEXT((#7588)) 
GLOBAL_UNIT_ASSIGNED_CONTEXT((#7585,#7586,#7587)) REPRESENTATION_CONTEXT
('Context #1','3D Context with UNIT and UNCERTAINTY') );
#7585 = ( LENGTH_UNIT() NAMED_UNIT(*) SI_UNIT(.MILLI.,.METRE.) );
#7586 = ( NAMED_UNIT(*) PLANE_ANGLE_UNIT() SI_UNIT($,.RADIAN.) );
#7587 = ( NAMED_UNIT(*) SI_UNIT($,.STERADIAN.) SOLID_ANGLE_UNIT() );
#7588 = UNCERTAINTY_MEASURE_WITH_UNIT(LENGTH_MEASURE(1.E-07),#7585,
  'distance_accuracy_value','confusion accuracy');
#7589 = PRODUCT_RELATED_PRODUCT_CATEGORY('part',$,(#7));
ENDSEC;
END-ISO-10303-21;
