ISO-10303-21;
HEADER;
FILE_DESCRIPTION(('Open CASCADE Model'),'2;1');
FILE_NAME('Open CASCADE Shape Model','2026-05-31T15:12:00',('Author'),(
    'Open CASCADE'),'Open CASCADE STEP processor 7.7','Open CASCADE 7.7'
  ,'Unknown');
FILE_SCHEMA(('AUTOMOTIVE_DESIGN { 1 0 10303 214 1 1 1 1 }'));
ENDSEC;
DATA;
#1 = APPLICATION_PROTOCOL_DEFINITION('international standard',
  'automotive_design',2000,#2);
#2 = APPLICATION_CONTEXT(
  'core data for automotive mechanical design processes');
#3 = SHAPE_DEFINITION_REPRESENTATION(#4,#10);
#4 = PRODUCT_DEFINITION_SHAPE('','',#5);
#5 = PRODUCT_DEFINITION('design','',#6,#9);
#6 = PRODUCT_DEFINITION_FORMATION('','',#7);
#7 = PRODUCT('Open CASCADE STEP translator 7.7 6',
  'Open CASCADE STEP translator 7.7 6','',(#8));
#8 = PRODUCT_CONTEXT('',#2,'mechanical');
#9 = PRODUCT_DEFINITION_CONTEXT('part definition',#2,'design');
#10 = ADVANCED_BREP_SHAPE_REPRESENTATION('',(#11,#15),#4719);
#11 = AXIS2_PLACEMENT_3D('',#12,#13,#14);
#12 = CARTESIAN_POINT('',(0.,0.,0.));
#13 = DIRECTION('',(0.,0.,1.));
#14 = DIRECTION('',(1.,0.,-0.));
#15 = MANIFOLD_SOLID_BREP('',#16);
#16 = CLOSED_SHELL('',(#17,#137,#1595,#1643,#1697,#2953,#3051,#3078,
    #3105,#3132,#3139,#3166,#3193,#3240,#3267,#3294,#3301,#3348,#3375,
    #3402,#3409,#3456,#3483,#3510,#3517,#3564,#3591,#3618,#3625,#3672,
    #3699,#3726,#3733,#3760,#3807,#3834,#3861,#3868,#3895,#3942,#3969,
    #3996,#4003,#4050,#4077,#4104,#4111,#4158,#4185,#4212,#4219,#4266,
    #4293,#4320,#4327,#4381,#4435,#4467,#4565,#4625,#4685,#4712));
#17 = ADVANCED_FACE('',(#18),#32,.F.);
#18 = FACE_BOUND('',#19,.F.);
#19 = EDGE_LOOP('',(#20,#55,#83,#111));
#20 = ORIENTED_EDGE('',*,*,#21,.F.);
#21 = EDGE_CURVE('',#22,#24,#26,.T.);
#22 = VERTEX_POINT('',#23);
#23 = CARTESIAN_POINT('',(-140.,-89.5,4.));
#24 = VERTEX_POINT('',#25);
#25 = CARTESIAN_POINT('',(-140.,89.5,4.));
#26 = SURFACE_CURVE('',#27,(#31,#43),.PCURVE_S1.);
#27 = LINE('',#28,#29);
#28 = CARTESIAN_POINT('',(-140.,-97.5,4.));
#29 = VECTOR('',#30,1.);
#30 = DIRECTION('',(0.,1.,0.));
#31 = PCURVE('',#32,#37);
#32 = PLANE('',#33);
#33 = AXIS2_PLACEMENT_3D('',#34,#35,#36);
#34 = CARTESIAN_POINT('',(-140.,-97.5,0.));
#35 = DIRECTION('',(1.,0.,0.));
#36 = DIRECTION('',(0.,0.,1.));
#37 = DEFINITIONAL_REPRESENTATION('',(#38),#42);
#38 = LINE('',#39,#40);
#39 = CARTESIAN_POINT('',(4.,0.));
#40 = VECTOR('',#41,1.);
#41 = DIRECTION('',(0.,-1.));
#42 = ( GEOMETRIC_REPRESENTATION_CONTEXT(2) 
PARAMETRIC_REPRESENTATION_CONTEXT() REPRESENTATION_CONTEXT('2D SPACE',''
  ) );
#43 = PCURVE('',#44,#49);
#44 = PLANE('',#45);
#45 = AXIS2_PLACEMENT_3D('',#46,#47,#48);
#46 = CARTESIAN_POINT('',(-140.,-97.5,4.));
#47 = DIRECTION('',(0.,0.,1.));
#48 = DIRECTION('',(1.,0.,0.));
#49 = DEFINITIONAL_REPRESENTATION('',(#50),#54);
#50 = LINE('',#51,#52);
#51 = CARTESIAN_POINT('',(0.,0.));
#52 = VECTOR('',#53,1.);
#53 = DIRECTION('',(0.,1.));
#54 = ( GEOMETRIC_REPRESENTATION_CONTEXT(2) 
PARAMETRIC_REPRESENTATION_CONTEXT() REPRESENTATION_CONTEXT('2D SPACE',''
  ) );
#55 = ORIENTED_EDGE('',*,*,#56,.F.);
#56 = EDGE_CURVE('',#57,#22,#59,.T.);
#57 = VERTEX_POINT('',#58);
#58 = CARTESIAN_POINT('',(-140.,-89.5,0.));
#59 = SURFACE_CURVE('',#60,(#64,#71),.PCURVE_S1.);
#60 = LINE('',#61,#62);
#61 = CARTESIAN_POINT('',(-140.,-89.5,0.));
#62 = VECTOR('',#63,1.);
#63 = DIRECTION('',(0.,0.,1.));
#64 = PCURVE('',#32,#65);
#65 = DEFINITIONAL_REPRESENTATION('',(#66),#70);
#66 = LINE('',#67,#68);
#67 = CARTESIAN_POINT('',(0.,-8.));
#68 = VECTOR('',#69,1.);
#69 = DIRECTION('',(1.,0.));
#70 = ( GEOMETRIC_REPRESENTATION_CONTEXT(2) 
PARAMETRIC_REPRESENTATION_CONTEXT() REPRESENTATION_CONTEXT('2D SPACE',''
  ) );
#71 = PCURVE('',#72,#77);
#72 = CYLINDRICAL_SURFACE('',#73,8.);
#73 = AXIS2_PLACEMENT_3D('',#74,#75,#76);
#74 = CARTESIAN_POINT('',(-132.,-89.5,0.));
#75 = DIRECTION('',(0.,0.,1.));
#76 = DIRECTION('',(-1.,-0.,0.));
#77 = DEFINITIONAL_REPRESENTATION('',(#78),#82);
#78 = LINE('',#79,#80);
#79 = CARTESIAN_POINT('',(0.,0.));
#80 = VECTOR('',#81,1.);
#81 = DIRECTION('',(0.,1.));
#82 = ( GEOMETRIC_REPRESENTATION_CONTEXT(2) 
PARAMETRIC_REPRESENTATION_CONTEXT() REPRESENTATION_CONTEXT('2D SPACE',''
  ) );
#83 = ORIENTED_EDGE('',*,*,#84,.T.);
#84 = EDGE_CURVE('',#57,#85,#87,.T.);
#85 = VERTEX_POINT('',#86);
#86 = CARTESIAN_POINT('',(-140.,89.5,0.));
#87 = SURFACE_CURVE('',#88,(#92,#99),.PCURVE_S1.);
#88 = LINE('',#89,#90);
#89 = CARTESIAN_POINT('',(-140.,-97.5,0.));
#90 = VECTOR('',#91,1.);
#91 = DIRECTION('',(0.,1.,0.));
#92 = PCURVE('',#32,#93);
#93 = DEFINITIONAL_REPRESENTATION('',(#94),#98);
#94 = LINE('',#95,#96);
#95 = CARTESIAN_POINT('',(0.,0.));
#96 = VECTOR('',#97,1.);
#97 = DIRECTION('',(0.,-1.));
#98 = ( GEOMETRIC_REPRESENTATION_CONTEXT(2) 
PARAMETRIC_REPRESENTATION_CONTEXT() REPRESENTATION_CONTEXT('2D SPACE',''
  ) );
#99 = PCURVE('',#100,#105);
#100 = PLANE('',#101);
#101 = AXIS2_PLACEMENT_3D('',#102,#103,#104);
#102 = CARTESIAN_POINT('',(-140.,-97.5,0.));
#103 = DIRECTION('',(0.,0.,1.));
#104 = DIRECTION('',(1.,0.,0.));
#105 = DEFINITIONAL_REPRESENTATION('',(#106),#110);
#106 = LINE('',#107,#108);
#107 = CARTESIAN_POINT('',(0.,0.));
#108 = VECTOR('',#109,1.);
#109 = DIRECTION('',(0.,1.));
#110 = ( GEOMETRIC_REPRESENTATION_CONTEXT(2) 
PARAMETRIC_REPRESENTATION_CONTEXT() REPRESENTATION_CONTEXT('2D SPACE',''
  ) );
#111 = ORIENTED_EDGE('',*,*,#112,.T.);
#112 = EDGE_CURVE('',#85,#24,#113,.T.);
#113 = SURFACE_CURVE('',#114,(#118,#125),.PCURVE_S1.);
#114 = LINE('',#115,#116);
#115 = CARTESIAN_POINT('',(-140.,89.5,0.));
#116 = VECTOR('',#117,1.);
#117 = DIRECTION('',(0.,0.,1.));
#118 = PCURVE('',#32,#119);
#119 = DEFINITIONAL_REPRESENTATION('',(#120),#124);
#120 = LINE('',#121,#122);
#121 = CARTESIAN_POINT('',(0.,-187.));
#122 = VECTOR('',#123,1.);
#123 = DIRECTION('',(1.,0.));
#124 = ( GEOMETRIC_REPRESENTATION_CONTEXT(2) 
PARAMETRIC_REPRESENTATION_CONTEXT() REPRESENTATION_CONTEXT('2D SPACE',''
  ) );
#125 = PCURVE('',#126,#131);
#126 = CYLINDRICAL_SURFACE('',#127,8.);
#127 = AXIS2_PLACEMENT_3D('',#128,#129,#130);
#128 = CARTESIAN_POINT('',(-132.,89.5,0.));
#129 = DIRECTION('',(0.,0.,1.));
#130 = DIRECTION('',(-1.,-0.,0.));
#131 = DEFINITIONAL_REPRESENTATION('',(#132),#136);
#132 = LINE('',#133,#134);
#133 = CARTESIAN_POINT('',(-0.,0.));
#134 = VECTOR('',#135,1.);
#135 = DIRECTION('',(-0.,1.));
#136 = ( GEOMETRIC_REPRESENTATION_CONTEXT(2) 
PARAMETRIC_REPRESENTATION_CONTEXT() REPRESENTATION_CONTEXT('2D SPACE',''
  ) );
#137 = ADVANCED_FACE('',(#138,#335,#370,#405,#517,#629,#741,#853,#965,
    #1000,#1112,#1147,#1259,#1371,#1483),#44,.T.);
#138 = FACE_BOUND('',#139,.T.);
#139 = EDGE_LOOP('',(#140,#141,#165,#191,#224,#252,#281,#309));
#140 = ORIENTED_EDGE('',*,*,#21,.F.);
#141 = ORIENTED_EDGE('',*,*,#142,.T.);
#142 = EDGE_CURVE('',#22,#143,#145,.T.);
#143 = VERTEX_POINT('',#144);
#144 = CARTESIAN_POINT('',(-138.9282032302,-93.5,4.));
#145 = SURFACE_CURVE('',#146,(#151,#158),.PCURVE_S1.);
#146 = CIRCLE('',#147,8.);
#147 = AXIS2_PLACEMENT_3D('',#148,#149,#150);
#148 = CARTESIAN_POINT('',(-132.,-89.5,4.));
#149 = DIRECTION('',(0.,0.,1.));
#150 = DIRECTION('',(0.,-1.,0.));
#151 = PCURVE('',#44,#152);
#152 = DEFINITIONAL_REPRESENTATION('',(#153),#157);
#153 = CIRCLE('',#154,8.);
#154 = AXIS2_PLACEMENT_2D('',#155,#156);
#155 = CARTESIAN_POINT('',(8.,8.));
#156 = DIRECTION('',(0.,-1.));
#157 = ( GEOMETRIC_REPRESENTATION_CONTEXT(2) 
PARAMETRIC_REPRESENTATION_CONTEXT() REPRESENTATION_CONTEXT('2D SPACE',''
  ) );
#158 = PCURVE('',#72,#159);
#159 = DEFINITIONAL_REPRESENTATION('',(#160),#164);
#160 = LINE('',#161,#162);
#161 = CARTESIAN_POINT('',(-4.712388980385,4.));
#162 = VECTOR('',#163,1.);
#163 = DIRECTION('',(1.,0.));
#164 = ( GEOMETRIC_REPRESENTATION_CONTEXT(2) 
PARAMETRIC_REPRESENTATION_CONTEXT() REPRESENTATION_CONTEXT('2D SPACE',''
  ) );
#165 = ORIENTED_EDGE('',*,*,#166,.F.);
#166 = EDGE_CURVE('',#167,#143,#169,.T.);
#167 = VERTEX_POINT('',#168);
#168 = CARTESIAN_POINT('',(138.92820323027,-93.5,4.));
#169 = SURFACE_CURVE('',#170,(#174,#180),.PCURVE_S1.);
#170 = LINE('',#171,#172);
#171 = CARTESIAN_POINT('',(-140.,-93.5,4.));
#172 = VECTOR('',#173,1.);
#173 = DIRECTION('',(-1.,0.,0.));
#174 = PCURVE('',#44,#175);
#175 = DEFINITIONAL_REPRESENTATION('',(#176),#179);
#176 = B_SPLINE_CURVE_WITH_KNOTS('',1,(#177,#178),.UNSPECIFIED.,.F.,.F.,
  (2,2),(-280.,0.),.PIECEWISE_BEZIER_KNOTS.);
#177 = CARTESIAN_POINT('',(280.,4.));
#178 = CARTESIAN_POINT('',(0.,4.));
#179 = ( GEOMETRIC_REPRESENTATION_CONTEXT(2) 
PARAMETRIC_REPRESENTATION_CONTEXT() REPRESENTATION_CONTEXT('2D SPACE',''
  ) );
#180 = PCURVE('',#181,#186);
#181 = PLANE('',#182);
#182 = AXIS2_PLACEMENT_3D('',#183,#184,#185);
#183 = CARTESIAN_POINT('',(-140.,-93.5,0.));
#184 = DIRECTION('',(0.,1.,0.));
#185 = DIRECTION('',(0.,0.,1.));
#186 = DEFINITIONAL_REPRESENTATION('',(#187),#190);
#187 = B_SPLINE_CURVE_WITH_KNOTS('',1,(#188,#189),.UNSPECIFIED.,.F.,.F.,
  (2,2),(-280.,0.),.PIECEWISE_BEZIER_KNOTS.);
#188 = CARTESIAN_POINT('',(4.,280.));
#189 = CARTESIAN_POINT('',(4.,0.));
#190 = ( GEOMETRIC_REPRESENTATION_CONTEXT(2) 
PARAMETRIC_REPRESENTATION_CONTEXT() REPRESENTATION_CONTEXT('2D SPACE',''
  ) );
#191 = ORIENTED_EDGE('',*,*,#192,.F.);
#192 = EDGE_CURVE('',#193,#167,#195,.T.);
#193 = VERTEX_POINT('',#194);
#194 = CARTESIAN_POINT('',(140.,-89.5,4.));
#195 = SURFACE_CURVE('',#196,(#201,#212),.PCURVE_S1.);
#196 = CIRCLE('',#197,8.);
#197 = AXIS2_PLACEMENT_3D('',#198,#199,#200);
#198 = CARTESIAN_POINT('',(132.,-89.5,4.));
#199 = DIRECTION('',(-0.,-0.,-1.));
#200 = DIRECTION('',(0.,-1.,0.));
#201 = PCURVE('',#44,#202);
#202 = DEFINITIONAL_REPRESENTATION('',(#203),#211);
#203 = ( BOUNDED_CURVE() B_SPLINE_CURVE(2,(#204,#205,#206,#207,#208,#209
,#210),.UNSPECIFIED.,.T.,.F.) B_SPLINE_CURVE_WITH_KNOTS((1,2,2,2,2,1),(
    -2.094395102393,0.,2.094395102393,4.188790204786,6.28318530718,
8.377580409573),.UNSPECIFIED.) CURVE() GEOMETRIC_REPRESENTATION_ITEM() 
RATIONAL_B_SPLINE_CURVE((1.,0.5,1.,0.5,1.,0.5,1.)) REPRESENTATION_ITEM(
  '') );
#204 = CARTESIAN_POINT('',(272.,0.));
#205 = CARTESIAN_POINT('',(258.14359353944,0.));
#206 = CARTESIAN_POINT('',(265.07179676972,12.));
#207 = CARTESIAN_POINT('',(272.,24.));
#208 = CARTESIAN_POINT('',(278.92820323027,12.));
#209 = CARTESIAN_POINT('',(285.85640646055,1.24344978758E-14));
#210 = CARTESIAN_POINT('',(272.,0.));
#211 = ( GEOMETRIC_REPRESENTATION_CONTEXT(2) 
PARAMETRIC_REPRESENTATION_CONTEXT() REPRESENTATION_CONTEXT('2D SPACE',''
  ) );
#212 = PCURVE('',#213,#218);
#213 = CYLINDRICAL_SURFACE('',#214,8.);
#214 = AXIS2_PLACEMENT_3D('',#215,#216,#217);
#215 = CARTESIAN_POINT('',(132.,-89.5,0.));
#216 = DIRECTION('',(0.,0.,1.));
#217 = DIRECTION('',(1.,0.,-0.));
#218 = DEFINITIONAL_REPRESENTATION('',(#219),#223);
#219 = LINE('',#220,#221);
#220 = CARTESIAN_POINT('',(4.712388980385,4.));
#221 = VECTOR('',#222,1.);
#222 = DIRECTION('',(-1.,0.));
#223 = ( GEOMETRIC_REPRESENTATION_CONTEXT(2) 
PARAMETRIC_REPRESENTATION_CONTEXT() REPRESENTATION_CONTEXT('2D SPACE',''
  ) );
#224 = ORIENTED_EDGE('',*,*,#225,.T.);
#225 = EDGE_CURVE('',#193,#226,#228,.T.);
#226 = VERTEX_POINT('',#227);
#227 = CARTESIAN_POINT('',(140.,89.5,4.));
#228 = SURFACE_CURVE('',#229,(#233,#240),.PCURVE_S1.);
#229 = LINE('',#230,#231);
#230 = CARTESIAN_POINT('',(140.,-97.5,4.));
#231 = VECTOR('',#232,1.);
#232 = DIRECTION('',(0.,1.,0.));
#233 = PCURVE('',#44,#234);
#234 = DEFINITIONAL_REPRESENTATION('',(#235),#239);
#235 = LINE('',#236,#237);
#236 = CARTESIAN_POINT('',(280.,0.));
#237 = VECTOR('',#238,1.);
#238 = DIRECTION('',(0.,1.));
#239 = ( GEOMETRIC_REPRESENTATION_CONTEXT(2) 
PARAMETRIC_REPRESENTATION_CONTEXT() REPRESENTATION_CONTEXT('2D SPACE',''
  ) );
#240 = PCURVE('',#241,#246);
#241 = PLANE('',#242);
#242 = AXIS2_PLACEMENT_3D('',#243,#244,#245);
#243 = CARTESIAN_POINT('',(140.,-97.5,0.));
#244 = DIRECTION('',(1.,0.,0.));
#245 = DIRECTION('',(0.,0.,1.));
#246 = DEFINITIONAL_REPRESENTATION('',(#247),#251);
#247 = LINE('',#248,#249);
#248 = CARTESIAN_POINT('',(4.,0.));
#249 = VECTOR('',#250,1.);
#250 = DIRECTION('',(0.,-1.));
#251 = ( GEOMETRIC_REPRESENTATION_CONTEXT(2) 
PARAMETRIC_REPRESENTATION_CONTEXT() REPRESENTATION_CONTEXT('2D SPACE',''
  ) );
#252 = ORIENTED_EDGE('',*,*,#253,.T.);
#253 = EDGE_CURVE('',#226,#254,#256,.T.);
#254 = VERTEX_POINT('',#255);
#255 = CARTESIAN_POINT('',(132.,97.5,4.));
#256 = SURFACE_CURVE('',#257,(#262,#269),.PCURVE_S1.);
#257 = CIRCLE('',#258,8.);
#258 = AXIS2_PLACEMENT_3D('',#259,#260,#261);
#259 = CARTESIAN_POINT('',(132.,89.5,4.));
#260 = DIRECTION('',(0.,0.,1.));
#261 = DIRECTION('',(0.,-1.,0.));
#262 = PCURVE('',#44,#263);
#263 = DEFINITIONAL_REPRESENTATION('',(#264),#268);
#264 = CIRCLE('',#265,8.);
#265 = AXIS2_PLACEMENT_2D('',#266,#267);
#266 = CARTESIAN_POINT('',(272.,187.));
#267 = DIRECTION('',(0.,-1.));
#268 = ( GEOMETRIC_REPRESENTATION_CONTEXT(2) 
PARAMETRIC_REPRESENTATION_CONTEXT() REPRESENTATION_CONTEXT('2D SPACE',''
  ) );
#269 = PCURVE('',#270,#275);
#270 = CYLINDRICAL_SURFACE('',#271,8.);
#271 = AXIS2_PLACEMENT_3D('',#272,#273,#274);
#272 = CARTESIAN_POINT('',(132.,89.5,0.));
#273 = DIRECTION('',(0.,0.,1.));
#274 = DIRECTION('',(1.,0.,-0.));
#275 = DEFINITIONAL_REPRESENTATION('',(#276),#280);
#276 = LINE('',#277,#278);
#277 = CARTESIAN_POINT('',(-1.570796326795,4.));
#278 = VECTOR('',#279,1.);
#279 = DIRECTION('',(1.,0.));
#280 = ( GEOMETRIC_REPRESENTATION_CONTEXT(2) 
PARAMETRIC_REPRESENTATION_CONTEXT() REPRESENTATION_CONTEXT('2D SPACE',''
  ) );
#281 = ORIENTED_EDGE('',*,*,#282,.F.);
#282 = EDGE_CURVE('',#283,#254,#285,.T.);
#283 = VERTEX_POINT('',#284);
#284 = CARTESIAN_POINT('',(-132.,97.5,4.));
#285 = SURFACE_CURVE('',#286,(#290,#297),.PCURVE_S1.);
#286 = LINE('',#287,#288);
#287 = CARTESIAN_POINT('',(-140.,97.5,4.));
#288 = VECTOR('',#289,1.);
#289 = DIRECTION('',(1.,0.,0.));
#290 = PCURVE('',#44,#291);
#291 = DEFINITIONAL_REPRESENTATION('',(#292),#296);
#292 = LINE('',#293,#294);
#293 = CARTESIAN_POINT('',(0.,195.));
#294 = VECTOR('',#295,1.);
#295 = DIRECTION('',(1.,0.));
#296 = ( GEOMETRIC_REPRESENTATION_CONTEXT(2) 
PARAMETRIC_REPRESENTATION_CONTEXT() REPRESENTATION_CONTEXT('2D SPACE',''
  ) );
#297 = PCURVE('',#298,#303);
#298 = PLANE('',#299);
#299 = AXIS2_PLACEMENT_3D('',#300,#301,#302);
#300 = CARTESIAN_POINT('',(-140.,97.5,0.));
#301 = DIRECTION('',(0.,1.,0.));
#302 = DIRECTION('',(0.,0.,1.));
#303 = DEFINITIONAL_REPRESENTATION('',(#304),#308);
#304 = LINE('',#305,#306);
#305 = CARTESIAN_POINT('',(4.,0.));
#306 = VECTOR('',#307,1.);
#307 = DIRECTION('',(0.,1.));
#308 = ( GEOMETRIC_REPRESENTATION_CONTEXT(2) 
PARAMETRIC_REPRESENTATION_CONTEXT() REPRESENTATION_CONTEXT('2D SPACE',''
  ) );
#309 = ORIENTED_EDGE('',*,*,#310,.F.);
#310 = EDGE_CURVE('',#24,#283,#311,.T.);
#311 = SURFACE_CURVE('',#312,(#317,#328),.PCURVE_S1.);
#312 = CIRCLE('',#313,8.);
#313 = AXIS2_PLACEMENT_3D('',#314,#315,#316);
#314 = CARTESIAN_POINT('',(-132.,89.5,4.));
#315 = DIRECTION('',(-0.,-0.,-1.));
#316 = DIRECTION('',(0.,-1.,0.));
#317 = PCURVE('',#44,#318);
#318 = DEFINITIONAL_REPRESENTATION('',(#319),#327);
#319 = ( BOUNDED_CURVE() B_SPLINE_CURVE(2,(#320,#321,#322,#323,#324,#325
,#326),.UNSPECIFIED.,.T.,.F.) B_SPLINE_CURVE_WITH_KNOTS((1,2,2,2,2,1),(
    -2.094395102393,0.,2.094395102393,4.188790204786,6.28318530718,
8.377580409573),.UNSPECIFIED.) CURVE() GEOMETRIC_REPRESENTATION_ITEM() 
RATIONAL_B_SPLINE_CURVE((1.,0.5,1.,0.5,1.,0.5,1.)) REPRESENTATION_ITEM(
  '') );
#320 = CARTESIAN_POINT('',(8.,179.));
#321 = CARTESIAN_POINT('',(-5.856406460551,179.));
#322 = CARTESIAN_POINT('',(1.071796769724,191.));
#323 = CARTESIAN_POINT('',(8.,203.));
#324 = CARTESIAN_POINT('',(14.928203230276,191.));
#325 = CARTESIAN_POINT('',(21.856406460551,179.));
#326 = CARTESIAN_POINT('',(8.,179.));
#327 = ( GEOMETRIC_REPRESENTATION_CONTEXT(2) 
PARAMETRIC_REPRESENTATION_CONTEXT() REPRESENTATION_CONTEXT('2D SPACE',''
  ) );
#328 = PCURVE('',#126,#329);
#329 = DEFINITIONAL_REPRESENTATION('',(#330),#334);
#330 = LINE('',#331,#332);
#331 = CARTESIAN_POINT('',(1.570796326795,4.));
#332 = VECTOR('',#333,1.);
#333 = DIRECTION('',(-1.,0.));
#334 = ( GEOMETRIC_REPRESENTATION_CONTEXT(2) 
PARAMETRIC_REPRESENTATION_CONTEXT() REPRESENTATION_CONTEXT('2D SPACE',''
  ) );
#335 = FACE_BOUND('',#336,.T.);
#336 = EDGE_LOOP('',(#337));
#337 = ORIENTED_EDGE('',*,*,#338,.T.);
#338 = EDGE_CURVE('',#339,#339,#341,.T.);
#339 = VERTEX_POINT('',#340);
#340 = CARTESIAN_POINT('',(-18.4,-20.,4.));
#341 = SURFACE_CURVE('',#342,(#347,#358),.PCURVE_S1.);
#342 = CIRCLE('',#343,1.6);
#343 = AXIS2_PLACEMENT_3D('',#344,#345,#346);
#344 = CARTESIAN_POINT('',(-20.,-20.,4.));
#345 = DIRECTION('',(0.,0.,-1.));
#346 = DIRECTION('',(1.,0.,0.));
#347 = PCURVE('',#44,#348);
#348 = DEFINITIONAL_REPRESENTATION('',(#349),#357);
#349 = ( BOUNDED_CURVE() B_SPLINE_CURVE(2,(#350,#351,#352,#353,#354,#355
,#356),.UNSPECIFIED.,.T.,.F.) B_SPLINE_CURVE_WITH_KNOTS((1,2,2,2,2,1),(
    -2.094395102393,0.,2.094395102393,4.188790204786,6.28318530718,
8.377580409573),.UNSPECIFIED.) CURVE() GEOMETRIC_REPRESENTATION_ITEM() 
RATIONAL_B_SPLINE_CURVE((1.,0.5,1.,0.5,1.,0.5,1.)) REPRESENTATION_ITEM(
  '') );
#350 = CARTESIAN_POINT('',(121.6,77.5));
#351 = CARTESIAN_POINT('',(121.6,74.72871870789));
#352 = CARTESIAN_POINT('',(119.2,76.114359353945));
#353 = CARTESIAN_POINT('',(116.8,77.5));
#354 = CARTESIAN_POINT('',(119.2,78.885640646055));
#355 = CARTESIAN_POINT('',(121.6,80.27128129211));
#356 = CARTESIAN_POINT('',(121.6,77.5));
#357 = ( GEOMETRIC_REPRESENTATION_CONTEXT(2) 
PARAMETRIC_REPRESENTATION_CONTEXT() REPRESENTATION_CONTEXT('2D SPACE',''
  ) );
#358 = PCURVE('',#359,#364);
#359 = CYLINDRICAL_SURFACE('',#360,1.6);
#360 = AXIS2_PLACEMENT_3D('',#361,#362,#363);
#361 = CARTESIAN_POINT('',(-20.,-20.,-261.0000003));
#362 = DIRECTION('',(-0.,-0.,-1.));
#363 = DIRECTION('',(1.,0.,0.));
#364 = DEFINITIONAL_REPRESENTATION('',(#365),#369);
#365 = LINE('',#366,#367);
#366 = CARTESIAN_POINT('',(-6.28318530718,-265.0000003));
#367 = VECTOR('',#368,1.);
#368 = DIRECTION('',(1.,-0.));
#369 = ( GEOMETRIC_REPRESENTATION_CONTEXT(2) 
PARAMETRIC_REPRESENTATION_CONTEXT() REPRESENTATION_CONTEXT('2D SPACE',''
  ) );
#370 = FACE_BOUND('',#371,.T.);
#371 = EDGE_LOOP('',(#372));
#372 = ORIENTED_EDGE('',*,*,#373,.T.);
#373 = EDGE_CURVE('',#374,#374,#376,.T.);
#374 = VERTEX_POINT('',#375);
#375 = CARTESIAN_POINT('',(21.6,-20.,4.));
#376 = SURFACE_CURVE('',#377,(#382,#393),.PCURVE_S1.);
#377 = CIRCLE('',#378,1.6);
#378 = AXIS2_PLACEMENT_3D('',#379,#380,#381);
#379 = CARTESIAN_POINT('',(20.,-20.,4.));
#380 = DIRECTION('',(0.,0.,-1.));
#381 = DIRECTION('',(1.,0.,0.));
#382 = PCURVE('',#44,#383);
#383 = DEFINITIONAL_REPRESENTATION('',(#384),#392);
#384 = ( BOUNDED_CURVE() B_SPLINE_CURVE(2,(#385,#386,#387,#388,#389,#390
,#391),.UNSPECIFIED.,.T.,.F.) B_SPLINE_CURVE_WITH_KNOTS((1,2,2,2,2,1),(
    -2.094395102393,0.,2.094395102393,4.188790204786,6.28318530718,
8.377580409573),.UNSPECIFIED.) CURVE() GEOMETRIC_REPRESENTATION_ITEM() 
RATIONAL_B_SPLINE_CURVE((1.,0.5,1.,0.5,1.,0.5,1.)) REPRESENTATION_ITEM(
  '') );
#385 = CARTESIAN_POINT('',(161.6,77.5));
#386 = CARTESIAN_POINT('',(161.6,74.72871870789));
#387 = CARTESIAN_POINT('',(159.2,76.114359353945));
#388 = CARTESIAN_POINT('',(156.8,77.5));
#389 = CARTESIAN_POINT('',(159.2,78.885640646055));
#390 = CARTESIAN_POINT('',(161.6,80.27128129211));
#391 = CARTESIAN_POINT('',(161.6,77.5));
#392 = ( GEOMETRIC_REPRESENTATION_CONTEXT(2) 
PARAMETRIC_REPRESENTATION_CONTEXT() REPRESENTATION_CONTEXT('2D SPACE',''
  ) );
#393 = PCURVE('',#394,#399);
#394 = CYLINDRICAL_SURFACE('',#395,1.6);
#395 = AXIS2_PLACEMENT_3D('',#396,#397,#398);
#396 = CARTESIAN_POINT('',(20.,-20.,-261.0000003));
#397 = DIRECTION('',(-0.,-0.,-1.));
#398 = DIRECTION('',(1.,0.,0.));
#399 = DEFINITIONAL_REPRESENTATION('',(#400),#404);
#400 = LINE('',#401,#402);
#401 = CARTESIAN_POINT('',(-6.28318530718,-265.0000003));
#402 = VECTOR('',#403,1.);
#403 = DIRECTION('',(1.,-0.));
#404 = ( GEOMETRIC_REPRESENTATION_CONTEXT(2) 
PARAMETRIC_REPRESENTATION_CONTEXT() REPRESENTATION_CONTEXT('2D SPACE',''
  ) );
#405 = FACE_BOUND('',#406,.T.);
#406 = EDGE_LOOP('',(#407,#438,#464,#493));
#407 = ORIENTED_EDGE('',*,*,#408,.F.);
#408 = EDGE_CURVE('',#409,#411,#413,.T.);
#409 = VERTEX_POINT('',#410);
#410 = CARTESIAN_POINT('',(-119.,-63.5,4.));
#411 = VERTEX_POINT('',#412);
#412 = CARTESIAN_POINT('',(-111.,-63.5,4.));
#413 = SURFACE_CURVE('',#414,(#419,#426),.PCURVE_S1.);
#414 = CIRCLE('',#415,4.);
#415 = AXIS2_PLACEMENT_3D('',#416,#417,#418);
#416 = CARTESIAN_POINT('',(-115.,-63.5,4.));
#417 = DIRECTION('',(0.,-0.,1.));
#418 = DIRECTION('',(1.,-1.110223024625E-16,-0.));
#419 = PCURVE('',#44,#420);
#420 = DEFINITIONAL_REPRESENTATION('',(#421),#425);
#421 = CIRCLE('',#422,4.);
#422 = AXIS2_PLACEMENT_2D('',#423,#424);
#423 = CARTESIAN_POINT('',(25.,34.));
#424 = DIRECTION('',(1.,-1.110223024625E-16));
#425 = ( GEOMETRIC_REPRESENTATION_CONTEXT(2) 
PARAMETRIC_REPRESENTATION_CONTEXT() REPRESENTATION_CONTEXT('2D SPACE',''
  ) );
#426 = PCURVE('',#427,#432);
#427 = CYLINDRICAL_SURFACE('',#428,4.);
#428 = AXIS2_PLACEMENT_3D('',#429,#430,#431);
#429 = CARTESIAN_POINT('',(-115.,-63.5,299.0000003));
#430 = DIRECTION('',(0.,-0.,1.));
#431 = DIRECTION('',(1.,-1.110223024625E-16,-0.));
#432 = DEFINITIONAL_REPRESENTATION('',(#433),#437);
#433 = LINE('',#434,#435);
#434 = CARTESIAN_POINT('',(-6.28318530718,-295.0000003));
#435 = VECTOR('',#436,1.);
#436 = DIRECTION('',(1.,-0.));
#437 = ( GEOMETRIC_REPRESENTATION_CONTEXT(2) 
PARAMETRIC_REPRESENTATION_CONTEXT() REPRESENTATION_CONTEXT('2D SPACE',''
  ) );
#438 = ORIENTED_EDGE('',*,*,#439,.T.);
#439 = EDGE_CURVE('',#409,#440,#442,.T.);
#440 = VERTEX_POINT('',#441);
#441 = CARTESIAN_POINT('',(-119.,63.5,4.));
#442 = SURFACE_CURVE('',#443,(#447,#453),.PCURVE_S1.);
#443 = LINE('',#444,#445);
#444 = CARTESIAN_POINT('',(-119.,-80.5,4.));
#445 = VECTOR('',#446,1.);
#446 = DIRECTION('',(1.110223024625E-16,1.,-0.));
#447 = PCURVE('',#44,#448);
#448 = DEFINITIONAL_REPRESENTATION('',(#449),#452);
#449 = B_SPLINE_CURVE_WITH_KNOTS('',1,(#450,#451),.UNSPECIFIED.,.F.,.F.,
  (2,2),(17.,144.),.PIECEWISE_BEZIER_KNOTS.);
#450 = CARTESIAN_POINT('',(21.,34.));
#451 = CARTESIAN_POINT('',(21.,161.));
#452 = ( GEOMETRIC_REPRESENTATION_CONTEXT(2) 
PARAMETRIC_REPRESENTATION_CONTEXT() REPRESENTATION_CONTEXT('2D SPACE',''
  ) );
#453 = PCURVE('',#454,#459);
#454 = PLANE('',#455);
#455 = AXIS2_PLACEMENT_3D('',#456,#457,#458);
#456 = CARTESIAN_POINT('',(-119.,-63.5,299.0000003));
#457 = DIRECTION('',(1.,-1.110223024625E-16,-0.));
#458 = DIRECTION('',(1.110223024625E-16,1.,0.));
#459 = DEFINITIONAL_REPRESENTATION('',(#460),#463);
#460 = B_SPLINE_CURVE_WITH_KNOTS('',1,(#461,#462),.UNSPECIFIED.,.F.,.F.,
  (2,2),(17.,144.),.PIECEWISE_BEZIER_KNOTS.);
#461 = CARTESIAN_POINT('',(0.,-295.0000003));
#462 = CARTESIAN_POINT('',(127.,-295.0000003));
#463 = ( GEOMETRIC_REPRESENTATION_CONTEXT(2) 
PARAMETRIC_REPRESENTATION_CONTEXT() REPRESENTATION_CONTEXT('2D SPACE',''
  ) );
#464 = ORIENTED_EDGE('',*,*,#465,.F.);
#465 = EDGE_CURVE('',#466,#440,#468,.T.);
#466 = VERTEX_POINT('',#467);
#467 = CARTESIAN_POINT('',(-111.,63.5,4.));
#468 = SURFACE_CURVE('',#469,(#474,#481),.PCURVE_S1.);
#469 = CIRCLE('',#470,4.);
#470 = AXIS2_PLACEMENT_3D('',#471,#472,#473);
#471 = CARTESIAN_POINT('',(-115.,63.5,4.));
#472 = DIRECTION('',(0.,0.,1.));
#473 = DIRECTION('',(-1.,1.110223024625E-16,0.));
#474 = PCURVE('',#44,#475);
#475 = DEFINITIONAL_REPRESENTATION('',(#476),#480);
#476 = CIRCLE('',#477,4.);
#477 = AXIS2_PLACEMENT_2D('',#478,#479);
#478 = CARTESIAN_POINT('',(25.,161.));
#479 = DIRECTION('',(-1.,1.110223024625E-16));
#480 = ( GEOMETRIC_REPRESENTATION_CONTEXT(2) 
PARAMETRIC_REPRESENTATION_CONTEXT() REPRESENTATION_CONTEXT('2D SPACE',''
  ) );
#481 = PCURVE('',#482,#487);
#482 = CYLINDRICAL_SURFACE('',#483,4.);
#483 = AXIS2_PLACEMENT_3D('',#484,#485,#486);
#484 = CARTESIAN_POINT('',(-115.,63.5,299.0000003));
#485 = DIRECTION('',(0.,0.,1.));
#486 = DIRECTION('',(-1.,1.110223024625E-16,0.));
#487 = DEFINITIONAL_REPRESENTATION('',(#488),#492);
#488 = LINE('',#489,#490);
#489 = CARTESIAN_POINT('',(-6.28318530718,-295.0000003));
#490 = VECTOR('',#491,1.);
#491 = DIRECTION('',(1.,-0.));
#492 = ( GEOMETRIC_REPRESENTATION_CONTEXT(2) 
PARAMETRIC_REPRESENTATION_CONTEXT() REPRESENTATION_CONTEXT('2D SPACE',''
  ) );
#493 = ORIENTED_EDGE('',*,*,#494,.T.);
#494 = EDGE_CURVE('',#466,#411,#495,.T.);
#495 = SURFACE_CURVE('',#496,(#500,#506),.PCURVE_S1.);
#496 = LINE('',#497,#498);
#497 = CARTESIAN_POINT('',(-111.,-17.,4.));
#498 = VECTOR('',#499,1.);
#499 = DIRECTION('',(-1.110223024625E-16,-1.,0.));
#500 = PCURVE('',#44,#501);
#501 = DEFINITIONAL_REPRESENTATION('',(#502),#505);
#502 = B_SPLINE_CURVE_WITH_KNOTS('',1,(#503,#504),.UNSPECIFIED.,.F.,.F.,
  (2,2),(-80.5,46.5),.PIECEWISE_BEZIER_KNOTS.);
#503 = CARTESIAN_POINT('',(29.,161.));
#504 = CARTESIAN_POINT('',(29.,34.));
#505 = ( GEOMETRIC_REPRESENTATION_CONTEXT(2) 
PARAMETRIC_REPRESENTATION_CONTEXT() REPRESENTATION_CONTEXT('2D SPACE',''
  ) );
#506 = PCURVE('',#507,#512);
#507 = PLANE('',#508);
#508 = AXIS2_PLACEMENT_3D('',#509,#510,#511);
#509 = CARTESIAN_POINT('',(-111.,63.5,299.0000003));
#510 = DIRECTION('',(-1.,1.110223024625E-16,0.));
#511 = DIRECTION('',(-1.110223024625E-16,-1.,0.));
#512 = DEFINITIONAL_REPRESENTATION('',(#513),#516);
#513 = B_SPLINE_CURVE_WITH_KNOTS('',1,(#514,#515),.UNSPECIFIED.,.F.,.F.,
  (2,2),(-80.5,46.5),.PIECEWISE_BEZIER_KNOTS.);
#514 = CARTESIAN_POINT('',(0.,-295.0000003));
#515 = CARTESIAN_POINT('',(127.,-295.0000003));
#516 = ( GEOMETRIC_REPRESENTATION_CONTEXT(2) 
PARAMETRIC_REPRESENTATION_CONTEXT() REPRESENTATION_CONTEXT('2D SPACE',''
  ) );
#517 = FACE_BOUND('',#518,.T.);
#518 = EDGE_LOOP('',(#519,#550,#576,#605));
#519 = ORIENTED_EDGE('',*,*,#520,.F.);
#520 = EDGE_CURVE('',#521,#523,#525,.T.);
#521 = VERTEX_POINT('',#522);
#522 = CARTESIAN_POINT('',(-103.,-63.5,4.));
#523 = VERTEX_POINT('',#524);
#524 = CARTESIAN_POINT('',(-95.,-63.5,4.));
#525 = SURFACE_CURVE('',#526,(#531,#538),.PCURVE_S1.);
#526 = CIRCLE('',#527,4.);
#527 = AXIS2_PLACEMENT_3D('',#528,#529,#530);
#528 = CARTESIAN_POINT('',(-99.,-63.5,4.));
#529 = DIRECTION('',(0.,-0.,1.));
#530 = DIRECTION('',(1.,-1.110223024625E-16,-0.));
#531 = PCURVE('',#44,#532);
#532 = DEFINITIONAL_REPRESENTATION('',(#533),#537);
#533 = CIRCLE('',#534,4.);
#534 = AXIS2_PLACEMENT_2D('',#535,#536);
#535 = CARTESIAN_POINT('',(41.,34.));
#536 = DIRECTION('',(1.,-1.110223024625E-16));
#537 = ( GEOMETRIC_REPRESENTATION_CONTEXT(2) 
PARAMETRIC_REPRESENTATION_CONTEXT() REPRESENTATION_CONTEXT('2D SPACE',''
  ) );
#538 = PCURVE('',#539,#544);
#539 = CYLINDRICAL_SURFACE('',#540,4.);
#540 = AXIS2_PLACEMENT_3D('',#541,#542,#543);
#541 = CARTESIAN_POINT('',(-99.,-63.5,299.0000003));
#542 = DIRECTION('',(0.,-0.,1.));
#543 = DIRECTION('',(1.,-1.110223024625E-16,-0.));
#544 = DEFINITIONAL_REPRESENTATION('',(#545),#549);
#545 = LINE('',#546,#547);
#546 = CARTESIAN_POINT('',(-6.28318530718,-295.0000003));
#547 = VECTOR('',#548,1.);
#548 = DIRECTION('',(1.,-0.));
#549 = ( GEOMETRIC_REPRESENTATION_CONTEXT(2) 
PARAMETRIC_REPRESENTATION_CONTEXT() REPRESENTATION_CONTEXT('2D SPACE',''
  ) );
#550 = ORIENTED_EDGE('',*,*,#551,.T.);
#551 = EDGE_CURVE('',#521,#552,#554,.T.);
#552 = VERTEX_POINT('',#553);
#553 = CARTESIAN_POINT('',(-103.,63.5,4.));
#554 = SURFACE_CURVE('',#555,(#559,#565),.PCURVE_S1.);
#555 = LINE('',#556,#557);
#556 = CARTESIAN_POINT('',(-103.,-80.5,4.));
#557 = VECTOR('',#558,1.);
#558 = DIRECTION('',(1.110223024625E-16,1.,-0.));
#559 = PCURVE('',#44,#560);
#560 = DEFINITIONAL_REPRESENTATION('',(#561),#564);
#561 = B_SPLINE_CURVE_WITH_KNOTS('',1,(#562,#563),.UNSPECIFIED.,.F.,.F.,
  (2,2),(17.,144.),.PIECEWISE_BEZIER_KNOTS.);
#562 = CARTESIAN_POINT('',(37.,34.));
#563 = CARTESIAN_POINT('',(37.,161.));
#564 = ( GEOMETRIC_REPRESENTATION_CONTEXT(2) 
PARAMETRIC_REPRESENTATION_CONTEXT() REPRESENTATION_CONTEXT('2D SPACE',''
  ) );
#565 = PCURVE('',#566,#571);
#566 = PLANE('',#567);
#567 = AXIS2_PLACEMENT_3D('',#568,#569,#570);
#568 = CARTESIAN_POINT('',(-103.,-63.5,299.0000003));
#569 = DIRECTION('',(1.,-1.110223024625E-16,-0.));
#570 = DIRECTION('',(1.110223024625E-16,1.,0.));
#571 = DEFINITIONAL_REPRESENTATION('',(#572),#575);
#572 = B_SPLINE_CURVE_WITH_KNOTS('',1,(#573,#574),.UNSPECIFIED.,.F.,.F.,
  (2,2),(17.,144.),.PIECEWISE_BEZIER_KNOTS.);
#573 = CARTESIAN_POINT('',(0.,-295.0000003));
#574 = CARTESIAN_POINT('',(127.,-295.0000003));
#575 = ( GEOMETRIC_REPRESENTATION_CONTEXT(2) 
PARAMETRIC_REPRESENTATION_CONTEXT() REPRESENTATION_CONTEXT('2D SPACE',''
  ) );
#576 = ORIENTED_EDGE('',*,*,#577,.F.);
#577 = EDGE_CURVE('',#578,#552,#580,.T.);
#578 = VERTEX_POINT('',#579);
#579 = CARTESIAN_POINT('',(-95.,63.5,4.));
#580 = SURFACE_CURVE('',#581,(#586,#593),.PCURVE_S1.);
#581 = CIRCLE('',#582,4.);
#582 = AXIS2_PLACEMENT_3D('',#583,#584,#585);
#583 = CARTESIAN_POINT('',(-99.,63.5,4.));
#584 = DIRECTION('',(0.,0.,1.));
#585 = DIRECTION('',(-1.,1.110223024625E-16,0.));
#586 = PCURVE('',#44,#587);
#587 = DEFINITIONAL_REPRESENTATION('',(#588),#592);
#588 = CIRCLE('',#589,4.);
#589 = AXIS2_PLACEMENT_2D('',#590,#591);
#590 = CARTESIAN_POINT('',(41.,161.));
#591 = DIRECTION('',(-1.,1.110223024625E-16));
#592 = ( GEOMETRIC_REPRESENTATION_CONTEXT(2) 
PARAMETRIC_REPRESENTATION_CONTEXT() REPRESENTATION_CONTEXT('2D SPACE',''
  ) );
#593 = PCURVE('',#594,#599);
#594 = CYLINDRICAL_SURFACE('',#595,4.);
#595 = AXIS2_PLACEMENT_3D('',#596,#597,#598);
#596 = CARTESIAN_POINT('',(-99.,63.5,299.0000003));
#597 = DIRECTION('',(0.,0.,1.));
#598 = DIRECTION('',(-1.,1.110223024625E-16,0.));
#599 = DEFINITIONAL_REPRESENTATION('',(#600),#604);
#600 = LINE('',#601,#602);
#601 = CARTESIAN_POINT('',(-6.28318530718,-295.0000003));
#602 = VECTOR('',#603,1.);
#603 = DIRECTION('',(1.,-0.));
#604 = ( GEOMETRIC_REPRESENTATION_CONTEXT(2) 
PARAMETRIC_REPRESENTATION_CONTEXT() REPRESENTATION_CONTEXT('2D SPACE',''
  ) );
#605 = ORIENTED_EDGE('',*,*,#606,.T.);
#606 = EDGE_CURVE('',#578,#523,#607,.T.);
#607 = SURFACE_CURVE('',#608,(#612,#618),.PCURVE_S1.);
#608 = LINE('',#609,#610);
#609 = CARTESIAN_POINT('',(-95.,-17.,4.));
#610 = VECTOR('',#611,1.);
#611 = DIRECTION('',(-1.110223024625E-16,-1.,0.));
#612 = PCURVE('',#44,#613);
#613 = DEFINITIONAL_REPRESENTATION('',(#614),#617);
#614 = B_SPLINE_CURVE_WITH_KNOTS('',1,(#615,#616),.UNSPECIFIED.,.F.,.F.,
  (2,2),(-80.5,46.5),.PIECEWISE_BEZIER_KNOTS.);
#615 = CARTESIAN_POINT('',(45.,161.));
#616 = CARTESIAN_POINT('',(45.,34.));
#617 = ( GEOMETRIC_REPRESENTATION_CONTEXT(2) 
PARAMETRIC_REPRESENTATION_CONTEXT() REPRESENTATION_CONTEXT('2D SPACE',''
  ) );
#618 = PCURVE('',#619,#624);
#619 = PLANE('',#620);
#620 = AXIS2_PLACEMENT_3D('',#621,#622,#623);
#621 = CARTESIAN_POINT('',(-95.,63.5,299.0000003));
#622 = DIRECTION('',(-1.,1.110223024625E-16,0.));
#623 = DIRECTION('',(-1.110223024625E-16,-1.,0.));
#624 = DEFINITIONAL_REPRESENTATION('',(#625),#628);
#625 = B_SPLINE_CURVE_WITH_KNOTS('',1,(#626,#627),.UNSPECIFIED.,.F.,.F.,
  (2,2),(-80.5,46.5),.PIECEWISE_BEZIER_KNOTS.);
#626 = CARTESIAN_POINT('',(0.,-295.0000003));
#627 = CARTESIAN_POINT('',(127.,-295.0000003));
#628 = ( GEOMETRIC_REPRESENTATION_CONTEXT(2) 
PARAMETRIC_REPRESENTATION_CONTEXT() REPRESENTATION_CONTEXT('2D SPACE',''
  ) );
#629 = FACE_BOUND('',#630,.T.);
#630 = EDGE_LOOP('',(#631,#662,#688,#717));
#631 = ORIENTED_EDGE('',*,*,#632,.F.);
#632 = EDGE_CURVE('',#633,#635,#637,.T.);
#633 = VERTEX_POINT('',#634);
#634 = CARTESIAN_POINT('',(-87.,-63.5,4.));
#635 = VERTEX_POINT('',#636);
#636 = CARTESIAN_POINT('',(-79.,-63.5,4.));
#637 = SURFACE_CURVE('',#638,(#643,#650),.PCURVE_S1.);
#638 = CIRCLE('',#639,4.);
#639 = AXIS2_PLACEMENT_3D('',#640,#641,#642);
#640 = CARTESIAN_POINT('',(-83.,-63.5,4.));
#641 = DIRECTION('',(0.,-0.,1.));
#642 = DIRECTION('',(1.,-1.110223024625E-16,-0.));
#643 = PCURVE('',#44,#644);
#644 = DEFINITIONAL_REPRESENTATION('',(#645),#649);
#645 = CIRCLE('',#646,4.);
#646 = AXIS2_PLACEMENT_2D('',#647,#648);
#647 = CARTESIAN_POINT('',(57.,34.));
#648 = DIRECTION('',(1.,-1.110223024625E-16));
#649 = ( GEOMETRIC_REPRESENTATION_CONTEXT(2) 
PARAMETRIC_REPRESENTATION_CONTEXT() REPRESENTATION_CONTEXT('2D SPACE',''
  ) );
#650 = PCURVE('',#651,#656);
#651 = CYLINDRICAL_SURFACE('',#652,4.);
#652 = AXIS2_PLACEMENT_3D('',#653,#654,#655);
#653 = CARTESIAN_POINT('',(-83.,-63.5,299.0000003));
#654 = DIRECTION('',(0.,-0.,1.));
#655 = DIRECTION('',(1.,-1.110223024625E-16,-0.));
#656 = DEFINITIONAL_REPRESENTATION('',(#657),#661);
#657 = LINE('',#658,#659);
#658 = CARTESIAN_POINT('',(-6.28318530718,-295.0000003));
#659 = VECTOR('',#660,1.);
#660 = DIRECTION('',(1.,-0.));
#661 = ( GEOMETRIC_REPRESENTATION_CONTEXT(2) 
PARAMETRIC_REPRESENTATION_CONTEXT() REPRESENTATION_CONTEXT('2D SPACE',''
  ) );
#662 = ORIENTED_EDGE('',*,*,#663,.T.);
#663 = EDGE_CURVE('',#633,#664,#666,.T.);
#664 = VERTEX_POINT('',#665);
#665 = CARTESIAN_POINT('',(-87.,63.5,4.));
#666 = SURFACE_CURVE('',#667,(#671,#677),.PCURVE_S1.);
#667 = LINE('',#668,#669);
#668 = CARTESIAN_POINT('',(-87.,-80.5,4.));
#669 = VECTOR('',#670,1.);
#670 = DIRECTION('',(1.110223024625E-16,1.,-0.));
#671 = PCURVE('',#44,#672);
#672 = DEFINITIONAL_REPRESENTATION('',(#673),#676);
#673 = B_SPLINE_CURVE_WITH_KNOTS('',1,(#674,#675),.UNSPECIFIED.,.F.,.F.,
  (2,2),(17.,144.),.PIECEWISE_BEZIER_KNOTS.);
#674 = CARTESIAN_POINT('',(53.,34.));
#675 = CARTESIAN_POINT('',(53.,161.));
#676 = ( GEOMETRIC_REPRESENTATION_CONTEXT(2) 
PARAMETRIC_REPRESENTATION_CONTEXT() REPRESENTATION_CONTEXT('2D SPACE',''
  ) );
#677 = PCURVE('',#678,#683);
#678 = PLANE('',#679);
#679 = AXIS2_PLACEMENT_3D('',#680,#681,#682);
#680 = CARTESIAN_POINT('',(-87.,-63.5,299.0000003));
#681 = DIRECTION('',(1.,-1.110223024625E-16,-0.));
#682 = DIRECTION('',(1.110223024625E-16,1.,0.));
#683 = DEFINITIONAL_REPRESENTATION('',(#684),#687);
#684 = B_SPLINE_CURVE_WITH_KNOTS('',1,(#685,#686),.UNSPECIFIED.,.F.,.F.,
  (2,2),(17.,144.),.PIECEWISE_BEZIER_KNOTS.);
#685 = CARTESIAN_POINT('',(0.,-295.0000003));
#686 = CARTESIAN_POINT('',(127.,-295.0000003));
#687 = ( GEOMETRIC_REPRESENTATION_CONTEXT(2) 
PARAMETRIC_REPRESENTATION_CONTEXT() REPRESENTATION_CONTEXT('2D SPACE',''
  ) );
#688 = ORIENTED_EDGE('',*,*,#689,.F.);
#689 = EDGE_CURVE('',#690,#664,#692,.T.);
#690 = VERTEX_POINT('',#691);
#691 = CARTESIAN_POINT('',(-79.,63.5,4.));
#692 = SURFACE_CURVE('',#693,(#698,#705),.PCURVE_S1.);
#693 = CIRCLE('',#694,4.);
#694 = AXIS2_PLACEMENT_3D('',#695,#696,#697);
#695 = CARTESIAN_POINT('',(-83.,63.5,4.));
#696 = DIRECTION('',(0.,0.,1.));
#697 = DIRECTION('',(-1.,1.110223024625E-16,0.));
#698 = PCURVE('',#44,#699);
#699 = DEFINITIONAL_REPRESENTATION('',(#700),#704);
#700 = CIRCLE('',#701,4.);
#701 = AXIS2_PLACEMENT_2D('',#702,#703);
#702 = CARTESIAN_POINT('',(57.,161.));
#703 = DIRECTION('',(-1.,1.110223024625E-16));
#704 = ( GEOMETRIC_REPRESENTATION_CONTEXT(2) 
PARAMETRIC_REPRESENTATION_CONTEXT() REPRESENTATION_CONTEXT('2D SPACE',''
  ) );
#705 = PCURVE('',#706,#711);
#706 = CYLINDRICAL_SURFACE('',#707,4.);
#707 = AXIS2_PLACEMENT_3D('',#708,#709,#710);
#708 = CARTESIAN_POINT('',(-83.,63.5,299.0000003));
#709 = DIRECTION('',(0.,0.,1.));
#710 = DIRECTION('',(-1.,1.110223024625E-16,0.));
#711 = DEFINITIONAL_REPRESENTATION('',(#712),#716);
#712 = LINE('',#713,#714);
#713 = CARTESIAN_POINT('',(-6.28318530718,-295.0000003));
#714 = VECTOR('',#715,1.);
#715 = DIRECTION('',(1.,-0.));
#716 = ( GEOMETRIC_REPRESENTATION_CONTEXT(2) 
PARAMETRIC_REPRESENTATION_CONTEXT() REPRESENTATION_CONTEXT('2D SPACE',''
  ) );
#717 = ORIENTED_EDGE('',*,*,#718,.T.);
#718 = EDGE_CURVE('',#690,#635,#719,.T.);
#719 = SURFACE_CURVE('',#720,(#724,#730),.PCURVE_S1.);
#720 = LINE('',#721,#722);
#721 = CARTESIAN_POINT('',(-79.,-17.,4.));
#722 = VECTOR('',#723,1.);
#723 = DIRECTION('',(-1.110223024625E-16,-1.,0.));
#724 = PCURVE('',#44,#725);
#725 = DEFINITIONAL_REPRESENTATION('',(#726),#729);
#726 = B_SPLINE_CURVE_WITH_KNOTS('',1,(#727,#728),.UNSPECIFIED.,.F.,.F.,
  (2,2),(-80.5,46.5),.PIECEWISE_BEZIER_KNOTS.);
#727 = CARTESIAN_POINT('',(61.,161.));
#728 = CARTESIAN_POINT('',(61.,34.));
#729 = ( GEOMETRIC_REPRESENTATION_CONTEXT(2) 
PARAMETRIC_REPRESENTATION_CONTEXT() REPRESENTATION_CONTEXT('2D SPACE',''
  ) );
#730 = PCURVE('',#731,#736);
#731 = PLANE('',#732);
#732 = AXIS2_PLACEMENT_3D('',#733,#734,#735);
#733 = CARTESIAN_POINT('',(-79.,63.5,299.0000003));
#734 = DIRECTION('',(-1.,1.110223024625E-16,0.));
#735 = DIRECTION('',(-1.110223024625E-16,-1.,0.));
#736 = DEFINITIONAL_REPRESENTATION('',(#737),#740);
#737 = B_SPLINE_CURVE_WITH_KNOTS('',1,(#738,#739),.UNSPECIFIED.,.F.,.F.,
  (2,2),(-80.5,46.5),.PIECEWISE_BEZIER_KNOTS.);
#738 = CARTESIAN_POINT('',(0.,-295.0000003));
#739 = CARTESIAN_POINT('',(127.,-295.0000003));
#740 = ( GEOMETRIC_REPRESENTATION_CONTEXT(2) 
PARAMETRIC_REPRESENTATION_CONTEXT() REPRESENTATION_CONTEXT('2D SPACE',''
  ) );
#741 = FACE_BOUND('',#742,.T.);
#742 = EDGE_LOOP('',(#743,#774,#800,#829));
#743 = ORIENTED_EDGE('',*,*,#744,.F.);
#744 = EDGE_CURVE('',#745,#747,#749,.T.);
#745 = VERTEX_POINT('',#746);
#746 = CARTESIAN_POINT('',(-71.,-63.5,4.));
#747 = VERTEX_POINT('',#748);
#748 = CARTESIAN_POINT('',(-63.,-63.5,4.));
#749 = SURFACE_CURVE('',#750,(#755,#762),.PCURVE_S1.);
#750 = CIRCLE('',#751,4.);
#751 = AXIS2_PLACEMENT_3D('',#752,#753,#754);
#752 = CARTESIAN_POINT('',(-67.,-63.5,4.));
#753 = DIRECTION('',(0.,-0.,1.));
#754 = DIRECTION('',(1.,-1.110223024625E-16,-0.));
#755 = PCURVE('',#44,#756);
#756 = DEFINITIONAL_REPRESENTATION('',(#757),#761);
#757 = CIRCLE('',#758,4.);
#758 = AXIS2_PLACEMENT_2D('',#759,#760);
#759 = CARTESIAN_POINT('',(73.,34.));
#760 = DIRECTION('',(1.,-1.110223024625E-16));
#761 = ( GEOMETRIC_REPRESENTATION_CONTEXT(2) 
PARAMETRIC_REPRESENTATION_CONTEXT() REPRESENTATION_CONTEXT('2D SPACE',''
  ) );
#762 = PCURVE('',#763,#768);
#763 = CYLINDRICAL_SURFACE('',#764,4.);
#764 = AXIS2_PLACEMENT_3D('',#765,#766,#767);
#765 = CARTESIAN_POINT('',(-67.,-63.5,299.0000003));
#766 = DIRECTION('',(0.,-0.,1.));
#767 = DIRECTION('',(1.,-1.110223024625E-16,-0.));
#768 = DEFINITIONAL_REPRESENTATION('',(#769),#773);
#769 = LINE('',#770,#771);
#770 = CARTESIAN_POINT('',(-6.28318530718,-295.0000003));
#771 = VECTOR('',#772,1.);
#772 = DIRECTION('',(1.,-0.));
#773 = ( GEOMETRIC_REPRESENTATION_CONTEXT(2) 
PARAMETRIC_REPRESENTATION_CONTEXT() REPRESENTATION_CONTEXT('2D SPACE',''
  ) );
#774 = ORIENTED_EDGE('',*,*,#775,.T.);
#775 = EDGE_CURVE('',#745,#776,#778,.T.);
#776 = VERTEX_POINT('',#777);
#777 = CARTESIAN_POINT('',(-71.,63.5,4.));
#778 = SURFACE_CURVE('',#779,(#783,#789),.PCURVE_S1.);
#779 = LINE('',#780,#781);
#780 = CARTESIAN_POINT('',(-71.,-80.5,4.));
#781 = VECTOR('',#782,1.);
#782 = DIRECTION('',(1.110223024625E-16,1.,-0.));
#783 = PCURVE('',#44,#784);
#784 = DEFINITIONAL_REPRESENTATION('',(#785),#788);
#785 = B_SPLINE_CURVE_WITH_KNOTS('',1,(#786,#787),.UNSPECIFIED.,.F.,.F.,
  (2,2),(17.,144.),.PIECEWISE_BEZIER_KNOTS.);
#786 = CARTESIAN_POINT('',(69.,34.));
#787 = CARTESIAN_POINT('',(69.,161.));
#788 = ( GEOMETRIC_REPRESENTATION_CONTEXT(2) 
PARAMETRIC_REPRESENTATION_CONTEXT() REPRESENTATION_CONTEXT('2D SPACE',''
  ) );
#789 = PCURVE('',#790,#795);
#790 = PLANE('',#791);
#791 = AXIS2_PLACEMENT_3D('',#792,#793,#794);
#792 = CARTESIAN_POINT('',(-71.,-63.5,299.0000003));
#793 = DIRECTION('',(1.,-1.110223024625E-16,-0.));
#794 = DIRECTION('',(1.110223024625E-16,1.,0.));
#795 = DEFINITIONAL_REPRESENTATION('',(#796),#799);
#796 = B_SPLINE_CURVE_WITH_KNOTS('',1,(#797,#798),.UNSPECIFIED.,.F.,.F.,
  (2,2),(17.,144.),.PIECEWISE_BEZIER_KNOTS.);
#797 = CARTESIAN_POINT('',(0.,-295.0000003));
#798 = CARTESIAN_POINT('',(127.,-295.0000003));
#799 = ( GEOMETRIC_REPRESENTATION_CONTEXT(2) 
PARAMETRIC_REPRESENTATION_CONTEXT() REPRESENTATION_CONTEXT('2D SPACE',''
  ) );
#800 = ORIENTED_EDGE('',*,*,#801,.F.);
#801 = EDGE_CURVE('',#802,#776,#804,.T.);
#802 = VERTEX_POINT('',#803);
#803 = CARTESIAN_POINT('',(-63.,63.5,4.));
#804 = SURFACE_CURVE('',#805,(#810,#817),.PCURVE_S1.);
#805 = CIRCLE('',#806,4.);
#806 = AXIS2_PLACEMENT_3D('',#807,#808,#809);
#807 = CARTESIAN_POINT('',(-67.,63.5,4.));
#808 = DIRECTION('',(0.,0.,1.));
#809 = DIRECTION('',(-1.,1.110223024625E-16,0.));
#810 = PCURVE('',#44,#811);
#811 = DEFINITIONAL_REPRESENTATION('',(#812),#816);
#812 = CIRCLE('',#813,4.);
#813 = AXIS2_PLACEMENT_2D('',#814,#815);
#814 = CARTESIAN_POINT('',(73.,161.));
#815 = DIRECTION('',(-1.,1.110223024625E-16));
#816 = ( GEOMETRIC_REPRESENTATION_CONTEXT(2) 
PARAMETRIC_REPRESENTATION_CONTEXT() REPRESENTATION_CONTEXT('2D SPACE',''
  ) );
#817 = PCURVE('',#818,#823);
#818 = CYLINDRICAL_SURFACE('',#819,4.);
#819 = AXIS2_PLACEMENT_3D('',#820,#821,#822);
#820 = CARTESIAN_POINT('',(-67.,63.5,299.0000003));
#821 = DIRECTION('',(0.,0.,1.));
#822 = DIRECTION('',(-1.,1.110223024625E-16,0.));
#823 = DEFINITIONAL_REPRESENTATION('',(#824),#828);
#824 = LINE('',#825,#826);
#825 = CARTESIAN_POINT('',(-6.28318530718,-295.0000003));
#826 = VECTOR('',#827,1.);
#827 = DIRECTION('',(1.,-0.));
#828 = ( GEOMETRIC_REPRESENTATION_CONTEXT(2) 
PARAMETRIC_REPRESENTATION_CONTEXT() REPRESENTATION_CONTEXT('2D SPACE',''
  ) );
#829 = ORIENTED_EDGE('',*,*,#830,.T.);
#830 = EDGE_CURVE('',#802,#747,#831,.T.);
#831 = SURFACE_CURVE('',#832,(#836,#842),.PCURVE_S1.);
#832 = LINE('',#833,#834);
#833 = CARTESIAN_POINT('',(-63.,-17.,4.));
#834 = VECTOR('',#835,1.);
#835 = DIRECTION('',(-1.110223024625E-16,-1.,0.));
#836 = PCURVE('',#44,#837);
#837 = DEFINITIONAL_REPRESENTATION('',(#838),#841);
#838 = B_SPLINE_CURVE_WITH_KNOTS('',1,(#839,#840),.UNSPECIFIED.,.F.,.F.,
  (2,2),(-80.5,46.5),.PIECEWISE_BEZIER_KNOTS.);
#839 = CARTESIAN_POINT('',(77.,161.));
#840 = CARTESIAN_POINT('',(77.,34.));
#841 = ( GEOMETRIC_REPRESENTATION_CONTEXT(2) 
PARAMETRIC_REPRESENTATION_CONTEXT() REPRESENTATION_CONTEXT('2D SPACE',''
  ) );
#842 = PCURVE('',#843,#848);
#843 = PLANE('',#844);
#844 = AXIS2_PLACEMENT_3D('',#845,#846,#847);
#845 = CARTESIAN_POINT('',(-63.,63.5,299.0000003));
#846 = DIRECTION('',(-1.,1.110223024625E-16,0.));
#847 = DIRECTION('',(-1.110223024625E-16,-1.,0.));
#848 = DEFINITIONAL_REPRESENTATION('',(#849),#852);
#849 = B_SPLINE_CURVE_WITH_KNOTS('',1,(#850,#851),.UNSPECIFIED.,.F.,.F.,
  (2,2),(-80.5,46.5),.PIECEWISE_BEZIER_KNOTS.);
#850 = CARTESIAN_POINT('',(0.,-295.0000003));
#851 = CARTESIAN_POINT('',(127.,-295.0000003));
#852 = ( GEOMETRIC_REPRESENTATION_CONTEXT(2) 
PARAMETRIC_REPRESENTATION_CONTEXT() REPRESENTATION_CONTEXT('2D SPACE',''
  ) );
#853 = FACE_BOUND('',#854,.T.);
#854 = EDGE_LOOP('',(#855,#886,#912,#941));
#855 = ORIENTED_EDGE('',*,*,#856,.F.);
#856 = EDGE_CURVE('',#857,#859,#861,.T.);
#857 = VERTEX_POINT('',#858);
#858 = CARTESIAN_POINT('',(-55.,-63.5,4.));
#859 = VERTEX_POINT('',#860);
#860 = CARTESIAN_POINT('',(-47.,-63.5,4.));
#861 = SURFACE_CURVE('',#862,(#867,#874),.PCURVE_S1.);
#862 = CIRCLE('',#863,4.);
#863 = AXIS2_PLACEMENT_3D('',#864,#865,#866);
#864 = CARTESIAN_POINT('',(-51.,-63.5,4.));
#865 = DIRECTION('',(0.,-0.,1.));
#866 = DIRECTION('',(1.,-1.110223024625E-16,-0.));
#867 = PCURVE('',#44,#868);
#868 = DEFINITIONAL_REPRESENTATION('',(#869),#873);
#869 = CIRCLE('',#870,4.);
#870 = AXIS2_PLACEMENT_2D('',#871,#872);
#871 = CARTESIAN_POINT('',(89.,34.));
#872 = DIRECTION('',(1.,-1.110223024625E-16));
#873 = ( GEOMETRIC_REPRESENTATION_CONTEXT(2) 
PARAMETRIC_REPRESENTATION_CONTEXT() REPRESENTATION_CONTEXT('2D SPACE',''
  ) );
#874 = PCURVE('',#875,#880);
#875 = CYLINDRICAL_SURFACE('',#876,4.);
#876 = AXIS2_PLACEMENT_3D('',#877,#878,#879);
#877 = CARTESIAN_POINT('',(-51.,-63.5,299.0000003));
#878 = DIRECTION('',(0.,-0.,1.));
#879 = DIRECTION('',(1.,-1.110223024625E-16,-0.));
#880 = DEFINITIONAL_REPRESENTATION('',(#881),#885);
#881 = LINE('',#882,#883);
#882 = CARTESIAN_POINT('',(-6.28318530718,-295.0000003));
#883 = VECTOR('',#884,1.);
#884 = DIRECTION('',(1.,-0.));
#885 = ( GEOMETRIC_REPRESENTATION_CONTEXT(2) 
PARAMETRIC_REPRESENTATION_CONTEXT() REPRESENTATION_CONTEXT('2D SPACE',''
  ) );
#886 = ORIENTED_EDGE('',*,*,#887,.T.);
#887 = EDGE_CURVE('',#857,#888,#890,.T.);
#888 = VERTEX_POINT('',#889);
#889 = CARTESIAN_POINT('',(-55.,63.5,4.));
#890 = SURFACE_CURVE('',#891,(#895,#901),.PCURVE_S1.);
#891 = LINE('',#892,#893);
#892 = CARTESIAN_POINT('',(-55.,-80.5,4.));
#893 = VECTOR('',#894,1.);
#894 = DIRECTION('',(1.110223024625E-16,1.,-0.));
#895 = PCURVE('',#44,#896);
#896 = DEFINITIONAL_REPRESENTATION('',(#897),#900);
#897 = B_SPLINE_CURVE_WITH_KNOTS('',1,(#898,#899),.UNSPECIFIED.,.F.,.F.,
  (2,2),(17.,144.),.PIECEWISE_BEZIER_KNOTS.);
#898 = CARTESIAN_POINT('',(85.,34.));
#899 = CARTESIAN_POINT('',(85.,161.));
#900 = ( GEOMETRIC_REPRESENTATION_CONTEXT(2) 
PARAMETRIC_REPRESENTATION_CONTEXT() REPRESENTATION_CONTEXT('2D SPACE',''
  ) );
#901 = PCURVE('',#902,#907);
#902 = PLANE('',#903);
#903 = AXIS2_PLACEMENT_3D('',#904,#905,#906);
#904 = CARTESIAN_POINT('',(-55.,-63.5,299.0000003));
#905 = DIRECTION('',(1.,-1.110223024625E-16,-0.));
#906 = DIRECTION('',(1.110223024625E-16,1.,0.));
#907 = DEFINITIONAL_REPRESENTATION('',(#908),#911);
#908 = B_SPLINE_CURVE_WITH_KNOTS('',1,(#909,#910),.UNSPECIFIED.,.F.,.F.,
  (2,2),(17.,144.),.PIECEWISE_BEZIER_KNOTS.);
#909 = CARTESIAN_POINT('',(0.,-295.0000003));
#910 = CARTESIAN_POINT('',(127.,-295.0000003));
#911 = ( GEOMETRIC_REPRESENTATION_CONTEXT(2) 
PARAMETRIC_REPRESENTATION_CONTEXT() REPRESENTATION_CONTEXT('2D SPACE',''
  ) );
#912 = ORIENTED_EDGE('',*,*,#913,.F.);
#913 = EDGE_CURVE('',#914,#888,#916,.T.);
#914 = VERTEX_POINT('',#915);
#915 = CARTESIAN_POINT('',(-47.,63.5,4.));
#916 = SURFACE_CURVE('',#917,(#922,#929),.PCURVE_S1.);
#917 = CIRCLE('',#918,4.);
#918 = AXIS2_PLACEMENT_3D('',#919,#920,#921);
#919 = CARTESIAN_POINT('',(-51.,63.5,4.));
#920 = DIRECTION('',(0.,0.,1.));
#921 = DIRECTION('',(-1.,1.110223024625E-16,0.));
#922 = PCURVE('',#44,#923);
#923 = DEFINITIONAL_REPRESENTATION('',(#924),#928);
#924 = CIRCLE('',#925,4.);
#925 = AXIS2_PLACEMENT_2D('',#926,#927);
#926 = CARTESIAN_POINT('',(89.,161.));
#927 = DIRECTION('',(-1.,1.110223024625E-16));
#928 = ( GEOMETRIC_REPRESENTATION_CONTEXT(2) 
PARAMETRIC_REPRESENTATION_CONTEXT() REPRESENTATION_CONTEXT('2D SPACE',''
  ) );
#929 = PCURVE('',#930,#935);
#930 = CYLINDRICAL_SURFACE('',#931,4.);
#931 = AXIS2_PLACEMENT_3D('',#932,#933,#934);
#932 = CARTESIAN_POINT('',(-51.,63.5,299.0000003));
#933 = DIRECTION('',(0.,0.,1.));
#934 = DIRECTION('',(-1.,1.110223024625E-16,0.));
#935 = DEFINITIONAL_REPRESENTATION('',(#936),#940);
#936 = LINE('',#937,#938);
#937 = CARTESIAN_POINT('',(-6.28318530718,-295.0000003));
#938 = VECTOR('',#939,1.);
#939 = DIRECTION('',(1.,-0.));
#940 = ( GEOMETRIC_REPRESENTATION_CONTEXT(2) 
PARAMETRIC_REPRESENTATION_CONTEXT() REPRESENTATION_CONTEXT('2D SPACE',''
  ) );
#941 = ORIENTED_EDGE('',*,*,#942,.T.);
#942 = EDGE_CURVE('',#914,#859,#943,.T.);
#943 = SURFACE_CURVE('',#944,(#948,#954),.PCURVE_S1.);
#944 = LINE('',#945,#946);
#945 = CARTESIAN_POINT('',(-47.,-17.,4.));
#946 = VECTOR('',#947,1.);
#947 = DIRECTION('',(-1.110223024625E-16,-1.,0.));
#948 = PCURVE('',#44,#949);
#949 = DEFINITIONAL_REPRESENTATION('',(#950),#953);
#950 = B_SPLINE_CURVE_WITH_KNOTS('',1,(#951,#952),.UNSPECIFIED.,.F.,.F.,
  (2,2),(-80.5,46.5),.PIECEWISE_BEZIER_KNOTS.);
#951 = CARTESIAN_POINT('',(93.,161.));
#952 = CARTESIAN_POINT('',(93.,34.));
#953 = ( GEOMETRIC_REPRESENTATION_CONTEXT(2) 
PARAMETRIC_REPRESENTATION_CONTEXT() REPRESENTATION_CONTEXT('2D SPACE',''
  ) );
#954 = PCURVE('',#955,#960);
#955 = PLANE('',#956);
#956 = AXIS2_PLACEMENT_3D('',#957,#958,#959);
#957 = CARTESIAN_POINT('',(-47.,63.5,299.0000003));
#958 = DIRECTION('',(-1.,1.110223024625E-16,0.));
#959 = DIRECTION('',(-1.110223024625E-16,-1.,0.));
#960 = DEFINITIONAL_REPRESENTATION('',(#961),#964);
#961 = B_SPLINE_CURVE_WITH_KNOTS('',1,(#962,#963),.UNSPECIFIED.,.F.,.F.,
  (2,2),(-80.5,46.5),.PIECEWISE_BEZIER_KNOTS.);
#962 = CARTESIAN_POINT('',(0.,-295.0000003));
#963 = CARTESIAN_POINT('',(127.,-295.0000003));
#964 = ( GEOMETRIC_REPRESENTATION_CONTEXT(2) 
PARAMETRIC_REPRESENTATION_CONTEXT() REPRESENTATION_CONTEXT('2D SPACE',''
  ) );
#965 = FACE_BOUND('',#966,.T.);
#966 = EDGE_LOOP('',(#967));
#967 = ORIENTED_EDGE('',*,*,#968,.T.);
#968 = EDGE_CURVE('',#969,#969,#971,.T.);
#969 = VERTEX_POINT('',#970);
#970 = CARTESIAN_POINT('',(-18.4,20.,4.));
#971 = SURFACE_CURVE('',#972,(#977,#988),.PCURVE_S1.);
#972 = CIRCLE('',#973,1.6);
#973 = AXIS2_PLACEMENT_3D('',#974,#975,#976);
#974 = CARTESIAN_POINT('',(-20.,20.,4.));
#975 = DIRECTION('',(0.,0.,-1.));
#976 = DIRECTION('',(1.,0.,0.));
#977 = PCURVE('',#44,#978);
#978 = DEFINITIONAL_REPRESENTATION('',(#979),#987);
#979 = ( BOUNDED_CURVE() B_SPLINE_CURVE(2,(#980,#981,#982,#983,#984,#985
,#986),.UNSPECIFIED.,.T.,.F.) B_SPLINE_CURVE_WITH_KNOTS((1,2,2,2,2,1),(
    -2.094395102393,0.,2.094395102393,4.188790204786,6.28318530718,
8.377580409573),.UNSPECIFIED.) CURVE() GEOMETRIC_REPRESENTATION_ITEM() 
RATIONAL_B_SPLINE_CURVE((1.,0.5,1.,0.5,1.,0.5,1.)) REPRESENTATION_ITEM(
  '') );
#980 = CARTESIAN_POINT('',(121.6,117.5));
#981 = CARTESIAN_POINT('',(121.6,114.72871870789));
#982 = CARTESIAN_POINT('',(119.2,116.11435935394));
#983 = CARTESIAN_POINT('',(116.8,117.5));
#984 = CARTESIAN_POINT('',(119.2,118.88564064605));
#985 = CARTESIAN_POINT('',(121.6,120.27128129211));
#986 = CARTESIAN_POINT('',(121.6,117.5));
#987 = ( GEOMETRIC_REPRESENTATION_CONTEXT(2) 
PARAMETRIC_REPRESENTATION_CONTEXT() REPRESENTATION_CONTEXT('2D SPACE',''
  ) );
#988 = PCURVE('',#989,#994);
#989 = CYLINDRICAL_SURFACE('',#990,1.6);
#990 = AXIS2_PLACEMENT_3D('',#991,#992,#993);
#991 = CARTESIAN_POINT('',(-20.,20.,-261.0000003));
#992 = DIRECTION('',(-0.,-0.,-1.));
#993 = DIRECTION('',(1.,0.,0.));
#994 = DEFINITIONAL_REPRESENTATION('',(#995),#999);
#995 = LINE('',#996,#997);
#996 = CARTESIAN_POINT('',(-6.28318530718,-265.0000003));
#997 = VECTOR('',#998,1.);
#998 = DIRECTION('',(1.,-0.));
#999 = ( GEOMETRIC_REPRESENTATION_CONTEXT(2) 
PARAMETRIC_REPRESENTATION_CONTEXT() REPRESENTATION_CONTEXT('2D SPACE',''
  ) );
#1000 = FACE_BOUND('',#1001,.T.);
#1001 = EDGE_LOOP('',(#1002,#1033,#1059,#1088));
#1002 = ORIENTED_EDGE('',*,*,#1003,.F.);
#1003 = EDGE_CURVE('',#1004,#1006,#1008,.T.);
#1004 = VERTEX_POINT('',#1005);
#1005 = CARTESIAN_POINT('',(46.,-63.5,4.));
#1006 = VERTEX_POINT('',#1007);
#1007 = CARTESIAN_POINT('',(54.,-63.5,4.));
#1008 = SURFACE_CURVE('',#1009,(#1014,#1021),.PCURVE_S1.);
#1009 = CIRCLE('',#1010,4.);
#1010 = AXIS2_PLACEMENT_3D('',#1011,#1012,#1013);
#1011 = CARTESIAN_POINT('',(50.,-63.5,4.));
#1012 = DIRECTION('',(0.,-0.,1.));
#1013 = DIRECTION('',(1.,-1.110223024625E-16,-0.));
#1014 = PCURVE('',#44,#1015);
#1015 = DEFINITIONAL_REPRESENTATION('',(#1016),#1020);
#1016 = CIRCLE('',#1017,4.);
#1017 = AXIS2_PLACEMENT_2D('',#1018,#1019);
#1018 = CARTESIAN_POINT('',(190.,34.));
#1019 = DIRECTION('',(1.,-1.110223024625E-16));
#1020 = ( GEOMETRIC_REPRESENTATION_CONTEXT(2) 
PARAMETRIC_REPRESENTATION_CONTEXT() REPRESENTATION_CONTEXT('2D SPACE',''
  ) );
#1021 = PCURVE('',#1022,#1027);
#1022 = CYLINDRICAL_SURFACE('',#1023,4.);
#1023 = AXIS2_PLACEMENT_3D('',#1024,#1025,#1026);
#1024 = CARTESIAN_POINT('',(50.,-63.5,299.0000003));
#1025 = DIRECTION('',(0.,-0.,1.));
#1026 = DIRECTION('',(1.,-1.110223024625E-16,-0.));
#1027 = DEFINITIONAL_REPRESENTATION('',(#1028),#1032);
#1028 = LINE('',#1029,#1030);
#1029 = CARTESIAN_POINT('',(-6.28318530718,-295.0000003));
#1030 = VECTOR('',#1031,1.);
#1031 = DIRECTION('',(1.,-0.));
#1032 = ( GEOMETRIC_REPRESENTATION_CONTEXT(2) 
PARAMETRIC_REPRESENTATION_CONTEXT() REPRESENTATION_CONTEXT('2D SPACE',''
  ) );
#1033 = ORIENTED_EDGE('',*,*,#1034,.T.);
#1034 = EDGE_CURVE('',#1004,#1035,#1037,.T.);
#1035 = VERTEX_POINT('',#1036);
#1036 = CARTESIAN_POINT('',(46.,63.5,4.));
#1037 = SURFACE_CURVE('',#1038,(#1042,#1048),.PCURVE_S1.);
#1038 = LINE('',#1039,#1040);
#1039 = CARTESIAN_POINT('',(46.,-80.5,4.));
#1040 = VECTOR('',#1041,1.);
#1041 = DIRECTION('',(1.110223024625E-16,1.,-0.));
#1042 = PCURVE('',#44,#1043);
#1043 = DEFINITIONAL_REPRESENTATION('',(#1044),#1047);
#1044 = B_SPLINE_CURVE_WITH_KNOTS('',1,(#1045,#1046),.UNSPECIFIED.,.F.,
  .F.,(2,2),(17.,144.),.PIECEWISE_BEZIER_KNOTS.);
#1045 = CARTESIAN_POINT('',(186.,34.));
#1046 = CARTESIAN_POINT('',(186.,161.));
#1047 = ( GEOMETRIC_REPRESENTATION_CONTEXT(2) 
PARAMETRIC_REPRESENTATION_CONTEXT() REPRESENTATION_CONTEXT('2D SPACE',''
  ) );
#1048 = PCURVE('',#1049,#1054);
#1049 = PLANE('',#1050);
#1050 = AXIS2_PLACEMENT_3D('',#1051,#1052,#1053);
#1051 = CARTESIAN_POINT('',(46.,-63.5,299.0000003));
#1052 = DIRECTION('',(1.,-1.110223024625E-16,-0.));
#1053 = DIRECTION('',(1.110223024625E-16,1.,0.));
#1054 = DEFINITIONAL_REPRESENTATION('',(#1055),#1058);
#1055 = B_SPLINE_CURVE_WITH_KNOTS('',1,(#1056,#1057),.UNSPECIFIED.,.F.,
  .F.,(2,2),(17.,144.),.PIECEWISE_BEZIER_KNOTS.);
#1056 = CARTESIAN_POINT('',(0.,-295.0000003));
#1057 = CARTESIAN_POINT('',(127.,-295.0000003));
#1058 = ( GEOMETRIC_REPRESENTATION_CONTEXT(2) 
PARAMETRIC_REPRESENTATION_CONTEXT() REPRESENTATION_CONTEXT('2D SPACE',''
  ) );
#1059 = ORIENTED_EDGE('',*,*,#1060,.F.);
#1060 = EDGE_CURVE('',#1061,#1035,#1063,.T.);
#1061 = VERTEX_POINT('',#1062);
#1062 = CARTESIAN_POINT('',(54.,63.5,4.));
#1063 = SURFACE_CURVE('',#1064,(#1069,#1076),.PCURVE_S1.);
#1064 = CIRCLE('',#1065,4.);
#1065 = AXIS2_PLACEMENT_3D('',#1066,#1067,#1068);
#1066 = CARTESIAN_POINT('',(50.,63.5,4.));
#1067 = DIRECTION('',(0.,0.,1.));
#1068 = DIRECTION('',(-1.,1.110223024625E-16,0.));
#1069 = PCURVE('',#44,#1070);
#1070 = DEFINITIONAL_REPRESENTATION('',(#1071),#1075);
#1071 = CIRCLE('',#1072,4.);
#1072 = AXIS2_PLACEMENT_2D('',#1073,#1074);
#1073 = CARTESIAN_POINT('',(190.,161.));
#1074 = DIRECTION('',(-1.,1.110223024625E-16));
#1075 = ( GEOMETRIC_REPRESENTATION_CONTEXT(2) 
PARAMETRIC_REPRESENTATION_CONTEXT() REPRESENTATION_CONTEXT('2D SPACE',''
  ) );
#1076 = PCURVE('',#1077,#1082);
#1077 = CYLINDRICAL_SURFACE('',#1078,4.);
#1078 = AXIS2_PLACEMENT_3D('',#1079,#1080,#1081);
#1079 = CARTESIAN_POINT('',(50.,63.5,299.0000003));
#1080 = DIRECTION('',(0.,0.,1.));
#1081 = DIRECTION('',(-1.,1.110223024625E-16,0.));
#1082 = DEFINITIONAL_REPRESENTATION('',(#1083),#1087);
#1083 = LINE('',#1084,#1085);
#1084 = CARTESIAN_POINT('',(-6.28318530718,-295.0000003));
#1085 = VECTOR('',#1086,1.);
#1086 = DIRECTION('',(1.,-0.));
#1087 = ( GEOMETRIC_REPRESENTATION_CONTEXT(2) 
PARAMETRIC_REPRESENTATION_CONTEXT() REPRESENTATION_CONTEXT('2D SPACE',''
  ) );
#1088 = ORIENTED_EDGE('',*,*,#1089,.T.);
#1089 = EDGE_CURVE('',#1061,#1006,#1090,.T.);
#1090 = SURFACE_CURVE('',#1091,(#1095,#1101),.PCURVE_S1.);
#1091 = LINE('',#1092,#1093);
#1092 = CARTESIAN_POINT('',(54.,-17.,4.));
#1093 = VECTOR('',#1094,1.);
#1094 = DIRECTION('',(-1.110223024625E-16,-1.,0.));
#1095 = PCURVE('',#44,#1096);
#1096 = DEFINITIONAL_REPRESENTATION('',(#1097),#1100);
#1097 = B_SPLINE_CURVE_WITH_KNOTS('',1,(#1098,#1099),.UNSPECIFIED.,.F.,
  .F.,(2,2),(-80.5,46.5),.PIECEWISE_BEZIER_KNOTS.);
#1098 = CARTESIAN_POINT('',(194.,161.));
#1099 = CARTESIAN_POINT('',(194.,34.));
#1100 = ( GEOMETRIC_REPRESENTATION_CONTEXT(2) 
PARAMETRIC_REPRESENTATION_CONTEXT() REPRESENTATION_CONTEXT('2D SPACE',''
  ) );
#1101 = PCURVE('',#1102,#1107);
#1102 = PLANE('',#1103);
#1103 = AXIS2_PLACEMENT_3D('',#1104,#1105,#1106);
#1104 = CARTESIAN_POINT('',(54.,63.5,299.0000003));
#1105 = DIRECTION('',(-1.,1.110223024625E-16,0.));
#1106 = DIRECTION('',(-1.110223024625E-16,-1.,0.));
#1107 = DEFINITIONAL_REPRESENTATION('',(#1108),#1111);
#1108 = B_SPLINE_CURVE_WITH_KNOTS('',1,(#1109,#1110),.UNSPECIFIED.,.F.,
  .F.,(2,2),(-80.5,46.5),.PIECEWISE_BEZIER_KNOTS.);
#1109 = CARTESIAN_POINT('',(0.,-295.0000003));
#1110 = CARTESIAN_POINT('',(127.,-295.0000003));
#1111 = ( GEOMETRIC_REPRESENTATION_CONTEXT(2) 
PARAMETRIC_REPRESENTATION_CONTEXT() REPRESENTATION_CONTEXT('2D SPACE',''
  ) );
#1112 = FACE_BOUND('',#1113,.T.);
#1113 = EDGE_LOOP('',(#1114));
#1114 = ORIENTED_EDGE('',*,*,#1115,.T.);
#1115 = EDGE_CURVE('',#1116,#1116,#1118,.T.);
#1116 = VERTEX_POINT('',#1117);
#1117 = CARTESIAN_POINT('',(21.6,20.,4.));
#1118 = SURFACE_CURVE('',#1119,(#1124,#1135),.PCURVE_S1.);
#1119 = CIRCLE('',#1120,1.6);
#1120 = AXIS2_PLACEMENT_3D('',#1121,#1122,#1123);
#1121 = CARTESIAN_POINT('',(20.,20.,4.));
#1122 = DIRECTION('',(0.,0.,-1.));
#1123 = DIRECTION('',(1.,0.,0.));
#1124 = PCURVE('',#44,#1125);
#1125 = DEFINITIONAL_REPRESENTATION('',(#1126),#1134);
#1126 = ( BOUNDED_CURVE() B_SPLINE_CURVE(2,(#1127,#1128,#1129,#1130,
#1131,#1132,#1133),.UNSPECIFIED.,.T.,.F.) B_SPLINE_CURVE_WITH_KNOTS((1,2
    ,2,2,2,1),(-2.094395102393,0.,2.094395102393,4.188790204786,
6.28318530718,8.377580409573),.UNSPECIFIED.) CURVE() 
GEOMETRIC_REPRESENTATION_ITEM() RATIONAL_B_SPLINE_CURVE((1.,0.5,1.,0.5,
1.,0.5,1.)) REPRESENTATION_ITEM('') );
#1127 = CARTESIAN_POINT('',(161.6,117.5));
#1128 = CARTESIAN_POINT('',(161.6,114.72871870789));
#1129 = CARTESIAN_POINT('',(159.2,116.11435935394));
#1130 = CARTESIAN_POINT('',(156.8,117.5));
#1131 = CARTESIAN_POINT('',(159.2,118.88564064605));
#1132 = CARTESIAN_POINT('',(161.6,120.27128129211));
#1133 = CARTESIAN_POINT('',(161.6,117.5));
#1134 = ( GEOMETRIC_REPRESENTATION_CONTEXT(2) 
PARAMETRIC_REPRESENTATION_CONTEXT() REPRESENTATION_CONTEXT('2D SPACE',''
  ) );
#1135 = PCURVE('',#1136,#1141);
#1136 = CYLINDRICAL_SURFACE('',#1137,1.6);
#1137 = AXIS2_PLACEMENT_3D('',#1138,#1139,#1140);
#1138 = CARTESIAN_POINT('',(20.,20.,-261.0000003));
#1139 = DIRECTION('',(-0.,-0.,-1.));
#1140 = DIRECTION('',(1.,0.,0.));
#1141 = DEFINITIONAL_REPRESENTATION('',(#1142),#1146);
#1142 = LINE('',#1143,#1144);
#1143 = CARTESIAN_POINT('',(-6.28318530718,-265.0000003));
#1144 = VECTOR('',#1145,1.);
#1145 = DIRECTION('',(1.,-0.));
#1146 = ( GEOMETRIC_REPRESENTATION_CONTEXT(2) 
PARAMETRIC_REPRESENTATION_CONTEXT() REPRESENTATION_CONTEXT('2D SPACE',''
  ) );
#1147 = FACE_BOUND('',#1148,.T.);
#1148 = EDGE_LOOP('',(#1149,#1180,#1206,#1235));
#1149 = ORIENTED_EDGE('',*,*,#1150,.F.);
#1150 = EDGE_CURVE('',#1151,#1153,#1155,.T.);
#1151 = VERTEX_POINT('',#1152);
#1152 = CARTESIAN_POINT('',(62.,-63.5,4.));
#1153 = VERTEX_POINT('',#1154);
#1154 = CARTESIAN_POINT('',(70.,-63.5,4.));
#1155 = SURFACE_CURVE('',#1156,(#1161,#1168),.PCURVE_S1.);
#1156 = CIRCLE('',#1157,4.);
#1157 = AXIS2_PLACEMENT_3D('',#1158,#1159,#1160);
#1158 = CARTESIAN_POINT('',(66.,-63.5,4.));
#1159 = DIRECTION('',(0.,-0.,1.));
#1160 = DIRECTION('',(1.,-1.110223024625E-16,-0.));
#1161 = PCURVE('',#44,#1162);
#1162 = DEFINITIONAL_REPRESENTATION('',(#1163),#1167);
#1163 = CIRCLE('',#1164,4.);
#1164 = AXIS2_PLACEMENT_2D('',#1165,#1166);
#1165 = CARTESIAN_POINT('',(206.,34.));
#1166 = DIRECTION('',(1.,-1.110223024625E-16));
#1167 = ( GEOMETRIC_REPRESENTATION_CONTEXT(2) 
PARAMETRIC_REPRESENTATION_CONTEXT() REPRESENTATION_CONTEXT('2D SPACE',''
  ) );
#1168 = PCURVE('',#1169,#1174);
#1169 = CYLINDRICAL_SURFACE('',#1170,4.);
#1170 = AXIS2_PLACEMENT_3D('',#1171,#1172,#1173);
#1171 = CARTESIAN_POINT('',(66.,-63.5,299.0000003));
#1172 = DIRECTION('',(0.,-0.,1.));
#1173 = DIRECTION('',(1.,-1.110223024625E-16,-0.));
#1174 = DEFINITIONAL_REPRESENTATION('',(#1175),#1179);
#1175 = LINE('',#1176,#1177);
#1176 = CARTESIAN_POINT('',(-6.28318530718,-295.0000003));
#1177 = VECTOR('',#1178,1.);
#1178 = DIRECTION('',(1.,-0.));
#1179 = ( GEOMETRIC_REPRESENTATION_CONTEXT(2) 
PARAMETRIC_REPRESENTATION_CONTEXT() REPRESENTATION_CONTEXT('2D SPACE',''
  ) );
#1180 = ORIENTED_EDGE('',*,*,#1181,.T.);
#1181 = EDGE_CURVE('',#1151,#1182,#1184,.T.);
#1182 = VERTEX_POINT('',#1183);
#1183 = CARTESIAN_POINT('',(62.,63.5,4.));
#1184 = SURFACE_CURVE('',#1185,(#1189,#1195),.PCURVE_S1.);
#1185 = LINE('',#1186,#1187);
#1186 = CARTESIAN_POINT('',(62.,-80.5,4.));
#1187 = VECTOR('',#1188,1.);
#1188 = DIRECTION('',(1.110223024625E-16,1.,-0.));
#1189 = PCURVE('',#44,#1190);
#1190 = DEFINITIONAL_REPRESENTATION('',(#1191),#1194);
#1191 = B_SPLINE_CURVE_WITH_KNOTS('',1,(#1192,#1193),.UNSPECIFIED.,.F.,
  .F.,(2,2),(17.,144.),.PIECEWISE_BEZIER_KNOTS.);
#1192 = CARTESIAN_POINT('',(202.,34.));
#1193 = CARTESIAN_POINT('',(202.,161.));
#1194 = ( GEOMETRIC_REPRESENTATION_CONTEXT(2) 
PARAMETRIC_REPRESENTATION_CONTEXT() REPRESENTATION_CONTEXT('2D SPACE',''
  ) );
#1195 = PCURVE('',#1196,#1201);
#1196 = PLANE('',#1197);
#1197 = AXIS2_PLACEMENT_3D('',#1198,#1199,#1200);
#1198 = CARTESIAN_POINT('',(62.,-63.5,299.0000003));
#1199 = DIRECTION('',(1.,-1.110223024625E-16,-0.));
#1200 = DIRECTION('',(1.110223024625E-16,1.,0.));
#1201 = DEFINITIONAL_REPRESENTATION('',(#1202),#1205);
#1202 = B_SPLINE_CURVE_WITH_KNOTS('',1,(#1203,#1204),.UNSPECIFIED.,.F.,
  .F.,(2,2),(17.,144.),.PIECEWISE_BEZIER_KNOTS.);
#1203 = CARTESIAN_POINT('',(0.,-295.0000003));
#1204 = CARTESIAN_POINT('',(127.,-295.0000003));
#1205 = ( GEOMETRIC_REPRESENTATION_CONTEXT(2) 
PARAMETRIC_REPRESENTATION_CONTEXT() REPRESENTATION_CONTEXT('2D SPACE',''
  ) );
#1206 = ORIENTED_EDGE('',*,*,#1207,.F.);
#1207 = EDGE_CURVE('',#1208,#1182,#1210,.T.);
#1208 = VERTEX_POINT('',#1209);
#1209 = CARTESIAN_POINT('',(70.,63.5,4.));
#1210 = SURFACE_CURVE('',#1211,(#1216,#1223),.PCURVE_S1.);
#1211 = CIRCLE('',#1212,4.);
#1212 = AXIS2_PLACEMENT_3D('',#1213,#1214,#1215);
#1213 = CARTESIAN_POINT('',(66.,63.5,4.));
#1214 = DIRECTION('',(0.,0.,1.));
#1215 = DIRECTION('',(-1.,1.110223024625E-16,0.));
#1216 = PCURVE('',#44,#1217);
#1217 = DEFINITIONAL_REPRESENTATION('',(#1218),#1222);
#1218 = CIRCLE('',#1219,4.);
#1219 = AXIS2_PLACEMENT_2D('',#1220,#1221);
#1220 = CARTESIAN_POINT('',(206.,161.));
#1221 = DIRECTION('',(-1.,1.110223024625E-16));
#1222 = ( GEOMETRIC_REPRESENTATION_CONTEXT(2) 
PARAMETRIC_REPRESENTATION_CONTEXT() REPRESENTATION_CONTEXT('2D SPACE',''
  ) );
#1223 = PCURVE('',#1224,#1229);
#1224 = CYLINDRICAL_SURFACE('',#1225,4.);
#1225 = AXIS2_PLACEMENT_3D('',#1226,#1227,#1228);
#1226 = CARTESIAN_POINT('',(66.,63.5,299.0000003));
#1227 = DIRECTION('',(0.,0.,1.));
#1228 = DIRECTION('',(-1.,1.110223024625E-16,0.));
#1229 = DEFINITIONAL_REPRESENTATION('',(#1230),#1234);
#1230 = LINE('',#1231,#1232);
#1231 = CARTESIAN_POINT('',(-6.28318530718,-295.0000003));
#1232 = VECTOR('',#1233,1.);
#1233 = DIRECTION('',(1.,-0.));
#1234 = ( GEOMETRIC_REPRESENTATION_CONTEXT(2) 
PARAMETRIC_REPRESENTATION_CONTEXT() REPRESENTATION_CONTEXT('2D SPACE',''
  ) );
#1235 = ORIENTED_EDGE('',*,*,#1236,.T.);
#1236 = EDGE_CURVE('',#1208,#1153,#1237,.T.);
#1237 = SURFACE_CURVE('',#1238,(#1242,#1248),.PCURVE_S1.);
#1238 = LINE('',#1239,#1240);
#1239 = CARTESIAN_POINT('',(70.,-17.,4.));
#1240 = VECTOR('',#1241,1.);
#1241 = DIRECTION('',(-1.110223024625E-16,-1.,0.));
#1242 = PCURVE('',#44,#1243);
#1243 = DEFINITIONAL_REPRESENTATION('',(#1244),#1247);
#1244 = B_SPLINE_CURVE_WITH_KNOTS('',1,(#1245,#1246),.UNSPECIFIED.,.F.,
  .F.,(2,2),(-80.5,46.5),.PIECEWISE_BEZIER_KNOTS.);
#1245 = CARTESIAN_POINT('',(210.,161.));
#1246 = CARTESIAN_POINT('',(210.,34.));
#1247 = ( GEOMETRIC_REPRESENTATION_CONTEXT(2) 
PARAMETRIC_REPRESENTATION_CONTEXT() REPRESENTATION_CONTEXT('2D SPACE',''
  ) );
#1248 = PCURVE('',#1249,#1254);
#1249 = PLANE('',#1250);
#1250 = AXIS2_PLACEMENT_3D('',#1251,#1252,#1253);
#1251 = CARTESIAN_POINT('',(70.,63.5,299.0000003));
#1252 = DIRECTION('',(-1.,1.110223024625E-16,0.));
#1253 = DIRECTION('',(-1.110223024625E-16,-1.,0.));
#1254 = DEFINITIONAL_REPRESENTATION('',(#1255),#1258);
#1255 = B_SPLINE_CURVE_WITH_KNOTS('',1,(#1256,#1257),.UNSPECIFIED.,.F.,
  .F.,(2,2),(-80.5,46.5),.PIECEWISE_BEZIER_KNOTS.);
#1256 = CARTESIAN_POINT('',(0.,-295.0000003));
#1257 = CARTESIAN_POINT('',(127.,-295.0000003));
#1258 = ( GEOMETRIC_REPRESENTATION_CONTEXT(2) 
PARAMETRIC_REPRESENTATION_CONTEXT() REPRESENTATION_CONTEXT('2D SPACE',''
  ) );
#1259 = FACE_BOUND('',#1260,.T.);
#1260 = EDGE_LOOP('',(#1261,#1292,#1318,#1347));
#1261 = ORIENTED_EDGE('',*,*,#1262,.F.);
#1262 = EDGE_CURVE('',#1263,#1265,#1267,.T.);
#1263 = VERTEX_POINT('',#1264);
#1264 = CARTESIAN_POINT('',(78.,-63.5,4.));
#1265 = VERTEX_POINT('',#1266);
#1266 = CARTESIAN_POINT('',(86.,-63.5,4.));
#1267 = SURFACE_CURVE('',#1268,(#1273,#1280),.PCURVE_S1.);
#1268 = CIRCLE('',#1269,4.);
#1269 = AXIS2_PLACEMENT_3D('',#1270,#1271,#1272);
#1270 = CARTESIAN_POINT('',(82.,-63.5,4.));
#1271 = DIRECTION('',(0.,-0.,1.));
#1272 = DIRECTION('',(1.,-1.110223024625E-16,-0.));
#1273 = PCURVE('',#44,#1274);
#1274 = DEFINITIONAL_REPRESENTATION('',(#1275),#1279);
#1275 = CIRCLE('',#1276,4.);
#1276 = AXIS2_PLACEMENT_2D('',#1277,#1278);
#1277 = CARTESIAN_POINT('',(222.,34.));
#1278 = DIRECTION('',(1.,-1.110223024625E-16));
#1279 = ( GEOMETRIC_REPRESENTATION_CONTEXT(2) 
PARAMETRIC_REPRESENTATION_CONTEXT() REPRESENTATION_CONTEXT('2D SPACE',''
  ) );
#1280 = PCURVE('',#1281,#1286);
#1281 = CYLINDRICAL_SURFACE('',#1282,4.);
#1282 = AXIS2_PLACEMENT_3D('',#1283,#1284,#1285);
#1283 = CARTESIAN_POINT('',(82.,-63.5,299.0000003));
#1284 = DIRECTION('',(0.,-0.,1.));
#1285 = DIRECTION('',(1.,-1.110223024625E-16,-0.));
#1286 = DEFINITIONAL_REPRESENTATION('',(#1287),#1291);
#1287 = LINE('',#1288,#1289);
#1288 = CARTESIAN_POINT('',(-6.28318530718,-295.0000003));
#1289 = VECTOR('',#1290,1.);
#1290 = DIRECTION('',(1.,-0.));
#1291 = ( GEOMETRIC_REPRESENTATION_CONTEXT(2) 
PARAMETRIC_REPRESENTATION_CONTEXT() REPRESENTATION_CONTEXT('2D SPACE',''
  ) );
#1292 = ORIENTED_EDGE('',*,*,#1293,.T.);
#1293 = EDGE_CURVE('',#1263,#1294,#1296,.T.);
#1294 = VERTEX_POINT('',#1295);
#1295 = CARTESIAN_POINT('',(78.,63.5,4.));
#1296 = SURFACE_CURVE('',#1297,(#1301,#1307),.PCURVE_S1.);
#1297 = LINE('',#1298,#1299);
#1298 = CARTESIAN_POINT('',(78.,-80.5,4.));
#1299 = VECTOR('',#1300,1.);
#1300 = DIRECTION('',(1.110223024625E-16,1.,-0.));
#1301 = PCURVE('',#44,#1302);
#1302 = DEFINITIONAL_REPRESENTATION('',(#1303),#1306);
#1303 = B_SPLINE_CURVE_WITH_KNOTS('',1,(#1304,#1305),.UNSPECIFIED.,.F.,
  .F.,(2,2),(17.,144.),.PIECEWISE_BEZIER_KNOTS.);
#1304 = CARTESIAN_POINT('',(218.,34.));
#1305 = CARTESIAN_POINT('',(218.,161.));
#1306 = ( GEOMETRIC_REPRESENTATION_CONTEXT(2) 
PARAMETRIC_REPRESENTATION_CONTEXT() REPRESENTATION_CONTEXT('2D SPACE',''
  ) );
#1307 = PCURVE('',#1308,#1313);
#1308 = PLANE('',#1309);
#1309 = AXIS2_PLACEMENT_3D('',#1310,#1311,#1312);
#1310 = CARTESIAN_POINT('',(78.,-63.5,299.0000003));
#1311 = DIRECTION('',(1.,-1.110223024625E-16,-0.));
#1312 = DIRECTION('',(1.110223024625E-16,1.,0.));
#1313 = DEFINITIONAL_REPRESENTATION('',(#1314),#1317);
#1314 = B_SPLINE_CURVE_WITH_KNOTS('',1,(#1315,#1316),.UNSPECIFIED.,.F.,
  .F.,(2,2),(17.,144.),.PIECEWISE_BEZIER_KNOTS.);
#1315 = CARTESIAN_POINT('',(0.,-295.0000003));
#1316 = CARTESIAN_POINT('',(127.,-295.0000003));
#1317 = ( GEOMETRIC_REPRESENTATION_CONTEXT(2) 
PARAMETRIC_REPRESENTATION_CONTEXT() REPRESENTATION_CONTEXT('2D SPACE',''
  ) );
#1318 = ORIENTED_EDGE('',*,*,#1319,.F.);
#1319 = EDGE_CURVE('',#1320,#1294,#1322,.T.);
#1320 = VERTEX_POINT('',#1321);
#1321 = CARTESIAN_POINT('',(86.,63.5,4.));
#1322 = SURFACE_CURVE('',#1323,(#1328,#1335),.PCURVE_S1.);
#1323 = CIRCLE('',#1324,4.);
#1324 = AXIS2_PLACEMENT_3D('',#1325,#1326,#1327);
#1325 = CARTESIAN_POINT('',(82.,63.5,4.));
#1326 = DIRECTION('',(0.,0.,1.));
#1327 = DIRECTION('',(-1.,1.110223024625E-16,0.));
#1328 = PCURVE('',#44,#1329);
#1329 = DEFINITIONAL_REPRESENTATION('',(#1330),#1334);
#1330 = CIRCLE('',#1331,4.);
#1331 = AXIS2_PLACEMENT_2D('',#1332,#1333);
#1332 = CARTESIAN_POINT('',(222.,161.));
#1333 = DIRECTION('',(-1.,1.110223024625E-16));
#1334 = ( GEOMETRIC_REPRESENTATION_CONTEXT(2) 
PARAMETRIC_REPRESENTATION_CONTEXT() REPRESENTATION_CONTEXT('2D SPACE',''
  ) );
#1335 = PCURVE('',#1336,#1341);
#1336 = CYLINDRICAL_SURFACE('',#1337,4.);
#1337 = AXIS2_PLACEMENT_3D('',#1338,#1339,#1340);
#1338 = CARTESIAN_POINT('',(82.,63.5,299.0000003));
#1339 = DIRECTION('',(0.,0.,1.));
#1340 = DIRECTION('',(-1.,1.110223024625E-16,0.));
#1341 = DEFINITIONAL_REPRESENTATION('',(#1342),#1346);
#1342 = LINE('',#1343,#1344);
#1343 = CARTESIAN_POINT('',(-6.28318530718,-295.0000003));
#1344 = VECTOR('',#1345,1.);
#1345 = DIRECTION('',(1.,-0.));
#1346 = ( GEOMETRIC_REPRESENTATION_CONTEXT(2) 
PARAMETRIC_REPRESENTATION_CONTEXT() REPRESENTATION_CONTEXT('2D SPACE',''
  ) );
#1347 = ORIENTED_EDGE('',*,*,#1348,.T.);
#1348 = EDGE_CURVE('',#1320,#1265,#1349,.T.);
#1349 = SURFACE_CURVE('',#1350,(#1354,#1360),.PCURVE_S1.);
#1350 = LINE('',#1351,#1352);
#1351 = CARTESIAN_POINT('',(86.,-17.,4.));
#1352 = VECTOR('',#1353,1.);
#1353 = DIRECTION('',(-1.110223024625E-16,-1.,0.));
#1354 = PCURVE('',#44,#1355);
#1355 = DEFINITIONAL_REPRESENTATION('',(#1356),#1359);
#1356 = B_SPLINE_CURVE_WITH_KNOTS('',1,(#1357,#1358),.UNSPECIFIED.,.F.,
  .F.,(2,2),(-80.5,46.5),.PIECEWISE_BEZIER_KNOTS.);
#1357 = CARTESIAN_POINT('',(226.,161.));
#1358 = CARTESIAN_POINT('',(226.,34.));
#1359 = ( GEOMETRIC_REPRESENTATION_CONTEXT(2) 
PARAMETRIC_REPRESENTATION_CONTEXT() REPRESENTATION_CONTEXT('2D SPACE',''
  ) );
#1360 = PCURVE('',#1361,#1366);
#1361 = PLANE('',#1362);
#1362 = AXIS2_PLACEMENT_3D('',#1363,#1364,#1365);
#1363 = CARTESIAN_POINT('',(86.,63.5,299.0000003));
#1364 = DIRECTION('',(-1.,1.110223024625E-16,0.));
#1365 = DIRECTION('',(-1.110223024625E-16,-1.,0.));
#1366 = DEFINITIONAL_REPRESENTATION('',(#1367),#1370);
#1367 = B_SPLINE_CURVE_WITH_KNOTS('',1,(#1368,#1369),.UNSPECIFIED.,.F.,
  .F.,(2,2),(-80.5,46.5),.PIECEWISE_BEZIER_KNOTS.);
#1368 = CARTESIAN_POINT('',(0.,-295.0000003));
#1369 = CARTESIAN_POINT('',(127.,-295.0000003));
#1370 = ( GEOMETRIC_REPRESENTATION_CONTEXT(2) 
PARAMETRIC_REPRESENTATION_CONTEXT() REPRESENTATION_CONTEXT('2D SPACE',''
  ) );
#1371 = FACE_BOUND('',#1372,.T.);
#1372 = EDGE_LOOP('',(#1373,#1404,#1430,#1459));
#1373 = ORIENTED_EDGE('',*,*,#1374,.F.);
#1374 = EDGE_CURVE('',#1375,#1377,#1379,.T.);
#1375 = VERTEX_POINT('',#1376);
#1376 = CARTESIAN_POINT('',(94.,-63.5,4.));
#1377 = VERTEX_POINT('',#1378);
#1378 = CARTESIAN_POINT('',(102.,-63.5,4.));
#1379 = SURFACE_CURVE('',#1380,(#1385,#1392),.PCURVE_S1.);
#1380 = CIRCLE('',#1381,4.);
#1381 = AXIS2_PLACEMENT_3D('',#1382,#1383,#1384);
#1382 = CARTESIAN_POINT('',(98.,-63.5,4.));
#1383 = DIRECTION('',(0.,-0.,1.));
#1384 = DIRECTION('',(1.,-1.110223024625E-16,-0.));
#1385 = PCURVE('',#44,#1386);
#1386 = DEFINITIONAL_REPRESENTATION('',(#1387),#1391);
#1387 = CIRCLE('',#1388,4.);
#1388 = AXIS2_PLACEMENT_2D('',#1389,#1390);
#1389 = CARTESIAN_POINT('',(238.,34.));
#1390 = DIRECTION('',(1.,-1.110223024625E-16));
#1391 = ( GEOMETRIC_REPRESENTATION_CONTEXT(2) 
PARAMETRIC_REPRESENTATION_CONTEXT() REPRESENTATION_CONTEXT('2D SPACE',''
  ) );
#1392 = PCURVE('',#1393,#1398);
#1393 = CYLINDRICAL_SURFACE('',#1394,4.);
#1394 = AXIS2_PLACEMENT_3D('',#1395,#1396,#1397);
#1395 = CARTESIAN_POINT('',(98.,-63.5,299.0000003));
#1396 = DIRECTION('',(0.,-0.,1.));
#1397 = DIRECTION('',(1.,-1.110223024625E-16,-0.));
#1398 = DEFINITIONAL_REPRESENTATION('',(#1399),#1403);
#1399 = LINE('',#1400,#1401);
#1400 = CARTESIAN_POINT('',(-6.28318530718,-295.0000003));
#1401 = VECTOR('',#1402,1.);
#1402 = DIRECTION('',(1.,-0.));
#1403 = ( GEOMETRIC_REPRESENTATION_CONTEXT(2) 
PARAMETRIC_REPRESENTATION_CONTEXT() REPRESENTATION_CONTEXT('2D SPACE',''
  ) );
#1404 = ORIENTED_EDGE('',*,*,#1405,.T.);
#1405 = EDGE_CURVE('',#1375,#1406,#1408,.T.);
#1406 = VERTEX_POINT('',#1407);
#1407 = CARTESIAN_POINT('',(94.,63.5,4.));
#1408 = SURFACE_CURVE('',#1409,(#1413,#1419),.PCURVE_S1.);
#1409 = LINE('',#1410,#1411);
#1410 = CARTESIAN_POINT('',(94.,-80.5,4.));
#1411 = VECTOR('',#1412,1.);
#1412 = DIRECTION('',(1.110223024625E-16,1.,-0.));
#1413 = PCURVE('',#44,#1414);
#1414 = DEFINITIONAL_REPRESENTATION('',(#1415),#1418);
#1415 = B_SPLINE_CURVE_WITH_KNOTS('',1,(#1416,#1417),.UNSPECIFIED.,.F.,
  .F.,(2,2),(17.,144.),.PIECEWISE_BEZIER_KNOTS.);
#1416 = CARTESIAN_POINT('',(234.,34.));
#1417 = CARTESIAN_POINT('',(234.,161.));
#1418 = ( GEOMETRIC_REPRESENTATION_CONTEXT(2) 
PARAMETRIC_REPRESENTATION_CONTEXT() REPRESENTATION_CONTEXT('2D SPACE',''
  ) );
#1419 = PCURVE('',#1420,#1425);
#1420 = PLANE('',#1421);
#1421 = AXIS2_PLACEMENT_3D('',#1422,#1423,#1424);
#1422 = CARTESIAN_POINT('',(94.,-63.5,299.0000003));
#1423 = DIRECTION('',(1.,-1.110223024625E-16,-0.));
#1424 = DIRECTION('',(1.110223024625E-16,1.,0.));
#1425 = DEFINITIONAL_REPRESENTATION('',(#1426),#1429);
#1426 = B_SPLINE_CURVE_WITH_KNOTS('',1,(#1427,#1428),.UNSPECIFIED.,.F.,
  .F.,(2,2),(17.,144.),.PIECEWISE_BEZIER_KNOTS.);
#1427 = CARTESIAN_POINT('',(0.,-295.0000003));
#1428 = CARTESIAN_POINT('',(127.,-295.0000003));
#1429 = ( GEOMETRIC_REPRESENTATION_CONTEXT(2) 
PARAMETRIC_REPRESENTATION_CONTEXT() REPRESENTATION_CONTEXT('2D SPACE',''
  ) );
#1430 = ORIENTED_EDGE('',*,*,#1431,.F.);
#1431 = EDGE_CURVE('',#1432,#1406,#1434,.T.);
#1432 = VERTEX_POINT('',#1433);
#1433 = CARTESIAN_POINT('',(102.,63.5,4.));
#1434 = SURFACE_CURVE('',#1435,(#1440,#1447),.PCURVE_S1.);
#1435 = CIRCLE('',#1436,4.);
#1436 = AXIS2_PLACEMENT_3D('',#1437,#1438,#1439);
#1437 = CARTESIAN_POINT('',(98.,63.5,4.));
#1438 = DIRECTION('',(0.,0.,1.));
#1439 = DIRECTION('',(-1.,1.110223024625E-16,0.));
#1440 = PCURVE('',#44,#1441);
#1441 = DEFINITIONAL_REPRESENTATION('',(#1442),#1446);
#1442 = CIRCLE('',#1443,4.);
#1443 = AXIS2_PLACEMENT_2D('',#1444,#1445);
#1444 = CARTESIAN_POINT('',(238.,161.));
#1445 = DIRECTION('',(-1.,1.110223024625E-16));
#1446 = ( GEOMETRIC_REPRESENTATION_CONTEXT(2) 
PARAMETRIC_REPRESENTATION_CONTEXT() REPRESENTATION_CONTEXT('2D SPACE',''
  ) );
#1447 = PCURVE('',#1448,#1453);
#1448 = CYLINDRICAL_SURFACE('',#1449,4.);
#1449 = AXIS2_PLACEMENT_3D('',#1450,#1451,#1452);
#1450 = CARTESIAN_POINT('',(98.,63.5,299.0000003));
#1451 = DIRECTION('',(0.,0.,1.));
#1452 = DIRECTION('',(-1.,1.110223024625E-16,0.));
#1453 = DEFINITIONAL_REPRESENTATION('',(#1454),#1458);
#1454 = LINE('',#1455,#1456);
#1455 = CARTESIAN_POINT('',(-6.28318530718,-295.0000003));
#1456 = VECTOR('',#1457,1.);
#1457 = DIRECTION('',(1.,-0.));
#1458 = ( GEOMETRIC_REPRESENTATION_CONTEXT(2) 
PARAMETRIC_REPRESENTATION_CONTEXT() REPRESENTATION_CONTEXT('2D SPACE',''
  ) );
#1459 = ORIENTED_EDGE('',*,*,#1460,.T.);
#1460 = EDGE_CURVE('',#1432,#1377,#1461,.T.);
#1461 = SURFACE_CURVE('',#1462,(#1466,#1472),.PCURVE_S1.);
#1462 = LINE('',#1463,#1464);
#1463 = CARTESIAN_POINT('',(102.,-17.,4.));
#1464 = VECTOR('',#1465,1.);
#1465 = DIRECTION('',(-1.110223024625E-16,-1.,0.));
#1466 = PCURVE('',#44,#1467);
#1467 = DEFINITIONAL_REPRESENTATION('',(#1468),#1471);
#1468 = B_SPLINE_CURVE_WITH_KNOTS('',1,(#1469,#1470),.UNSPECIFIED.,.F.,
  .F.,(2,2),(-80.5,46.5),.PIECEWISE_BEZIER_KNOTS.);
#1469 = CARTESIAN_POINT('',(242.,161.));
#1470 = CARTESIAN_POINT('',(242.,34.));
#1471 = ( GEOMETRIC_REPRESENTATION_CONTEXT(2) 
PARAMETRIC_REPRESENTATION_CONTEXT() REPRESENTATION_CONTEXT('2D SPACE',''
  ) );
#1472 = PCURVE('',#1473,#1478);
#1473 = PLANE('',#1474);
#1474 = AXIS2_PLACEMENT_3D('',#1475,#1476,#1477);
#1475 = CARTESIAN_POINT('',(102.,63.5,299.0000003));
#1476 = DIRECTION('',(-1.,1.110223024625E-16,0.));
#1477 = DIRECTION('',(-1.110223024625E-16,-1.,0.));
#1478 = DEFINITIONAL_REPRESENTATION('',(#1479),#1482);
#1479 = B_SPLINE_CURVE_WITH_KNOTS('',1,(#1480,#1481),.UNSPECIFIED.,.F.,
  .F.,(2,2),(-80.5,46.5),.PIECEWISE_BEZIER_KNOTS.);
#1480 = CARTESIAN_POINT('',(0.,-295.0000003));
#1481 = CARTESIAN_POINT('',(127.,-295.0000003));
#1482 = ( GEOMETRIC_REPRESENTATION_CONTEXT(2) 
PARAMETRIC_REPRESENTATION_CONTEXT() REPRESENTATION_CONTEXT('2D SPACE',''
  ) );
#1483 = FACE_BOUND('',#1484,.T.);
#1484 = EDGE_LOOP('',(#1485,#1516,#1542,#1571));
#1485 = ORIENTED_EDGE('',*,*,#1486,.F.);
#1486 = EDGE_CURVE('',#1487,#1489,#1491,.T.);
#1487 = VERTEX_POINT('',#1488);
#1488 = CARTESIAN_POINT('',(110.,-63.5,4.));
#1489 = VERTEX_POINT('',#1490);
#1490 = CARTESIAN_POINT('',(118.,-63.5,4.));
#1491 = SURFACE_CURVE('',#1492,(#1497,#1504),.PCURVE_S1.);
#1492 = CIRCLE('',#1493,4.);
#1493 = AXIS2_PLACEMENT_3D('',#1494,#1495,#1496);
#1494 = CARTESIAN_POINT('',(114.,-63.5,4.));
#1495 = DIRECTION('',(0.,-0.,1.));
#1496 = DIRECTION('',(1.,-1.110223024625E-16,-0.));
#1497 = PCURVE('',#44,#1498);
#1498 = DEFINITIONAL_REPRESENTATION('',(#1499),#1503);
#1499 = CIRCLE('',#1500,4.);
#1500 = AXIS2_PLACEMENT_2D('',#1501,#1502);
#1501 = CARTESIAN_POINT('',(254.,34.));
#1502 = DIRECTION('',(1.,-1.110223024625E-16));
#1503 = ( GEOMETRIC_REPRESENTATION_CONTEXT(2) 
PARAMETRIC_REPRESENTATION_CONTEXT() REPRESENTATION_CONTEXT('2D SPACE',''
  ) );
#1504 = PCURVE('',#1505,#1510);
#1505 = CYLINDRICAL_SURFACE('',#1506,4.);
#1506 = AXIS2_PLACEMENT_3D('',#1507,#1508,#1509);
#1507 = CARTESIAN_POINT('',(114.,-63.5,299.0000003));
#1508 = DIRECTION('',(0.,-0.,1.));
#1509 = DIRECTION('',(1.,-1.110223024625E-16,-0.));
#1510 = DEFINITIONAL_REPRESENTATION('',(#1511),#1515);
#1511 = LINE('',#1512,#1513);
#1512 = CARTESIAN_POINT('',(-6.28318530718,-295.0000003));
#1513 = VECTOR('',#1514,1.);
#1514 = DIRECTION('',(1.,-0.));
#1515 = ( GEOMETRIC_REPRESENTATION_CONTEXT(2) 
PARAMETRIC_REPRESENTATION_CONTEXT() REPRESENTATION_CONTEXT('2D SPACE',''
  ) );
#1516 = ORIENTED_EDGE('',*,*,#1517,.T.);
#1517 = EDGE_CURVE('',#1487,#1518,#1520,.T.);
#1518 = VERTEX_POINT('',#1519);
#1519 = CARTESIAN_POINT('',(110.,63.5,4.));
#1520 = SURFACE_CURVE('',#1521,(#1525,#1531),.PCURVE_S1.);
#1521 = LINE('',#1522,#1523);
#1522 = CARTESIAN_POINT('',(110.,-80.5,4.));
#1523 = VECTOR('',#1524,1.);
#1524 = DIRECTION('',(1.110223024625E-16,1.,-0.));
#1525 = PCURVE('',#44,#1526);
#1526 = DEFINITIONAL_REPRESENTATION('',(#1527),#1530);
#1527 = B_SPLINE_CURVE_WITH_KNOTS('',1,(#1528,#1529),.UNSPECIFIED.,.F.,
  .F.,(2,2),(17.,144.),.PIECEWISE_BEZIER_KNOTS.);
#1528 = CARTESIAN_POINT('',(250.,34.));
#1529 = CARTESIAN_POINT('',(250.,161.));
#1530 = ( GEOMETRIC_REPRESENTATION_CONTEXT(2) 
PARAMETRIC_REPRESENTATION_CONTEXT() REPRESENTATION_CONTEXT('2D SPACE',''
  ) );
#1531 = PCURVE('',#1532,#1537);
#1532 = PLANE('',#1533);
#1533 = AXIS2_PLACEMENT_3D('',#1534,#1535,#1536);
#1534 = CARTESIAN_POINT('',(110.,-63.5,299.0000003));
#1535 = DIRECTION('',(1.,-1.110223024625E-16,-0.));
#1536 = DIRECTION('',(1.110223024625E-16,1.,0.));
#1537 = DEFINITIONAL_REPRESENTATION('',(#1538),#1541);
#1538 = B_SPLINE_CURVE_WITH_KNOTS('',1,(#1539,#1540),.UNSPECIFIED.,.F.,
  .F.,(2,2),(17.,144.),.PIECEWISE_BEZIER_KNOTS.);
#1539 = CARTESIAN_POINT('',(0.,-295.0000003));
#1540 = CARTESIAN_POINT('',(127.,-295.0000003));
#1541 = ( GEOMETRIC_REPRESENTATION_CONTEXT(2) 
PARAMETRIC_REPRESENTATION_CONTEXT() REPRESENTATION_CONTEXT('2D SPACE',''
  ) );
#1542 = ORIENTED_EDGE('',*,*,#1543,.F.);
#1543 = EDGE_CURVE('',#1544,#1518,#1546,.T.);
#1544 = VERTEX_POINT('',#1545);
#1545 = CARTESIAN_POINT('',(118.,63.5,4.));
#1546 = SURFACE_CURVE('',#1547,(#1552,#1559),.PCURVE_S1.);
#1547 = CIRCLE('',#1548,4.);
#1548 = AXIS2_PLACEMENT_3D('',#1549,#1550,#1551);
#1549 = CARTESIAN_POINT('',(114.,63.5,4.));
#1550 = DIRECTION('',(0.,0.,1.));
#1551 = DIRECTION('',(-1.,1.110223024625E-16,0.));
#1552 = PCURVE('',#44,#1553);
#1553 = DEFINITIONAL_REPRESENTATION('',(#1554),#1558);
#1554 = CIRCLE('',#1555,4.);
#1555 = AXIS2_PLACEMENT_2D('',#1556,#1557);
#1556 = CARTESIAN_POINT('',(254.,161.));
#1557 = DIRECTION('',(-1.,1.110223024625E-16));
#1558 = ( GEOMETRIC_REPRESENTATION_CONTEXT(2) 
PARAMETRIC_REPRESENTATION_CONTEXT() REPRESENTATION_CONTEXT('2D SPACE',''
  ) );
#1559 = PCURVE('',#1560,#1565);
#1560 = CYLINDRICAL_SURFACE('',#1561,4.);
#1561 = AXIS2_PLACEMENT_3D('',#1562,#1563,#1564);
#1562 = CARTESIAN_POINT('',(114.,63.5,299.0000003));
#1563 = DIRECTION('',(0.,0.,1.));
#1564 = DIRECTION('',(-1.,1.110223024625E-16,0.));
#1565 = DEFINITIONAL_REPRESENTATION('',(#1566),#1570);
#1566 = LINE('',#1567,#1568);
#1567 = CARTESIAN_POINT('',(-6.28318530718,-295.0000003));
#1568 = VECTOR('',#1569,1.);
#1569 = DIRECTION('',(1.,-0.));
#1570 = ( GEOMETRIC_REPRESENTATION_CONTEXT(2) 
PARAMETRIC_REPRESENTATION_CONTEXT() REPRESENTATION_CONTEXT('2D SPACE',''
  ) );
#1571 = ORIENTED_EDGE('',*,*,#1572,.T.);
#1572 = EDGE_CURVE('',#1544,#1489,#1573,.T.);
#1573 = SURFACE_CURVE('',#1574,(#1578,#1584),.PCURVE_S1.);
#1574 = LINE('',#1575,#1576);
#1575 = CARTESIAN_POINT('',(118.,-17.,4.));
#1576 = VECTOR('',#1577,1.);
#1577 = DIRECTION('',(-1.110223024625E-16,-1.,0.));
#1578 = PCURVE('',#44,#1579);
#1579 = DEFINITIONAL_REPRESENTATION('',(#1580),#1583);
#1580 = B_SPLINE_CURVE_WITH_KNOTS('',1,(#1581,#1582),.UNSPECIFIED.,.F.,
  .F.,(2,2),(-80.5,46.5),.PIECEWISE_BEZIER_KNOTS.);
#1581 = CARTESIAN_POINT('',(258.,161.));
#1582 = CARTESIAN_POINT('',(258.,34.));
#1583 = ( GEOMETRIC_REPRESENTATION_CONTEXT(2) 
PARAMETRIC_REPRESENTATION_CONTEXT() REPRESENTATION_CONTEXT('2D SPACE',''
  ) );
#1584 = PCURVE('',#1585,#1590);
#1585 = PLANE('',#1586);
#1586 = AXIS2_PLACEMENT_3D('',#1587,#1588,#1589);
#1587 = CARTESIAN_POINT('',(118.,63.5,299.0000003));
#1588 = DIRECTION('',(-1.,1.110223024625E-16,0.));
#1589 = DIRECTION('',(-1.110223024625E-16,-1.,0.));
#1590 = DEFINITIONAL_REPRESENTATION('',(#1591),#1594);
#1591 = B_SPLINE_CURVE_WITH_KNOTS('',1,(#1592,#1593),.UNSPECIFIED.,.F.,
  .F.,(2,2),(-80.5,46.5),.PIECEWISE_BEZIER_KNOTS.);
#1592 = CARTESIAN_POINT('',(0.,-295.0000003));
#1593 = CARTESIAN_POINT('',(127.,-295.0000003));
#1594 = ( GEOMETRIC_REPRESENTATION_CONTEXT(2) 
PARAMETRIC_REPRESENTATION_CONTEXT() REPRESENTATION_CONTEXT('2D SPACE',''
  ) );
#1595 = ADVANCED_FACE('',(#1596),#72,.T.);
#1596 = FACE_BOUND('',#1597,.T.);
#1597 = EDGE_LOOP('',(#1598,#1599,#1623,#1642));
#1598 = ORIENTED_EDGE('',*,*,#56,.F.);
#1599 = ORIENTED_EDGE('',*,*,#1600,.T.);
#1600 = EDGE_CURVE('',#57,#1601,#1603,.T.);
#1601 = VERTEX_POINT('',#1602);
#1602 = CARTESIAN_POINT('',(-138.9282032302,-93.5,0.));
#1603 = SURFACE_CURVE('',#1604,(#1609,#1616),.PCURVE_S1.);
#1604 = CIRCLE('',#1605,8.);
#1605 = AXIS2_PLACEMENT_3D('',#1606,#1607,#1608);
#1606 = CARTESIAN_POINT('',(-132.,-89.5,0.));
#1607 = DIRECTION('',(0.,0.,1.));
#1608 = DIRECTION('',(0.,-1.,0.));
#1609 = PCURVE('',#72,#1610);
#1610 = DEFINITIONAL_REPRESENTATION('',(#1611),#1615);
#1611 = LINE('',#1612,#1613);
#1612 = CARTESIAN_POINT('',(-4.712388980385,0.));
#1613 = VECTOR('',#1614,1.);
#1614 = DIRECTION('',(1.,0.));
#1615 = ( GEOMETRIC_REPRESENTATION_CONTEXT(2) 
PARAMETRIC_REPRESENTATION_CONTEXT() REPRESENTATION_CONTEXT('2D SPACE',''
  ) );
#1616 = PCURVE('',#100,#1617);
#1617 = DEFINITIONAL_REPRESENTATION('',(#1618),#1622);
#1618 = CIRCLE('',#1619,8.);
#1619 = AXIS2_PLACEMENT_2D('',#1620,#1621);
#1620 = CARTESIAN_POINT('',(8.,8.));
#1621 = DIRECTION('',(0.,-1.));
#1622 = ( GEOMETRIC_REPRESENTATION_CONTEXT(2) 
PARAMETRIC_REPRESENTATION_CONTEXT() REPRESENTATION_CONTEXT('2D SPACE',''
  ) );
#1623 = ORIENTED_EDGE('',*,*,#1624,.T.);
#1624 = EDGE_CURVE('',#1601,#143,#1625,.T.);
#1625 = SURFACE_CURVE('',#1626,(#1630,#1636),.PCURVE_S1.);
#1626 = LINE('',#1627,#1628);
#1627 = CARTESIAN_POINT('',(-138.9282032302,-93.5,0.));
#1628 = VECTOR('',#1629,1.);
#1629 = DIRECTION('',(0.,0.,1.));
#1630 = PCURVE('',#72,#1631);
#1631 = DEFINITIONAL_REPRESENTATION('',(#1632),#1635);
#1632 = B_SPLINE_CURVE_WITH_KNOTS('',1,(#1633,#1634),.UNSPECIFIED.,.F.,
  .F.,(2,2),(-6.E-07,4.0000006),.PIECEWISE_BEZIER_KNOTS.);
#1633 = CARTESIAN_POINT('',(0.523598775598,-6.E-07));
#1634 = CARTESIAN_POINT('',(0.523598775598,4.0000006));
#1635 = ( GEOMETRIC_REPRESENTATION_CONTEXT(2) 
PARAMETRIC_REPRESENTATION_CONTEXT() REPRESENTATION_CONTEXT('2D SPACE',''
  ) );
#1636 = PCURVE('',#181,#1637);
#1637 = DEFINITIONAL_REPRESENTATION('',(#1638),#1641);
#1638 = B_SPLINE_CURVE_WITH_KNOTS('',1,(#1639,#1640),.UNSPECIFIED.,.F.,
  .F.,(2,2),(-6.E-07,4.0000006),.PIECEWISE_BEZIER_KNOTS.);
#1639 = CARTESIAN_POINT('',(-6.E-07,1.071796769725));
#1640 = CARTESIAN_POINT('',(4.0000006,1.071796769725));
#1641 = ( GEOMETRIC_REPRESENTATION_CONTEXT(2) 
PARAMETRIC_REPRESENTATION_CONTEXT() REPRESENTATION_CONTEXT('2D SPACE',''
  ) );
#1642 = ORIENTED_EDGE('',*,*,#142,.F.);
#1643 = ADVANCED_FACE('',(#1644),#126,.T.);
#1644 = FACE_BOUND('',#1645,.F.);
#1645 = EDGE_LOOP('',(#1646,#1674,#1695,#1696));
#1646 = ORIENTED_EDGE('',*,*,#1647,.T.);
#1647 = EDGE_CURVE('',#85,#1648,#1650,.T.);
#1648 = VERTEX_POINT('',#1649);
#1649 = CARTESIAN_POINT('',(-132.,97.5,0.));
#1650 = SURFACE_CURVE('',#1651,(#1656,#1663),.PCURVE_S1.);
#1651 = CIRCLE('',#1652,8.);
#1652 = AXIS2_PLACEMENT_3D('',#1653,#1654,#1655);
#1653 = CARTESIAN_POINT('',(-132.,89.5,0.));
#1654 = DIRECTION('',(-0.,-0.,-1.));
#1655 = DIRECTION('',(0.,-1.,0.));
#1656 = PCURVE('',#126,#1657);
#1657 = DEFINITIONAL_REPRESENTATION('',(#1658),#1662);
#1658 = LINE('',#1659,#1660);
#1659 = CARTESIAN_POINT('',(1.570796326795,-0.));
#1660 = VECTOR('',#1661,1.);
#1661 = DIRECTION('',(-1.,0.));
#1662 = ( GEOMETRIC_REPRESENTATION_CONTEXT(2) 
PARAMETRIC_REPRESENTATION_CONTEXT() REPRESENTATION_CONTEXT('2D SPACE',''
  ) );
#1663 = PCURVE('',#100,#1664);
#1664 = DEFINITIONAL_REPRESENTATION('',(#1665),#1673);
#1665 = ( BOUNDED_CURVE() B_SPLINE_CURVE(2,(#1666,#1667,#1668,#1669,
#1670,#1671,#1672),.UNSPECIFIED.,.T.,.F.) B_SPLINE_CURVE_WITH_KNOTS((1,2
    ,2,2,2,1),(-2.094395102393,0.,2.094395102393,4.188790204786,
6.28318530718,8.377580409573),.UNSPECIFIED.) CURVE() 
GEOMETRIC_REPRESENTATION_ITEM() RATIONAL_B_SPLINE_CURVE((1.,0.5,1.,0.5,
1.,0.5,1.)) REPRESENTATION_ITEM('') );
#1666 = CARTESIAN_POINT('',(8.,179.));
#1667 = CARTESIAN_POINT('',(-5.856406460551,179.));
#1668 = CARTESIAN_POINT('',(1.071796769724,191.));
#1669 = CARTESIAN_POINT('',(8.,203.));
#1670 = CARTESIAN_POINT('',(14.928203230276,191.));
#1671 = CARTESIAN_POINT('',(21.856406460551,179.));
#1672 = CARTESIAN_POINT('',(8.,179.));
#1673 = ( GEOMETRIC_REPRESENTATION_CONTEXT(2) 
PARAMETRIC_REPRESENTATION_CONTEXT() REPRESENTATION_CONTEXT('2D SPACE',''
  ) );
#1674 = ORIENTED_EDGE('',*,*,#1675,.T.);
#1675 = EDGE_CURVE('',#1648,#283,#1676,.T.);
#1676 = SURFACE_CURVE('',#1677,(#1681,#1688),.PCURVE_S1.);
#1677 = LINE('',#1678,#1679);
#1678 = CARTESIAN_POINT('',(-132.,97.5,0.));
#1679 = VECTOR('',#1680,1.);
#1680 = DIRECTION('',(0.,0.,1.));
#1681 = PCURVE('',#126,#1682);
#1682 = DEFINITIONAL_REPRESENTATION('',(#1683),#1687);
#1683 = LINE('',#1684,#1685);
#1684 = CARTESIAN_POINT('',(-1.570796326795,0.));
#1685 = VECTOR('',#1686,1.);
#1686 = DIRECTION('',(-0.,1.));
#1687 = ( GEOMETRIC_REPRESENTATION_CONTEXT(2) 
PARAMETRIC_REPRESENTATION_CONTEXT() REPRESENTATION_CONTEXT('2D SPACE',''
  ) );
#1688 = PCURVE('',#298,#1689);
#1689 = DEFINITIONAL_REPRESENTATION('',(#1690),#1694);
#1690 = LINE('',#1691,#1692);
#1691 = CARTESIAN_POINT('',(0.,8.));
#1692 = VECTOR('',#1693,1.);
#1693 = DIRECTION('',(1.,0.));
#1694 = ( GEOMETRIC_REPRESENTATION_CONTEXT(2) 
PARAMETRIC_REPRESENTATION_CONTEXT() REPRESENTATION_CONTEXT('2D SPACE',''
  ) );
#1695 = ORIENTED_EDGE('',*,*,#310,.F.);
#1696 = ORIENTED_EDGE('',*,*,#112,.F.);
#1697 = ADVANCED_FACE('',(#1698,#1929,#1955,#1981,#2073,#2165,#2257,
    #2349,#2441,#2467,#2559,#2585,#2677,#2769,#2861),#100,.F.);
#1698 = FACE_BOUND('',#1699,.F.);
#1699 = EDGE_LOOP('',(#1700,#1701,#1702,#1725,#1753,#1781,#1809,#1832,
    #1860,#1883,#1907,#1928));
#1700 = ORIENTED_EDGE('',*,*,#84,.F.);
#1701 = ORIENTED_EDGE('',*,*,#1600,.T.);
#1702 = ORIENTED_EDGE('',*,*,#1703,.F.);
#1703 = EDGE_CURVE('',#1704,#1601,#1706,.T.);
#1704 = VERTEX_POINT('',#1705);
#1705 = CARTESIAN_POINT('',(-140.,-93.5,0.));
#1706 = SURFACE_CURVE('',#1707,(#1711,#1718),.PCURVE_S1.);
#1707 = LINE('',#1708,#1709);
#1708 = CARTESIAN_POINT('',(-140.,-93.5,0.));
#1709 = VECTOR('',#1710,1.);
#1710 = DIRECTION('',(1.,0.,0.));
#1711 = PCURVE('',#100,#1712);
#1712 = DEFINITIONAL_REPRESENTATION('',(#1713),#1717);
#1713 = LINE('',#1714,#1715);
#1714 = CARTESIAN_POINT('',(0.,4.));
#1715 = VECTOR('',#1716,1.);
#1716 = DIRECTION('',(1.,0.));
#1717 = ( GEOMETRIC_REPRESENTATION_CONTEXT(2) 
PARAMETRIC_REPRESENTATION_CONTEXT() REPRESENTATION_CONTEXT('2D SPACE',''
  ) );
#1718 = PCURVE('',#181,#1719);
#1719 = DEFINITIONAL_REPRESENTATION('',(#1720),#1724);
#1720 = LINE('',#1721,#1722);
#1721 = CARTESIAN_POINT('',(0.,0.));
#1722 = VECTOR('',#1723,1.);
#1723 = DIRECTION('',(0.,1.));
#1724 = ( GEOMETRIC_REPRESENTATION_CONTEXT(2) 
PARAMETRIC_REPRESENTATION_CONTEXT() REPRESENTATION_CONTEXT('2D SPACE',''
  ) );
#1725 = ORIENTED_EDGE('',*,*,#1726,.F.);
#1726 = EDGE_CURVE('',#1727,#1704,#1729,.T.);
#1727 = VERTEX_POINT('',#1728);
#1728 = CARTESIAN_POINT('',(-140.,-97.5,0.));
#1729 = SURFACE_CURVE('',#1730,(#1734,#1741),.PCURVE_S1.);
#1730 = LINE('',#1731,#1732);
#1731 = CARTESIAN_POINT('',(-140.,-97.5,0.));
#1732 = VECTOR('',#1733,1.);
#1733 = DIRECTION('',(0.,1.,0.));
#1734 = PCURVE('',#100,#1735);
#1735 = DEFINITIONAL_REPRESENTATION('',(#1736),#1740);
#1736 = LINE('',#1737,#1738);
#1737 = CARTESIAN_POINT('',(0.,0.));
#1738 = VECTOR('',#1739,1.);
#1739 = DIRECTION('',(0.,1.));
#1740 = ( GEOMETRIC_REPRESENTATION_CONTEXT(2) 
PARAMETRIC_REPRESENTATION_CONTEXT() REPRESENTATION_CONTEXT('2D SPACE',''
  ) );
#1741 = PCURVE('',#1742,#1747);
#1742 = PLANE('',#1743);
#1743 = AXIS2_PLACEMENT_3D('',#1744,#1745,#1746);
#1744 = CARTESIAN_POINT('',(-140.,-97.5,0.));
#1745 = DIRECTION('',(1.,0.,0.));
#1746 = DIRECTION('',(0.,0.,1.));
#1747 = DEFINITIONAL_REPRESENTATION('',(#1748),#1752);
#1748 = LINE('',#1749,#1750);
#1749 = CARTESIAN_POINT('',(0.,0.));
#1750 = VECTOR('',#1751,1.);
#1751 = DIRECTION('',(0.,-1.));
#1752 = ( GEOMETRIC_REPRESENTATION_CONTEXT(2) 
PARAMETRIC_REPRESENTATION_CONTEXT() REPRESENTATION_CONTEXT('2D SPACE',''
  ) );
#1753 = ORIENTED_EDGE('',*,*,#1754,.F.);
#1754 = EDGE_CURVE('',#1755,#1727,#1757,.T.);
#1755 = VERTEX_POINT('',#1756);
#1756 = CARTESIAN_POINT('',(140.,-97.5,0.));
#1757 = SURFACE_CURVE('',#1758,(#1762,#1769),.PCURVE_S1.);
#1758 = LINE('',#1759,#1760);
#1759 = CARTESIAN_POINT('',(140.,-97.5,0.));
#1760 = VECTOR('',#1761,1.);
#1761 = DIRECTION('',(-1.,0.,0.));
#1762 = PCURVE('',#100,#1763);
#1763 = DEFINITIONAL_REPRESENTATION('',(#1764),#1768);
#1764 = LINE('',#1765,#1766);
#1765 = CARTESIAN_POINT('',(280.,0.));
#1766 = VECTOR('',#1767,1.);
#1767 = DIRECTION('',(-1.,0.));
#1768 = ( GEOMETRIC_REPRESENTATION_CONTEXT(2) 
PARAMETRIC_REPRESENTATION_CONTEXT() REPRESENTATION_CONTEXT('2D SPACE',''
  ) );
#1769 = PCURVE('',#1770,#1775);
#1770 = PLANE('',#1771);
#1771 = AXIS2_PLACEMENT_3D('',#1772,#1773,#1774);
#1772 = CARTESIAN_POINT('',(-140.,-97.5,0.));
#1773 = DIRECTION('',(0.,1.,0.));
#1774 = DIRECTION('',(0.,0.,1.));
#1775 = DEFINITIONAL_REPRESENTATION('',(#1776),#1780);
#1776 = LINE('',#1777,#1778);
#1777 = CARTESIAN_POINT('',(0.,280.));
#1778 = VECTOR('',#1779,1.);
#1779 = DIRECTION('',(0.,-1.));
#1780 = ( GEOMETRIC_REPRESENTATION_CONTEXT(2) 
PARAMETRIC_REPRESENTATION_CONTEXT() REPRESENTATION_CONTEXT('2D SPACE',''
  ) );
#1781 = ORIENTED_EDGE('',*,*,#1782,.T.);
#1782 = EDGE_CURVE('',#1755,#1783,#1785,.T.);
#1783 = VERTEX_POINT('',#1784);
#1784 = CARTESIAN_POINT('',(140.,-93.5,0.));
#1785 = SURFACE_CURVE('',#1786,(#1790,#1797),.PCURVE_S1.);
#1786 = LINE('',#1787,#1788);
#1787 = CARTESIAN_POINT('',(140.,-97.5,0.));
#1788 = VECTOR('',#1789,1.);
#1789 = DIRECTION('',(0.,1.,0.));
#1790 = PCURVE('',#100,#1791);
#1791 = DEFINITIONAL_REPRESENTATION('',(#1792),#1796);
#1792 = LINE('',#1793,#1794);
#1793 = CARTESIAN_POINT('',(280.,0.));
#1794 = VECTOR('',#1795,1.);
#1795 = DIRECTION('',(0.,1.));
#1796 = ( GEOMETRIC_REPRESENTATION_CONTEXT(2) 
PARAMETRIC_REPRESENTATION_CONTEXT() REPRESENTATION_CONTEXT('2D SPACE',''
  ) );
#1797 = PCURVE('',#1798,#1803);
#1798 = PLANE('',#1799);
#1799 = AXIS2_PLACEMENT_3D('',#1800,#1801,#1802);
#1800 = CARTESIAN_POINT('',(140.,-97.5,0.));
#1801 = DIRECTION('',(1.,0.,0.));
#1802 = DIRECTION('',(0.,0.,1.));
#1803 = DEFINITIONAL_REPRESENTATION('',(#1804),#1808);
#1804 = LINE('',#1805,#1806);
#1805 = CARTESIAN_POINT('',(0.,0.));
#1806 = VECTOR('',#1807,1.);
#1807 = DIRECTION('',(0.,-1.));
#1808 = ( GEOMETRIC_REPRESENTATION_CONTEXT(2) 
PARAMETRIC_REPRESENTATION_CONTEXT() REPRESENTATION_CONTEXT('2D SPACE',''
  ) );
#1809 = ORIENTED_EDGE('',*,*,#1810,.F.);
#1810 = EDGE_CURVE('',#1811,#1783,#1813,.T.);
#1811 = VERTEX_POINT('',#1812);
#1812 = CARTESIAN_POINT('',(138.92820323027,-93.5,0.));
#1813 = SURFACE_CURVE('',#1814,(#1818,#1825),.PCURVE_S1.);
#1814 = LINE('',#1815,#1816);
#1815 = CARTESIAN_POINT('',(-140.,-93.5,0.));
#1816 = VECTOR('',#1817,1.);
#1817 = DIRECTION('',(1.,0.,0.));
#1818 = PCURVE('',#100,#1819);
#1819 = DEFINITIONAL_REPRESENTATION('',(#1820),#1824);
#1820 = LINE('',#1821,#1822);
#1821 = CARTESIAN_POINT('',(0.,4.));
#1822 = VECTOR('',#1823,1.);
#1823 = DIRECTION('',(1.,0.));
#1824 = ( GEOMETRIC_REPRESENTATION_CONTEXT(2) 
PARAMETRIC_REPRESENTATION_CONTEXT() REPRESENTATION_CONTEXT('2D SPACE',''
  ) );
#1825 = PCURVE('',#181,#1826);
#1826 = DEFINITIONAL_REPRESENTATION('',(#1827),#1831);
#1827 = LINE('',#1828,#1829);
#1828 = CARTESIAN_POINT('',(0.,0.));
#1829 = VECTOR('',#1830,1.);
#1830 = DIRECTION('',(0.,1.));
#1831 = ( GEOMETRIC_REPRESENTATION_CONTEXT(2) 
PARAMETRIC_REPRESENTATION_CONTEXT() REPRESENTATION_CONTEXT('2D SPACE',''
  ) );
#1832 = ORIENTED_EDGE('',*,*,#1833,.F.);
#1833 = EDGE_CURVE('',#1834,#1811,#1836,.T.);
#1834 = VERTEX_POINT('',#1835);
#1835 = CARTESIAN_POINT('',(140.,-89.5,0.));
#1836 = SURFACE_CURVE('',#1837,(#1842,#1853),.PCURVE_S1.);
#1837 = CIRCLE('',#1838,8.);
#1838 = AXIS2_PLACEMENT_3D('',#1839,#1840,#1841);
#1839 = CARTESIAN_POINT('',(132.,-89.5,0.));
#1840 = DIRECTION('',(-0.,-0.,-1.));
#1841 = DIRECTION('',(0.,-1.,0.));
#1842 = PCURVE('',#100,#1843);
#1843 = DEFINITIONAL_REPRESENTATION('',(#1844),#1852);
#1844 = ( BOUNDED_CURVE() B_SPLINE_CURVE(2,(#1845,#1846,#1847,#1848,
#1849,#1850,#1851),.UNSPECIFIED.,.T.,.F.) B_SPLINE_CURVE_WITH_KNOTS((1,2
    ,2,2,2,1),(-2.094395102393,0.,2.094395102393,4.188790204786,
6.28318530718,8.377580409573),.UNSPECIFIED.) CURVE() 
GEOMETRIC_REPRESENTATION_ITEM() RATIONAL_B_SPLINE_CURVE((1.,0.5,1.,0.5,
1.,0.5,1.)) REPRESENTATION_ITEM('') );
#1845 = CARTESIAN_POINT('',(272.,0.));
#1846 = CARTESIAN_POINT('',(258.14359353944,0.));
#1847 = CARTESIAN_POINT('',(265.07179676972,12.));
#1848 = CARTESIAN_POINT('',(272.,24.));
#1849 = CARTESIAN_POINT('',(278.92820323027,12.));
#1850 = CARTESIAN_POINT('',(285.85640646055,1.24344978758E-14));
#1851 = CARTESIAN_POINT('',(272.,0.));
#1852 = ( GEOMETRIC_REPRESENTATION_CONTEXT(2) 
PARAMETRIC_REPRESENTATION_CONTEXT() REPRESENTATION_CONTEXT('2D SPACE',''
  ) );
#1853 = PCURVE('',#213,#1854);
#1854 = DEFINITIONAL_REPRESENTATION('',(#1855),#1859);
#1855 = LINE('',#1856,#1857);
#1856 = CARTESIAN_POINT('',(4.712388980385,-0.));
#1857 = VECTOR('',#1858,1.);
#1858 = DIRECTION('',(-1.,0.));
#1859 = ( GEOMETRIC_REPRESENTATION_CONTEXT(2) 
PARAMETRIC_REPRESENTATION_CONTEXT() REPRESENTATION_CONTEXT('2D SPACE',''
  ) );
#1860 = ORIENTED_EDGE('',*,*,#1861,.T.);
#1861 = EDGE_CURVE('',#1834,#1862,#1864,.T.);
#1862 = VERTEX_POINT('',#1863);
#1863 = CARTESIAN_POINT('',(140.,89.5,0.));
#1864 = SURFACE_CURVE('',#1865,(#1869,#1876),.PCURVE_S1.);
#1865 = LINE('',#1866,#1867);
#1866 = CARTESIAN_POINT('',(140.,-97.5,0.));
#1867 = VECTOR('',#1868,1.);
#1868 = DIRECTION('',(0.,1.,0.));
#1869 = PCURVE('',#100,#1870);
#1870 = DEFINITIONAL_REPRESENTATION('',(#1871),#1875);
#1871 = LINE('',#1872,#1873);
#1872 = CARTESIAN_POINT('',(280.,0.));
#1873 = VECTOR('',#1874,1.);
#1874 = DIRECTION('',(0.,1.));
#1875 = ( GEOMETRIC_REPRESENTATION_CONTEXT(2) 
PARAMETRIC_REPRESENTATION_CONTEXT() REPRESENTATION_CONTEXT('2D SPACE',''
  ) );
#1876 = PCURVE('',#241,#1877);
#1877 = DEFINITIONAL_REPRESENTATION('',(#1878),#1882);
#1878 = LINE('',#1879,#1880);
#1879 = CARTESIAN_POINT('',(0.,0.));
#1880 = VECTOR('',#1881,1.);
#1881 = DIRECTION('',(0.,-1.));
#1882 = ( GEOMETRIC_REPRESENTATION_CONTEXT(2) 
PARAMETRIC_REPRESENTATION_CONTEXT() REPRESENTATION_CONTEXT('2D SPACE',''
  ) );
#1883 = ORIENTED_EDGE('',*,*,#1884,.T.);
#1884 = EDGE_CURVE('',#1862,#1885,#1887,.T.);
#1885 = VERTEX_POINT('',#1886);
#1886 = CARTESIAN_POINT('',(132.,97.5,0.));
#1887 = SURFACE_CURVE('',#1888,(#1893,#1900),.PCURVE_S1.);
#1888 = CIRCLE('',#1889,8.);
#1889 = AXIS2_PLACEMENT_3D('',#1890,#1891,#1892);
#1890 = CARTESIAN_POINT('',(132.,89.5,0.));
#1891 = DIRECTION('',(0.,0.,1.));
#1892 = DIRECTION('',(0.,-1.,0.));
#1893 = PCURVE('',#100,#1894);
#1894 = DEFINITIONAL_REPRESENTATION('',(#1895),#1899);
#1895 = CIRCLE('',#1896,8.);
#1896 = AXIS2_PLACEMENT_2D('',#1897,#1898);
#1897 = CARTESIAN_POINT('',(272.,187.));
#1898 = DIRECTION('',(0.,-1.));
#1899 = ( GEOMETRIC_REPRESENTATION_CONTEXT(2) 
PARAMETRIC_REPRESENTATION_CONTEXT() REPRESENTATION_CONTEXT('2D SPACE',''
  ) );
#1900 = PCURVE('',#270,#1901);
#1901 = DEFINITIONAL_REPRESENTATION('',(#1902),#1906);
#1902 = LINE('',#1903,#1904);
#1903 = CARTESIAN_POINT('',(-1.570796326795,0.));
#1904 = VECTOR('',#1905,1.);
#1905 = DIRECTION('',(1.,0.));
#1906 = ( GEOMETRIC_REPRESENTATION_CONTEXT(2) 
PARAMETRIC_REPRESENTATION_CONTEXT() REPRESENTATION_CONTEXT('2D SPACE',''
  ) );
#1907 = ORIENTED_EDGE('',*,*,#1908,.F.);
#1908 = EDGE_CURVE('',#1648,#1885,#1909,.T.);
#1909 = SURFACE_CURVE('',#1910,(#1914,#1921),.PCURVE_S1.);
#1910 = LINE('',#1911,#1912);
#1911 = CARTESIAN_POINT('',(-140.,97.5,0.));
#1912 = VECTOR('',#1913,1.);
#1913 = DIRECTION('',(1.,0.,0.));
#1914 = PCURVE('',#100,#1915);
#1915 = DEFINITIONAL_REPRESENTATION('',(#1916),#1920);
#1916 = LINE('',#1917,#1918);
#1917 = CARTESIAN_POINT('',(0.,195.));
#1918 = VECTOR('',#1919,1.);
#1919 = DIRECTION('',(1.,0.));
#1920 = ( GEOMETRIC_REPRESENTATION_CONTEXT(2) 
PARAMETRIC_REPRESENTATION_CONTEXT() REPRESENTATION_CONTEXT('2D SPACE',''
  ) );
#1921 = PCURVE('',#298,#1922);
#1922 = DEFINITIONAL_REPRESENTATION('',(#1923),#1927);
#1923 = LINE('',#1924,#1925);
#1924 = CARTESIAN_POINT('',(0.,0.));
#1925 = VECTOR('',#1926,1.);
#1926 = DIRECTION('',(0.,1.));
#1927 = ( GEOMETRIC_REPRESENTATION_CONTEXT(2) 
PARAMETRIC_REPRESENTATION_CONTEXT() REPRESENTATION_CONTEXT('2D SPACE',''
  ) );
#1928 = ORIENTED_EDGE('',*,*,#1647,.F.);
#1929 = FACE_BOUND('',#1930,.F.);
#1930 = EDGE_LOOP('',(#1931));
#1931 = ORIENTED_EDGE('',*,*,#1932,.F.);
#1932 = EDGE_CURVE('',#1933,#1933,#1935,.T.);
#1933 = VERTEX_POINT('',#1934);
#1934 = CARTESIAN_POINT('',(-18.4,-20.,0.));
#1935 = SURFACE_CURVE('',#1936,(#1941,#1948),.PCURVE_S1.);
#1936 = CIRCLE('',#1937,1.6);
#1937 = AXIS2_PLACEMENT_3D('',#1938,#1939,#1940);
#1938 = CARTESIAN_POINT('',(-20.,-20.,0.));
#1939 = DIRECTION('',(0.,0.,1.));
#1940 = DIRECTION('',(1.,2.22044604925E-15,-0.));
#1941 = PCURVE('',#100,#1942);
#1942 = DEFINITIONAL_REPRESENTATION('',(#1943),#1947);
#1943 = CIRCLE('',#1944,1.6);
#1944 = AXIS2_PLACEMENT_2D('',#1945,#1946);
#1945 = CARTESIAN_POINT('',(120.,77.5));
#1946 = DIRECTION('',(1.,2.22044604925E-15));
#1947 = ( GEOMETRIC_REPRESENTATION_CONTEXT(2) 
PARAMETRIC_REPRESENTATION_CONTEXT() REPRESENTATION_CONTEXT('2D SPACE',''
  ) );
#1948 = PCURVE('',#359,#1949);
#1949 = DEFINITIONAL_REPRESENTATION('',(#1950),#1954);
#1950 = LINE('',#1951,#1952);
#1951 = CARTESIAN_POINT('',(-0.,-261.0000003));
#1952 = VECTOR('',#1953,1.);
#1953 = DIRECTION('',(-1.,-0.));
#1954 = ( GEOMETRIC_REPRESENTATION_CONTEXT(2) 
PARAMETRIC_REPRESENTATION_CONTEXT() REPRESENTATION_CONTEXT('2D SPACE',''
  ) );
#1955 = FACE_BOUND('',#1956,.F.);
#1956 = EDGE_LOOP('',(#1957));
#1957 = ORIENTED_EDGE('',*,*,#1958,.F.);
#1958 = EDGE_CURVE('',#1959,#1959,#1961,.T.);
#1959 = VERTEX_POINT('',#1960);
#1960 = CARTESIAN_POINT('',(21.6,-20.,0.));
#1961 = SURFACE_CURVE('',#1962,(#1967,#1974),.PCURVE_S1.);
#1962 = CIRCLE('',#1963,1.6);
#1963 = AXIS2_PLACEMENT_3D('',#1964,#1965,#1966);
#1964 = CARTESIAN_POINT('',(20.,-20.,0.));
#1965 = DIRECTION('',(0.,0.,1.));
#1966 = DIRECTION('',(1.,2.22044604925E-15,-0.));
#1967 = PCURVE('',#100,#1968);
#1968 = DEFINITIONAL_REPRESENTATION('',(#1969),#1973);
#1969 = CIRCLE('',#1970,1.6);
#1970 = AXIS2_PLACEMENT_2D('',#1971,#1972);
#1971 = CARTESIAN_POINT('',(160.,77.5));
#1972 = DIRECTION('',(1.,2.22044604925E-15));
#1973 = ( GEOMETRIC_REPRESENTATION_CONTEXT(2) 
PARAMETRIC_REPRESENTATION_CONTEXT() REPRESENTATION_CONTEXT('2D SPACE',''
  ) );
#1974 = PCURVE('',#394,#1975);
#1975 = DEFINITIONAL_REPRESENTATION('',(#1976),#1980);
#1976 = LINE('',#1977,#1978);
#1977 = CARTESIAN_POINT('',(-0.,-261.0000003));
#1978 = VECTOR('',#1979,1.);
#1979 = DIRECTION('',(-1.,-0.));
#1980 = ( GEOMETRIC_REPRESENTATION_CONTEXT(2) 
PARAMETRIC_REPRESENTATION_CONTEXT() REPRESENTATION_CONTEXT('2D SPACE',''
  ) );
#1981 = FACE_BOUND('',#1982,.F.);
#1982 = EDGE_LOOP('',(#1983,#2009,#2030,#2054));
#1983 = ORIENTED_EDGE('',*,*,#1984,.F.);
#1984 = EDGE_CURVE('',#1985,#1987,#1989,.T.);
#1985 = VERTEX_POINT('',#1986);
#1986 = CARTESIAN_POINT('',(-119.,-63.5,0.));
#1987 = VERTEX_POINT('',#1988);
#1988 = CARTESIAN_POINT('',(-111.,-63.5,0.));
#1989 = SURFACE_CURVE('',#1990,(#1995,#2002),.PCURVE_S1.);
#1990 = CIRCLE('',#1991,4.);
#1991 = AXIS2_PLACEMENT_3D('',#1992,#1993,#1994);
#1992 = CARTESIAN_POINT('',(-115.,-63.5,0.));
#1993 = DIRECTION('',(0.,-0.,1.));
#1994 = DIRECTION('',(1.,-1.110223024625E-16,-0.));
#1995 = PCURVE('',#100,#1996);
#1996 = DEFINITIONAL_REPRESENTATION('',(#1997),#2001);
#1997 = CIRCLE('',#1998,4.);
#1998 = AXIS2_PLACEMENT_2D('',#1999,#2000);
#1999 = CARTESIAN_POINT('',(25.,34.));
#2000 = DIRECTION('',(1.,-1.110223024625E-16));
#2001 = ( GEOMETRIC_REPRESENTATION_CONTEXT(2) 
PARAMETRIC_REPRESENTATION_CONTEXT() REPRESENTATION_CONTEXT('2D SPACE',''
  ) );
#2002 = PCURVE('',#427,#2003);
#2003 = DEFINITIONAL_REPRESENTATION('',(#2004),#2008);
#2004 = LINE('',#2005,#2006);
#2005 = CARTESIAN_POINT('',(-6.28318530718,-299.0000003));
#2006 = VECTOR('',#2007,1.);
#2007 = DIRECTION('',(1.,-0.));
#2008 = ( GEOMETRIC_REPRESENTATION_CONTEXT(2) 
PARAMETRIC_REPRESENTATION_CONTEXT() REPRESENTATION_CONTEXT('2D SPACE',''
  ) );
#2009 = ORIENTED_EDGE('',*,*,#2010,.T.);
#2010 = EDGE_CURVE('',#1985,#2011,#2013,.T.);
#2011 = VERTEX_POINT('',#2012);
#2012 = CARTESIAN_POINT('',(-119.,63.5,0.));
#2013 = SURFACE_CURVE('',#2014,(#2018,#2024),.PCURVE_S1.);
#2014 = LINE('',#2015,#2016);
#2015 = CARTESIAN_POINT('',(-119.,-80.5,0.));
#2016 = VECTOR('',#2017,1.);
#2017 = DIRECTION('',(1.110223024625E-16,1.,-0.));
#2018 = PCURVE('',#100,#2019);
#2019 = DEFINITIONAL_REPRESENTATION('',(#2020),#2023);
#2020 = B_SPLINE_CURVE_WITH_KNOTS('',1,(#2021,#2022),.UNSPECIFIED.,.F.,
  .F.,(2,2),(17.,144.),.PIECEWISE_BEZIER_KNOTS.);
#2021 = CARTESIAN_POINT('',(21.,34.));
#2022 = CARTESIAN_POINT('',(21.,161.));
#2023 = ( GEOMETRIC_REPRESENTATION_CONTEXT(2) 
PARAMETRIC_REPRESENTATION_CONTEXT() REPRESENTATION_CONTEXT('2D SPACE',''
  ) );
#2024 = PCURVE('',#454,#2025);
#2025 = DEFINITIONAL_REPRESENTATION('',(#2026),#2029);
#2026 = B_SPLINE_CURVE_WITH_KNOTS('',1,(#2027,#2028),.UNSPECIFIED.,.F.,
  .F.,(2,2),(17.,144.),.PIECEWISE_BEZIER_KNOTS.);
#2027 = CARTESIAN_POINT('',(0.,-299.0000003));
#2028 = CARTESIAN_POINT('',(127.,-299.0000003));
#2029 = ( GEOMETRIC_REPRESENTATION_CONTEXT(2) 
PARAMETRIC_REPRESENTATION_CONTEXT() REPRESENTATION_CONTEXT('2D SPACE',''
  ) );
#2030 = ORIENTED_EDGE('',*,*,#2031,.F.);
#2031 = EDGE_CURVE('',#2032,#2011,#2034,.T.);
#2032 = VERTEX_POINT('',#2033);
#2033 = CARTESIAN_POINT('',(-111.,63.5,0.));
#2034 = SURFACE_CURVE('',#2035,(#2040,#2047),.PCURVE_S1.);
#2035 = CIRCLE('',#2036,4.);
#2036 = AXIS2_PLACEMENT_3D('',#2037,#2038,#2039);
#2037 = CARTESIAN_POINT('',(-115.,63.5,0.));
#2038 = DIRECTION('',(0.,0.,1.));
#2039 = DIRECTION('',(-1.,1.110223024625E-16,0.));
#2040 = PCURVE('',#100,#2041);
#2041 = DEFINITIONAL_REPRESENTATION('',(#2042),#2046);
#2042 = CIRCLE('',#2043,4.);
#2043 = AXIS2_PLACEMENT_2D('',#2044,#2045);
#2044 = CARTESIAN_POINT('',(25.,161.));
#2045 = DIRECTION('',(-1.,1.110223024625E-16));
#2046 = ( GEOMETRIC_REPRESENTATION_CONTEXT(2) 
PARAMETRIC_REPRESENTATION_CONTEXT() REPRESENTATION_CONTEXT('2D SPACE',''
  ) );
#2047 = PCURVE('',#482,#2048);
#2048 = DEFINITIONAL_REPRESENTATION('',(#2049),#2053);
#2049 = LINE('',#2050,#2051);
#2050 = CARTESIAN_POINT('',(-6.28318530718,-299.0000003));
#2051 = VECTOR('',#2052,1.);
#2052 = DIRECTION('',(1.,-0.));
#2053 = ( GEOMETRIC_REPRESENTATION_CONTEXT(2) 
PARAMETRIC_REPRESENTATION_CONTEXT() REPRESENTATION_CONTEXT('2D SPACE',''
  ) );
#2054 = ORIENTED_EDGE('',*,*,#2055,.T.);
#2055 = EDGE_CURVE('',#2032,#1987,#2056,.T.);
#2056 = SURFACE_CURVE('',#2057,(#2061,#2067),.PCURVE_S1.);
#2057 = LINE('',#2058,#2059);
#2058 = CARTESIAN_POINT('',(-111.,-17.,0.));
#2059 = VECTOR('',#2060,1.);
#2060 = DIRECTION('',(-1.110223024625E-16,-1.,0.));
#2061 = PCURVE('',#100,#2062);
#2062 = DEFINITIONAL_REPRESENTATION('',(#2063),#2066);
#2063 = B_SPLINE_CURVE_WITH_KNOTS('',1,(#2064,#2065),.UNSPECIFIED.,.F.,
  .F.,(2,2),(-80.5,46.5),.PIECEWISE_BEZIER_KNOTS.);
#2064 = CARTESIAN_POINT('',(29.,161.));
#2065 = CARTESIAN_POINT('',(29.,34.));
#2066 = ( GEOMETRIC_REPRESENTATION_CONTEXT(2) 
PARAMETRIC_REPRESENTATION_CONTEXT() REPRESENTATION_CONTEXT('2D SPACE',''
  ) );
#2067 = PCURVE('',#507,#2068);
#2068 = DEFINITIONAL_REPRESENTATION('',(#2069),#2072);
#2069 = B_SPLINE_CURVE_WITH_KNOTS('',1,(#2070,#2071),.UNSPECIFIED.,.F.,
  .F.,(2,2),(-80.5,46.5),.PIECEWISE_BEZIER_KNOTS.);
#2070 = CARTESIAN_POINT('',(0.,-299.0000003));
#2071 = CARTESIAN_POINT('',(127.,-299.0000003));
#2072 = ( GEOMETRIC_REPRESENTATION_CONTEXT(2) 
PARAMETRIC_REPRESENTATION_CONTEXT() REPRESENTATION_CONTEXT('2D SPACE',''
  ) );
#2073 = FACE_BOUND('',#2074,.F.);
#2074 = EDGE_LOOP('',(#2075,#2101,#2122,#2146));
#2075 = ORIENTED_EDGE('',*,*,#2076,.F.);
#2076 = EDGE_CURVE('',#2077,#2079,#2081,.T.);
#2077 = VERTEX_POINT('',#2078);
#2078 = CARTESIAN_POINT('',(-103.,-63.5,0.));
#2079 = VERTEX_POINT('',#2080);
#2080 = CARTESIAN_POINT('',(-95.,-63.5,0.));
#2081 = SURFACE_CURVE('',#2082,(#2087,#2094),.PCURVE_S1.);
#2082 = CIRCLE('',#2083,4.);
#2083 = AXIS2_PLACEMENT_3D('',#2084,#2085,#2086);
#2084 = CARTESIAN_POINT('',(-99.,-63.5,0.));
#2085 = DIRECTION('',(0.,-0.,1.));
#2086 = DIRECTION('',(1.,-1.110223024625E-16,-0.));
#2087 = PCURVE('',#100,#2088);
#2088 = DEFINITIONAL_REPRESENTATION('',(#2089),#2093);
#2089 = CIRCLE('',#2090,4.);
#2090 = AXIS2_PLACEMENT_2D('',#2091,#2092);
#2091 = CARTESIAN_POINT('',(41.,34.));
#2092 = DIRECTION('',(1.,-1.110223024625E-16));
#2093 = ( GEOMETRIC_REPRESENTATION_CONTEXT(2) 
PARAMETRIC_REPRESENTATION_CONTEXT() REPRESENTATION_CONTEXT('2D SPACE',''
  ) );
#2094 = PCURVE('',#539,#2095);
#2095 = DEFINITIONAL_REPRESENTATION('',(#2096),#2100);
#2096 = LINE('',#2097,#2098);
#2097 = CARTESIAN_POINT('',(-6.28318530718,-299.0000003));
#2098 = VECTOR('',#2099,1.);
#2099 = DIRECTION('',(1.,-0.));
#2100 = ( GEOMETRIC_REPRESENTATION_CONTEXT(2) 
PARAMETRIC_REPRESENTATION_CONTEXT() REPRESENTATION_CONTEXT('2D SPACE',''
  ) );
#2101 = ORIENTED_EDGE('',*,*,#2102,.T.);
#2102 = EDGE_CURVE('',#2077,#2103,#2105,.T.);
#2103 = VERTEX_POINT('',#2104);
#2104 = CARTESIAN_POINT('',(-103.,63.5,0.));
#2105 = SURFACE_CURVE('',#2106,(#2110,#2116),.PCURVE_S1.);
#2106 = LINE('',#2107,#2108);
#2107 = CARTESIAN_POINT('',(-103.,-80.5,0.));
#2108 = VECTOR('',#2109,1.);
#2109 = DIRECTION('',(1.110223024625E-16,1.,-0.));
#2110 = PCURVE('',#100,#2111);
#2111 = DEFINITIONAL_REPRESENTATION('',(#2112),#2115);
#2112 = B_SPLINE_CURVE_WITH_KNOTS('',1,(#2113,#2114),.UNSPECIFIED.,.F.,
  .F.,(2,2),(17.,144.),.PIECEWISE_BEZIER_KNOTS.);
#2113 = CARTESIAN_POINT('',(37.,34.));
#2114 = CARTESIAN_POINT('',(37.,161.));
#2115 = ( GEOMETRIC_REPRESENTATION_CONTEXT(2) 
PARAMETRIC_REPRESENTATION_CONTEXT() REPRESENTATION_CONTEXT('2D SPACE',''
  ) );
#2116 = PCURVE('',#566,#2117);
#2117 = DEFINITIONAL_REPRESENTATION('',(#2118),#2121);
#2118 = B_SPLINE_CURVE_WITH_KNOTS('',1,(#2119,#2120),.UNSPECIFIED.,.F.,
  .F.,(2,2),(17.,144.),.PIECEWISE_BEZIER_KNOTS.);
#2119 = CARTESIAN_POINT('',(0.,-299.0000003));
#2120 = CARTESIAN_POINT('',(127.,-299.0000003));
#2121 = ( GEOMETRIC_REPRESENTATION_CONTEXT(2) 
PARAMETRIC_REPRESENTATION_CONTEXT() REPRESENTATION_CONTEXT('2D SPACE',''
  ) );
#2122 = ORIENTED_EDGE('',*,*,#2123,.F.);
#2123 = EDGE_CURVE('',#2124,#2103,#2126,.T.);
#2124 = VERTEX_POINT('',#2125);
#2125 = CARTESIAN_POINT('',(-95.,63.5,0.));
#2126 = SURFACE_CURVE('',#2127,(#2132,#2139),.PCURVE_S1.);
#2127 = CIRCLE('',#2128,4.);
#2128 = AXIS2_PLACEMENT_3D('',#2129,#2130,#2131);
#2129 = CARTESIAN_POINT('',(-99.,63.5,0.));
#2130 = DIRECTION('',(0.,0.,1.));
#2131 = DIRECTION('',(-1.,1.110223024625E-16,0.));
#2132 = PCURVE('',#100,#2133);
#2133 = DEFINITIONAL_REPRESENTATION('',(#2134),#2138);
#2134 = CIRCLE('',#2135,4.);
#2135 = AXIS2_PLACEMENT_2D('',#2136,#2137);
#2136 = CARTESIAN_POINT('',(41.,161.));
#2137 = DIRECTION('',(-1.,1.110223024625E-16));
#2138 = ( GEOMETRIC_REPRESENTATION_CONTEXT(2) 
PARAMETRIC_REPRESENTATION_CONTEXT() REPRESENTATION_CONTEXT('2D SPACE',''
  ) );
#2139 = PCURVE('',#594,#2140);
#2140 = DEFINITIONAL_REPRESENTATION('',(#2141),#2145);
#2141 = LINE('',#2142,#2143);
#2142 = CARTESIAN_POINT('',(-6.28318530718,-299.0000003));
#2143 = VECTOR('',#2144,1.);
#2144 = DIRECTION('',(1.,-0.));
#2145 = ( GEOMETRIC_REPRESENTATION_CONTEXT(2) 
PARAMETRIC_REPRESENTATION_CONTEXT() REPRESENTATION_CONTEXT('2D SPACE',''
  ) );
#2146 = ORIENTED_EDGE('',*,*,#2147,.T.);
#2147 = EDGE_CURVE('',#2124,#2079,#2148,.T.);
#2148 = SURFACE_CURVE('',#2149,(#2153,#2159),.PCURVE_S1.);
#2149 = LINE('',#2150,#2151);
#2150 = CARTESIAN_POINT('',(-95.,-17.,0.));
#2151 = VECTOR('',#2152,1.);
#2152 = DIRECTION('',(-1.110223024625E-16,-1.,0.));
#2153 = PCURVE('',#100,#2154);
#2154 = DEFINITIONAL_REPRESENTATION('',(#2155),#2158);
#2155 = B_SPLINE_CURVE_WITH_KNOTS('',1,(#2156,#2157),.UNSPECIFIED.,.F.,
  .F.,(2,2),(-80.5,46.5),.PIECEWISE_BEZIER_KNOTS.);
#2156 = CARTESIAN_POINT('',(45.,161.));
#2157 = CARTESIAN_POINT('',(45.,34.));
#2158 = ( GEOMETRIC_REPRESENTATION_CONTEXT(2) 
PARAMETRIC_REPRESENTATION_CONTEXT() REPRESENTATION_CONTEXT('2D SPACE',''
  ) );
#2159 = PCURVE('',#619,#2160);
#2160 = DEFINITIONAL_REPRESENTATION('',(#2161),#2164);
#2161 = B_SPLINE_CURVE_WITH_KNOTS('',1,(#2162,#2163),.UNSPECIFIED.,.F.,
  .F.,(2,2),(-80.5,46.5),.PIECEWISE_BEZIER_KNOTS.);
#2162 = CARTESIAN_POINT('',(0.,-299.0000003));
#2163 = CARTESIAN_POINT('',(127.,-299.0000003));
#2164 = ( GEOMETRIC_REPRESENTATION_CONTEXT(2) 
PARAMETRIC_REPRESENTATION_CONTEXT() REPRESENTATION_CONTEXT('2D SPACE',''
  ) );
#2165 = FACE_BOUND('',#2166,.F.);
#2166 = EDGE_LOOP('',(#2167,#2193,#2214,#2238));
#2167 = ORIENTED_EDGE('',*,*,#2168,.F.);
#2168 = EDGE_CURVE('',#2169,#2171,#2173,.T.);
#2169 = VERTEX_POINT('',#2170);
#2170 = CARTESIAN_POINT('',(-87.,-63.5,0.));
#2171 = VERTEX_POINT('',#2172);
#2172 = CARTESIAN_POINT('',(-79.,-63.5,0.));
#2173 = SURFACE_CURVE('',#2174,(#2179,#2186),.PCURVE_S1.);
#2174 = CIRCLE('',#2175,4.);
#2175 = AXIS2_PLACEMENT_3D('',#2176,#2177,#2178);
#2176 = CARTESIAN_POINT('',(-83.,-63.5,0.));
#2177 = DIRECTION('',(0.,-0.,1.));
#2178 = DIRECTION('',(1.,-1.110223024625E-16,-0.));
#2179 = PCURVE('',#100,#2180);
#2180 = DEFINITIONAL_REPRESENTATION('',(#2181),#2185);
#2181 = CIRCLE('',#2182,4.);
#2182 = AXIS2_PLACEMENT_2D('',#2183,#2184);
#2183 = CARTESIAN_POINT('',(57.,34.));
#2184 = DIRECTION('',(1.,-1.110223024625E-16));
#2185 = ( GEOMETRIC_REPRESENTATION_CONTEXT(2) 
PARAMETRIC_REPRESENTATION_CONTEXT() REPRESENTATION_CONTEXT('2D SPACE',''
  ) );
#2186 = PCURVE('',#651,#2187);
#2187 = DEFINITIONAL_REPRESENTATION('',(#2188),#2192);
#2188 = LINE('',#2189,#2190);
#2189 = CARTESIAN_POINT('',(-6.28318530718,-299.0000003));
#2190 = VECTOR('',#2191,1.);
#2191 = DIRECTION('',(1.,-0.));
#2192 = ( GEOMETRIC_REPRESENTATION_CONTEXT(2) 
PARAMETRIC_REPRESENTATION_CONTEXT() REPRESENTATION_CONTEXT('2D SPACE',''
  ) );
#2193 = ORIENTED_EDGE('',*,*,#2194,.T.);
#2194 = EDGE_CURVE('',#2169,#2195,#2197,.T.);
#2195 = VERTEX_POINT('',#2196);
#2196 = CARTESIAN_POINT('',(-87.,63.5,0.));
#2197 = SURFACE_CURVE('',#2198,(#2202,#2208),.PCURVE_S1.);
#2198 = LINE('',#2199,#2200);
#2199 = CARTESIAN_POINT('',(-87.,-80.5,0.));
#2200 = VECTOR('',#2201,1.);
#2201 = DIRECTION('',(1.110223024625E-16,1.,-0.));
#2202 = PCURVE('',#100,#2203);
#2203 = DEFINITIONAL_REPRESENTATION('',(#2204),#2207);
#2204 = B_SPLINE_CURVE_WITH_KNOTS('',1,(#2205,#2206),.UNSPECIFIED.,.F.,
  .F.,(2,2),(17.,144.),.PIECEWISE_BEZIER_KNOTS.);
#2205 = CARTESIAN_POINT('',(53.,34.));
#2206 = CARTESIAN_POINT('',(53.,161.));
#2207 = ( GEOMETRIC_REPRESENTATION_CONTEXT(2) 
PARAMETRIC_REPRESENTATION_CONTEXT() REPRESENTATION_CONTEXT('2D SPACE',''
  ) );
#2208 = PCURVE('',#678,#2209);
#2209 = DEFINITIONAL_REPRESENTATION('',(#2210),#2213);
#2210 = B_SPLINE_CURVE_WITH_KNOTS('',1,(#2211,#2212),.UNSPECIFIED.,.F.,
  .F.,(2,2),(17.,144.),.PIECEWISE_BEZIER_KNOTS.);
#2211 = CARTESIAN_POINT('',(0.,-299.0000003));
#2212 = CARTESIAN_POINT('',(127.,-299.0000003));
#2213 = ( GEOMETRIC_REPRESENTATION_CONTEXT(2) 
PARAMETRIC_REPRESENTATION_CONTEXT() REPRESENTATION_CONTEXT('2D SPACE',''
  ) );
#2214 = ORIENTED_EDGE('',*,*,#2215,.F.);
#2215 = EDGE_CURVE('',#2216,#2195,#2218,.T.);
#2216 = VERTEX_POINT('',#2217);
#2217 = CARTESIAN_POINT('',(-79.,63.5,0.));
#2218 = SURFACE_CURVE('',#2219,(#2224,#2231),.PCURVE_S1.);
#2219 = CIRCLE('',#2220,4.);
#2220 = AXIS2_PLACEMENT_3D('',#2221,#2222,#2223);
#2221 = CARTESIAN_POINT('',(-83.,63.5,0.));
#2222 = DIRECTION('',(0.,0.,1.));
#2223 = DIRECTION('',(-1.,1.110223024625E-16,0.));
#2224 = PCURVE('',#100,#2225);
#2225 = DEFINITIONAL_REPRESENTATION('',(#2226),#2230);
#2226 = CIRCLE('',#2227,4.);
#2227 = AXIS2_PLACEMENT_2D('',#2228,#2229);
#2228 = CARTESIAN_POINT('',(57.,161.));
#2229 = DIRECTION('',(-1.,1.110223024625E-16));
#2230 = ( GEOMETRIC_REPRESENTATION_CONTEXT(2) 
PARAMETRIC_REPRESENTATION_CONTEXT() REPRESENTATION_CONTEXT('2D SPACE',''
  ) );
#2231 = PCURVE('',#706,#2232);
#2232 = DEFINITIONAL_REPRESENTATION('',(#2233),#2237);
#2233 = LINE('',#2234,#2235);
#2234 = CARTESIAN_POINT('',(-6.28318530718,-299.0000003));
#2235 = VECTOR('',#2236,1.);
#2236 = DIRECTION('',(1.,-0.));
#2237 = ( GEOMETRIC_REPRESENTATION_CONTEXT(2) 
PARAMETRIC_REPRESENTATION_CONTEXT() REPRESENTATION_CONTEXT('2D SPACE',''
  ) );
#2238 = ORIENTED_EDGE('',*,*,#2239,.T.);
#2239 = EDGE_CURVE('',#2216,#2171,#2240,.T.);
#2240 = SURFACE_CURVE('',#2241,(#2245,#2251),.PCURVE_S1.);
#2241 = LINE('',#2242,#2243);
#2242 = CARTESIAN_POINT('',(-79.,-17.,0.));
#2243 = VECTOR('',#2244,1.);
#2244 = DIRECTION('',(-1.110223024625E-16,-1.,0.));
#2245 = PCURVE('',#100,#2246);
#2246 = DEFINITIONAL_REPRESENTATION('',(#2247),#2250);
#2247 = B_SPLINE_CURVE_WITH_KNOTS('',1,(#2248,#2249),.UNSPECIFIED.,.F.,
  .F.,(2,2),(-80.5,46.5),.PIECEWISE_BEZIER_KNOTS.);
#2248 = CARTESIAN_POINT('',(61.,161.));
#2249 = CARTESIAN_POINT('',(61.,34.));
#2250 = ( GEOMETRIC_REPRESENTATION_CONTEXT(2) 
PARAMETRIC_REPRESENTATION_CONTEXT() REPRESENTATION_CONTEXT('2D SPACE',''
  ) );
#2251 = PCURVE('',#731,#2252);
#2252 = DEFINITIONAL_REPRESENTATION('',(#2253),#2256);
#2253 = B_SPLINE_CURVE_WITH_KNOTS('',1,(#2254,#2255),.UNSPECIFIED.,.F.,
  .F.,(2,2),(-80.5,46.5),.PIECEWISE_BEZIER_KNOTS.);
#2254 = CARTESIAN_POINT('',(0.,-299.0000003));
#2255 = CARTESIAN_POINT('',(127.,-299.0000003));
#2256 = ( GEOMETRIC_REPRESENTATION_CONTEXT(2) 
PARAMETRIC_REPRESENTATION_CONTEXT() REPRESENTATION_CONTEXT('2D SPACE',''
  ) );
#2257 = FACE_BOUND('',#2258,.F.);
#2258 = EDGE_LOOP('',(#2259,#2285,#2306,#2330));
#2259 = ORIENTED_EDGE('',*,*,#2260,.F.);
#2260 = EDGE_CURVE('',#2261,#2263,#2265,.T.);
#2261 = VERTEX_POINT('',#2262);
#2262 = CARTESIAN_POINT('',(-71.,-63.5,0.));
#2263 = VERTEX_POINT('',#2264);
#2264 = CARTESIAN_POINT('',(-63.,-63.5,0.));
#2265 = SURFACE_CURVE('',#2266,(#2271,#2278),.PCURVE_S1.);
#2266 = CIRCLE('',#2267,4.);
#2267 = AXIS2_PLACEMENT_3D('',#2268,#2269,#2270);
#2268 = CARTESIAN_POINT('',(-67.,-63.5,0.));
#2269 = DIRECTION('',(0.,-0.,1.));
#2270 = DIRECTION('',(1.,-1.110223024625E-16,-0.));
#2271 = PCURVE('',#100,#2272);
#2272 = DEFINITIONAL_REPRESENTATION('',(#2273),#2277);
#2273 = CIRCLE('',#2274,4.);
#2274 = AXIS2_PLACEMENT_2D('',#2275,#2276);
#2275 = CARTESIAN_POINT('',(73.,34.));
#2276 = DIRECTION('',(1.,-1.110223024625E-16));
#2277 = ( GEOMETRIC_REPRESENTATION_CONTEXT(2) 
PARAMETRIC_REPRESENTATION_CONTEXT() REPRESENTATION_CONTEXT('2D SPACE',''
  ) );
#2278 = PCURVE('',#763,#2279);
#2279 = DEFINITIONAL_REPRESENTATION('',(#2280),#2284);
#2280 = LINE('',#2281,#2282);
#2281 = CARTESIAN_POINT('',(-6.28318530718,-299.0000003));
#2282 = VECTOR('',#2283,1.);
#2283 = DIRECTION('',(1.,-0.));
#2284 = ( GEOMETRIC_REPRESENTATION_CONTEXT(2) 
PARAMETRIC_REPRESENTATION_CONTEXT() REPRESENTATION_CONTEXT('2D SPACE',''
  ) );
#2285 = ORIENTED_EDGE('',*,*,#2286,.T.);
#2286 = EDGE_CURVE('',#2261,#2287,#2289,.T.);
#2287 = VERTEX_POINT('',#2288);
#2288 = CARTESIAN_POINT('',(-71.,63.5,0.));
#2289 = SURFACE_CURVE('',#2290,(#2294,#2300),.PCURVE_S1.);
#2290 = LINE('',#2291,#2292);
#2291 = CARTESIAN_POINT('',(-71.,-80.5,0.));
#2292 = VECTOR('',#2293,1.);
#2293 = DIRECTION('',(1.110223024625E-16,1.,-0.));
#2294 = PCURVE('',#100,#2295);
#2295 = DEFINITIONAL_REPRESENTATION('',(#2296),#2299);
#2296 = B_SPLINE_CURVE_WITH_KNOTS('',1,(#2297,#2298),.UNSPECIFIED.,.F.,
  .F.,(2,2),(17.,144.),.PIECEWISE_BEZIER_KNOTS.);
#2297 = CARTESIAN_POINT('',(69.,34.));
#2298 = CARTESIAN_POINT('',(69.,161.));
#2299 = ( GEOMETRIC_REPRESENTATION_CONTEXT(2) 
PARAMETRIC_REPRESENTATION_CONTEXT() REPRESENTATION_CONTEXT('2D SPACE',''
  ) );
#2300 = PCURVE('',#790,#2301);
#2301 = DEFINITIONAL_REPRESENTATION('',(#2302),#2305);
#2302 = B_SPLINE_CURVE_WITH_KNOTS('',1,(#2303,#2304),.UNSPECIFIED.,.F.,
  .F.,(2,2),(17.,144.),.PIECEWISE_BEZIER_KNOTS.);
#2303 = CARTESIAN_POINT('',(0.,-299.0000003));
#2304 = CARTESIAN_POINT('',(127.,-299.0000003));
#2305 = ( GEOMETRIC_REPRESENTATION_CONTEXT(2) 
PARAMETRIC_REPRESENTATION_CONTEXT() REPRESENTATION_CONTEXT('2D SPACE',''
  ) );
#2306 = ORIENTED_EDGE('',*,*,#2307,.F.);
#2307 = EDGE_CURVE('',#2308,#2287,#2310,.T.);
#2308 = VERTEX_POINT('',#2309);
#2309 = CARTESIAN_POINT('',(-63.,63.5,0.));
#2310 = SURFACE_CURVE('',#2311,(#2316,#2323),.PCURVE_S1.);
#2311 = CIRCLE('',#2312,4.);
#2312 = AXIS2_PLACEMENT_3D('',#2313,#2314,#2315);
#2313 = CARTESIAN_POINT('',(-67.,63.5,0.));
#2314 = DIRECTION('',(0.,0.,1.));
#2315 = DIRECTION('',(-1.,1.110223024625E-16,0.));
#2316 = PCURVE('',#100,#2317);
#2317 = DEFINITIONAL_REPRESENTATION('',(#2318),#2322);
#2318 = CIRCLE('',#2319,4.);
#2319 = AXIS2_PLACEMENT_2D('',#2320,#2321);
#2320 = CARTESIAN_POINT('',(73.,161.));
#2321 = DIRECTION('',(-1.,1.110223024625E-16));
#2322 = ( GEOMETRIC_REPRESENTATION_CONTEXT(2) 
PARAMETRIC_REPRESENTATION_CONTEXT() REPRESENTATION_CONTEXT('2D SPACE',''
  ) );
#2323 = PCURVE('',#818,#2324);
#2324 = DEFINITIONAL_REPRESENTATION('',(#2325),#2329);
#2325 = LINE('',#2326,#2327);
#2326 = CARTESIAN_POINT('',(-6.28318530718,-299.0000003));
#2327 = VECTOR('',#2328,1.);
#2328 = DIRECTION('',(1.,-0.));
#2329 = ( GEOMETRIC_REPRESENTATION_CONTEXT(2) 
PARAMETRIC_REPRESENTATION_CONTEXT() REPRESENTATION_CONTEXT('2D SPACE',''
  ) );
#2330 = ORIENTED_EDGE('',*,*,#2331,.T.);
#2331 = EDGE_CURVE('',#2308,#2263,#2332,.T.);
#2332 = SURFACE_CURVE('',#2333,(#2337,#2343),.PCURVE_S1.);
#2333 = LINE('',#2334,#2335);
#2334 = CARTESIAN_POINT('',(-63.,-17.,0.));
#2335 = VECTOR('',#2336,1.);
#2336 = DIRECTION('',(-1.110223024625E-16,-1.,0.));
#2337 = PCURVE('',#100,#2338);
#2338 = DEFINITIONAL_REPRESENTATION('',(#2339),#2342);
#2339 = B_SPLINE_CURVE_WITH_KNOTS('',1,(#2340,#2341),.UNSPECIFIED.,.F.,
  .F.,(2,2),(-80.5,46.5),.PIECEWISE_BEZIER_KNOTS.);
#2340 = CARTESIAN_POINT('',(77.,161.));
#2341 = CARTESIAN_POINT('',(77.,34.));
#2342 = ( GEOMETRIC_REPRESENTATION_CONTEXT(2) 
PARAMETRIC_REPRESENTATION_CONTEXT() REPRESENTATION_CONTEXT('2D SPACE',''
  ) );
#2343 = PCURVE('',#843,#2344);
#2344 = DEFINITIONAL_REPRESENTATION('',(#2345),#2348);
#2345 = B_SPLINE_CURVE_WITH_KNOTS('',1,(#2346,#2347),.UNSPECIFIED.,.F.,
  .F.,(2,2),(-80.5,46.5),.PIECEWISE_BEZIER_KNOTS.);
#2346 = CARTESIAN_POINT('',(0.,-299.0000003));
#2347 = CARTESIAN_POINT('',(127.,-299.0000003));
#2348 = ( GEOMETRIC_REPRESENTATION_CONTEXT(2) 
PARAMETRIC_REPRESENTATION_CONTEXT() REPRESENTATION_CONTEXT('2D SPACE',''
  ) );
#2349 = FACE_BOUND('',#2350,.F.);
#2350 = EDGE_LOOP('',(#2351,#2377,#2398,#2422));
#2351 = ORIENTED_EDGE('',*,*,#2352,.F.);
#2352 = EDGE_CURVE('',#2353,#2355,#2357,.T.);
#2353 = VERTEX_POINT('',#2354);
#2354 = CARTESIAN_POINT('',(-55.,-63.5,0.));
#2355 = VERTEX_POINT('',#2356);
#2356 = CARTESIAN_POINT('',(-47.,-63.5,0.));
#2357 = SURFACE_CURVE('',#2358,(#2363,#2370),.PCURVE_S1.);
#2358 = CIRCLE('',#2359,4.);
#2359 = AXIS2_PLACEMENT_3D('',#2360,#2361,#2362);
#2360 = CARTESIAN_POINT('',(-51.,-63.5,0.));
#2361 = DIRECTION('',(0.,-0.,1.));
#2362 = DIRECTION('',(1.,-1.110223024625E-16,-0.));
#2363 = PCURVE('',#100,#2364);
#2364 = DEFINITIONAL_REPRESENTATION('',(#2365),#2369);
#2365 = CIRCLE('',#2366,4.);
#2366 = AXIS2_PLACEMENT_2D('',#2367,#2368);
#2367 = CARTESIAN_POINT('',(89.,34.));
#2368 = DIRECTION('',(1.,-1.110223024625E-16));
#2369 = ( GEOMETRIC_REPRESENTATION_CONTEXT(2) 
PARAMETRIC_REPRESENTATION_CONTEXT() REPRESENTATION_CONTEXT('2D SPACE',''
  ) );
#2370 = PCURVE('',#875,#2371);
#2371 = DEFINITIONAL_REPRESENTATION('',(#2372),#2376);
#2372 = LINE('',#2373,#2374);
#2373 = CARTESIAN_POINT('',(-6.28318530718,-299.0000003));
#2374 = VECTOR('',#2375,1.);
#2375 = DIRECTION('',(1.,-0.));
#2376 = ( GEOMETRIC_REPRESENTATION_CONTEXT(2) 
PARAMETRIC_REPRESENTATION_CONTEXT() REPRESENTATION_CONTEXT('2D SPACE',''
  ) );
#2377 = ORIENTED_EDGE('',*,*,#2378,.T.);
#2378 = EDGE_CURVE('',#2353,#2379,#2381,.T.);
#2379 = VERTEX_POINT('',#2380);
#2380 = CARTESIAN_POINT('',(-55.,63.5,0.));
#2381 = SURFACE_CURVE('',#2382,(#2386,#2392),.PCURVE_S1.);
#2382 = LINE('',#2383,#2384);
#2383 = CARTESIAN_POINT('',(-55.,-80.5,0.));
#2384 = VECTOR('',#2385,1.);
#2385 = DIRECTION('',(1.110223024625E-16,1.,-0.));
#2386 = PCURVE('',#100,#2387);
#2387 = DEFINITIONAL_REPRESENTATION('',(#2388),#2391);
#2388 = B_SPLINE_CURVE_WITH_KNOTS('',1,(#2389,#2390),.UNSPECIFIED.,.F.,
  .F.,(2,2),(17.,144.),.PIECEWISE_BEZIER_KNOTS.);
#2389 = CARTESIAN_POINT('',(85.,34.));
#2390 = CARTESIAN_POINT('',(85.,161.));
#2391 = ( GEOMETRIC_REPRESENTATION_CONTEXT(2) 
PARAMETRIC_REPRESENTATION_CONTEXT() REPRESENTATION_CONTEXT('2D SPACE',''
  ) );
#2392 = PCURVE('',#902,#2393);
#2393 = DEFINITIONAL_REPRESENTATION('',(#2394),#2397);
#2394 = B_SPLINE_CURVE_WITH_KNOTS('',1,(#2395,#2396),.UNSPECIFIED.,.F.,
  .F.,(2,2),(17.,144.),.PIECEWISE_BEZIER_KNOTS.);
#2395 = CARTESIAN_POINT('',(0.,-299.0000003));
#2396 = CARTESIAN_POINT('',(127.,-299.0000003));
#2397 = ( GEOMETRIC_REPRESENTATION_CONTEXT(2) 
PARAMETRIC_REPRESENTATION_CONTEXT() REPRESENTATION_CONTEXT('2D SPACE',''
  ) );
#2398 = ORIENTED_EDGE('',*,*,#2399,.F.);
#2399 = EDGE_CURVE('',#2400,#2379,#2402,.T.);
#2400 = VERTEX_POINT('',#2401);
#2401 = CARTESIAN_POINT('',(-47.,63.5,0.));
#2402 = SURFACE_CURVE('',#2403,(#2408,#2415),.PCURVE_S1.);
#2403 = CIRCLE('',#2404,4.);
#2404 = AXIS2_PLACEMENT_3D('',#2405,#2406,#2407);
#2405 = CARTESIAN_POINT('',(-51.,63.5,0.));
#2406 = DIRECTION('',(0.,0.,1.));
#2407 = DIRECTION('',(-1.,1.110223024625E-16,0.));
#2408 = PCURVE('',#100,#2409);
#2409 = DEFINITIONAL_REPRESENTATION('',(#2410),#2414);
#2410 = CIRCLE('',#2411,4.);
#2411 = AXIS2_PLACEMENT_2D('',#2412,#2413);
#2412 = CARTESIAN_POINT('',(89.,161.));
#2413 = DIRECTION('',(-1.,1.110223024625E-16));
#2414 = ( GEOMETRIC_REPRESENTATION_CONTEXT(2) 
PARAMETRIC_REPRESENTATION_CONTEXT() REPRESENTATION_CONTEXT('2D SPACE',''
  ) );
#2415 = PCURVE('',#930,#2416);
#2416 = DEFINITIONAL_REPRESENTATION('',(#2417),#2421);
#2417 = LINE('',#2418,#2419);
#2418 = CARTESIAN_POINT('',(-6.28318530718,-299.0000003));
#2419 = VECTOR('',#2420,1.);
#2420 = DIRECTION('',(1.,-0.));
#2421 = ( GEOMETRIC_REPRESENTATION_CONTEXT(2) 
PARAMETRIC_REPRESENTATION_CONTEXT() REPRESENTATION_CONTEXT('2D SPACE',''
  ) );
#2422 = ORIENTED_EDGE('',*,*,#2423,.T.);
#2423 = EDGE_CURVE('',#2400,#2355,#2424,.T.);
#2424 = SURFACE_CURVE('',#2425,(#2429,#2435),.PCURVE_S1.);
#2425 = LINE('',#2426,#2427);
#2426 = CARTESIAN_POINT('',(-47.,-17.,0.));
#2427 = VECTOR('',#2428,1.);
#2428 = DIRECTION('',(-1.110223024625E-16,-1.,0.));
#2429 = PCURVE('',#100,#2430);
#2430 = DEFINITIONAL_REPRESENTATION('',(#2431),#2434);
#2431 = B_SPLINE_CURVE_WITH_KNOTS('',1,(#2432,#2433),.UNSPECIFIED.,.F.,
  .F.,(2,2),(-80.5,46.5),.PIECEWISE_BEZIER_KNOTS.);
#2432 = CARTESIAN_POINT('',(93.,161.));
#2433 = CARTESIAN_POINT('',(93.,34.));
#2434 = ( GEOMETRIC_REPRESENTATION_CONTEXT(2) 
PARAMETRIC_REPRESENTATION_CONTEXT() REPRESENTATION_CONTEXT('2D SPACE',''
  ) );
#2435 = PCURVE('',#955,#2436);
#2436 = DEFINITIONAL_REPRESENTATION('',(#2437),#2440);
#2437 = B_SPLINE_CURVE_WITH_KNOTS('',1,(#2438,#2439),.UNSPECIFIED.,.F.,
  .F.,(2,2),(-80.5,46.5),.PIECEWISE_BEZIER_KNOTS.);
#2438 = CARTESIAN_POINT('',(0.,-299.0000003));
#2439 = CARTESIAN_POINT('',(127.,-299.0000003));
#2440 = ( GEOMETRIC_REPRESENTATION_CONTEXT(2) 
PARAMETRIC_REPRESENTATION_CONTEXT() REPRESENTATION_CONTEXT('2D SPACE',''
  ) );
#2441 = FACE_BOUND('',#2442,.F.);
#2442 = EDGE_LOOP('',(#2443));
#2443 = ORIENTED_EDGE('',*,*,#2444,.F.);
#2444 = EDGE_CURVE('',#2445,#2445,#2447,.T.);
#2445 = VERTEX_POINT('',#2446);
#2446 = CARTESIAN_POINT('',(-18.4,20.,0.));
#2447 = SURFACE_CURVE('',#2448,(#2453,#2460),.PCURVE_S1.);
#2448 = CIRCLE('',#2449,1.6);
#2449 = AXIS2_PLACEMENT_3D('',#2450,#2451,#2452);
#2450 = CARTESIAN_POINT('',(-20.,20.,0.));
#2451 = DIRECTION('',(0.,0.,1.));
#2452 = DIRECTION('',(1.,2.22044604925E-15,-0.));
#2453 = PCURVE('',#100,#2454);
#2454 = DEFINITIONAL_REPRESENTATION('',(#2455),#2459);
#2455 = CIRCLE('',#2456,1.6);
#2456 = AXIS2_PLACEMENT_2D('',#2457,#2458);
#2457 = CARTESIAN_POINT('',(120.,117.5));
#2458 = DIRECTION('',(1.,2.22044604925E-15));
#2459 = ( GEOMETRIC_REPRESENTATION_CONTEXT(2) 
PARAMETRIC_REPRESENTATION_CONTEXT() REPRESENTATION_CONTEXT('2D SPACE',''
  ) );
#2460 = PCURVE('',#989,#2461);
#2461 = DEFINITIONAL_REPRESENTATION('',(#2462),#2466);
#2462 = LINE('',#2463,#2464);
#2463 = CARTESIAN_POINT('',(-0.,-261.0000003));
#2464 = VECTOR('',#2465,1.);
#2465 = DIRECTION('',(-1.,-0.));
#2466 = ( GEOMETRIC_REPRESENTATION_CONTEXT(2) 
PARAMETRIC_REPRESENTATION_CONTEXT() REPRESENTATION_CONTEXT('2D SPACE',''
  ) );
#2467 = FACE_BOUND('',#2468,.F.);
#2468 = EDGE_LOOP('',(#2469,#2495,#2516,#2540));
#2469 = ORIENTED_EDGE('',*,*,#2470,.F.);
#2470 = EDGE_CURVE('',#2471,#2473,#2475,.T.);
#2471 = VERTEX_POINT('',#2472);
#2472 = CARTESIAN_POINT('',(46.,-63.5,0.));
#2473 = VERTEX_POINT('',#2474);
#2474 = CARTESIAN_POINT('',(54.,-63.5,0.));
#2475 = SURFACE_CURVE('',#2476,(#2481,#2488),.PCURVE_S1.);
#2476 = CIRCLE('',#2477,4.);
#2477 = AXIS2_PLACEMENT_3D('',#2478,#2479,#2480);
#2478 = CARTESIAN_POINT('',(50.,-63.5,0.));
#2479 = DIRECTION('',(0.,-0.,1.));
#2480 = DIRECTION('',(1.,-1.110223024625E-16,-0.));
#2481 = PCURVE('',#100,#2482);
#2482 = DEFINITIONAL_REPRESENTATION('',(#2483),#2487);
#2483 = CIRCLE('',#2484,4.);
#2484 = AXIS2_PLACEMENT_2D('',#2485,#2486);
#2485 = CARTESIAN_POINT('',(190.,34.));
#2486 = DIRECTION('',(1.,-1.110223024625E-16));
#2487 = ( GEOMETRIC_REPRESENTATION_CONTEXT(2) 
PARAMETRIC_REPRESENTATION_CONTEXT() REPRESENTATION_CONTEXT('2D SPACE',''
  ) );
#2488 = PCURVE('',#1022,#2489);
#2489 = DEFINITIONAL_REPRESENTATION('',(#2490),#2494);
#2490 = LINE('',#2491,#2492);
#2491 = CARTESIAN_POINT('',(-6.28318530718,-299.0000003));
#2492 = VECTOR('',#2493,1.);
#2493 = DIRECTION('',(1.,-0.));
#2494 = ( GEOMETRIC_REPRESENTATION_CONTEXT(2) 
PARAMETRIC_REPRESENTATION_CONTEXT() REPRESENTATION_CONTEXT('2D SPACE',''
  ) );
#2495 = ORIENTED_EDGE('',*,*,#2496,.T.);
#2496 = EDGE_CURVE('',#2471,#2497,#2499,.T.);
#2497 = VERTEX_POINT('',#2498);
#2498 = CARTESIAN_POINT('',(46.,63.5,0.));
#2499 = SURFACE_CURVE('',#2500,(#2504,#2510),.PCURVE_S1.);
#2500 = LINE('',#2501,#2502);
#2501 = CARTESIAN_POINT('',(46.,-80.5,0.));
#2502 = VECTOR('',#2503,1.);
#2503 = DIRECTION('',(1.110223024625E-16,1.,-0.));
#2504 = PCURVE('',#100,#2505);
#2505 = DEFINITIONAL_REPRESENTATION('',(#2506),#2509);
#2506 = B_SPLINE_CURVE_WITH_KNOTS('',1,(#2507,#2508),.UNSPECIFIED.,.F.,
  .F.,(2,2),(17.,144.),.PIECEWISE_BEZIER_KNOTS.);
#2507 = CARTESIAN_POINT('',(186.,34.));
#2508 = CARTESIAN_POINT('',(186.,161.));
#2509 = ( GEOMETRIC_REPRESENTATION_CONTEXT(2) 
PARAMETRIC_REPRESENTATION_CONTEXT() REPRESENTATION_CONTEXT('2D SPACE',''
  ) );
#2510 = PCURVE('',#1049,#2511);
#2511 = DEFINITIONAL_REPRESENTATION('',(#2512),#2515);
#2512 = B_SPLINE_CURVE_WITH_KNOTS('',1,(#2513,#2514),.UNSPECIFIED.,.F.,
  .F.,(2,2),(17.,144.),.PIECEWISE_BEZIER_KNOTS.);
#2513 = CARTESIAN_POINT('',(0.,-299.0000003));
#2514 = CARTESIAN_POINT('',(127.,-299.0000003));
#2515 = ( GEOMETRIC_REPRESENTATION_CONTEXT(2) 
PARAMETRIC_REPRESENTATION_CONTEXT() REPRESENTATION_CONTEXT('2D SPACE',''
  ) );
#2516 = ORIENTED_EDGE('',*,*,#2517,.F.);
#2517 = EDGE_CURVE('',#2518,#2497,#2520,.T.);
#2518 = VERTEX_POINT('',#2519);
#2519 = CARTESIAN_POINT('',(54.,63.5,0.));
#2520 = SURFACE_CURVE('',#2521,(#2526,#2533),.PCURVE_S1.);
#2521 = CIRCLE('',#2522,4.);
#2522 = AXIS2_PLACEMENT_3D('',#2523,#2524,#2525);
#2523 = CARTESIAN_POINT('',(50.,63.5,0.));
#2524 = DIRECTION('',(0.,0.,1.));
#2525 = DIRECTION('',(-1.,1.110223024625E-16,0.));
#2526 = PCURVE('',#100,#2527);
#2527 = DEFINITIONAL_REPRESENTATION('',(#2528),#2532);
#2528 = CIRCLE('',#2529,4.);
#2529 = AXIS2_PLACEMENT_2D('',#2530,#2531);
#2530 = CARTESIAN_POINT('',(190.,161.));
#2531 = DIRECTION('',(-1.,1.110223024625E-16));
#2532 = ( GEOMETRIC_REPRESENTATION_CONTEXT(2) 
PARAMETRIC_REPRESENTATION_CONTEXT() REPRESENTATION_CONTEXT('2D SPACE',''
  ) );
#2533 = PCURVE('',#1077,#2534);
#2534 = DEFINITIONAL_REPRESENTATION('',(#2535),#2539);
#2535 = LINE('',#2536,#2537);
#2536 = CARTESIAN_POINT('',(-6.28318530718,-299.0000003));
#2537 = VECTOR('',#2538,1.);
#2538 = DIRECTION('',(1.,-0.));
#2539 = ( GEOMETRIC_REPRESENTATION_CONTEXT(2) 
PARAMETRIC_REPRESENTATION_CONTEXT() REPRESENTATION_CONTEXT('2D SPACE',''
  ) );
#2540 = ORIENTED_EDGE('',*,*,#2541,.T.);
#2541 = EDGE_CURVE('',#2518,#2473,#2542,.T.);
#2542 = SURFACE_CURVE('',#2543,(#2547,#2553),.PCURVE_S1.);
#2543 = LINE('',#2544,#2545);
#2544 = CARTESIAN_POINT('',(54.,-17.,0.));
#2545 = VECTOR('',#2546,1.);
#2546 = DIRECTION('',(-1.110223024625E-16,-1.,0.));
#2547 = PCURVE('',#100,#2548);
#2548 = DEFINITIONAL_REPRESENTATION('',(#2549),#2552);
#2549 = B_SPLINE_CURVE_WITH_KNOTS('',1,(#2550,#2551),.UNSPECIFIED.,.F.,
  .F.,(2,2),(-80.5,46.5),.PIECEWISE_BEZIER_KNOTS.);
#2550 = CARTESIAN_POINT('',(194.,161.));
#2551 = CARTESIAN_POINT('',(194.,34.));
#2552 = ( GEOMETRIC_REPRESENTATION_CONTEXT(2) 
PARAMETRIC_REPRESENTATION_CONTEXT() REPRESENTATION_CONTEXT('2D SPACE',''
  ) );
#2553 = PCURVE('',#1102,#2554);
#2554 = DEFINITIONAL_REPRESENTATION('',(#2555),#2558);
#2555 = B_SPLINE_CURVE_WITH_KNOTS('',1,(#2556,#2557),.UNSPECIFIED.,.F.,
  .F.,(2,2),(-80.5,46.5),.PIECEWISE_BEZIER_KNOTS.);
#2556 = CARTESIAN_POINT('',(0.,-299.0000003));
#2557 = CARTESIAN_POINT('',(127.,-299.0000003));
#2558 = ( GEOMETRIC_REPRESENTATION_CONTEXT(2) 
PARAMETRIC_REPRESENTATION_CONTEXT() REPRESENTATION_CONTEXT('2D SPACE',''
  ) );
#2559 = FACE_BOUND('',#2560,.F.);
#2560 = EDGE_LOOP('',(#2561));
#2561 = ORIENTED_EDGE('',*,*,#2562,.F.);
#2562 = EDGE_CURVE('',#2563,#2563,#2565,.T.);
#2563 = VERTEX_POINT('',#2564);
#2564 = CARTESIAN_POINT('',(21.6,20.,0.));
#2565 = SURFACE_CURVE('',#2566,(#2571,#2578),.PCURVE_S1.);
#2566 = CIRCLE('',#2567,1.6);
#2567 = AXIS2_PLACEMENT_3D('',#2568,#2569,#2570);
#2568 = CARTESIAN_POINT('',(20.,20.,0.));
#2569 = DIRECTION('',(0.,0.,1.));
#2570 = DIRECTION('',(1.,2.22044604925E-15,-0.));
#2571 = PCURVE('',#100,#2572);
#2572 = DEFINITIONAL_REPRESENTATION('',(#2573),#2577);
#2573 = CIRCLE('',#2574,1.6);
#2574 = AXIS2_PLACEMENT_2D('',#2575,#2576);
#2575 = CARTESIAN_POINT('',(160.,117.5));
#2576 = DIRECTION('',(1.,2.22044604925E-15));
#2577 = ( GEOMETRIC_REPRESENTATION_CONTEXT(2) 
PARAMETRIC_REPRESENTATION_CONTEXT() REPRESENTATION_CONTEXT('2D SPACE',''
  ) );
#2578 = PCURVE('',#1136,#2579);
#2579 = DEFINITIONAL_REPRESENTATION('',(#2580),#2584);
#2580 = LINE('',#2581,#2582);
#2581 = CARTESIAN_POINT('',(-0.,-261.0000003));
#2582 = VECTOR('',#2583,1.);
#2583 = DIRECTION('',(-1.,-0.));
#2584 = ( GEOMETRIC_REPRESENTATION_CONTEXT(2) 
PARAMETRIC_REPRESENTATION_CONTEXT() REPRESENTATION_CONTEXT('2D SPACE',''
  ) );
#2585 = FACE_BOUND('',#2586,.F.);
#2586 = EDGE_LOOP('',(#2587,#2613,#2634,#2658));
#2587 = ORIENTED_EDGE('',*,*,#2588,.F.);
#2588 = EDGE_CURVE('',#2589,#2591,#2593,.T.);
#2589 = VERTEX_POINT('',#2590);
#2590 = CARTESIAN_POINT('',(62.,-63.5,0.));
#2591 = VERTEX_POINT('',#2592);
#2592 = CARTESIAN_POINT('',(70.,-63.5,0.));
#2593 = SURFACE_CURVE('',#2594,(#2599,#2606),.PCURVE_S1.);
#2594 = CIRCLE('',#2595,4.);
#2595 = AXIS2_PLACEMENT_3D('',#2596,#2597,#2598);
#2596 = CARTESIAN_POINT('',(66.,-63.5,0.));
#2597 = DIRECTION('',(0.,-0.,1.));
#2598 = DIRECTION('',(1.,-1.110223024625E-16,-0.));
#2599 = PCURVE('',#100,#2600);
#2600 = DEFINITIONAL_REPRESENTATION('',(#2601),#2605);
#2601 = CIRCLE('',#2602,4.);
#2602 = AXIS2_PLACEMENT_2D('',#2603,#2604);
#2603 = CARTESIAN_POINT('',(206.,34.));
#2604 = DIRECTION('',(1.,-1.110223024625E-16));
#2605 = ( GEOMETRIC_REPRESENTATION_CONTEXT(2) 
PARAMETRIC_REPRESENTATION_CONTEXT() REPRESENTATION_CONTEXT('2D SPACE',''
  ) );
#2606 = PCURVE('',#1169,#2607);
#2607 = DEFINITIONAL_REPRESENTATION('',(#2608),#2612);
#2608 = LINE('',#2609,#2610);
#2609 = CARTESIAN_POINT('',(-6.28318530718,-299.0000003));
#2610 = VECTOR('',#2611,1.);
#2611 = DIRECTION('',(1.,-0.));
#2612 = ( GEOMETRIC_REPRESENTATION_CONTEXT(2) 
PARAMETRIC_REPRESENTATION_CONTEXT() REPRESENTATION_CONTEXT('2D SPACE',''
  ) );
#2613 = ORIENTED_EDGE('',*,*,#2614,.T.);
#2614 = EDGE_CURVE('',#2589,#2615,#2617,.T.);
#2615 = VERTEX_POINT('',#2616);
#2616 = CARTESIAN_POINT('',(62.,63.5,0.));
#2617 = SURFACE_CURVE('',#2618,(#2622,#2628),.PCURVE_S1.);
#2618 = LINE('',#2619,#2620);
#2619 = CARTESIAN_POINT('',(62.,-80.5,0.));
#2620 = VECTOR('',#2621,1.);
#2621 = DIRECTION('',(1.110223024625E-16,1.,-0.));
#2622 = PCURVE('',#100,#2623);
#2623 = DEFINITIONAL_REPRESENTATION('',(#2624),#2627);
#2624 = B_SPLINE_CURVE_WITH_KNOTS('',1,(#2625,#2626),.UNSPECIFIED.,.F.,
  .F.,(2,2),(17.,144.),.PIECEWISE_BEZIER_KNOTS.);
#2625 = CARTESIAN_POINT('',(202.,34.));
#2626 = CARTESIAN_POINT('',(202.,161.));
#2627 = ( GEOMETRIC_REPRESENTATION_CONTEXT(2) 
PARAMETRIC_REPRESENTATION_CONTEXT() REPRESENTATION_CONTEXT('2D SPACE',''
  ) );
#2628 = PCURVE('',#1196,#2629);
#2629 = DEFINITIONAL_REPRESENTATION('',(#2630),#2633);
#2630 = B_SPLINE_CURVE_WITH_KNOTS('',1,(#2631,#2632),.UNSPECIFIED.,.F.,
  .F.,(2,2),(17.,144.),.PIECEWISE_BEZIER_KNOTS.);
#2631 = CARTESIAN_POINT('',(0.,-299.0000003));
#2632 = CARTESIAN_POINT('',(127.,-299.0000003));
#2633 = ( GEOMETRIC_REPRESENTATION_CONTEXT(2) 
PARAMETRIC_REPRESENTATION_CONTEXT() REPRESENTATION_CONTEXT('2D SPACE',''
  ) );
#2634 = ORIENTED_EDGE('',*,*,#2635,.F.);
#2635 = EDGE_CURVE('',#2636,#2615,#2638,.T.);
#2636 = VERTEX_POINT('',#2637);
#2637 = CARTESIAN_POINT('',(70.,63.5,0.));
#2638 = SURFACE_CURVE('',#2639,(#2644,#2651),.PCURVE_S1.);
#2639 = CIRCLE('',#2640,4.);
#2640 = AXIS2_PLACEMENT_3D('',#2641,#2642,#2643);
#2641 = CARTESIAN_POINT('',(66.,63.5,0.));
#2642 = DIRECTION('',(0.,0.,1.));
#2643 = DIRECTION('',(-1.,1.110223024625E-16,0.));
#2644 = PCURVE('',#100,#2645);
#2645 = DEFINITIONAL_REPRESENTATION('',(#2646),#2650);
#2646 = CIRCLE('',#2647,4.);
#2647 = AXIS2_PLACEMENT_2D('',#2648,#2649);
#2648 = CARTESIAN_POINT('',(206.,161.));
#2649 = DIRECTION('',(-1.,1.110223024625E-16));
#2650 = ( GEOMETRIC_REPRESENTATION_CONTEXT(2) 
PARAMETRIC_REPRESENTATION_CONTEXT() REPRESENTATION_CONTEXT('2D SPACE',''
  ) );
#2651 = PCURVE('',#1224,#2652);
#2652 = DEFINITIONAL_REPRESENTATION('',(#2653),#2657);
#2653 = LINE('',#2654,#2655);
#2654 = CARTESIAN_POINT('',(-6.28318530718,-299.0000003));
#2655 = VECTOR('',#2656,1.);
#2656 = DIRECTION('',(1.,-0.));
#2657 = ( GEOMETRIC_REPRESENTATION_CONTEXT(2) 
PARAMETRIC_REPRESENTATION_CONTEXT() REPRESENTATION_CONTEXT('2D SPACE',''
  ) );
#2658 = ORIENTED_EDGE('',*,*,#2659,.T.);
#2659 = EDGE_CURVE('',#2636,#2591,#2660,.T.);
#2660 = SURFACE_CURVE('',#2661,(#2665,#2671),.PCURVE_S1.);
#2661 = LINE('',#2662,#2663);
#2662 = CARTESIAN_POINT('',(70.,-17.,0.));
#2663 = VECTOR('',#2664,1.);
#2664 = DIRECTION('',(-1.110223024625E-16,-1.,0.));
#2665 = PCURVE('',#100,#2666);
#2666 = DEFINITIONAL_REPRESENTATION('',(#2667),#2670);
#2667 = B_SPLINE_CURVE_WITH_KNOTS('',1,(#2668,#2669),.UNSPECIFIED.,.F.,
  .F.,(2,2),(-80.5,46.5),.PIECEWISE_BEZIER_KNOTS.);
#2668 = CARTESIAN_POINT('',(210.,161.));
#2669 = CARTESIAN_POINT('',(210.,34.));
#2670 = ( GEOMETRIC_REPRESENTATION_CONTEXT(2) 
PARAMETRIC_REPRESENTATION_CONTEXT() REPRESENTATION_CONTEXT('2D SPACE',''
  ) );
#2671 = PCURVE('',#1249,#2672);
#2672 = DEFINITIONAL_REPRESENTATION('',(#2673),#2676);
#2673 = B_SPLINE_CURVE_WITH_KNOTS('',1,(#2674,#2675),.UNSPECIFIED.,.F.,
  .F.,(2,2),(-80.5,46.5),.PIECEWISE_BEZIER_KNOTS.);
#2674 = CARTESIAN_POINT('',(0.,-299.0000003));
#2675 = CARTESIAN_POINT('',(127.,-299.0000003));
#2676 = ( GEOMETRIC_REPRESENTATION_CONTEXT(2) 
PARAMETRIC_REPRESENTATION_CONTEXT() REPRESENTATION_CONTEXT('2D SPACE',''
  ) );
#2677 = FACE_BOUND('',#2678,.F.);
#2678 = EDGE_LOOP('',(#2679,#2705,#2726,#2750));
#2679 = ORIENTED_EDGE('',*,*,#2680,.F.);
#2680 = EDGE_CURVE('',#2681,#2683,#2685,.T.);
#2681 = VERTEX_POINT('',#2682);
#2682 = CARTESIAN_POINT('',(78.,-63.5,0.));
#2683 = VERTEX_POINT('',#2684);
#2684 = CARTESIAN_POINT('',(86.,-63.5,0.));
#2685 = SURFACE_CURVE('',#2686,(#2691,#2698),.PCURVE_S1.);
#2686 = CIRCLE('',#2687,4.);
#2687 = AXIS2_PLACEMENT_3D('',#2688,#2689,#2690);
#2688 = CARTESIAN_POINT('',(82.,-63.5,0.));
#2689 = DIRECTION('',(0.,-0.,1.));
#2690 = DIRECTION('',(1.,-1.110223024625E-16,-0.));
#2691 = PCURVE('',#100,#2692);
#2692 = DEFINITIONAL_REPRESENTATION('',(#2693),#2697);
#2693 = CIRCLE('',#2694,4.);
#2694 = AXIS2_PLACEMENT_2D('',#2695,#2696);
#2695 = CARTESIAN_POINT('',(222.,34.));
#2696 = DIRECTION('',(1.,-1.110223024625E-16));
#2697 = ( GEOMETRIC_REPRESENTATION_CONTEXT(2) 
PARAMETRIC_REPRESENTATION_CONTEXT() REPRESENTATION_CONTEXT('2D SPACE',''
  ) );
#2698 = PCURVE('',#1281,#2699);
#2699 = DEFINITIONAL_REPRESENTATION('',(#2700),#2704);
#2700 = LINE('',#2701,#2702);
#2701 = CARTESIAN_POINT('',(-6.28318530718,-299.0000003));
#2702 = VECTOR('',#2703,1.);
#2703 = DIRECTION('',(1.,-0.));
#2704 = ( GEOMETRIC_REPRESENTATION_CONTEXT(2) 
PARAMETRIC_REPRESENTATION_CONTEXT() REPRESENTATION_CONTEXT('2D SPACE',''
  ) );
#2705 = ORIENTED_EDGE('',*,*,#2706,.T.);
#2706 = EDGE_CURVE('',#2681,#2707,#2709,.T.);
#2707 = VERTEX_POINT('',#2708);
#2708 = CARTESIAN_POINT('',(78.,63.5,0.));
#2709 = SURFACE_CURVE('',#2710,(#2714,#2720),.PCURVE_S1.);
#2710 = LINE('',#2711,#2712);
#2711 = CARTESIAN_POINT('',(78.,-80.5,0.));
#2712 = VECTOR('',#2713,1.);
#2713 = DIRECTION('',(1.110223024625E-16,1.,-0.));
#2714 = PCURVE('',#100,#2715);
#2715 = DEFINITIONAL_REPRESENTATION('',(#2716),#2719);
#2716 = B_SPLINE_CURVE_WITH_KNOTS('',1,(#2717,#2718),.UNSPECIFIED.,.F.,
  .F.,(2,2),(17.,144.),.PIECEWISE_BEZIER_KNOTS.);
#2717 = CARTESIAN_POINT('',(218.,34.));
#2718 = CARTESIAN_POINT('',(218.,161.));
#2719 = ( GEOMETRIC_REPRESENTATION_CONTEXT(2) 
PARAMETRIC_REPRESENTATION_CONTEXT() REPRESENTATION_CONTEXT('2D SPACE',''
  ) );
#2720 = PCURVE('',#1308,#2721);
#2721 = DEFINITIONAL_REPRESENTATION('',(#2722),#2725);
#2722 = B_SPLINE_CURVE_WITH_KNOTS('',1,(#2723,#2724),.UNSPECIFIED.,.F.,
  .F.,(2,2),(17.,144.),.PIECEWISE_BEZIER_KNOTS.);
#2723 = CARTESIAN_POINT('',(0.,-299.0000003));
#2724 = CARTESIAN_POINT('',(127.,-299.0000003));
#2725 = ( GEOMETRIC_REPRESENTATION_CONTEXT(2) 
PARAMETRIC_REPRESENTATION_CONTEXT() REPRESENTATION_CONTEXT('2D SPACE',''
  ) );
#2726 = ORIENTED_EDGE('',*,*,#2727,.F.);
#2727 = EDGE_CURVE('',#2728,#2707,#2730,.T.);
#2728 = VERTEX_POINT('',#2729);
#2729 = CARTESIAN_POINT('',(86.,63.5,0.));
#2730 = SURFACE_CURVE('',#2731,(#2736,#2743),.PCURVE_S1.);
#2731 = CIRCLE('',#2732,4.);
#2732 = AXIS2_PLACEMENT_3D('',#2733,#2734,#2735);
#2733 = CARTESIAN_POINT('',(82.,63.5,0.));
#2734 = DIRECTION('',(0.,0.,1.));
#2735 = DIRECTION('',(-1.,1.110223024625E-16,0.));
#2736 = PCURVE('',#100,#2737);
#2737 = DEFINITIONAL_REPRESENTATION('',(#2738),#2742);
#2738 = CIRCLE('',#2739,4.);
#2739 = AXIS2_PLACEMENT_2D('',#2740,#2741);
#2740 = CARTESIAN_POINT('',(222.,161.));
#2741 = DIRECTION('',(-1.,1.110223024625E-16));
#2742 = ( GEOMETRIC_REPRESENTATION_CONTEXT(2) 
PARAMETRIC_REPRESENTATION_CONTEXT() REPRESENTATION_CONTEXT('2D SPACE',''
  ) );
#2743 = PCURVE('',#1336,#2744);
#2744 = DEFINITIONAL_REPRESENTATION('',(#2745),#2749);
#2745 = LINE('',#2746,#2747);
#2746 = CARTESIAN_POINT('',(-6.28318530718,-299.0000003));
#2747 = VECTOR('',#2748,1.);
#2748 = DIRECTION('',(1.,-0.));
#2749 = ( GEOMETRIC_REPRESENTATION_CONTEXT(2) 
PARAMETRIC_REPRESENTATION_CONTEXT() REPRESENTATION_CONTEXT('2D SPACE',''
  ) );
#2750 = ORIENTED_EDGE('',*,*,#2751,.T.);
#2751 = EDGE_CURVE('',#2728,#2683,#2752,.T.);
#2752 = SURFACE_CURVE('',#2753,(#2757,#2763),.PCURVE_S1.);
#2753 = LINE('',#2754,#2755);
#2754 = CARTESIAN_POINT('',(86.,-17.,0.));
#2755 = VECTOR('',#2756,1.);
#2756 = DIRECTION('',(-1.110223024625E-16,-1.,0.));
#2757 = PCURVE('',#100,#2758);
#2758 = DEFINITIONAL_REPRESENTATION('',(#2759),#2762);
#2759 = B_SPLINE_CURVE_WITH_KNOTS('',1,(#2760,#2761),.UNSPECIFIED.,.F.,
  .F.,(2,2),(-80.5,46.5),.PIECEWISE_BEZIER_KNOTS.);
#2760 = CARTESIAN_POINT('',(226.,161.));
#2761 = CARTESIAN_POINT('',(226.,34.));
#2762 = ( GEOMETRIC_REPRESENTATION_CONTEXT(2) 
PARAMETRIC_REPRESENTATION_CONTEXT() REPRESENTATION_CONTEXT('2D SPACE',''
  ) );
#2763 = PCURVE('',#1361,#2764);
#2764 = DEFINITIONAL_REPRESENTATION('',(#2765),#2768);
#2765 = B_SPLINE_CURVE_WITH_KNOTS('',1,(#2766,#2767),.UNSPECIFIED.,.F.,
  .F.,(2,2),(-80.5,46.5),.PIECEWISE_BEZIER_KNOTS.);
#2766 = CARTESIAN_POINT('',(0.,-299.0000003));
#2767 = CARTESIAN_POINT('',(127.,-299.0000003));
#2768 = ( GEOMETRIC_REPRESENTATION_CONTEXT(2) 
PARAMETRIC_REPRESENTATION_CONTEXT() REPRESENTATION_CONTEXT('2D SPACE',''
  ) );
#2769 = FACE_BOUND('',#2770,.F.);
#2770 = EDGE_LOOP('',(#2771,#2797,#2818,#2842));
#2771 = ORIENTED_EDGE('',*,*,#2772,.F.);
#2772 = EDGE_CURVE('',#2773,#2775,#2777,.T.);
#2773 = VERTEX_POINT('',#2774);
#2774 = CARTESIAN_POINT('',(94.,-63.5,0.));
#2775 = VERTEX_POINT('',#2776);
#2776 = CARTESIAN_POINT('',(102.,-63.5,0.));
#2777 = SURFACE_CURVE('',#2778,(#2783,#2790),.PCURVE_S1.);
#2778 = CIRCLE('',#2779,4.);
#2779 = AXIS2_PLACEMENT_3D('',#2780,#2781,#2782);
#2780 = CARTESIAN_POINT('',(98.,-63.5,0.));
#2781 = DIRECTION('',(0.,-0.,1.));
#2782 = DIRECTION('',(1.,-1.110223024625E-16,-0.));
#2783 = PCURVE('',#100,#2784);
#2784 = DEFINITIONAL_REPRESENTATION('',(#2785),#2789);
#2785 = CIRCLE('',#2786,4.);
#2786 = AXIS2_PLACEMENT_2D('',#2787,#2788);
#2787 = CARTESIAN_POINT('',(238.,34.));
#2788 = DIRECTION('',(1.,-1.110223024625E-16));
#2789 = ( GEOMETRIC_REPRESENTATION_CONTEXT(2) 
PARAMETRIC_REPRESENTATION_CONTEXT() REPRESENTATION_CONTEXT('2D SPACE',''
  ) );
#2790 = PCURVE('',#1393,#2791);
#2791 = DEFINITIONAL_REPRESENTATION('',(#2792),#2796);
#2792 = LINE('',#2793,#2794);
#2793 = CARTESIAN_POINT('',(-6.28318530718,-299.0000003));
#2794 = VECTOR('',#2795,1.);
#2795 = DIRECTION('',(1.,-0.));
#2796 = ( GEOMETRIC_REPRESENTATION_CONTEXT(2) 
PARAMETRIC_REPRESENTATION_CONTEXT() REPRESENTATION_CONTEXT('2D SPACE',''
  ) );
#2797 = ORIENTED_EDGE('',*,*,#2798,.T.);
#2798 = EDGE_CURVE('',#2773,#2799,#2801,.T.);
#2799 = VERTEX_POINT('',#2800);
#2800 = CARTESIAN_POINT('',(94.,63.5,0.));
#2801 = SURFACE_CURVE('',#2802,(#2806,#2812),.PCURVE_S1.);
#2802 = LINE('',#2803,#2804);
#2803 = CARTESIAN_POINT('',(94.,-80.5,0.));
#2804 = VECTOR('',#2805,1.);
#2805 = DIRECTION('',(1.110223024625E-16,1.,-0.));
#2806 = PCURVE('',#100,#2807);
#2807 = DEFINITIONAL_REPRESENTATION('',(#2808),#2811);
#2808 = B_SPLINE_CURVE_WITH_KNOTS('',1,(#2809,#2810),.UNSPECIFIED.,.F.,
  .F.,(2,2),(17.,144.),.PIECEWISE_BEZIER_KNOTS.);
#2809 = CARTESIAN_POINT('',(234.,34.));
#2810 = CARTESIAN_POINT('',(234.,161.));
#2811 = ( GEOMETRIC_REPRESENTATION_CONTEXT(2) 
PARAMETRIC_REPRESENTATION_CONTEXT() REPRESENTATION_CONTEXT('2D SPACE',''
  ) );
#2812 = PCURVE('',#1420,#2813);
#2813 = DEFINITIONAL_REPRESENTATION('',(#2814),#2817);
#2814 = B_SPLINE_CURVE_WITH_KNOTS('',1,(#2815,#2816),.UNSPECIFIED.,.F.,
  .F.,(2,2),(17.,144.),.PIECEWISE_BEZIER_KNOTS.);
#2815 = CARTESIAN_POINT('',(0.,-299.0000003));
#2816 = CARTESIAN_POINT('',(127.,-299.0000003));
#2817 = ( GEOMETRIC_REPRESENTATION_CONTEXT(2) 
PARAMETRIC_REPRESENTATION_CONTEXT() REPRESENTATION_CONTEXT('2D SPACE',''
  ) );
#2818 = ORIENTED_EDGE('',*,*,#2819,.F.);
#2819 = EDGE_CURVE('',#2820,#2799,#2822,.T.);
#2820 = VERTEX_POINT('',#2821);
#2821 = CARTESIAN_POINT('',(102.,63.5,0.));
#2822 = SURFACE_CURVE('',#2823,(#2828,#2835),.PCURVE_S1.);
#2823 = CIRCLE('',#2824,4.);
#2824 = AXIS2_PLACEMENT_3D('',#2825,#2826,#2827);
#2825 = CARTESIAN_POINT('',(98.,63.5,0.));
#2826 = DIRECTION('',(0.,0.,1.));
#2827 = DIRECTION('',(-1.,1.110223024625E-16,0.));
#2828 = PCURVE('',#100,#2829);
#2829 = DEFINITIONAL_REPRESENTATION('',(#2830),#2834);
#2830 = CIRCLE('',#2831,4.);
#2831 = AXIS2_PLACEMENT_2D('',#2832,#2833);
#2832 = CARTESIAN_POINT('',(238.,161.));
#2833 = DIRECTION('',(-1.,1.110223024625E-16));
#2834 = ( GEOMETRIC_REPRESENTATION_CONTEXT(2) 
PARAMETRIC_REPRESENTATION_CONTEXT() REPRESENTATION_CONTEXT('2D SPACE',''
  ) );
#2835 = PCURVE('',#1448,#2836);
#2836 = DEFINITIONAL_REPRESENTATION('',(#2837),#2841);
#2837 = LINE('',#2838,#2839);
#2838 = CARTESIAN_POINT('',(-6.28318530718,-299.0000003));
#2839 = VECTOR('',#2840,1.);
#2840 = DIRECTION('',(1.,-0.));
#2841 = ( GEOMETRIC_REPRESENTATION_CONTEXT(2) 
PARAMETRIC_REPRESENTATION_CONTEXT() REPRESENTATION_CONTEXT('2D SPACE',''
  ) );
#2842 = ORIENTED_EDGE('',*,*,#2843,.T.);
#2843 = EDGE_CURVE('',#2820,#2775,#2844,.T.);
#2844 = SURFACE_CURVE('',#2845,(#2849,#2855),.PCURVE_S1.);
#2845 = LINE('',#2846,#2847);
#2846 = CARTESIAN_POINT('',(102.,-17.,0.));
#2847 = VECTOR('',#2848,1.);
#2848 = DIRECTION('',(-1.110223024625E-16,-1.,0.));
#2849 = PCURVE('',#100,#2850);
#2850 = DEFINITIONAL_REPRESENTATION('',(#2851),#2854);
#2851 = B_SPLINE_CURVE_WITH_KNOTS('',1,(#2852,#2853),.UNSPECIFIED.,.F.,
  .F.,(2,2),(-80.5,46.5),.PIECEWISE_BEZIER_KNOTS.);
#2852 = CARTESIAN_POINT('',(242.,161.));
#2853 = CARTESIAN_POINT('',(242.,34.));
#2854 = ( GEOMETRIC_REPRESENTATION_CONTEXT(2) 
PARAMETRIC_REPRESENTATION_CONTEXT() REPRESENTATION_CONTEXT('2D SPACE',''
  ) );
#2855 = PCURVE('',#1473,#2856);
#2856 = DEFINITIONAL_REPRESENTATION('',(#2857),#2860);
#2857 = B_SPLINE_CURVE_WITH_KNOTS('',1,(#2858,#2859),.UNSPECIFIED.,.F.,
  .F.,(2,2),(-80.5,46.5),.PIECEWISE_BEZIER_KNOTS.);
#2858 = CARTESIAN_POINT('',(0.,-299.0000003));
#2859 = CARTESIAN_POINT('',(127.,-299.0000003));
#2860 = ( GEOMETRIC_REPRESENTATION_CONTEXT(2) 
PARAMETRIC_REPRESENTATION_CONTEXT() REPRESENTATION_CONTEXT('2D SPACE',''
  ) );
#2861 = FACE_BOUND('',#2862,.F.);
#2862 = EDGE_LOOP('',(#2863,#2889,#2910,#2934));
#2863 = ORIENTED_EDGE('',*,*,#2864,.F.);
#2864 = EDGE_CURVE('',#2865,#2867,#2869,.T.);
#2865 = VERTEX_POINT('',#2866);
#2866 = CARTESIAN_POINT('',(110.,-63.5,0.));
#2867 = VERTEX_POINT('',#2868);
#2868 = CARTESIAN_POINT('',(118.,-63.5,0.));
#2869 = SURFACE_CURVE('',#2870,(#2875,#2882),.PCURVE_S1.);
#2870 = CIRCLE('',#2871,4.);
#2871 = AXIS2_PLACEMENT_3D('',#2872,#2873,#2874);
#2872 = CARTESIAN_POINT('',(114.,-63.5,0.));
#2873 = DIRECTION('',(0.,-0.,1.));
#2874 = DIRECTION('',(1.,-1.110223024625E-16,-0.));
#2875 = PCURVE('',#100,#2876);
#2876 = DEFINITIONAL_REPRESENTATION('',(#2877),#2881);
#2877 = CIRCLE('',#2878,4.);
#2878 = AXIS2_PLACEMENT_2D('',#2879,#2880);
#2879 = CARTESIAN_POINT('',(254.,34.));
#2880 = DIRECTION('',(1.,-1.110223024625E-16));
#2881 = ( GEOMETRIC_REPRESENTATION_CONTEXT(2) 
PARAMETRIC_REPRESENTATION_CONTEXT() REPRESENTATION_CONTEXT('2D SPACE',''
  ) );
#2882 = PCURVE('',#1505,#2883);
#2883 = DEFINITIONAL_REPRESENTATION('',(#2884),#2888);
#2884 = LINE('',#2885,#2886);
#2885 = CARTESIAN_POINT('',(-6.28318530718,-299.0000003));
#2886 = VECTOR('',#2887,1.);
#2887 = DIRECTION('',(1.,-0.));
#2888 = ( GEOMETRIC_REPRESENTATION_CONTEXT(2) 
PARAMETRIC_REPRESENTATION_CONTEXT() REPRESENTATION_CONTEXT('2D SPACE',''
  ) );
#2889 = ORIENTED_EDGE('',*,*,#2890,.T.);
#2890 = EDGE_CURVE('',#2865,#2891,#2893,.T.);
#2891 = VERTEX_POINT('',#2892);
#2892 = CARTESIAN_POINT('',(110.,63.5,0.));
#2893 = SURFACE_CURVE('',#2894,(#2898,#2904),.PCURVE_S1.);
#2894 = LINE('',#2895,#2896);
#2895 = CARTESIAN_POINT('',(110.,-80.5,0.));
#2896 = VECTOR('',#2897,1.);
#2897 = DIRECTION('',(1.110223024625E-16,1.,-0.));
#2898 = PCURVE('',#100,#2899);
#2899 = DEFINITIONAL_REPRESENTATION('',(#2900),#2903);
#2900 = B_SPLINE_CURVE_WITH_KNOTS('',1,(#2901,#2902),.UNSPECIFIED.,.F.,
  .F.,(2,2),(17.,144.),.PIECEWISE_BEZIER_KNOTS.);
#2901 = CARTESIAN_POINT('',(250.,34.));
#2902 = CARTESIAN_POINT('',(250.,161.));
#2903 = ( GEOMETRIC_REPRESENTATION_CONTEXT(2) 
PARAMETRIC_REPRESENTATION_CONTEXT() REPRESENTATION_CONTEXT('2D SPACE',''
  ) );
#2904 = PCURVE('',#1532,#2905);
#2905 = DEFINITIONAL_REPRESENTATION('',(#2906),#2909);
#2906 = B_SPLINE_CURVE_WITH_KNOTS('',1,(#2907,#2908),.UNSPECIFIED.,.F.,
  .F.,(2,2),(17.,144.),.PIECEWISE_BEZIER_KNOTS.);
#2907 = CARTESIAN_POINT('',(0.,-299.0000003));
#2908 = CARTESIAN_POINT('',(127.,-299.0000003));
#2909 = ( GEOMETRIC_REPRESENTATION_CONTEXT(2) 
PARAMETRIC_REPRESENTATION_CONTEXT() REPRESENTATION_CONTEXT('2D SPACE',''
  ) );
#2910 = ORIENTED_EDGE('',*,*,#2911,.F.);
#2911 = EDGE_CURVE('',#2912,#2891,#2914,.T.);
#2912 = VERTEX_POINT('',#2913);
#2913 = CARTESIAN_POINT('',(118.,63.5,0.));
#2914 = SURFACE_CURVE('',#2915,(#2920,#2927),.PCURVE_S1.);
#2915 = CIRCLE('',#2916,4.);
#2916 = AXIS2_PLACEMENT_3D('',#2917,#2918,#2919);
#2917 = CARTESIAN_POINT('',(114.,63.5,0.));
#2918 = DIRECTION('',(0.,0.,1.));
#2919 = DIRECTION('',(-1.,1.110223024625E-16,0.));
#2920 = PCURVE('',#100,#2921);
#2921 = DEFINITIONAL_REPRESENTATION('',(#2922),#2926);
#2922 = CIRCLE('',#2923,4.);
#2923 = AXIS2_PLACEMENT_2D('',#2924,#2925);
#2924 = CARTESIAN_POINT('',(254.,161.));
#2925 = DIRECTION('',(-1.,1.110223024625E-16));
#2926 = ( GEOMETRIC_REPRESENTATION_CONTEXT(2) 
PARAMETRIC_REPRESENTATION_CONTEXT() REPRESENTATION_CONTEXT('2D SPACE',''
  ) );
#2927 = PCURVE('',#1560,#2928);
#2928 = DEFINITIONAL_REPRESENTATION('',(#2929),#2933);
#2929 = LINE('',#2930,#2931);
#2930 = CARTESIAN_POINT('',(-6.28318530718,-299.0000003));
#2931 = VECTOR('',#2932,1.);
#2932 = DIRECTION('',(1.,-0.));
#2933 = ( GEOMETRIC_REPRESENTATION_CONTEXT(2) 
PARAMETRIC_REPRESENTATION_CONTEXT() REPRESENTATION_CONTEXT('2D SPACE',''
  ) );
#2934 = ORIENTED_EDGE('',*,*,#2935,.T.);
#2935 = EDGE_CURVE('',#2912,#2867,#2936,.T.);
#2936 = SURFACE_CURVE('',#2937,(#2941,#2947),.PCURVE_S1.);
#2937 = LINE('',#2938,#2939);
#2938 = CARTESIAN_POINT('',(118.,-17.,0.));
#2939 = VECTOR('',#2940,1.);
#2940 = DIRECTION('',(-1.110223024625E-16,-1.,0.));
#2941 = PCURVE('',#100,#2942);
#2942 = DEFINITIONAL_REPRESENTATION('',(#2943),#2946);
#2943 = B_SPLINE_CURVE_WITH_KNOTS('',1,(#2944,#2945),.UNSPECIFIED.,.F.,
  .F.,(2,2),(-80.5,46.5),.PIECEWISE_BEZIER_KNOTS.);
#2944 = CARTESIAN_POINT('',(258.,161.));
#2945 = CARTESIAN_POINT('',(258.,34.));
#2946 = ( GEOMETRIC_REPRESENTATION_CONTEXT(2) 
PARAMETRIC_REPRESENTATION_CONTEXT() REPRESENTATION_CONTEXT('2D SPACE',''
  ) );
#2947 = PCURVE('',#1585,#2948);
#2948 = DEFINITIONAL_REPRESENTATION('',(#2949),#2952);
#2949 = B_SPLINE_CURVE_WITH_KNOTS('',1,(#2950,#2951),.UNSPECIFIED.,.F.,
  .F.,(2,2),(-80.5,46.5),.PIECEWISE_BEZIER_KNOTS.);
#2950 = CARTESIAN_POINT('',(0.,-299.0000003));
#2951 = CARTESIAN_POINT('',(127.,-299.0000003));
#2952 = ( GEOMETRIC_REPRESENTATION_CONTEXT(2) 
PARAMETRIC_REPRESENTATION_CONTEXT() REPRESENTATION_CONTEXT('2D SPACE',''
  ) );
#2953 = ADVANCED_FACE('',(#2954),#181,.T.);
#2954 = FACE_BOUND('',#2955,.T.);
#2955 = EDGE_LOOP('',(#2956,#2986,#3007,#3008,#3027,#3028,#3029,#3030));
#2956 = ORIENTED_EDGE('',*,*,#2957,.T.);
#2957 = EDGE_CURVE('',#2958,#2960,#2962,.T.);
#2958 = VERTEX_POINT('',#2959);
#2959 = CARTESIAN_POINT('',(-140.,-93.5,17.5));
#2960 = VERTEX_POINT('',#2961);
#2961 = CARTESIAN_POINT('',(140.,-93.5,17.5));
#2962 = SURFACE_CURVE('',#2963,(#2967,#2974),.PCURVE_S1.);
#2963 = LINE('',#2964,#2965);
#2964 = CARTESIAN_POINT('',(-140.,-93.5,17.5));
#2965 = VECTOR('',#2966,1.);
#2966 = DIRECTION('',(1.,0.,0.));
#2967 = PCURVE('',#181,#2968);
#2968 = DEFINITIONAL_REPRESENTATION('',(#2969),#2973);
#2969 = LINE('',#2970,#2971);
#2970 = CARTESIAN_POINT('',(17.5,0.));
#2971 = VECTOR('',#2972,1.);
#2972 = DIRECTION('',(0.,1.));
#2973 = ( GEOMETRIC_REPRESENTATION_CONTEXT(2) 
PARAMETRIC_REPRESENTATION_CONTEXT() REPRESENTATION_CONTEXT('2D SPACE',''
  ) );
#2974 = PCURVE('',#2975,#2980);
#2975 = CYLINDRICAL_SURFACE('',#2976,1.5);
#2976 = AXIS2_PLACEMENT_3D('',#2977,#2978,#2979);
#2977 = CARTESIAN_POINT('',(-140.,-95.,17.5));
#2978 = DIRECTION('',(1.,0.,0.));
#2979 = DIRECTION('',(-0.,1.,0.));
#2980 = DEFINITIONAL_REPRESENTATION('',(#2981),#2985);
#2981 = LINE('',#2982,#2983);
#2982 = CARTESIAN_POINT('',(0.,0.));
#2983 = VECTOR('',#2984,1.);
#2984 = DIRECTION('',(0.,1.));
#2985 = ( GEOMETRIC_REPRESENTATION_CONTEXT(2) 
PARAMETRIC_REPRESENTATION_CONTEXT() REPRESENTATION_CONTEXT('2D SPACE',''
  ) );
#2986 = ORIENTED_EDGE('',*,*,#2987,.F.);
#2987 = EDGE_CURVE('',#1783,#2960,#2988,.T.);
#2988 = SURFACE_CURVE('',#2989,(#2993,#3000),.PCURVE_S1.);
#2989 = LINE('',#2990,#2991);
#2990 = CARTESIAN_POINT('',(140.,-93.5,0.));
#2991 = VECTOR('',#2992,1.);
#2992 = DIRECTION('',(0.,0.,1.));
#2993 = PCURVE('',#181,#2994);
#2994 = DEFINITIONAL_REPRESENTATION('',(#2995),#2999);
#2995 = LINE('',#2996,#2997);
#2996 = CARTESIAN_POINT('',(0.,280.));
#2997 = VECTOR('',#2998,1.);
#2998 = DIRECTION('',(1.,0.));
#2999 = ( GEOMETRIC_REPRESENTATION_CONTEXT(2) 
PARAMETRIC_REPRESENTATION_CONTEXT() REPRESENTATION_CONTEXT('2D SPACE',''
  ) );
#3000 = PCURVE('',#1798,#3001);
#3001 = DEFINITIONAL_REPRESENTATION('',(#3002),#3006);
#3002 = LINE('',#3003,#3004);
#3003 = CARTESIAN_POINT('',(0.,-4.));
#3004 = VECTOR('',#3005,1.);
#3005 = DIRECTION('',(1.,0.));
#3006 = ( GEOMETRIC_REPRESENTATION_CONTEXT(2) 
PARAMETRIC_REPRESENTATION_CONTEXT() REPRESENTATION_CONTEXT('2D SPACE',''
  ) );
#3007 = ORIENTED_EDGE('',*,*,#1810,.F.);
#3008 = ORIENTED_EDGE('',*,*,#3009,.T.);
#3009 = EDGE_CURVE('',#1811,#167,#3010,.T.);
#3010 = SURFACE_CURVE('',#3011,(#3015,#3021),.PCURVE_S1.);
#3011 = LINE('',#3012,#3013);
#3012 = CARTESIAN_POINT('',(138.92820323027,-93.5,0.));
#3013 = VECTOR('',#3014,1.);
#3014 = DIRECTION('',(0.,0.,1.));
#3015 = PCURVE('',#181,#3016);
#3016 = DEFINITIONAL_REPRESENTATION('',(#3017),#3020);
#3017 = B_SPLINE_CURVE_WITH_KNOTS('',1,(#3018,#3019),.UNSPECIFIED.,.F.,
  .F.,(2,2),(-6.E-07,4.0000006),.PIECEWISE_BEZIER_KNOTS.);
#3018 = CARTESIAN_POINT('',(-6.E-07,278.92820323027));
#3019 = CARTESIAN_POINT('',(4.0000006,278.92820323027));
#3020 = ( GEOMETRIC_REPRESENTATION_CONTEXT(2) 
PARAMETRIC_REPRESENTATION_CONTEXT() REPRESENTATION_CONTEXT('2D SPACE',''
  ) );
#3021 = PCURVE('',#213,#3022);
#3022 = DEFINITIONAL_REPRESENTATION('',(#3023),#3026);
#3023 = B_SPLINE_CURVE_WITH_KNOTS('',1,(#3024,#3025),.UNSPECIFIED.,.F.,
  .F.,(2,2),(-6.E-07,4.0000006),.PIECEWISE_BEZIER_KNOTS.);
#3024 = CARTESIAN_POINT('',(-0.523598775598,-6.E-07));
#3025 = CARTESIAN_POINT('',(-0.523598775598,4.0000006));
#3026 = ( GEOMETRIC_REPRESENTATION_CONTEXT(2) 
PARAMETRIC_REPRESENTATION_CONTEXT() REPRESENTATION_CONTEXT('2D SPACE',''
  ) );
#3027 = ORIENTED_EDGE('',*,*,#166,.T.);
#3028 = ORIENTED_EDGE('',*,*,#1624,.F.);
#3029 = ORIENTED_EDGE('',*,*,#1703,.F.);
#3030 = ORIENTED_EDGE('',*,*,#3031,.T.);
#3031 = EDGE_CURVE('',#1704,#2958,#3032,.T.);
#3032 = SURFACE_CURVE('',#3033,(#3037,#3044),.PCURVE_S1.);
#3033 = LINE('',#3034,#3035);
#3034 = CARTESIAN_POINT('',(-140.,-93.5,0.));
#3035 = VECTOR('',#3036,1.);
#3036 = DIRECTION('',(0.,0.,1.));
#3037 = PCURVE('',#181,#3038);
#3038 = DEFINITIONAL_REPRESENTATION('',(#3039),#3043);
#3039 = LINE('',#3040,#3041);
#3040 = CARTESIAN_POINT('',(0.,0.));
#3041 = VECTOR('',#3042,1.);
#3042 = DIRECTION('',(1.,0.));
#3043 = ( GEOMETRIC_REPRESENTATION_CONTEXT(2) 
PARAMETRIC_REPRESENTATION_CONTEXT() REPRESENTATION_CONTEXT('2D SPACE',''
  ) );
#3044 = PCURVE('',#1742,#3045);
#3045 = DEFINITIONAL_REPRESENTATION('',(#3046),#3050);
#3046 = LINE('',#3047,#3048);
#3047 = CARTESIAN_POINT('',(0.,-4.));
#3048 = VECTOR('',#3049,1.);
#3049 = DIRECTION('',(1.,0.));
#3050 = ( GEOMETRIC_REPRESENTATION_CONTEXT(2) 
PARAMETRIC_REPRESENTATION_CONTEXT() REPRESENTATION_CONTEXT('2D SPACE',''
  ) );
#3051 = ADVANCED_FACE('',(#3052),#298,.T.);
#3052 = FACE_BOUND('',#3053,.T.);
#3053 = EDGE_LOOP('',(#3054,#3055,#3056,#3057));
#3054 = ORIENTED_EDGE('',*,*,#1908,.F.);
#3055 = ORIENTED_EDGE('',*,*,#1675,.T.);
#3056 = ORIENTED_EDGE('',*,*,#282,.T.);
#3057 = ORIENTED_EDGE('',*,*,#3058,.F.);
#3058 = EDGE_CURVE('',#1885,#254,#3059,.T.);
#3059 = SURFACE_CURVE('',#3060,(#3064,#3071),.PCURVE_S1.);
#3060 = LINE('',#3061,#3062);
#3061 = CARTESIAN_POINT('',(132.,97.5,0.));
#3062 = VECTOR('',#3063,1.);
#3063 = DIRECTION('',(0.,0.,1.));
#3064 = PCURVE('',#298,#3065);
#3065 = DEFINITIONAL_REPRESENTATION('',(#3066),#3070);
#3066 = LINE('',#3067,#3068);
#3067 = CARTESIAN_POINT('',(0.,272.));
#3068 = VECTOR('',#3069,1.);
#3069 = DIRECTION('',(1.,0.));
#3070 = ( GEOMETRIC_REPRESENTATION_CONTEXT(2) 
PARAMETRIC_REPRESENTATION_CONTEXT() REPRESENTATION_CONTEXT('2D SPACE',''
  ) );
#3071 = PCURVE('',#270,#3072);
#3072 = DEFINITIONAL_REPRESENTATION('',(#3073),#3077);
#3073 = LINE('',#3074,#3075);
#3074 = CARTESIAN_POINT('',(1.570796326795,0.));
#3075 = VECTOR('',#3076,1.);
#3076 = DIRECTION('',(0.,1.));
#3077 = ( GEOMETRIC_REPRESENTATION_CONTEXT(2) 
PARAMETRIC_REPRESENTATION_CONTEXT() REPRESENTATION_CONTEXT('2D SPACE',''
  ) );
#3078 = ADVANCED_FACE('',(#3079),#213,.T.);
#3079 = FACE_BOUND('',#3080,.F.);
#3080 = EDGE_LOOP('',(#3081,#3102,#3103,#3104));
#3081 = ORIENTED_EDGE('',*,*,#3082,.F.);
#3082 = EDGE_CURVE('',#1834,#193,#3083,.T.);
#3083 = SURFACE_CURVE('',#3084,(#3088,#3095),.PCURVE_S1.);
#3084 = LINE('',#3085,#3086);
#3085 = CARTESIAN_POINT('',(140.,-89.5,0.));
#3086 = VECTOR('',#3087,1.);
#3087 = DIRECTION('',(0.,0.,1.));
#3088 = PCURVE('',#213,#3089);
#3089 = DEFINITIONAL_REPRESENTATION('',(#3090),#3094);
#3090 = LINE('',#3091,#3092);
#3091 = CARTESIAN_POINT('',(-0.,0.));
#3092 = VECTOR('',#3093,1.);
#3093 = DIRECTION('',(-0.,1.));
#3094 = ( GEOMETRIC_REPRESENTATION_CONTEXT(2) 
PARAMETRIC_REPRESENTATION_CONTEXT() REPRESENTATION_CONTEXT('2D SPACE',''
  ) );
#3095 = PCURVE('',#241,#3096);
#3096 = DEFINITIONAL_REPRESENTATION('',(#3097),#3101);
#3097 = LINE('',#3098,#3099);
#3098 = CARTESIAN_POINT('',(0.,-8.));
#3099 = VECTOR('',#3100,1.);
#3100 = DIRECTION('',(1.,0.));
#3101 = ( GEOMETRIC_REPRESENTATION_CONTEXT(2) 
PARAMETRIC_REPRESENTATION_CONTEXT() REPRESENTATION_CONTEXT('2D SPACE',''
  ) );
#3102 = ORIENTED_EDGE('',*,*,#1833,.T.);
#3103 = ORIENTED_EDGE('',*,*,#3009,.T.);
#3104 = ORIENTED_EDGE('',*,*,#192,.F.);
#3105 = ADVANCED_FACE('',(#3106),#270,.T.);
#3106 = FACE_BOUND('',#3107,.T.);
#3107 = EDGE_LOOP('',(#3108,#3109,#3110,#3111));
#3108 = ORIENTED_EDGE('',*,*,#1884,.T.);
#3109 = ORIENTED_EDGE('',*,*,#3058,.T.);
#3110 = ORIENTED_EDGE('',*,*,#253,.F.);
#3111 = ORIENTED_EDGE('',*,*,#3112,.F.);
#3112 = EDGE_CURVE('',#1862,#226,#3113,.T.);
#3113 = SURFACE_CURVE('',#3114,(#3118,#3125),.PCURVE_S1.);
#3114 = LINE('',#3115,#3116);
#3115 = CARTESIAN_POINT('',(140.,89.5,0.));
#3116 = VECTOR('',#3117,1.);
#3117 = DIRECTION('',(0.,0.,1.));
#3118 = PCURVE('',#270,#3119);
#3119 = DEFINITIONAL_REPRESENTATION('',(#3120),#3124);
#3120 = LINE('',#3121,#3122);
#3121 = CARTESIAN_POINT('',(0.,0.));
#3122 = VECTOR('',#3123,1.);
#3123 = DIRECTION('',(0.,1.));
#3124 = ( GEOMETRIC_REPRESENTATION_CONTEXT(2) 
PARAMETRIC_REPRESENTATION_CONTEXT() REPRESENTATION_CONTEXT('2D SPACE',''
  ) );
#3125 = PCURVE('',#241,#3126);
#3126 = DEFINITIONAL_REPRESENTATION('',(#3127),#3131);
#3127 = LINE('',#3128,#3129);
#3128 = CARTESIAN_POINT('',(0.,-187.));
#3129 = VECTOR('',#3130,1.);
#3130 = DIRECTION('',(1.,0.));
#3131 = ( GEOMETRIC_REPRESENTATION_CONTEXT(2) 
PARAMETRIC_REPRESENTATION_CONTEXT() REPRESENTATION_CONTEXT('2D SPACE',''
  ) );
#3132 = ADVANCED_FACE('',(#3133),#241,.T.);
#3133 = FACE_BOUND('',#3134,.T.);
#3134 = EDGE_LOOP('',(#3135,#3136,#3137,#3138));
#3135 = ORIENTED_EDGE('',*,*,#225,.F.);
#3136 = ORIENTED_EDGE('',*,*,#3082,.F.);
#3137 = ORIENTED_EDGE('',*,*,#1861,.T.);
#3138 = ORIENTED_EDGE('',*,*,#3112,.T.);
#3139 = ADVANCED_FACE('',(#3140),#359,.F.);
#3140 = FACE_BOUND('',#3141,.T.);
#3141 = EDGE_LOOP('',(#3142,#3143,#3164,#3165));
#3142 = ORIENTED_EDGE('',*,*,#1932,.F.);
#3143 = ORIENTED_EDGE('',*,*,#3144,.T.);
#3144 = EDGE_CURVE('',#1933,#339,#3145,.T.);
#3145 = SEAM_CURVE('',#3146,(#3150,#3157),.PCURVE_S1.);
#3146 = LINE('',#3147,#3148);
#3147 = CARTESIAN_POINT('',(-18.4,-20.,-261.0000003));
#3148 = VECTOR('',#3149,1.);
#3149 = DIRECTION('',(0.,0.,1.));
#3150 = PCURVE('',#359,#3151);
#3151 = DEFINITIONAL_REPRESENTATION('',(#3152),#3156);
#3152 = LINE('',#3153,#3154);
#3153 = CARTESIAN_POINT('',(-0.,0.));
#3154 = VECTOR('',#3155,1.);
#3155 = DIRECTION('',(-0.,-1.));
#3156 = ( GEOMETRIC_REPRESENTATION_CONTEXT(2) 
PARAMETRIC_REPRESENTATION_CONTEXT() REPRESENTATION_CONTEXT('2D SPACE',''
  ) );
#3157 = PCURVE('',#359,#3158);
#3158 = DEFINITIONAL_REPRESENTATION('',(#3159),#3163);
#3159 = LINE('',#3160,#3161);
#3160 = CARTESIAN_POINT('',(-6.28318530718,0.));
#3161 = VECTOR('',#3162,1.);
#3162 = DIRECTION('',(-0.,-1.));
#3163 = ( GEOMETRIC_REPRESENTATION_CONTEXT(2) 
PARAMETRIC_REPRESENTATION_CONTEXT() REPRESENTATION_CONTEXT('2D SPACE',''
  ) );
#3164 = ORIENTED_EDGE('',*,*,#338,.F.);
#3165 = ORIENTED_EDGE('',*,*,#3144,.F.);
#3166 = ADVANCED_FACE('',(#3167),#394,.F.);
#3167 = FACE_BOUND('',#3168,.T.);
#3168 = EDGE_LOOP('',(#3169,#3170,#3191,#3192));
#3169 = ORIENTED_EDGE('',*,*,#1958,.F.);
#3170 = ORIENTED_EDGE('',*,*,#3171,.T.);
#3171 = EDGE_CURVE('',#1959,#374,#3172,.T.);
#3172 = SEAM_CURVE('',#3173,(#3177,#3184),.PCURVE_S1.);
#3173 = LINE('',#3174,#3175);
#3174 = CARTESIAN_POINT('',(21.6,-20.,-261.0000003));
#3175 = VECTOR('',#3176,1.);
#3176 = DIRECTION('',(0.,0.,1.));
#3177 = PCURVE('',#394,#3178);
#3178 = DEFINITIONAL_REPRESENTATION('',(#3179),#3183);
#3179 = LINE('',#3180,#3181);
#3180 = CARTESIAN_POINT('',(-0.,0.));
#3181 = VECTOR('',#3182,1.);
#3182 = DIRECTION('',(-0.,-1.));
#3183 = ( GEOMETRIC_REPRESENTATION_CONTEXT(2) 
PARAMETRIC_REPRESENTATION_CONTEXT() REPRESENTATION_CONTEXT('2D SPACE',''
  ) );
#3184 = PCURVE('',#394,#3185);
#3185 = DEFINITIONAL_REPRESENTATION('',(#3186),#3190);
#3186 = LINE('',#3187,#3188);
#3187 = CARTESIAN_POINT('',(-6.28318530718,0.));
#3188 = VECTOR('',#3189,1.);
#3189 = DIRECTION('',(-0.,-1.));
#3190 = ( GEOMETRIC_REPRESENTATION_CONTEXT(2) 
PARAMETRIC_REPRESENTATION_CONTEXT() REPRESENTATION_CONTEXT('2D SPACE',''
  ) );
#3191 = ORIENTED_EDGE('',*,*,#373,.F.);
#3192 = ORIENTED_EDGE('',*,*,#3171,.F.);
#3193 = ADVANCED_FACE('',(#3194),#427,.F.);
#3194 = FACE_BOUND('',#3195,.T.);
#3195 = EDGE_LOOP('',(#3196,#3197,#3218,#3219));
#3196 = ORIENTED_EDGE('',*,*,#408,.T.);
#3197 = ORIENTED_EDGE('',*,*,#3198,.T.);
#3198 = EDGE_CURVE('',#411,#1987,#3199,.T.);
#3199 = SURFACE_CURVE('',#3200,(#3204,#3211),.PCURVE_S1.);
#3200 = LINE('',#3201,#3202);
#3201 = CARTESIAN_POINT('',(-111.,-63.5,299.0000003));
#3202 = VECTOR('',#3203,1.);
#3203 = DIRECTION('',(0.,0.,-1.));
#3204 = PCURVE('',#427,#3205);
#3205 = DEFINITIONAL_REPRESENTATION('',(#3206),#3210);
#3206 = LINE('',#3207,#3208);
#3207 = CARTESIAN_POINT('',(-0.,0.));
#3208 = VECTOR('',#3209,1.);
#3209 = DIRECTION('',(-0.,-1.));
#3210 = ( GEOMETRIC_REPRESENTATION_CONTEXT(2) 
PARAMETRIC_REPRESENTATION_CONTEXT() REPRESENTATION_CONTEXT('2D SPACE',''
  ) );
#3211 = PCURVE('',#507,#3212);
#3212 = DEFINITIONAL_REPRESENTATION('',(#3213),#3217);
#3213 = LINE('',#3214,#3215);
#3214 = CARTESIAN_POINT('',(127.,0.));
#3215 = VECTOR('',#3216,1.);
#3216 = DIRECTION('',(0.,-1.));
#3217 = ( GEOMETRIC_REPRESENTATION_CONTEXT(2) 
PARAMETRIC_REPRESENTATION_CONTEXT() REPRESENTATION_CONTEXT('2D SPACE',''
  ) );
#3218 = ORIENTED_EDGE('',*,*,#1984,.F.);
#3219 = ORIENTED_EDGE('',*,*,#3220,.F.);
#3220 = EDGE_CURVE('',#409,#1985,#3221,.T.);
#3221 = SURFACE_CURVE('',#3222,(#3226,#3233),.PCURVE_S1.);
#3222 = LINE('',#3223,#3224);
#3223 = CARTESIAN_POINT('',(-119.,-63.5,299.0000003));
#3224 = VECTOR('',#3225,1.);
#3225 = DIRECTION('',(0.,0.,-1.));
#3226 = PCURVE('',#427,#3227);
#3227 = DEFINITIONAL_REPRESENTATION('',(#3228),#3232);
#3228 = LINE('',#3229,#3230);
#3229 = CARTESIAN_POINT('',(-3.14159265359,0.));
#3230 = VECTOR('',#3231,1.);
#3231 = DIRECTION('',(-0.,-1.));
#3232 = ( GEOMETRIC_REPRESENTATION_CONTEXT(2) 
PARAMETRIC_REPRESENTATION_CONTEXT() REPRESENTATION_CONTEXT('2D SPACE',''
  ) );
#3233 = PCURVE('',#454,#3234);
#3234 = DEFINITIONAL_REPRESENTATION('',(#3235),#3239);
#3235 = LINE('',#3236,#3237);
#3236 = CARTESIAN_POINT('',(0.,0.));
#3237 = VECTOR('',#3238,1.);
#3238 = DIRECTION('',(0.,-1.));
#3239 = ( GEOMETRIC_REPRESENTATION_CONTEXT(2) 
PARAMETRIC_REPRESENTATION_CONTEXT() REPRESENTATION_CONTEXT('2D SPACE',''
  ) );
#3240 = ADVANCED_FACE('',(#3241),#454,.T.);
#3241 = FACE_BOUND('',#3242,.T.);
#3242 = EDGE_LOOP('',(#3243,#3244,#3245,#3246));
#3243 = ORIENTED_EDGE('',*,*,#439,.F.);
#3244 = ORIENTED_EDGE('',*,*,#3220,.T.);
#3245 = ORIENTED_EDGE('',*,*,#2010,.T.);
#3246 = ORIENTED_EDGE('',*,*,#3247,.F.);
#3247 = EDGE_CURVE('',#440,#2011,#3248,.T.);
#3248 = SURFACE_CURVE('',#3249,(#3253,#3260),.PCURVE_S1.);
#3249 = LINE('',#3250,#3251);
#3250 = CARTESIAN_POINT('',(-119.,63.5,299.0000003));
#3251 = VECTOR('',#3252,1.);
#3252 = DIRECTION('',(0.,0.,-1.));
#3253 = PCURVE('',#454,#3254);
#3254 = DEFINITIONAL_REPRESENTATION('',(#3255),#3259);
#3255 = LINE('',#3256,#3257);
#3256 = CARTESIAN_POINT('',(127.,0.));
#3257 = VECTOR('',#3258,1.);
#3258 = DIRECTION('',(0.,-1.));
#3259 = ( GEOMETRIC_REPRESENTATION_CONTEXT(2) 
PARAMETRIC_REPRESENTATION_CONTEXT() REPRESENTATION_CONTEXT('2D SPACE',''
  ) );
#3260 = PCURVE('',#482,#3261);
#3261 = DEFINITIONAL_REPRESENTATION('',(#3262),#3266);
#3262 = LINE('',#3263,#3264);
#3263 = CARTESIAN_POINT('',(-0.,0.));
#3264 = VECTOR('',#3265,1.);
#3265 = DIRECTION('',(-0.,-1.));
#3266 = ( GEOMETRIC_REPRESENTATION_CONTEXT(2) 
PARAMETRIC_REPRESENTATION_CONTEXT() REPRESENTATION_CONTEXT('2D SPACE',''
  ) );
#3267 = ADVANCED_FACE('',(#3268),#507,.T.);
#3268 = FACE_BOUND('',#3269,.T.);
#3269 = EDGE_LOOP('',(#3270,#3271,#3292,#3293));
#3270 = ORIENTED_EDGE('',*,*,#494,.F.);
#3271 = ORIENTED_EDGE('',*,*,#3272,.T.);
#3272 = EDGE_CURVE('',#466,#2032,#3273,.T.);
#3273 = SURFACE_CURVE('',#3274,(#3278,#3285),.PCURVE_S1.);
#3274 = LINE('',#3275,#3276);
#3275 = CARTESIAN_POINT('',(-111.,63.5,299.0000003));
#3276 = VECTOR('',#3277,1.);
#3277 = DIRECTION('',(0.,0.,-1.));
#3278 = PCURVE('',#507,#3279);
#3279 = DEFINITIONAL_REPRESENTATION('',(#3280),#3284);
#3280 = LINE('',#3281,#3282);
#3281 = CARTESIAN_POINT('',(0.,0.));
#3282 = VECTOR('',#3283,1.);
#3283 = DIRECTION('',(0.,-1.));
#3284 = ( GEOMETRIC_REPRESENTATION_CONTEXT(2) 
PARAMETRIC_REPRESENTATION_CONTEXT() REPRESENTATION_CONTEXT('2D SPACE',''
  ) );
#3285 = PCURVE('',#482,#3286);
#3286 = DEFINITIONAL_REPRESENTATION('',(#3287),#3291);
#3287 = LINE('',#3288,#3289);
#3288 = CARTESIAN_POINT('',(-3.14159265359,0.));
#3289 = VECTOR('',#3290,1.);
#3290 = DIRECTION('',(-0.,-1.));
#3291 = ( GEOMETRIC_REPRESENTATION_CONTEXT(2) 
PARAMETRIC_REPRESENTATION_CONTEXT() REPRESENTATION_CONTEXT('2D SPACE',''
  ) );
#3292 = ORIENTED_EDGE('',*,*,#2055,.T.);
#3293 = ORIENTED_EDGE('',*,*,#3198,.F.);
#3294 = ADVANCED_FACE('',(#3295),#482,.F.);
#3295 = FACE_BOUND('',#3296,.T.);
#3296 = EDGE_LOOP('',(#3297,#3298,#3299,#3300));
#3297 = ORIENTED_EDGE('',*,*,#465,.T.);
#3298 = ORIENTED_EDGE('',*,*,#3247,.T.);
#3299 = ORIENTED_EDGE('',*,*,#2031,.F.);
#3300 = ORIENTED_EDGE('',*,*,#3272,.F.);
#3301 = ADVANCED_FACE('',(#3302),#539,.F.);
#3302 = FACE_BOUND('',#3303,.T.);
#3303 = EDGE_LOOP('',(#3304,#3305,#3326,#3327));
#3304 = ORIENTED_EDGE('',*,*,#520,.T.);
#3305 = ORIENTED_EDGE('',*,*,#3306,.T.);
#3306 = EDGE_CURVE('',#523,#2079,#3307,.T.);
#3307 = SURFACE_CURVE('',#3308,(#3312,#3319),.PCURVE_S1.);
#3308 = LINE('',#3309,#3310);
#3309 = CARTESIAN_POINT('',(-95.,-63.5,299.0000003));
#3310 = VECTOR('',#3311,1.);
#3311 = DIRECTION('',(0.,0.,-1.));
#3312 = PCURVE('',#539,#3313);
#3313 = DEFINITIONAL_REPRESENTATION('',(#3314),#3318);
#3314 = LINE('',#3315,#3316);
#3315 = CARTESIAN_POINT('',(-0.,0.));
#3316 = VECTOR('',#3317,1.);
#3317 = DIRECTION('',(-0.,-1.));
#3318 = ( GEOMETRIC_REPRESENTATION_CONTEXT(2) 
PARAMETRIC_REPRESENTATION_CONTEXT() REPRESENTATION_CONTEXT('2D SPACE',''
  ) );
#3319 = PCURVE('',#619,#3320);
#3320 = DEFINITIONAL_REPRESENTATION('',(#3321),#3325);
#3321 = LINE('',#3322,#3323);
#3322 = CARTESIAN_POINT('',(127.,0.));
#3323 = VECTOR('',#3324,1.);
#3324 = DIRECTION('',(0.,-1.));
#3325 = ( GEOMETRIC_REPRESENTATION_CONTEXT(2) 
PARAMETRIC_REPRESENTATION_CONTEXT() REPRESENTATION_CONTEXT('2D SPACE',''
  ) );
#3326 = ORIENTED_EDGE('',*,*,#2076,.F.);
#3327 = ORIENTED_EDGE('',*,*,#3328,.F.);
#3328 = EDGE_CURVE('',#521,#2077,#3329,.T.);
#3329 = SURFACE_CURVE('',#3330,(#3334,#3341),.PCURVE_S1.);
#3330 = LINE('',#3331,#3332);
#3331 = CARTESIAN_POINT('',(-103.,-63.5,299.0000003));
#3332 = VECTOR('',#3333,1.);
#3333 = DIRECTION('',(0.,0.,-1.));
#3334 = PCURVE('',#539,#3335);
#3335 = DEFINITIONAL_REPRESENTATION('',(#3336),#3340);
#3336 = LINE('',#3337,#3338);
#3337 = CARTESIAN_POINT('',(-3.14159265359,0.));
#3338 = VECTOR('',#3339,1.);
#3339 = DIRECTION('',(-0.,-1.));
#3340 = ( GEOMETRIC_REPRESENTATION_CONTEXT(2) 
PARAMETRIC_REPRESENTATION_CONTEXT() REPRESENTATION_CONTEXT('2D SPACE',''
  ) );
#3341 = PCURVE('',#566,#3342);
#3342 = DEFINITIONAL_REPRESENTATION('',(#3343),#3347);
#3343 = LINE('',#3344,#3345);
#3344 = CARTESIAN_POINT('',(0.,0.));
#3345 = VECTOR('',#3346,1.);
#3346 = DIRECTION('',(0.,-1.));
#3347 = ( GEOMETRIC_REPRESENTATION_CONTEXT(2) 
PARAMETRIC_REPRESENTATION_CONTEXT() REPRESENTATION_CONTEXT('2D SPACE',''
  ) );
#3348 = ADVANCED_FACE('',(#3349),#566,.T.);
#3349 = FACE_BOUND('',#3350,.T.);
#3350 = EDGE_LOOP('',(#3351,#3352,#3353,#3354));
#3351 = ORIENTED_EDGE('',*,*,#551,.F.);
#3352 = ORIENTED_EDGE('',*,*,#3328,.T.);
#3353 = ORIENTED_EDGE('',*,*,#2102,.T.);
#3354 = ORIENTED_EDGE('',*,*,#3355,.F.);
#3355 = EDGE_CURVE('',#552,#2103,#3356,.T.);
#3356 = SURFACE_CURVE('',#3357,(#3361,#3368),.PCURVE_S1.);
#3357 = LINE('',#3358,#3359);
#3358 = CARTESIAN_POINT('',(-103.,63.5,299.0000003));
#3359 = VECTOR('',#3360,1.);
#3360 = DIRECTION('',(0.,0.,-1.));
#3361 = PCURVE('',#566,#3362);
#3362 = DEFINITIONAL_REPRESENTATION('',(#3363),#3367);
#3363 = LINE('',#3364,#3365);
#3364 = CARTESIAN_POINT('',(127.,0.));
#3365 = VECTOR('',#3366,1.);
#3366 = DIRECTION('',(0.,-1.));
#3367 = ( GEOMETRIC_REPRESENTATION_CONTEXT(2) 
PARAMETRIC_REPRESENTATION_CONTEXT() REPRESENTATION_CONTEXT('2D SPACE',''
  ) );
#3368 = PCURVE('',#594,#3369);
#3369 = DEFINITIONAL_REPRESENTATION('',(#3370),#3374);
#3370 = LINE('',#3371,#3372);
#3371 = CARTESIAN_POINT('',(-0.,0.));
#3372 = VECTOR('',#3373,1.);
#3373 = DIRECTION('',(-0.,-1.));
#3374 = ( GEOMETRIC_REPRESENTATION_CONTEXT(2) 
PARAMETRIC_REPRESENTATION_CONTEXT() REPRESENTATION_CONTEXT('2D SPACE',''
  ) );
#3375 = ADVANCED_FACE('',(#3376),#619,.T.);
#3376 = FACE_BOUND('',#3377,.T.);
#3377 = EDGE_LOOP('',(#3378,#3379,#3400,#3401));
#3378 = ORIENTED_EDGE('',*,*,#606,.F.);
#3379 = ORIENTED_EDGE('',*,*,#3380,.T.);
#3380 = EDGE_CURVE('',#578,#2124,#3381,.T.);
#3381 = SURFACE_CURVE('',#3382,(#3386,#3393),.PCURVE_S1.);
#3382 = LINE('',#3383,#3384);
#3383 = CARTESIAN_POINT('',(-95.,63.5,299.0000003));
#3384 = VECTOR('',#3385,1.);
#3385 = DIRECTION('',(0.,0.,-1.));
#3386 = PCURVE('',#619,#3387);
#3387 = DEFINITIONAL_REPRESENTATION('',(#3388),#3392);
#3388 = LINE('',#3389,#3390);
#3389 = CARTESIAN_POINT('',(0.,0.));
#3390 = VECTOR('',#3391,1.);
#3391 = DIRECTION('',(0.,-1.));
#3392 = ( GEOMETRIC_REPRESENTATION_CONTEXT(2) 
PARAMETRIC_REPRESENTATION_CONTEXT() REPRESENTATION_CONTEXT('2D SPACE',''
  ) );
#3393 = PCURVE('',#594,#3394);
#3394 = DEFINITIONAL_REPRESENTATION('',(#3395),#3399);
#3395 = LINE('',#3396,#3397);
#3396 = CARTESIAN_POINT('',(-3.14159265359,0.));
#3397 = VECTOR('',#3398,1.);
#3398 = DIRECTION('',(-0.,-1.));
#3399 = ( GEOMETRIC_REPRESENTATION_CONTEXT(2) 
PARAMETRIC_REPRESENTATION_CONTEXT() REPRESENTATION_CONTEXT('2D SPACE',''
  ) );
#3400 = ORIENTED_EDGE('',*,*,#2147,.T.);
#3401 = ORIENTED_EDGE('',*,*,#3306,.F.);
#3402 = ADVANCED_FACE('',(#3403),#594,.F.);
#3403 = FACE_BOUND('',#3404,.T.);
#3404 = EDGE_LOOP('',(#3405,#3406,#3407,#3408));
#3405 = ORIENTED_EDGE('',*,*,#577,.T.);
#3406 = ORIENTED_EDGE('',*,*,#3355,.T.);
#3407 = ORIENTED_EDGE('',*,*,#2123,.F.);
#3408 = ORIENTED_EDGE('',*,*,#3380,.F.);
#3409 = ADVANCED_FACE('',(#3410),#651,.F.);
#3410 = FACE_BOUND('',#3411,.T.);
#3411 = EDGE_LOOP('',(#3412,#3413,#3434,#3435));
#3412 = ORIENTED_EDGE('',*,*,#632,.T.);
#3413 = ORIENTED_EDGE('',*,*,#3414,.T.);
#3414 = EDGE_CURVE('',#635,#2171,#3415,.T.);
#3415 = SURFACE_CURVE('',#3416,(#3420,#3427),.PCURVE_S1.);
#3416 = LINE('',#3417,#3418);
#3417 = CARTESIAN_POINT('',(-79.,-63.5,299.0000003));
#3418 = VECTOR('',#3419,1.);
#3419 = DIRECTION('',(0.,0.,-1.));
#3420 = PCURVE('',#651,#3421);
#3421 = DEFINITIONAL_REPRESENTATION('',(#3422),#3426);
#3422 = LINE('',#3423,#3424);
#3423 = CARTESIAN_POINT('',(-0.,0.));
#3424 = VECTOR('',#3425,1.);
#3425 = DIRECTION('',(-0.,-1.));
#3426 = ( GEOMETRIC_REPRESENTATION_CONTEXT(2) 
PARAMETRIC_REPRESENTATION_CONTEXT() REPRESENTATION_CONTEXT('2D SPACE',''
  ) );
#3427 = PCURVE('',#731,#3428);
#3428 = DEFINITIONAL_REPRESENTATION('',(#3429),#3433);
#3429 = LINE('',#3430,#3431);
#3430 = CARTESIAN_POINT('',(127.,0.));
#3431 = VECTOR('',#3432,1.);
#3432 = DIRECTION('',(0.,-1.));
#3433 = ( GEOMETRIC_REPRESENTATION_CONTEXT(2) 
PARAMETRIC_REPRESENTATION_CONTEXT() REPRESENTATION_CONTEXT('2D SPACE',''
  ) );
#3434 = ORIENTED_EDGE('',*,*,#2168,.F.);
#3435 = ORIENTED_EDGE('',*,*,#3436,.F.);
#3436 = EDGE_CURVE('',#633,#2169,#3437,.T.);
#3437 = SURFACE_CURVE('',#3438,(#3442,#3449),.PCURVE_S1.);
#3438 = LINE('',#3439,#3440);
#3439 = CARTESIAN_POINT('',(-87.,-63.5,299.0000003));
#3440 = VECTOR('',#3441,1.);
#3441 = DIRECTION('',(0.,0.,-1.));
#3442 = PCURVE('',#651,#3443);
#3443 = DEFINITIONAL_REPRESENTATION('',(#3444),#3448);
#3444 = LINE('',#3445,#3446);
#3445 = CARTESIAN_POINT('',(-3.14159265359,0.));
#3446 = VECTOR('',#3447,1.);
#3447 = DIRECTION('',(-0.,-1.));
#3448 = ( GEOMETRIC_REPRESENTATION_CONTEXT(2) 
PARAMETRIC_REPRESENTATION_CONTEXT() REPRESENTATION_CONTEXT('2D SPACE',''
  ) );
#3449 = PCURVE('',#678,#3450);
#3450 = DEFINITIONAL_REPRESENTATION('',(#3451),#3455);
#3451 = LINE('',#3452,#3453);
#3452 = CARTESIAN_POINT('',(0.,0.));
#3453 = VECTOR('',#3454,1.);
#3454 = DIRECTION('',(0.,-1.));
#3455 = ( GEOMETRIC_REPRESENTATION_CONTEXT(2) 
PARAMETRIC_REPRESENTATION_CONTEXT() REPRESENTATION_CONTEXT('2D SPACE',''
  ) );
#3456 = ADVANCED_FACE('',(#3457),#678,.T.);
#3457 = FACE_BOUND('',#3458,.T.);
#3458 = EDGE_LOOP('',(#3459,#3460,#3461,#3462));
#3459 = ORIENTED_EDGE('',*,*,#663,.F.);
#3460 = ORIENTED_EDGE('',*,*,#3436,.T.);
#3461 = ORIENTED_EDGE('',*,*,#2194,.T.);
#3462 = ORIENTED_EDGE('',*,*,#3463,.F.);
#3463 = EDGE_CURVE('',#664,#2195,#3464,.T.);
#3464 = SURFACE_CURVE('',#3465,(#3469,#3476),.PCURVE_S1.);
#3465 = LINE('',#3466,#3467);
#3466 = CARTESIAN_POINT('',(-87.,63.5,299.0000003));
#3467 = VECTOR('',#3468,1.);
#3468 = DIRECTION('',(0.,0.,-1.));
#3469 = PCURVE('',#678,#3470);
#3470 = DEFINITIONAL_REPRESENTATION('',(#3471),#3475);
#3471 = LINE('',#3472,#3473);
#3472 = CARTESIAN_POINT('',(127.,0.));
#3473 = VECTOR('',#3474,1.);
#3474 = DIRECTION('',(0.,-1.));
#3475 = ( GEOMETRIC_REPRESENTATION_CONTEXT(2) 
PARAMETRIC_REPRESENTATION_CONTEXT() REPRESENTATION_CONTEXT('2D SPACE',''
  ) );
#3476 = PCURVE('',#706,#3477);
#3477 = DEFINITIONAL_REPRESENTATION('',(#3478),#3482);
#3478 = LINE('',#3479,#3480);
#3479 = CARTESIAN_POINT('',(-0.,0.));
#3480 = VECTOR('',#3481,1.);
#3481 = DIRECTION('',(-0.,-1.));
#3482 = ( GEOMETRIC_REPRESENTATION_CONTEXT(2) 
PARAMETRIC_REPRESENTATION_CONTEXT() REPRESENTATION_CONTEXT('2D SPACE',''
  ) );
#3483 = ADVANCED_FACE('',(#3484),#731,.T.);
#3484 = FACE_BOUND('',#3485,.T.);
#3485 = EDGE_LOOP('',(#3486,#3487,#3508,#3509));
#3486 = ORIENTED_EDGE('',*,*,#718,.F.);
#3487 = ORIENTED_EDGE('',*,*,#3488,.T.);
#3488 = EDGE_CURVE('',#690,#2216,#3489,.T.);
#3489 = SURFACE_CURVE('',#3490,(#3494,#3501),.PCURVE_S1.);
#3490 = LINE('',#3491,#3492);
#3491 = CARTESIAN_POINT('',(-79.,63.5,299.0000003));
#3492 = VECTOR('',#3493,1.);
#3493 = DIRECTION('',(0.,0.,-1.));
#3494 = PCURVE('',#731,#3495);
#3495 = DEFINITIONAL_REPRESENTATION('',(#3496),#3500);
#3496 = LINE('',#3497,#3498);
#3497 = CARTESIAN_POINT('',(0.,0.));
#3498 = VECTOR('',#3499,1.);
#3499 = DIRECTION('',(0.,-1.));
#3500 = ( GEOMETRIC_REPRESENTATION_CONTEXT(2) 
PARAMETRIC_REPRESENTATION_CONTEXT() REPRESENTATION_CONTEXT('2D SPACE',''
  ) );
#3501 = PCURVE('',#706,#3502);
#3502 = DEFINITIONAL_REPRESENTATION('',(#3503),#3507);
#3503 = LINE('',#3504,#3505);
#3504 = CARTESIAN_POINT('',(-3.14159265359,0.));
#3505 = VECTOR('',#3506,1.);
#3506 = DIRECTION('',(-0.,-1.));
#3507 = ( GEOMETRIC_REPRESENTATION_CONTEXT(2) 
PARAMETRIC_REPRESENTATION_CONTEXT() REPRESENTATION_CONTEXT('2D SPACE',''
  ) );
#3508 = ORIENTED_EDGE('',*,*,#2239,.T.);
#3509 = ORIENTED_EDGE('',*,*,#3414,.F.);
#3510 = ADVANCED_FACE('',(#3511),#706,.F.);
#3511 = FACE_BOUND('',#3512,.T.);
#3512 = EDGE_LOOP('',(#3513,#3514,#3515,#3516));
#3513 = ORIENTED_EDGE('',*,*,#689,.T.);
#3514 = ORIENTED_EDGE('',*,*,#3463,.T.);
#3515 = ORIENTED_EDGE('',*,*,#2215,.F.);
#3516 = ORIENTED_EDGE('',*,*,#3488,.F.);
#3517 = ADVANCED_FACE('',(#3518),#763,.F.);
#3518 = FACE_BOUND('',#3519,.T.);
#3519 = EDGE_LOOP('',(#3520,#3521,#3542,#3543));
#3520 = ORIENTED_EDGE('',*,*,#744,.T.);
#3521 = ORIENTED_EDGE('',*,*,#3522,.T.);
#3522 = EDGE_CURVE('',#747,#2263,#3523,.T.);
#3523 = SURFACE_CURVE('',#3524,(#3528,#3535),.PCURVE_S1.);
#3524 = LINE('',#3525,#3526);
#3525 = CARTESIAN_POINT('',(-63.,-63.5,299.0000003));
#3526 = VECTOR('',#3527,1.);
#3527 = DIRECTION('',(0.,0.,-1.));
#3528 = PCURVE('',#763,#3529);
#3529 = DEFINITIONAL_REPRESENTATION('',(#3530),#3534);
#3530 = LINE('',#3531,#3532);
#3531 = CARTESIAN_POINT('',(-0.,0.));
#3532 = VECTOR('',#3533,1.);
#3533 = DIRECTION('',(-0.,-1.));
#3534 = ( GEOMETRIC_REPRESENTATION_CONTEXT(2) 
PARAMETRIC_REPRESENTATION_CONTEXT() REPRESENTATION_CONTEXT('2D SPACE',''
  ) );
#3535 = PCURVE('',#843,#3536);
#3536 = DEFINITIONAL_REPRESENTATION('',(#3537),#3541);
#3537 = LINE('',#3538,#3539);
#3538 = CARTESIAN_POINT('',(127.,0.));
#3539 = VECTOR('',#3540,1.);
#3540 = DIRECTION('',(0.,-1.));
#3541 = ( GEOMETRIC_REPRESENTATION_CONTEXT(2) 
PARAMETRIC_REPRESENTATION_CONTEXT() REPRESENTATION_CONTEXT('2D SPACE',''
  ) );
#3542 = ORIENTED_EDGE('',*,*,#2260,.F.);
#3543 = ORIENTED_EDGE('',*,*,#3544,.F.);
#3544 = EDGE_CURVE('',#745,#2261,#3545,.T.);
#3545 = SURFACE_CURVE('',#3546,(#3550,#3557),.PCURVE_S1.);
#3546 = LINE('',#3547,#3548);
#3547 = CARTESIAN_POINT('',(-71.,-63.5,299.0000003));
#3548 = VECTOR('',#3549,1.);
#3549 = DIRECTION('',(0.,0.,-1.));
#3550 = PCURVE('',#763,#3551);
#3551 = DEFINITIONAL_REPRESENTATION('',(#3552),#3556);
#3552 = LINE('',#3553,#3554);
#3553 = CARTESIAN_POINT('',(-3.14159265359,0.));
#3554 = VECTOR('',#3555,1.);
#3555 = DIRECTION('',(-0.,-1.));
#3556 = ( GEOMETRIC_REPRESENTATION_CONTEXT(2) 
PARAMETRIC_REPRESENTATION_CONTEXT() REPRESENTATION_CONTEXT('2D SPACE',''
  ) );
#3557 = PCURVE('',#790,#3558);
#3558 = DEFINITIONAL_REPRESENTATION('',(#3559),#3563);
#3559 = LINE('',#3560,#3561);
#3560 = CARTESIAN_POINT('',(0.,0.));
#3561 = VECTOR('',#3562,1.);
#3562 = DIRECTION('',(0.,-1.));
#3563 = ( GEOMETRIC_REPRESENTATION_CONTEXT(2) 
PARAMETRIC_REPRESENTATION_CONTEXT() REPRESENTATION_CONTEXT('2D SPACE',''
  ) );
#3564 = ADVANCED_FACE('',(#3565),#790,.T.);
#3565 = FACE_BOUND('',#3566,.T.);
#3566 = EDGE_LOOP('',(#3567,#3568,#3569,#3570));
#3567 = ORIENTED_EDGE('',*,*,#775,.F.);
#3568 = ORIENTED_EDGE('',*,*,#3544,.T.);
#3569 = ORIENTED_EDGE('',*,*,#2286,.T.);
#3570 = ORIENTED_EDGE('',*,*,#3571,.F.);
#3571 = EDGE_CURVE('',#776,#2287,#3572,.T.);
#3572 = SURFACE_CURVE('',#3573,(#3577,#3584),.PCURVE_S1.);
#3573 = LINE('',#3574,#3575);
#3574 = CARTESIAN_POINT('',(-71.,63.5,299.0000003));
#3575 = VECTOR('',#3576,1.);
#3576 = DIRECTION('',(0.,0.,-1.));
#3577 = PCURVE('',#790,#3578);
#3578 = DEFINITIONAL_REPRESENTATION('',(#3579),#3583);
#3579 = LINE('',#3580,#3581);
#3580 = CARTESIAN_POINT('',(127.,0.));
#3581 = VECTOR('',#3582,1.);
#3582 = DIRECTION('',(0.,-1.));
#3583 = ( GEOMETRIC_REPRESENTATION_CONTEXT(2) 
PARAMETRIC_REPRESENTATION_CONTEXT() REPRESENTATION_CONTEXT('2D SPACE',''
  ) );
#3584 = PCURVE('',#818,#3585);
#3585 = DEFINITIONAL_REPRESENTATION('',(#3586),#3590);
#3586 = LINE('',#3587,#3588);
#3587 = CARTESIAN_POINT('',(-0.,0.));
#3588 = VECTOR('',#3589,1.);
#3589 = DIRECTION('',(-0.,-1.));
#3590 = ( GEOMETRIC_REPRESENTATION_CONTEXT(2) 
PARAMETRIC_REPRESENTATION_CONTEXT() REPRESENTATION_CONTEXT('2D SPACE',''
  ) );
#3591 = ADVANCED_FACE('',(#3592),#843,.T.);
#3592 = FACE_BOUND('',#3593,.T.);
#3593 = EDGE_LOOP('',(#3594,#3595,#3616,#3617));
#3594 = ORIENTED_EDGE('',*,*,#830,.F.);
#3595 = ORIENTED_EDGE('',*,*,#3596,.T.);
#3596 = EDGE_CURVE('',#802,#2308,#3597,.T.);
#3597 = SURFACE_CURVE('',#3598,(#3602,#3609),.PCURVE_S1.);
#3598 = LINE('',#3599,#3600);
#3599 = CARTESIAN_POINT('',(-63.,63.5,299.0000003));
#3600 = VECTOR('',#3601,1.);
#3601 = DIRECTION('',(0.,0.,-1.));
#3602 = PCURVE('',#843,#3603);
#3603 = DEFINITIONAL_REPRESENTATION('',(#3604),#3608);
#3604 = LINE('',#3605,#3606);
#3605 = CARTESIAN_POINT('',(0.,0.));
#3606 = VECTOR('',#3607,1.);
#3607 = DIRECTION('',(0.,-1.));
#3608 = ( GEOMETRIC_REPRESENTATION_CONTEXT(2) 
PARAMETRIC_REPRESENTATION_CONTEXT() REPRESENTATION_CONTEXT('2D SPACE',''
  ) );
#3609 = PCURVE('',#818,#3610);
#3610 = DEFINITIONAL_REPRESENTATION('',(#3611),#3615);
#3611 = LINE('',#3612,#3613);
#3612 = CARTESIAN_POINT('',(-3.14159265359,0.));
#3613 = VECTOR('',#3614,1.);
#3614 = DIRECTION('',(-0.,-1.));
#3615 = ( GEOMETRIC_REPRESENTATION_CONTEXT(2) 
PARAMETRIC_REPRESENTATION_CONTEXT() REPRESENTATION_CONTEXT('2D SPACE',''
  ) );
#3616 = ORIENTED_EDGE('',*,*,#2331,.T.);
#3617 = ORIENTED_EDGE('',*,*,#3522,.F.);
#3618 = ADVANCED_FACE('',(#3619),#818,.F.);
#3619 = FACE_BOUND('',#3620,.T.);
#3620 = EDGE_LOOP('',(#3621,#3622,#3623,#3624));
#3621 = ORIENTED_EDGE('',*,*,#801,.T.);
#3622 = ORIENTED_EDGE('',*,*,#3571,.T.);
#3623 = ORIENTED_EDGE('',*,*,#2307,.F.);
#3624 = ORIENTED_EDGE('',*,*,#3596,.F.);
#3625 = ADVANCED_FACE('',(#3626),#875,.F.);
#3626 = FACE_BOUND('',#3627,.T.);
#3627 = EDGE_LOOP('',(#3628,#3629,#3650,#3651));
#3628 = ORIENTED_EDGE('',*,*,#856,.T.);
#3629 = ORIENTED_EDGE('',*,*,#3630,.T.);
#3630 = EDGE_CURVE('',#859,#2355,#3631,.T.);
#3631 = SURFACE_CURVE('',#3632,(#3636,#3643),.PCURVE_S1.);
#3632 = LINE('',#3633,#3634);
#3633 = CARTESIAN_POINT('',(-47.,-63.5,299.0000003));
#3634 = VECTOR('',#3635,1.);
#3635 = DIRECTION('',(0.,0.,-1.));
#3636 = PCURVE('',#875,#3637);
#3637 = DEFINITIONAL_REPRESENTATION('',(#3638),#3642);
#3638 = LINE('',#3639,#3640);
#3639 = CARTESIAN_POINT('',(-0.,0.));
#3640 = VECTOR('',#3641,1.);
#3641 = DIRECTION('',(-0.,-1.));
#3642 = ( GEOMETRIC_REPRESENTATION_CONTEXT(2) 
PARAMETRIC_REPRESENTATION_CONTEXT() REPRESENTATION_CONTEXT('2D SPACE',''
  ) );
#3643 = PCURVE('',#955,#3644);
#3644 = DEFINITIONAL_REPRESENTATION('',(#3645),#3649);
#3645 = LINE('',#3646,#3647);
#3646 = CARTESIAN_POINT('',(127.,0.));
#3647 = VECTOR('',#3648,1.);
#3648 = DIRECTION('',(0.,-1.));
#3649 = ( GEOMETRIC_REPRESENTATION_CONTEXT(2) 
PARAMETRIC_REPRESENTATION_CONTEXT() REPRESENTATION_CONTEXT('2D SPACE',''
  ) );
#3650 = ORIENTED_EDGE('',*,*,#2352,.F.);
#3651 = ORIENTED_EDGE('',*,*,#3652,.F.);
#3652 = EDGE_CURVE('',#857,#2353,#3653,.T.);
#3653 = SURFACE_CURVE('',#3654,(#3658,#3665),.PCURVE_S1.);
#3654 = LINE('',#3655,#3656);
#3655 = CARTESIAN_POINT('',(-55.,-63.5,299.0000003));
#3656 = VECTOR('',#3657,1.);
#3657 = DIRECTION('',(0.,0.,-1.));
#3658 = PCURVE('',#875,#3659);
#3659 = DEFINITIONAL_REPRESENTATION('',(#3660),#3664);
#3660 = LINE('',#3661,#3662);
#3661 = CARTESIAN_POINT('',(-3.14159265359,0.));
#3662 = VECTOR('',#3663,1.);
#3663 = DIRECTION('',(-0.,-1.));
#3664 = ( GEOMETRIC_REPRESENTATION_CONTEXT(2) 
PARAMETRIC_REPRESENTATION_CONTEXT() REPRESENTATION_CONTEXT('2D SPACE',''
  ) );
#3665 = PCURVE('',#902,#3666);
#3666 = DEFINITIONAL_REPRESENTATION('',(#3667),#3671);
#3667 = LINE('',#3668,#3669);
#3668 = CARTESIAN_POINT('',(0.,0.));
#3669 = VECTOR('',#3670,1.);
#3670 = DIRECTION('',(0.,-1.));
#3671 = ( GEOMETRIC_REPRESENTATION_CONTEXT(2) 
PARAMETRIC_REPRESENTATION_CONTEXT() REPRESENTATION_CONTEXT('2D SPACE',''
  ) );
#3672 = ADVANCED_FACE('',(#3673),#902,.T.);
#3673 = FACE_BOUND('',#3674,.T.);
#3674 = EDGE_LOOP('',(#3675,#3676,#3677,#3678));
#3675 = ORIENTED_EDGE('',*,*,#887,.F.);
#3676 = ORIENTED_EDGE('',*,*,#3652,.T.);
#3677 = ORIENTED_EDGE('',*,*,#2378,.T.);
#3678 = ORIENTED_EDGE('',*,*,#3679,.F.);
#3679 = EDGE_CURVE('',#888,#2379,#3680,.T.);
#3680 = SURFACE_CURVE('',#3681,(#3685,#3692),.PCURVE_S1.);
#3681 = LINE('',#3682,#3683);
#3682 = CARTESIAN_POINT('',(-55.,63.5,299.0000003));
#3683 = VECTOR('',#3684,1.);
#3684 = DIRECTION('',(0.,0.,-1.));
#3685 = PCURVE('',#902,#3686);
#3686 = DEFINITIONAL_REPRESENTATION('',(#3687),#3691);
#3687 = LINE('',#3688,#3689);
#3688 = CARTESIAN_POINT('',(127.,0.));
#3689 = VECTOR('',#3690,1.);
#3690 = DIRECTION('',(0.,-1.));
#3691 = ( GEOMETRIC_REPRESENTATION_CONTEXT(2) 
PARAMETRIC_REPRESENTATION_CONTEXT() REPRESENTATION_CONTEXT('2D SPACE',''
  ) );
#3692 = PCURVE('',#930,#3693);
#3693 = DEFINITIONAL_REPRESENTATION('',(#3694),#3698);
#3694 = LINE('',#3695,#3696);
#3695 = CARTESIAN_POINT('',(-0.,0.));
#3696 = VECTOR('',#3697,1.);
#3697 = DIRECTION('',(-0.,-1.));
#3698 = ( GEOMETRIC_REPRESENTATION_CONTEXT(2) 
PARAMETRIC_REPRESENTATION_CONTEXT() REPRESENTATION_CONTEXT('2D SPACE',''
  ) );
#3699 = ADVANCED_FACE('',(#3700),#955,.T.);
#3700 = FACE_BOUND('',#3701,.T.);
#3701 = EDGE_LOOP('',(#3702,#3703,#3724,#3725));
#3702 = ORIENTED_EDGE('',*,*,#942,.F.);
#3703 = ORIENTED_EDGE('',*,*,#3704,.T.);
#3704 = EDGE_CURVE('',#914,#2400,#3705,.T.);
#3705 = SURFACE_CURVE('',#3706,(#3710,#3717),.PCURVE_S1.);
#3706 = LINE('',#3707,#3708);
#3707 = CARTESIAN_POINT('',(-47.,63.5,299.0000003));
#3708 = VECTOR('',#3709,1.);
#3709 = DIRECTION('',(0.,0.,-1.));
#3710 = PCURVE('',#955,#3711);
#3711 = DEFINITIONAL_REPRESENTATION('',(#3712),#3716);
#3712 = LINE('',#3713,#3714);
#3713 = CARTESIAN_POINT('',(0.,0.));
#3714 = VECTOR('',#3715,1.);
#3715 = DIRECTION('',(0.,-1.));
#3716 = ( GEOMETRIC_REPRESENTATION_CONTEXT(2) 
PARAMETRIC_REPRESENTATION_CONTEXT() REPRESENTATION_CONTEXT('2D SPACE',''
  ) );
#3717 = PCURVE('',#930,#3718);
#3718 = DEFINITIONAL_REPRESENTATION('',(#3719),#3723);
#3719 = LINE('',#3720,#3721);
#3720 = CARTESIAN_POINT('',(-3.14159265359,0.));
#3721 = VECTOR('',#3722,1.);
#3722 = DIRECTION('',(-0.,-1.));
#3723 = ( GEOMETRIC_REPRESENTATION_CONTEXT(2) 
PARAMETRIC_REPRESENTATION_CONTEXT() REPRESENTATION_CONTEXT('2D SPACE',''
  ) );
#3724 = ORIENTED_EDGE('',*,*,#2423,.T.);
#3725 = ORIENTED_EDGE('',*,*,#3630,.F.);
#3726 = ADVANCED_FACE('',(#3727),#930,.F.);
#3727 = FACE_BOUND('',#3728,.T.);
#3728 = EDGE_LOOP('',(#3729,#3730,#3731,#3732));
#3729 = ORIENTED_EDGE('',*,*,#913,.T.);
#3730 = ORIENTED_EDGE('',*,*,#3679,.T.);
#3731 = ORIENTED_EDGE('',*,*,#2399,.F.);
#3732 = ORIENTED_EDGE('',*,*,#3704,.F.);
#3733 = ADVANCED_FACE('',(#3734),#989,.F.);
#3734 = FACE_BOUND('',#3735,.T.);
#3735 = EDGE_LOOP('',(#3736,#3737,#3758,#3759));
#3736 = ORIENTED_EDGE('',*,*,#2444,.F.);
#3737 = ORIENTED_EDGE('',*,*,#3738,.T.);
#3738 = EDGE_CURVE('',#2445,#969,#3739,.T.);
#3739 = SEAM_CURVE('',#3740,(#3744,#3751),.PCURVE_S1.);
#3740 = LINE('',#3741,#3742);
#3741 = CARTESIAN_POINT('',(-18.4,20.,-261.0000003));
#3742 = VECTOR('',#3743,1.);
#3743 = DIRECTION('',(0.,0.,1.));
#3744 = PCURVE('',#989,#3745);
#3745 = DEFINITIONAL_REPRESENTATION('',(#3746),#3750);
#3746 = LINE('',#3747,#3748);
#3747 = CARTESIAN_POINT('',(-0.,0.));
#3748 = VECTOR('',#3749,1.);
#3749 = DIRECTION('',(-0.,-1.));
#3750 = ( GEOMETRIC_REPRESENTATION_CONTEXT(2) 
PARAMETRIC_REPRESENTATION_CONTEXT() REPRESENTATION_CONTEXT('2D SPACE',''
  ) );
#3751 = PCURVE('',#989,#3752);
#3752 = DEFINITIONAL_REPRESENTATION('',(#3753),#3757);
#3753 = LINE('',#3754,#3755);
#3754 = CARTESIAN_POINT('',(-6.28318530718,0.));
#3755 = VECTOR('',#3756,1.);
#3756 = DIRECTION('',(-0.,-1.));
#3757 = ( GEOMETRIC_REPRESENTATION_CONTEXT(2) 
PARAMETRIC_REPRESENTATION_CONTEXT() REPRESENTATION_CONTEXT('2D SPACE',''
  ) );
#3758 = ORIENTED_EDGE('',*,*,#968,.F.);
#3759 = ORIENTED_EDGE('',*,*,#3738,.F.);
#3760 = ADVANCED_FACE('',(#3761),#1022,.F.);
#3761 = FACE_BOUND('',#3762,.T.);
#3762 = EDGE_LOOP('',(#3763,#3764,#3785,#3786));
#3763 = ORIENTED_EDGE('',*,*,#1003,.T.);
#3764 = ORIENTED_EDGE('',*,*,#3765,.T.);
#3765 = EDGE_CURVE('',#1006,#2473,#3766,.T.);
#3766 = SURFACE_CURVE('',#3767,(#3771,#3778),.PCURVE_S1.);
#3767 = LINE('',#3768,#3769);
#3768 = CARTESIAN_POINT('',(54.,-63.5,299.0000003));
#3769 = VECTOR('',#3770,1.);
#3770 = DIRECTION('',(0.,0.,-1.));
#3771 = PCURVE('',#1022,#3772);
#3772 = DEFINITIONAL_REPRESENTATION('',(#3773),#3777);
#3773 = LINE('',#3774,#3775);
#3774 = CARTESIAN_POINT('',(-0.,0.));
#3775 = VECTOR('',#3776,1.);
#3776 = DIRECTION('',(-0.,-1.));
#3777 = ( GEOMETRIC_REPRESENTATION_CONTEXT(2) 
PARAMETRIC_REPRESENTATION_CONTEXT() REPRESENTATION_CONTEXT('2D SPACE',''
  ) );
#3778 = PCURVE('',#1102,#3779);
#3779 = DEFINITIONAL_REPRESENTATION('',(#3780),#3784);
#3780 = LINE('',#3781,#3782);
#3781 = CARTESIAN_POINT('',(127.,0.));
#3782 = VECTOR('',#3783,1.);
#3783 = DIRECTION('',(0.,-1.));
#3784 = ( GEOMETRIC_REPRESENTATION_CONTEXT(2) 
PARAMETRIC_REPRESENTATION_CONTEXT() REPRESENTATION_CONTEXT('2D SPACE',''
  ) );
#3785 = ORIENTED_EDGE('',*,*,#2470,.F.);
#3786 = ORIENTED_EDGE('',*,*,#3787,.F.);
#3787 = EDGE_CURVE('',#1004,#2471,#3788,.T.);
#3788 = SURFACE_CURVE('',#3789,(#3793,#3800),.PCURVE_S1.);
#3789 = LINE('',#3790,#3791);
#3790 = CARTESIAN_POINT('',(46.,-63.5,299.0000003));
#3791 = VECTOR('',#3792,1.);
#3792 = DIRECTION('',(0.,0.,-1.));
#3793 = PCURVE('',#1022,#3794);
#3794 = DEFINITIONAL_REPRESENTATION('',(#3795),#3799);
#3795 = LINE('',#3796,#3797);
#3796 = CARTESIAN_POINT('',(-3.14159265359,0.));
#3797 = VECTOR('',#3798,1.);
#3798 = DIRECTION('',(-0.,-1.));
#3799 = ( GEOMETRIC_REPRESENTATION_CONTEXT(2) 
PARAMETRIC_REPRESENTATION_CONTEXT() REPRESENTATION_CONTEXT('2D SPACE',''
  ) );
#3800 = PCURVE('',#1049,#3801);
#3801 = DEFINITIONAL_REPRESENTATION('',(#3802),#3806);
#3802 = LINE('',#3803,#3804);
#3803 = CARTESIAN_POINT('',(0.,0.));
#3804 = VECTOR('',#3805,1.);
#3805 = DIRECTION('',(0.,-1.));
#3806 = ( GEOMETRIC_REPRESENTATION_CONTEXT(2) 
PARAMETRIC_REPRESENTATION_CONTEXT() REPRESENTATION_CONTEXT('2D SPACE',''
  ) );
#3807 = ADVANCED_FACE('',(#3808),#1049,.T.);
#3808 = FACE_BOUND('',#3809,.T.);
#3809 = EDGE_LOOP('',(#3810,#3811,#3812,#3813));
#3810 = ORIENTED_EDGE('',*,*,#1034,.F.);
#3811 = ORIENTED_EDGE('',*,*,#3787,.T.);
#3812 = ORIENTED_EDGE('',*,*,#2496,.T.);
#3813 = ORIENTED_EDGE('',*,*,#3814,.F.);
#3814 = EDGE_CURVE('',#1035,#2497,#3815,.T.);
#3815 = SURFACE_CURVE('',#3816,(#3820,#3827),.PCURVE_S1.);
#3816 = LINE('',#3817,#3818);
#3817 = CARTESIAN_POINT('',(46.,63.5,299.0000003));
#3818 = VECTOR('',#3819,1.);
#3819 = DIRECTION('',(0.,0.,-1.));
#3820 = PCURVE('',#1049,#3821);
#3821 = DEFINITIONAL_REPRESENTATION('',(#3822),#3826);
#3822 = LINE('',#3823,#3824);
#3823 = CARTESIAN_POINT('',(127.,0.));
#3824 = VECTOR('',#3825,1.);
#3825 = DIRECTION('',(0.,-1.));
#3826 = ( GEOMETRIC_REPRESENTATION_CONTEXT(2) 
PARAMETRIC_REPRESENTATION_CONTEXT() REPRESENTATION_CONTEXT('2D SPACE',''
  ) );
#3827 = PCURVE('',#1077,#3828);
#3828 = DEFINITIONAL_REPRESENTATION('',(#3829),#3833);
#3829 = LINE('',#3830,#3831);
#3830 = CARTESIAN_POINT('',(-0.,0.));
#3831 = VECTOR('',#3832,1.);
#3832 = DIRECTION('',(-0.,-1.));
#3833 = ( GEOMETRIC_REPRESENTATION_CONTEXT(2) 
PARAMETRIC_REPRESENTATION_CONTEXT() REPRESENTATION_CONTEXT('2D SPACE',''
  ) );
#3834 = ADVANCED_FACE('',(#3835),#1102,.T.);
#3835 = FACE_BOUND('',#3836,.T.);
#3836 = EDGE_LOOP('',(#3837,#3838,#3859,#3860));
#3837 = ORIENTED_EDGE('',*,*,#1089,.F.);
#3838 = ORIENTED_EDGE('',*,*,#3839,.T.);
#3839 = EDGE_CURVE('',#1061,#2518,#3840,.T.);
#3840 = SURFACE_CURVE('',#3841,(#3845,#3852),.PCURVE_S1.);
#3841 = LINE('',#3842,#3843);
#3842 = CARTESIAN_POINT('',(54.,63.5,299.0000003));
#3843 = VECTOR('',#3844,1.);
#3844 = DIRECTION('',(0.,0.,-1.));
#3845 = PCURVE('',#1102,#3846);
#3846 = DEFINITIONAL_REPRESENTATION('',(#3847),#3851);
#3847 = LINE('',#3848,#3849);
#3848 = CARTESIAN_POINT('',(0.,0.));
#3849 = VECTOR('',#3850,1.);
#3850 = DIRECTION('',(0.,-1.));
#3851 = ( GEOMETRIC_REPRESENTATION_CONTEXT(2) 
PARAMETRIC_REPRESENTATION_CONTEXT() REPRESENTATION_CONTEXT('2D SPACE',''
  ) );
#3852 = PCURVE('',#1077,#3853);
#3853 = DEFINITIONAL_REPRESENTATION('',(#3854),#3858);
#3854 = LINE('',#3855,#3856);
#3855 = CARTESIAN_POINT('',(-3.14159265359,0.));
#3856 = VECTOR('',#3857,1.);
#3857 = DIRECTION('',(-0.,-1.));
#3858 = ( GEOMETRIC_REPRESENTATION_CONTEXT(2) 
PARAMETRIC_REPRESENTATION_CONTEXT() REPRESENTATION_CONTEXT('2D SPACE',''
  ) );
#3859 = ORIENTED_EDGE('',*,*,#2541,.T.);
#3860 = ORIENTED_EDGE('',*,*,#3765,.F.);
#3861 = ADVANCED_FACE('',(#3862),#1077,.F.);
#3862 = FACE_BOUND('',#3863,.T.);
#3863 = EDGE_LOOP('',(#3864,#3865,#3866,#3867));
#3864 = ORIENTED_EDGE('',*,*,#1060,.T.);
#3865 = ORIENTED_EDGE('',*,*,#3814,.T.);
#3866 = ORIENTED_EDGE('',*,*,#2517,.F.);
#3867 = ORIENTED_EDGE('',*,*,#3839,.F.);
#3868 = ADVANCED_FACE('',(#3869),#1136,.F.);
#3869 = FACE_BOUND('',#3870,.T.);
#3870 = EDGE_LOOP('',(#3871,#3872,#3893,#3894));
#3871 = ORIENTED_EDGE('',*,*,#2562,.F.);
#3872 = ORIENTED_EDGE('',*,*,#3873,.T.);
#3873 = EDGE_CURVE('',#2563,#1116,#3874,.T.);
#3874 = SEAM_CURVE('',#3875,(#3879,#3886),.PCURVE_S1.);
#3875 = LINE('',#3876,#3877);
#3876 = CARTESIAN_POINT('',(21.6,20.,-261.0000003));
#3877 = VECTOR('',#3878,1.);
#3878 = DIRECTION('',(0.,0.,1.));
#3879 = PCURVE('',#1136,#3880);
#3880 = DEFINITIONAL_REPRESENTATION('',(#3881),#3885);
#3881 = LINE('',#3882,#3883);
#3882 = CARTESIAN_POINT('',(-0.,0.));
#3883 = VECTOR('',#3884,1.);
#3884 = DIRECTION('',(-0.,-1.));
#3885 = ( GEOMETRIC_REPRESENTATION_CONTEXT(2) 
PARAMETRIC_REPRESENTATION_CONTEXT() REPRESENTATION_CONTEXT('2D SPACE',''
  ) );
#3886 = PCURVE('',#1136,#3887);
#3887 = DEFINITIONAL_REPRESENTATION('',(#3888),#3892);
#3888 = LINE('',#3889,#3890);
#3889 = CARTESIAN_POINT('',(-6.28318530718,0.));
#3890 = VECTOR('',#3891,1.);
#3891 = DIRECTION('',(-0.,-1.));
#3892 = ( GEOMETRIC_REPRESENTATION_CONTEXT(2) 
PARAMETRIC_REPRESENTATION_CONTEXT() REPRESENTATION_CONTEXT('2D SPACE',''
  ) );
#3893 = ORIENTED_EDGE('',*,*,#1115,.F.);
#3894 = ORIENTED_EDGE('',*,*,#3873,.F.);
#3895 = ADVANCED_FACE('',(#3896),#1169,.F.);
#3896 = FACE_BOUND('',#3897,.T.);
#3897 = EDGE_LOOP('',(#3898,#3899,#3920,#3921));
#3898 = ORIENTED_EDGE('',*,*,#1150,.T.);
#3899 = ORIENTED_EDGE('',*,*,#3900,.T.);
#3900 = EDGE_CURVE('',#1153,#2591,#3901,.T.);
#3901 = SURFACE_CURVE('',#3902,(#3906,#3913),.PCURVE_S1.);
#3902 = LINE('',#3903,#3904);
#3903 = CARTESIAN_POINT('',(70.,-63.5,299.0000003));
#3904 = VECTOR('',#3905,1.);
#3905 = DIRECTION('',(0.,0.,-1.));
#3906 = PCURVE('',#1169,#3907);
#3907 = DEFINITIONAL_REPRESENTATION('',(#3908),#3912);
#3908 = LINE('',#3909,#3910);
#3909 = CARTESIAN_POINT('',(-0.,0.));
#3910 = VECTOR('',#3911,1.);
#3911 = DIRECTION('',(-0.,-1.));
#3912 = ( GEOMETRIC_REPRESENTATION_CONTEXT(2) 
PARAMETRIC_REPRESENTATION_CONTEXT() REPRESENTATION_CONTEXT('2D SPACE',''
  ) );
#3913 = PCURVE('',#1249,#3914);
#3914 = DEFINITIONAL_REPRESENTATION('',(#3915),#3919);
#3915 = LINE('',#3916,#3917);
#3916 = CARTESIAN_POINT('',(127.,0.));
#3917 = VECTOR('',#3918,1.);
#3918 = DIRECTION('',(0.,-1.));
#3919 = ( GEOMETRIC_REPRESENTATION_CONTEXT(2) 
PARAMETRIC_REPRESENTATION_CONTEXT() REPRESENTATION_CONTEXT('2D SPACE',''
  ) );
#3920 = ORIENTED_EDGE('',*,*,#2588,.F.);
#3921 = ORIENTED_EDGE('',*,*,#3922,.F.);
#3922 = EDGE_CURVE('',#1151,#2589,#3923,.T.);
#3923 = SURFACE_CURVE('',#3924,(#3928,#3935),.PCURVE_S1.);
#3924 = LINE('',#3925,#3926);
#3925 = CARTESIAN_POINT('',(62.,-63.5,299.0000003));
#3926 = VECTOR('',#3927,1.);
#3927 = DIRECTION('',(0.,0.,-1.));
#3928 = PCURVE('',#1169,#3929);
#3929 = DEFINITIONAL_REPRESENTATION('',(#3930),#3934);
#3930 = LINE('',#3931,#3932);
#3931 = CARTESIAN_POINT('',(-3.14159265359,0.));
#3932 = VECTOR('',#3933,1.);
#3933 = DIRECTION('',(-0.,-1.));
#3934 = ( GEOMETRIC_REPRESENTATION_CONTEXT(2) 
PARAMETRIC_REPRESENTATION_CONTEXT() REPRESENTATION_CONTEXT('2D SPACE',''
  ) );
#3935 = PCURVE('',#1196,#3936);
#3936 = DEFINITIONAL_REPRESENTATION('',(#3937),#3941);
#3937 = LINE('',#3938,#3939);
#3938 = CARTESIAN_POINT('',(0.,0.));
#3939 = VECTOR('',#3940,1.);
#3940 = DIRECTION('',(0.,-1.));
#3941 = ( GEOMETRIC_REPRESENTATION_CONTEXT(2) 
PARAMETRIC_REPRESENTATION_CONTEXT() REPRESENTATION_CONTEXT('2D SPACE',''
  ) );
#3942 = ADVANCED_FACE('',(#3943),#1196,.T.);
#3943 = FACE_BOUND('',#3944,.T.);
#3944 = EDGE_LOOP('',(#3945,#3946,#3947,#3948));
#3945 = ORIENTED_EDGE('',*,*,#1181,.F.);
#3946 = ORIENTED_EDGE('',*,*,#3922,.T.);
#3947 = ORIENTED_EDGE('',*,*,#2614,.T.);
#3948 = ORIENTED_EDGE('',*,*,#3949,.F.);
#3949 = EDGE_CURVE('',#1182,#2615,#3950,.T.);
#3950 = SURFACE_CURVE('',#3951,(#3955,#3962),.PCURVE_S1.);
#3951 = LINE('',#3952,#3953);
#3952 = CARTESIAN_POINT('',(62.,63.5,299.0000003));
#3953 = VECTOR('',#3954,1.);
#3954 = DIRECTION('',(0.,0.,-1.));
#3955 = PCURVE('',#1196,#3956);
#3956 = DEFINITIONAL_REPRESENTATION('',(#3957),#3961);
#3957 = LINE('',#3958,#3959);
#3958 = CARTESIAN_POINT('',(127.,0.));
#3959 = VECTOR('',#3960,1.);
#3960 = DIRECTION('',(0.,-1.));
#3961 = ( GEOMETRIC_REPRESENTATION_CONTEXT(2) 
PARAMETRIC_REPRESENTATION_CONTEXT() REPRESENTATION_CONTEXT('2D SPACE',''
  ) );
#3962 = PCURVE('',#1224,#3963);
#3963 = DEFINITIONAL_REPRESENTATION('',(#3964),#3968);
#3964 = LINE('',#3965,#3966);
#3965 = CARTESIAN_POINT('',(-0.,0.));
#3966 = VECTOR('',#3967,1.);
#3967 = DIRECTION('',(-0.,-1.));
#3968 = ( GEOMETRIC_REPRESENTATION_CONTEXT(2) 
PARAMETRIC_REPRESENTATION_CONTEXT() REPRESENTATION_CONTEXT('2D SPACE',''
  ) );
#3969 = ADVANCED_FACE('',(#3970),#1249,.T.);
#3970 = FACE_BOUND('',#3971,.T.);
#3971 = EDGE_LOOP('',(#3972,#3973,#3994,#3995));
#3972 = ORIENTED_EDGE('',*,*,#1236,.F.);
#3973 = ORIENTED_EDGE('',*,*,#3974,.T.);
#3974 = EDGE_CURVE('',#1208,#2636,#3975,.T.);
#3975 = SURFACE_CURVE('',#3976,(#3980,#3987),.PCURVE_S1.);
#3976 = LINE('',#3977,#3978);
#3977 = CARTESIAN_POINT('',(70.,63.5,299.0000003));
#3978 = VECTOR('',#3979,1.);
#3979 = DIRECTION('',(0.,0.,-1.));
#3980 = PCURVE('',#1249,#3981);
#3981 = DEFINITIONAL_REPRESENTATION('',(#3982),#3986);
#3982 = LINE('',#3983,#3984);
#3983 = CARTESIAN_POINT('',(0.,0.));
#3984 = VECTOR('',#3985,1.);
#3985 = DIRECTION('',(0.,-1.));
#3986 = ( GEOMETRIC_REPRESENTATION_CONTEXT(2) 
PARAMETRIC_REPRESENTATION_CONTEXT() REPRESENTATION_CONTEXT('2D SPACE',''
  ) );
#3987 = PCURVE('',#1224,#3988);
#3988 = DEFINITIONAL_REPRESENTATION('',(#3989),#3993);
#3989 = LINE('',#3990,#3991);
#3990 = CARTESIAN_POINT('',(-3.14159265359,0.));
#3991 = VECTOR('',#3992,1.);
#3992 = DIRECTION('',(-0.,-1.));
#3993 = ( GEOMETRIC_REPRESENTATION_CONTEXT(2) 
PARAMETRIC_REPRESENTATION_CONTEXT() REPRESENTATION_CONTEXT('2D SPACE',''
  ) );
#3994 = ORIENTED_EDGE('',*,*,#2659,.T.);
#3995 = ORIENTED_EDGE('',*,*,#3900,.F.);
#3996 = ADVANCED_FACE('',(#3997),#1224,.F.);
#3997 = FACE_BOUND('',#3998,.T.);
#3998 = EDGE_LOOP('',(#3999,#4000,#4001,#4002));
#3999 = ORIENTED_EDGE('',*,*,#1207,.T.);
#4000 = ORIENTED_EDGE('',*,*,#3949,.T.);
#4001 = ORIENTED_EDGE('',*,*,#2635,.F.);
#4002 = ORIENTED_EDGE('',*,*,#3974,.F.);
#4003 = ADVANCED_FACE('',(#4004),#1281,.F.);
#4004 = FACE_BOUND('',#4005,.T.);
#4005 = EDGE_LOOP('',(#4006,#4007,#4028,#4029));
#4006 = ORIENTED_EDGE('',*,*,#1262,.T.);
#4007 = ORIENTED_EDGE('',*,*,#4008,.T.);
#4008 = EDGE_CURVE('',#1265,#2683,#4009,.T.);
#4009 = SURFACE_CURVE('',#4010,(#4014,#4021),.PCURVE_S1.);
#4010 = LINE('',#4011,#4012);
#4011 = CARTESIAN_POINT('',(86.,-63.5,299.0000003));
#4012 = VECTOR('',#4013,1.);
#4013 = DIRECTION('',(0.,0.,-1.));
#4014 = PCURVE('',#1281,#4015);
#4015 = DEFINITIONAL_REPRESENTATION('',(#4016),#4020);
#4016 = LINE('',#4017,#4018);
#4017 = CARTESIAN_POINT('',(-0.,0.));
#4018 = VECTOR('',#4019,1.);
#4019 = DIRECTION('',(-0.,-1.));
#4020 = ( GEOMETRIC_REPRESENTATION_CONTEXT(2) 
PARAMETRIC_REPRESENTATION_CONTEXT() REPRESENTATION_CONTEXT('2D SPACE',''
  ) );
#4021 = PCURVE('',#1361,#4022);
#4022 = DEFINITIONAL_REPRESENTATION('',(#4023),#4027);
#4023 = LINE('',#4024,#4025);
#4024 = CARTESIAN_POINT('',(127.,0.));
#4025 = VECTOR('',#4026,1.);
#4026 = DIRECTION('',(0.,-1.));
#4027 = ( GEOMETRIC_REPRESENTATION_CONTEXT(2) 
PARAMETRIC_REPRESENTATION_CONTEXT() REPRESENTATION_CONTEXT('2D SPACE',''
  ) );
#4028 = ORIENTED_EDGE('',*,*,#2680,.F.);
#4029 = ORIENTED_EDGE('',*,*,#4030,.F.);
#4030 = EDGE_CURVE('',#1263,#2681,#4031,.T.);
#4031 = SURFACE_CURVE('',#4032,(#4036,#4043),.PCURVE_S1.);
#4032 = LINE('',#4033,#4034);
#4033 = CARTESIAN_POINT('',(78.,-63.5,299.0000003));
#4034 = VECTOR('',#4035,1.);
#4035 = DIRECTION('',(0.,0.,-1.));
#4036 = PCURVE('',#1281,#4037);
#4037 = DEFINITIONAL_REPRESENTATION('',(#4038),#4042);
#4038 = LINE('',#4039,#4040);
#4039 = CARTESIAN_POINT('',(-3.14159265359,0.));
#4040 = VECTOR('',#4041,1.);
#4041 = DIRECTION('',(-0.,-1.));
#4042 = ( GEOMETRIC_REPRESENTATION_CONTEXT(2) 
PARAMETRIC_REPRESENTATION_CONTEXT() REPRESENTATION_CONTEXT('2D SPACE',''
  ) );
#4043 = PCURVE('',#1308,#4044);
#4044 = DEFINITIONAL_REPRESENTATION('',(#4045),#4049);
#4045 = LINE('',#4046,#4047);
#4046 = CARTESIAN_POINT('',(0.,0.));
#4047 = VECTOR('',#4048,1.);
#4048 = DIRECTION('',(0.,-1.));
#4049 = ( GEOMETRIC_REPRESENTATION_CONTEXT(2) 
PARAMETRIC_REPRESENTATION_CONTEXT() REPRESENTATION_CONTEXT('2D SPACE',''
  ) );
#4050 = ADVANCED_FACE('',(#4051),#1308,.T.);
#4051 = FACE_BOUND('',#4052,.T.);
#4052 = EDGE_LOOP('',(#4053,#4054,#4055,#4056));
#4053 = ORIENTED_EDGE('',*,*,#1293,.F.);
#4054 = ORIENTED_EDGE('',*,*,#4030,.T.);
#4055 = ORIENTED_EDGE('',*,*,#2706,.T.);
#4056 = ORIENTED_EDGE('',*,*,#4057,.F.);
#4057 = EDGE_CURVE('',#1294,#2707,#4058,.T.);
#4058 = SURFACE_CURVE('',#4059,(#4063,#4070),.PCURVE_S1.);
#4059 = LINE('',#4060,#4061);
#4060 = CARTESIAN_POINT('',(78.,63.5,299.0000003));
#4061 = VECTOR('',#4062,1.);
#4062 = DIRECTION('',(0.,0.,-1.));
#4063 = PCURVE('',#1308,#4064);
#4064 = DEFINITIONAL_REPRESENTATION('',(#4065),#4069);
#4065 = LINE('',#4066,#4067);
#4066 = CARTESIAN_POINT('',(127.,0.));
#4067 = VECTOR('',#4068,1.);
#4068 = DIRECTION('',(0.,-1.));
#4069 = ( GEOMETRIC_REPRESENTATION_CONTEXT(2) 
PARAMETRIC_REPRESENTATION_CONTEXT() REPRESENTATION_CONTEXT('2D SPACE',''
  ) );
#4070 = PCURVE('',#1336,#4071);
#4071 = DEFINITIONAL_REPRESENTATION('',(#4072),#4076);
#4072 = LINE('',#4073,#4074);
#4073 = CARTESIAN_POINT('',(-0.,0.));
#4074 = VECTOR('',#4075,1.);
#4075 = DIRECTION('',(-0.,-1.));
#4076 = ( GEOMETRIC_REPRESENTATION_CONTEXT(2) 
PARAMETRIC_REPRESENTATION_CONTEXT() REPRESENTATION_CONTEXT('2D SPACE',''
  ) );
#4077 = ADVANCED_FACE('',(#4078),#1361,.T.);
#4078 = FACE_BOUND('',#4079,.T.);
#4079 = EDGE_LOOP('',(#4080,#4081,#4102,#4103));
#4080 = ORIENTED_EDGE('',*,*,#1348,.F.);
#4081 = ORIENTED_EDGE('',*,*,#4082,.T.);
#4082 = EDGE_CURVE('',#1320,#2728,#4083,.T.);
#4083 = SURFACE_CURVE('',#4084,(#4088,#4095),.PCURVE_S1.);
#4084 = LINE('',#4085,#4086);
#4085 = CARTESIAN_POINT('',(86.,63.5,299.0000003));
#4086 = VECTOR('',#4087,1.);
#4087 = DIRECTION('',(0.,0.,-1.));
#4088 = PCURVE('',#1361,#4089);
#4089 = DEFINITIONAL_REPRESENTATION('',(#4090),#4094);
#4090 = LINE('',#4091,#4092);
#4091 = CARTESIAN_POINT('',(0.,0.));
#4092 = VECTOR('',#4093,1.);
#4093 = DIRECTION('',(0.,-1.));
#4094 = ( GEOMETRIC_REPRESENTATION_CONTEXT(2) 
PARAMETRIC_REPRESENTATION_CONTEXT() REPRESENTATION_CONTEXT('2D SPACE',''
  ) );
#4095 = PCURVE('',#1336,#4096);
#4096 = DEFINITIONAL_REPRESENTATION('',(#4097),#4101);
#4097 = LINE('',#4098,#4099);
#4098 = CARTESIAN_POINT('',(-3.14159265359,0.));
#4099 = VECTOR('',#4100,1.);
#4100 = DIRECTION('',(-0.,-1.));
#4101 = ( GEOMETRIC_REPRESENTATION_CONTEXT(2) 
PARAMETRIC_REPRESENTATION_CONTEXT() REPRESENTATION_CONTEXT('2D SPACE',''
  ) );
#4102 = ORIENTED_EDGE('',*,*,#2751,.T.);
#4103 = ORIENTED_EDGE('',*,*,#4008,.F.);
#4104 = ADVANCED_FACE('',(#4105),#1336,.F.);
#4105 = FACE_BOUND('',#4106,.T.);
#4106 = EDGE_LOOP('',(#4107,#4108,#4109,#4110));
#4107 = ORIENTED_EDGE('',*,*,#1319,.T.);
#4108 = ORIENTED_EDGE('',*,*,#4057,.T.);
#4109 = ORIENTED_EDGE('',*,*,#2727,.F.);
#4110 = ORIENTED_EDGE('',*,*,#4082,.F.);
#4111 = ADVANCED_FACE('',(#4112),#1393,.F.);
#4112 = FACE_BOUND('',#4113,.T.);
#4113 = EDGE_LOOP('',(#4114,#4115,#4136,#4137));
#4114 = ORIENTED_EDGE('',*,*,#1374,.T.);
#4115 = ORIENTED_EDGE('',*,*,#4116,.T.);
#4116 = EDGE_CURVE('',#1377,#2775,#4117,.T.);
#4117 = SURFACE_CURVE('',#4118,(#4122,#4129),.PCURVE_S1.);
#4118 = LINE('',#4119,#4120);
#4119 = CARTESIAN_POINT('',(102.,-63.5,299.0000003));
#4120 = VECTOR('',#4121,1.);
#4121 = DIRECTION('',(0.,0.,-1.));
#4122 = PCURVE('',#1393,#4123);
#4123 = DEFINITIONAL_REPRESENTATION('',(#4124),#4128);
#4124 = LINE('',#4125,#4126);
#4125 = CARTESIAN_POINT('',(-0.,0.));
#4126 = VECTOR('',#4127,1.);
#4127 = DIRECTION('',(-0.,-1.));
#4128 = ( GEOMETRIC_REPRESENTATION_CONTEXT(2) 
PARAMETRIC_REPRESENTATION_CONTEXT() REPRESENTATION_CONTEXT('2D SPACE',''
  ) );
#4129 = PCURVE('',#1473,#4130);
#4130 = DEFINITIONAL_REPRESENTATION('',(#4131),#4135);
#4131 = LINE('',#4132,#4133);
#4132 = CARTESIAN_POINT('',(127.,0.));
#4133 = VECTOR('',#4134,1.);
#4134 = DIRECTION('',(0.,-1.));
#4135 = ( GEOMETRIC_REPRESENTATION_CONTEXT(2) 
PARAMETRIC_REPRESENTATION_CONTEXT() REPRESENTATION_CONTEXT('2D SPACE',''
  ) );
#4136 = ORIENTED_EDGE('',*,*,#2772,.F.);
#4137 = ORIENTED_EDGE('',*,*,#4138,.F.);
#4138 = EDGE_CURVE('',#1375,#2773,#4139,.T.);
#4139 = SURFACE_CURVE('',#4140,(#4144,#4151),.PCURVE_S1.);
#4140 = LINE('',#4141,#4142);
#4141 = CARTESIAN_POINT('',(94.,-63.5,299.0000003));
#4142 = VECTOR('',#4143,1.);
#4143 = DIRECTION('',(0.,0.,-1.));
#4144 = PCURVE('',#1393,#4145);
#4145 = DEFINITIONAL_REPRESENTATION('',(#4146),#4150);
#4146 = LINE('',#4147,#4148);
#4147 = CARTESIAN_POINT('',(-3.14159265359,0.));
#4148 = VECTOR('',#4149,1.);
#4149 = DIRECTION('',(-0.,-1.));
#4150 = ( GEOMETRIC_REPRESENTATION_CONTEXT(2) 
PARAMETRIC_REPRESENTATION_CONTEXT() REPRESENTATION_CONTEXT('2D SPACE',''
  ) );
#4151 = PCURVE('',#1420,#4152);
#4152 = DEFINITIONAL_REPRESENTATION('',(#4153),#4157);
#4153 = LINE('',#4154,#4155);
#4154 = CARTESIAN_POINT('',(0.,0.));
#4155 = VECTOR('',#4156,1.);
#4156 = DIRECTION('',(0.,-1.));
#4157 = ( GEOMETRIC_REPRESENTATION_CONTEXT(2) 
PARAMETRIC_REPRESENTATION_CONTEXT() REPRESENTATION_CONTEXT('2D SPACE',''
  ) );
#4158 = ADVANCED_FACE('',(#4159),#1420,.T.);
#4159 = FACE_BOUND('',#4160,.T.);
#4160 = EDGE_LOOP('',(#4161,#4162,#4163,#4164));
#4161 = ORIENTED_EDGE('',*,*,#1405,.F.);
#4162 = ORIENTED_EDGE('',*,*,#4138,.T.);
#4163 = ORIENTED_EDGE('',*,*,#2798,.T.);
#4164 = ORIENTED_EDGE('',*,*,#4165,.F.);
#4165 = EDGE_CURVE('',#1406,#2799,#4166,.T.);
#4166 = SURFACE_CURVE('',#4167,(#4171,#4178),.PCURVE_S1.);
#4167 = LINE('',#4168,#4169);
#4168 = CARTESIAN_POINT('',(94.,63.5,299.0000003));
#4169 = VECTOR('',#4170,1.);
#4170 = DIRECTION('',(0.,0.,-1.));
#4171 = PCURVE('',#1420,#4172);
#4172 = DEFINITIONAL_REPRESENTATION('',(#4173),#4177);
#4173 = LINE('',#4174,#4175);
#4174 = CARTESIAN_POINT('',(127.,0.));
#4175 = VECTOR('',#4176,1.);
#4176 = DIRECTION('',(0.,-1.));
#4177 = ( GEOMETRIC_REPRESENTATION_CONTEXT(2) 
PARAMETRIC_REPRESENTATION_CONTEXT() REPRESENTATION_CONTEXT('2D SPACE',''
  ) );
#4178 = PCURVE('',#1448,#4179);
#4179 = DEFINITIONAL_REPRESENTATION('',(#4180),#4184);
#4180 = LINE('',#4181,#4182);
#4181 = CARTESIAN_POINT('',(-0.,0.));
#4182 = VECTOR('',#4183,1.);
#4183 = DIRECTION('',(-0.,-1.));
#4184 = ( GEOMETRIC_REPRESENTATION_CONTEXT(2) 
PARAMETRIC_REPRESENTATION_CONTEXT() REPRESENTATION_CONTEXT('2D SPACE',''
  ) );
#4185 = ADVANCED_FACE('',(#4186),#1473,.T.);
#4186 = FACE_BOUND('',#4187,.T.);
#4187 = EDGE_LOOP('',(#4188,#4189,#4210,#4211));
#4188 = ORIENTED_EDGE('',*,*,#1460,.F.);
#4189 = ORIENTED_EDGE('',*,*,#4190,.T.);
#4190 = EDGE_CURVE('',#1432,#2820,#4191,.T.);
#4191 = SURFACE_CURVE('',#4192,(#4196,#4203),.PCURVE_S1.);
#4192 = LINE('',#4193,#4194);
#4193 = CARTESIAN_POINT('',(102.,63.5,299.0000003));
#4194 = VECTOR('',#4195,1.);
#4195 = DIRECTION('',(0.,0.,-1.));
#4196 = PCURVE('',#1473,#4197);
#4197 = DEFINITIONAL_REPRESENTATION('',(#4198),#4202);
#4198 = LINE('',#4199,#4200);
#4199 = CARTESIAN_POINT('',(0.,0.));
#4200 = VECTOR('',#4201,1.);
#4201 = DIRECTION('',(0.,-1.));
#4202 = ( GEOMETRIC_REPRESENTATION_CONTEXT(2) 
PARAMETRIC_REPRESENTATION_CONTEXT() REPRESENTATION_CONTEXT('2D SPACE',''
  ) );
#4203 = PCURVE('',#1448,#4204);
#4204 = DEFINITIONAL_REPRESENTATION('',(#4205),#4209);
#4205 = LINE('',#4206,#4207);
#4206 = CARTESIAN_POINT('',(-3.14159265359,0.));
#4207 = VECTOR('',#4208,1.);
#4208 = DIRECTION('',(-0.,-1.));
#4209 = ( GEOMETRIC_REPRESENTATION_CONTEXT(2) 
PARAMETRIC_REPRESENTATION_CONTEXT() REPRESENTATION_CONTEXT('2D SPACE',''
  ) );
#4210 = ORIENTED_EDGE('',*,*,#2843,.T.);
#4211 = ORIENTED_EDGE('',*,*,#4116,.F.);
#4212 = ADVANCED_FACE('',(#4213),#1448,.F.);
#4213 = FACE_BOUND('',#4214,.T.);
#4214 = EDGE_LOOP('',(#4215,#4216,#4217,#4218));
#4215 = ORIENTED_EDGE('',*,*,#1431,.T.);
#4216 = ORIENTED_EDGE('',*,*,#4165,.T.);
#4217 = ORIENTED_EDGE('',*,*,#2819,.F.);
#4218 = ORIENTED_EDGE('',*,*,#4190,.F.);
#4219 = ADVANCED_FACE('',(#4220),#1505,.F.);
#4220 = FACE_BOUND('',#4221,.T.);
#4221 = EDGE_LOOP('',(#4222,#4223,#4244,#4245));
#4222 = ORIENTED_EDGE('',*,*,#1486,.T.);
#4223 = ORIENTED_EDGE('',*,*,#4224,.T.);
#4224 = EDGE_CURVE('',#1489,#2867,#4225,.T.);
#4225 = SURFACE_CURVE('',#4226,(#4230,#4237),.PCURVE_S1.);
#4226 = LINE('',#4227,#4228);
#4227 = CARTESIAN_POINT('',(118.,-63.5,299.0000003));
#4228 = VECTOR('',#4229,1.);
#4229 = DIRECTION('',(0.,0.,-1.));
#4230 = PCURVE('',#1505,#4231);
#4231 = DEFINITIONAL_REPRESENTATION('',(#4232),#4236);
#4232 = LINE('',#4233,#4234);
#4233 = CARTESIAN_POINT('',(-0.,0.));
#4234 = VECTOR('',#4235,1.);
#4235 = DIRECTION('',(-0.,-1.));
#4236 = ( GEOMETRIC_REPRESENTATION_CONTEXT(2) 
PARAMETRIC_REPRESENTATION_CONTEXT() REPRESENTATION_CONTEXT('2D SPACE',''
  ) );
#4237 = PCURVE('',#1585,#4238);
#4238 = DEFINITIONAL_REPRESENTATION('',(#4239),#4243);
#4239 = LINE('',#4240,#4241);
#4240 = CARTESIAN_POINT('',(127.,0.));
#4241 = VECTOR('',#4242,1.);
#4242 = DIRECTION('',(0.,-1.));
#4243 = ( GEOMETRIC_REPRESENTATION_CONTEXT(2) 
PARAMETRIC_REPRESENTATION_CONTEXT() REPRESENTATION_CONTEXT('2D SPACE',''
  ) );
#4244 = ORIENTED_EDGE('',*,*,#2864,.F.);
#4245 = ORIENTED_EDGE('',*,*,#4246,.F.);
#4246 = EDGE_CURVE('',#1487,#2865,#4247,.T.);
#4247 = SURFACE_CURVE('',#4248,(#4252,#4259),.PCURVE_S1.);
#4248 = LINE('',#4249,#4250);
#4249 = CARTESIAN_POINT('',(110.,-63.5,299.0000003));
#4250 = VECTOR('',#4251,1.);
#4251 = DIRECTION('',(0.,0.,-1.));
#4252 = PCURVE('',#1505,#4253);
#4253 = DEFINITIONAL_REPRESENTATION('',(#4254),#4258);
#4254 = LINE('',#4255,#4256);
#4255 = CARTESIAN_POINT('',(-3.14159265359,0.));
#4256 = VECTOR('',#4257,1.);
#4257 = DIRECTION('',(-0.,-1.));
#4258 = ( GEOMETRIC_REPRESENTATION_CONTEXT(2) 
PARAMETRIC_REPRESENTATION_CONTEXT() REPRESENTATION_CONTEXT('2D SPACE',''
  ) );
#4259 = PCURVE('',#1532,#4260);
#4260 = DEFINITIONAL_REPRESENTATION('',(#4261),#4265);
#4261 = LINE('',#4262,#4263);
#4262 = CARTESIAN_POINT('',(0.,0.));
#4263 = VECTOR('',#4264,1.);
#4264 = DIRECTION('',(0.,-1.));
#4265 = ( GEOMETRIC_REPRESENTATION_CONTEXT(2) 
PARAMETRIC_REPRESENTATION_CONTEXT() REPRESENTATION_CONTEXT('2D SPACE',''
  ) );
#4266 = ADVANCED_FACE('',(#4267),#1532,.T.);
#4267 = FACE_BOUND('',#4268,.T.);
#4268 = EDGE_LOOP('',(#4269,#4270,#4271,#4272));
#4269 = ORIENTED_EDGE('',*,*,#1517,.F.);
#4270 = ORIENTED_EDGE('',*,*,#4246,.T.);
#4271 = ORIENTED_EDGE('',*,*,#2890,.T.);
#4272 = ORIENTED_EDGE('',*,*,#4273,.F.);
#4273 = EDGE_CURVE('',#1518,#2891,#4274,.T.);
#4274 = SURFACE_CURVE('',#4275,(#4279,#4286),.PCURVE_S1.);
#4275 = LINE('',#4276,#4277);
#4276 = CARTESIAN_POINT('',(110.,63.5,299.0000003));
#4277 = VECTOR('',#4278,1.);
#4278 = DIRECTION('',(0.,0.,-1.));
#4279 = PCURVE('',#1532,#4280);
#4280 = DEFINITIONAL_REPRESENTATION('',(#4281),#4285);
#4281 = LINE('',#4282,#4283);
#4282 = CARTESIAN_POINT('',(127.,0.));
#4283 = VECTOR('',#4284,1.);
#4284 = DIRECTION('',(0.,-1.));
#4285 = ( GEOMETRIC_REPRESENTATION_CONTEXT(2) 
PARAMETRIC_REPRESENTATION_CONTEXT() REPRESENTATION_CONTEXT('2D SPACE',''
  ) );
#4286 = PCURVE('',#1560,#4287);
#4287 = DEFINITIONAL_REPRESENTATION('',(#4288),#4292);
#4288 = LINE('',#4289,#4290);
#4289 = CARTESIAN_POINT('',(-0.,0.));
#4290 = VECTOR('',#4291,1.);
#4291 = DIRECTION('',(-0.,-1.));
#4292 = ( GEOMETRIC_REPRESENTATION_CONTEXT(2) 
PARAMETRIC_REPRESENTATION_CONTEXT() REPRESENTATION_CONTEXT('2D SPACE',''
  ) );
#4293 = ADVANCED_FACE('',(#4294),#1585,.T.);
#4294 = FACE_BOUND('',#4295,.T.);
#4295 = EDGE_LOOP('',(#4296,#4297,#4318,#4319));
#4296 = ORIENTED_EDGE('',*,*,#1572,.F.);
#4297 = ORIENTED_EDGE('',*,*,#4298,.T.);
#4298 = EDGE_CURVE('',#1544,#2912,#4299,.T.);
#4299 = SURFACE_CURVE('',#4300,(#4304,#4311),.PCURVE_S1.);
#4300 = LINE('',#4301,#4302);
#4301 = CARTESIAN_POINT('',(118.,63.5,299.0000003));
#4302 = VECTOR('',#4303,1.);
#4303 = DIRECTION('',(0.,0.,-1.));
#4304 = PCURVE('',#1585,#4305);
#4305 = DEFINITIONAL_REPRESENTATION('',(#4306),#4310);
#4306 = LINE('',#4307,#4308);
#4307 = CARTESIAN_POINT('',(0.,0.));
#4308 = VECTOR('',#4309,1.);
#4309 = DIRECTION('',(0.,-1.));
#4310 = ( GEOMETRIC_REPRESENTATION_CONTEXT(2) 
PARAMETRIC_REPRESENTATION_CONTEXT() REPRESENTATION_CONTEXT('2D SPACE',''
  ) );
#4311 = PCURVE('',#1560,#4312);
#4312 = DEFINITIONAL_REPRESENTATION('',(#4313),#4317);
#4313 = LINE('',#4314,#4315);
#4314 = CARTESIAN_POINT('',(-3.14159265359,0.));
#4315 = VECTOR('',#4316,1.);
#4316 = DIRECTION('',(-0.,-1.));
#4317 = ( GEOMETRIC_REPRESENTATION_CONTEXT(2) 
PARAMETRIC_REPRESENTATION_CONTEXT() REPRESENTATION_CONTEXT('2D SPACE',''
  ) );
#4318 = ORIENTED_EDGE('',*,*,#2935,.T.);
#4319 = ORIENTED_EDGE('',*,*,#4224,.F.);
#4320 = ADVANCED_FACE('',(#4321),#1560,.F.);
#4321 = FACE_BOUND('',#4322,.T.);
#4322 = EDGE_LOOP('',(#4323,#4324,#4325,#4326));
#4323 = ORIENTED_EDGE('',*,*,#1543,.T.);
#4324 = ORIENTED_EDGE('',*,*,#4273,.T.);
#4325 = ORIENTED_EDGE('',*,*,#2911,.F.);
#4326 = ORIENTED_EDGE('',*,*,#4298,.F.);
#4327 = ADVANCED_FACE('',(#4328),#1742,.F.);
#4328 = FACE_BOUND('',#4329,.F.);
#4329 = EDGE_LOOP('',(#4330,#4353,#4354,#4355));
#4330 = ORIENTED_EDGE('',*,*,#4331,.F.);
#4331 = EDGE_CURVE('',#1727,#4332,#4334,.T.);
#4332 = VERTEX_POINT('',#4333);
#4333 = CARTESIAN_POINT('',(-140.,-97.5,17.5));
#4334 = SURFACE_CURVE('',#4335,(#4339,#4346),.PCURVE_S1.);
#4335 = LINE('',#4336,#4337);
#4336 = CARTESIAN_POINT('',(-140.,-97.5,0.));
#4337 = VECTOR('',#4338,1.);
#4338 = DIRECTION('',(0.,0.,1.));
#4339 = PCURVE('',#1742,#4340);
#4340 = DEFINITIONAL_REPRESENTATION('',(#4341),#4345);
#4341 = LINE('',#4342,#4343);
#4342 = CARTESIAN_POINT('',(0.,0.));
#4343 = VECTOR('',#4344,1.);
#4344 = DIRECTION('',(1.,0.));
#4345 = ( GEOMETRIC_REPRESENTATION_CONTEXT(2) 
PARAMETRIC_REPRESENTATION_CONTEXT() REPRESENTATION_CONTEXT('2D SPACE',''
  ) );
#4346 = PCURVE('',#1770,#4347);
#4347 = DEFINITIONAL_REPRESENTATION('',(#4348),#4352);
#4348 = LINE('',#4349,#4350);
#4349 = CARTESIAN_POINT('',(0.,0.));
#4350 = VECTOR('',#4351,1.);
#4351 = DIRECTION('',(1.,0.));
#4352 = ( GEOMETRIC_REPRESENTATION_CONTEXT(2) 
PARAMETRIC_REPRESENTATION_CONTEXT() REPRESENTATION_CONTEXT('2D SPACE',''
  ) );
#4353 = ORIENTED_EDGE('',*,*,#1726,.T.);
#4354 = ORIENTED_EDGE('',*,*,#3031,.T.);
#4355 = ORIENTED_EDGE('',*,*,#4356,.F.);
#4356 = EDGE_CURVE('',#4332,#2958,#4357,.T.);
#4357 = SURFACE_CURVE('',#4358,(#4362,#4369),.PCURVE_S1.);
#4358 = LINE('',#4359,#4360);
#4359 = CARTESIAN_POINT('',(-140.,-97.5,17.5));
#4360 = VECTOR('',#4361,1.);
#4361 = DIRECTION('',(0.,1.,0.));
#4362 = PCURVE('',#1742,#4363);
#4363 = DEFINITIONAL_REPRESENTATION('',(#4364),#4368);
#4364 = LINE('',#4365,#4366);
#4365 = CARTESIAN_POINT('',(17.5,0.));
#4366 = VECTOR('',#4367,1.);
#4367 = DIRECTION('',(0.,-1.));
#4368 = ( GEOMETRIC_REPRESENTATION_CONTEXT(2) 
PARAMETRIC_REPRESENTATION_CONTEXT() REPRESENTATION_CONTEXT('2D SPACE',''
  ) );
#4369 = PCURVE('',#4370,#4375);
#4370 = CYLINDRICAL_SURFACE('',#4371,1.5);
#4371 = AXIS2_PLACEMENT_3D('',#4372,#4373,#4374);
#4372 = CARTESIAN_POINT('',(-138.5,-97.5,17.5));
#4373 = DIRECTION('',(0.,1.,0.));
#4374 = DIRECTION('',(-1.,0.,0.));
#4375 = DEFINITIONAL_REPRESENTATION('',(#4376),#4380);
#4376 = LINE('',#4377,#4378);
#4377 = CARTESIAN_POINT('',(0.,0.));
#4378 = VECTOR('',#4379,1.);
#4379 = DIRECTION('',(0.,1.));
#4380 = ( GEOMETRIC_REPRESENTATION_CONTEXT(2) 
PARAMETRIC_REPRESENTATION_CONTEXT() REPRESENTATION_CONTEXT('2D SPACE',''
  ) );
#4381 = ADVANCED_FACE('',(#4382),#1770,.F.);
#4382 = FACE_BOUND('',#4383,.F.);
#4383 = EDGE_LOOP('',(#4384,#4385,#4413,#4434));
#4384 = ORIENTED_EDGE('',*,*,#4331,.T.);
#4385 = ORIENTED_EDGE('',*,*,#4386,.T.);
#4386 = EDGE_CURVE('',#4332,#4387,#4389,.T.);
#4387 = VERTEX_POINT('',#4388);
#4388 = CARTESIAN_POINT('',(140.,-97.5,17.5));
#4389 = SURFACE_CURVE('',#4390,(#4394,#4401),.PCURVE_S1.);
#4390 = LINE('',#4391,#4392);
#4391 = CARTESIAN_POINT('',(-140.,-97.5,17.5));
#4392 = VECTOR('',#4393,1.);
#4393 = DIRECTION('',(1.,0.,0.));
#4394 = PCURVE('',#1770,#4395);
#4395 = DEFINITIONAL_REPRESENTATION('',(#4396),#4400);
#4396 = LINE('',#4397,#4398);
#4397 = CARTESIAN_POINT('',(17.5,0.));
#4398 = VECTOR('',#4399,1.);
#4399 = DIRECTION('',(0.,1.));
#4400 = ( GEOMETRIC_REPRESENTATION_CONTEXT(2) 
PARAMETRIC_REPRESENTATION_CONTEXT() REPRESENTATION_CONTEXT('2D SPACE',''
  ) );
#4401 = PCURVE('',#4402,#4407);
#4402 = CYLINDRICAL_SURFACE('',#4403,1.5);
#4403 = AXIS2_PLACEMENT_3D('',#4404,#4405,#4406);
#4404 = CARTESIAN_POINT('',(-140.,-96.,17.5));
#4405 = DIRECTION('',(1.,0.,0.));
#4406 = DIRECTION('',(0.,-1.,0.));
#4407 = DEFINITIONAL_REPRESENTATION('',(#4408),#4412);
#4408 = LINE('',#4409,#4410);
#4409 = CARTESIAN_POINT('',(-0.,0.));
#4410 = VECTOR('',#4411,1.);
#4411 = DIRECTION('',(-0.,1.));
#4412 = ( GEOMETRIC_REPRESENTATION_CONTEXT(2) 
PARAMETRIC_REPRESENTATION_CONTEXT() REPRESENTATION_CONTEXT('2D SPACE',''
  ) );
#4413 = ORIENTED_EDGE('',*,*,#4414,.F.);
#4414 = EDGE_CURVE('',#1755,#4387,#4415,.T.);
#4415 = SURFACE_CURVE('',#4416,(#4420,#4427),.PCURVE_S1.);
#4416 = LINE('',#4417,#4418);
#4417 = CARTESIAN_POINT('',(140.,-97.5,0.));
#4418 = VECTOR('',#4419,1.);
#4419 = DIRECTION('',(0.,0.,1.));
#4420 = PCURVE('',#1770,#4421);
#4421 = DEFINITIONAL_REPRESENTATION('',(#4422),#4426);
#4422 = LINE('',#4423,#4424);
#4423 = CARTESIAN_POINT('',(0.,280.));
#4424 = VECTOR('',#4425,1.);
#4425 = DIRECTION('',(1.,0.));
#4426 = ( GEOMETRIC_REPRESENTATION_CONTEXT(2) 
PARAMETRIC_REPRESENTATION_CONTEXT() REPRESENTATION_CONTEXT('2D SPACE',''
  ) );
#4427 = PCURVE('',#1798,#4428);
#4428 = DEFINITIONAL_REPRESENTATION('',(#4429),#4433);
#4429 = LINE('',#4430,#4431);
#4430 = CARTESIAN_POINT('',(0.,0.));
#4431 = VECTOR('',#4432,1.);
#4432 = DIRECTION('',(1.,0.));
#4433 = ( GEOMETRIC_REPRESENTATION_CONTEXT(2) 
PARAMETRIC_REPRESENTATION_CONTEXT() REPRESENTATION_CONTEXT('2D SPACE',''
  ) );
#4434 = ORIENTED_EDGE('',*,*,#1754,.T.);
#4435 = ADVANCED_FACE('',(#4436),#1798,.T.);
#4436 = FACE_BOUND('',#4437,.T.);
#4437 = EDGE_LOOP('',(#4438,#4439,#4440,#4441));
#4438 = ORIENTED_EDGE('',*,*,#4414,.F.);
#4439 = ORIENTED_EDGE('',*,*,#1782,.T.);
#4440 = ORIENTED_EDGE('',*,*,#2987,.T.);
#4441 = ORIENTED_EDGE('',*,*,#4442,.F.);
#4442 = EDGE_CURVE('',#4387,#2960,#4443,.T.);
#4443 = SURFACE_CURVE('',#4444,(#4448,#4455),.PCURVE_S1.);
#4444 = LINE('',#4445,#4446);
#4445 = CARTESIAN_POINT('',(140.,-97.5,17.5));
#4446 = VECTOR('',#4447,1.);
#4447 = DIRECTION('',(0.,1.,0.));
#4448 = PCURVE('',#1798,#4449);
#4449 = DEFINITIONAL_REPRESENTATION('',(#4450),#4454);
#4450 = LINE('',#4451,#4452);
#4451 = CARTESIAN_POINT('',(17.5,0.));
#4452 = VECTOR('',#4453,1.);
#4453 = DIRECTION('',(0.,-1.));
#4454 = ( GEOMETRIC_REPRESENTATION_CONTEXT(2) 
PARAMETRIC_REPRESENTATION_CONTEXT() REPRESENTATION_CONTEXT('2D SPACE',''
  ) );
#4455 = PCURVE('',#4456,#4461);
#4456 = CYLINDRICAL_SURFACE('',#4457,1.5);
#4457 = AXIS2_PLACEMENT_3D('',#4458,#4459,#4460);
#4458 = CARTESIAN_POINT('',(138.5,-97.5,17.5));
#4459 = DIRECTION('',(0.,1.,0.));
#4460 = DIRECTION('',(1.,0.,-0.));
#4461 = DEFINITIONAL_REPRESENTATION('',(#4462),#4466);
#4462 = LINE('',#4463,#4464);
#4463 = CARTESIAN_POINT('',(-0.,0.));
#4464 = VECTOR('',#4465,1.);
#4465 = DIRECTION('',(-0.,1.));
#4466 = ( GEOMETRIC_REPRESENTATION_CONTEXT(2) 
PARAMETRIC_REPRESENTATION_CONTEXT() REPRESENTATION_CONTEXT('2D SPACE',''
  ) );
#4467 = ADVANCED_FACE('',(#4468),#2975,.T.);
#4468 = FACE_BOUND('',#4469,.T.);
#4469 = EDGE_LOOP('',(#4470,#4504,#4532,#4564));
#4470 = ORIENTED_EDGE('',*,*,#4471,.T.);
#4471 = EDGE_CURVE('',#2958,#4472,#4474,.T.);
#4472 = VERTEX_POINT('',#4473);
#4473 = CARTESIAN_POINT('',(-138.5,-95.,19.));
#4474 = SURFACE_CURVE('',#4475,(#4480,#4492),.PCURVE_S1.);
#4475 = ELLIPSE('',#4476,2.12132034356,1.5);
#4476 = AXIS2_PLACEMENT_3D('',#4477,#4478,#4479);
#4477 = CARTESIAN_POINT('',(-138.5,-95.,17.5));
#4478 = DIRECTION('',(0.707106781187,0.707106781187,0.));
#4479 = DIRECTION('',(-0.707106781187,0.707106781187,0.));
#4480 = PCURVE('',#2975,#4481);
#4481 = DEFINITIONAL_REPRESENTATION('',(#4482),#4491);
#4482 = B_SPLINE_CURVE_WITH_KNOTS('',7,(#4483,#4484,#4485,#4486,#4487,
    #4488,#4489,#4490),.UNSPECIFIED.,.F.,.F.,(8,8),(0.,1.570796326795),
  .PIECEWISE_BEZIER_KNOTS.);
#4483 = CARTESIAN_POINT('',(0.,0.));
#4484 = CARTESIAN_POINT('',(0.224399475256,0.));
#4485 = CARTESIAN_POINT('',(0.448798950513,8.812300891488E-02));
#4486 = CARTESIAN_POINT('',(0.67319842577,0.264356243062));
#4487 = CARTESIAN_POINT('',(0.897597901026,0.517879761339));
#4488 = CARTESIAN_POINT('',(1.121997376282,0.826802941021));
#4489 = CARTESIAN_POINT('',(1.346396851538,1.163400787115));
#4490 = CARTESIAN_POINT('',(1.570796326795,1.5));
#4491 = ( GEOMETRIC_REPRESENTATION_CONTEXT(2) 
PARAMETRIC_REPRESENTATION_CONTEXT() REPRESENTATION_CONTEXT('2D SPACE',''
  ) );
#4492 = PCURVE('',#4370,#4493);
#4493 = DEFINITIONAL_REPRESENTATION('',(#4494),#4503);
#4494 = B_SPLINE_CURVE_WITH_KNOTS('',7,(#4495,#4496,#4497,#4498,#4499,
    #4500,#4501,#4502),.UNSPECIFIED.,.F.,.F.,(8,8),(0.,1.570796326795),
  .PIECEWISE_BEZIER_KNOTS.);
#4495 = CARTESIAN_POINT('',(0.,4.));
#4496 = CARTESIAN_POINT('',(0.224399475256,4.));
#4497 = CARTESIAN_POINT('',(0.448798950513,3.911876991085));
#4498 = CARTESIAN_POINT('',(0.673198425769,3.735643756937));
#4499 = CARTESIAN_POINT('',(0.897597901026,3.48212023866));
#4500 = CARTESIAN_POINT('',(1.121997376282,3.173197058978));
#4501 = CARTESIAN_POINT('',(1.346396851538,2.836599212885));
#4502 = CARTESIAN_POINT('',(1.570796326795,2.5));
#4503 = ( GEOMETRIC_REPRESENTATION_CONTEXT(2) 
PARAMETRIC_REPRESENTATION_CONTEXT() REPRESENTATION_CONTEXT('2D SPACE',''
  ) );
#4504 = ORIENTED_EDGE('',*,*,#4505,.T.);
#4505 = EDGE_CURVE('',#4472,#4506,#4508,.T.);
#4506 = VERTEX_POINT('',#4507);
#4507 = CARTESIAN_POINT('',(138.5,-95.,19.));
#4508 = SURFACE_CURVE('',#4509,(#4513,#4520),.PCURVE_S1.);
#4509 = LINE('',#4510,#4511);
#4510 = CARTESIAN_POINT('',(-140.,-95.,19.));
#4511 = VECTOR('',#4512,1.);
#4512 = DIRECTION('',(1.,0.,0.));
#4513 = PCURVE('',#2975,#4514);
#4514 = DEFINITIONAL_REPRESENTATION('',(#4515),#4519);
#4515 = LINE('',#4516,#4517);
#4516 = CARTESIAN_POINT('',(1.570796326795,0.));
#4517 = VECTOR('',#4518,1.);
#4518 = DIRECTION('',(0.,1.));
#4519 = ( GEOMETRIC_REPRESENTATION_CONTEXT(2) 
PARAMETRIC_REPRESENTATION_CONTEXT() REPRESENTATION_CONTEXT('2D SPACE',''
  ) );
#4520 = PCURVE('',#4521,#4526);
#4521 = PLANE('',#4522);
#4522 = AXIS2_PLACEMENT_3D('',#4523,#4524,#4525);
#4523 = CARTESIAN_POINT('',(-140.,-97.5,19.));
#4524 = DIRECTION('',(0.,0.,1.));
#4525 = DIRECTION('',(1.,0.,0.));
#4526 = DEFINITIONAL_REPRESENTATION('',(#4527),#4531);
#4527 = LINE('',#4528,#4529);
#4528 = CARTESIAN_POINT('',(0.,2.5));
#4529 = VECTOR('',#4530,1.);
#4530 = DIRECTION('',(1.,0.));
#4531 = ( GEOMETRIC_REPRESENTATION_CONTEXT(2) 
PARAMETRIC_REPRESENTATION_CONTEXT() REPRESENTATION_CONTEXT('2D SPACE',''
  ) );
#4532 = ORIENTED_EDGE('',*,*,#4533,.F.);
#4533 = EDGE_CURVE('',#2960,#4506,#4534,.T.);
#4534 = SURFACE_CURVE('',#4535,(#4540,#4552),.PCURVE_S1.);
#4535 = ELLIPSE('',#4536,2.12132034356,1.5);
#4536 = AXIS2_PLACEMENT_3D('',#4537,#4538,#4539);
#4537 = CARTESIAN_POINT('',(138.5,-95.,17.5));
#4538 = DIRECTION('',(0.707106781187,-0.707106781187,-0.));
#4539 = DIRECTION('',(0.707106781187,0.707106781187,0.));
#4540 = PCURVE('',#2975,#4541);
#4541 = DEFINITIONAL_REPRESENTATION('',(#4542),#4551);
#4542 = B_SPLINE_CURVE_WITH_KNOTS('',7,(#4543,#4544,#4545,#4546,#4547,
    #4548,#4549,#4550),.UNSPECIFIED.,.F.,.F.,(8,8),(0.,1.570796326795),
  .PIECEWISE_BEZIER_KNOTS.);
#4543 = CARTESIAN_POINT('',(0.,280.));
#4544 = CARTESIAN_POINT('',(0.224399475256,280.));
#4545 = CARTESIAN_POINT('',(0.448798950513,279.91187699112));
#4546 = CARTESIAN_POINT('',(0.67319842577,279.73564375683));
#4547 = CARTESIAN_POINT('',(0.897597901026,279.48212023885));
#4548 = CARTESIAN_POINT('',(1.121997376282,279.17319705893));
#4549 = CARTESIAN_POINT('',(1.346396851538,278.83659921288));
#4550 = CARTESIAN_POINT('',(1.570796326795,278.5));
#4551 = ( GEOMETRIC_REPRESENTATION_CONTEXT(2) 
PARAMETRIC_REPRESENTATION_CONTEXT() REPRESENTATION_CONTEXT('2D SPACE',''
  ) );
#4552 = PCURVE('',#4456,#4553);
#4553 = DEFINITIONAL_REPRESENTATION('',(#4554),#4563);
#4554 = B_SPLINE_CURVE_WITH_KNOTS('',7,(#4555,#4556,#4557,#4558,#4559,
    #4560,#4561,#4562),.UNSPECIFIED.,.F.,.F.,(8,8),(0.,1.570796326795),
  .PIECEWISE_BEZIER_KNOTS.);
#4555 = CARTESIAN_POINT('',(0.,4.));
#4556 = CARTESIAN_POINT('',(-0.224399475256,4.));
#4557 = CARTESIAN_POINT('',(-0.448798950513,3.911876991085));
#4558 = CARTESIAN_POINT('',(-0.673198425769,3.735643756938));
#4559 = CARTESIAN_POINT('',(-0.897597901026,3.48212023866));
#4560 = CARTESIAN_POINT('',(-1.121997376282,3.173197058978));
#4561 = CARTESIAN_POINT('',(-1.346396851538,2.836599212885));
#4562 = CARTESIAN_POINT('',(-1.570796326795,2.5));
#4563 = ( GEOMETRIC_REPRESENTATION_CONTEXT(2) 
PARAMETRIC_REPRESENTATION_CONTEXT() REPRESENTATION_CONTEXT('2D SPACE',''
  ) );
#4564 = ORIENTED_EDGE('',*,*,#2957,.F.);
#4565 = ADVANCED_FACE('',(#4566),#4370,.T.);
#4566 = FACE_BOUND('',#4567,.T.);
#4567 = EDGE_LOOP('',(#4568,#4602,#4623,#4624));
#4568 = ORIENTED_EDGE('',*,*,#4569,.T.);
#4569 = EDGE_CURVE('',#4332,#4570,#4572,.T.);
#4570 = VERTEX_POINT('',#4571);
#4571 = CARTESIAN_POINT('',(-138.5,-96.,19.));
#4572 = SURFACE_CURVE('',#4573,(#4578,#4590),.PCURVE_S1.);
#4573 = ELLIPSE('',#4574,2.12132034356,1.5);
#4574 = AXIS2_PLACEMENT_3D('',#4575,#4576,#4577);
#4575 = CARTESIAN_POINT('',(-138.5,-96.,17.5));
#4576 = DIRECTION('',(-0.707106781187,0.707106781187,0.));
#4577 = DIRECTION('',(0.707106781187,0.707106781187,0.));
#4578 = PCURVE('',#4370,#4579);
#4579 = DEFINITIONAL_REPRESENTATION('',(#4580),#4589);
#4580 = B_SPLINE_CURVE_WITH_KNOTS('',7,(#4581,#4582,#4583,#4584,#4585,
    #4586,#4587,#4588),.UNSPECIFIED.,.F.,.F.,(8,8),(3.14159265359,
    4.712388980385),.PIECEWISE_BEZIER_KNOTS.);
#4581 = CARTESIAN_POINT('',(0.,0.));
#4582 = CARTESIAN_POINT('',(0.224399475256,-4.122151486547E-17));
#4583 = CARTESIAN_POINT('',(0.448798950513,8.812300891491E-02));
#4584 = CARTESIAN_POINT('',(0.67319842577,0.264356243063));
#4585 = CARTESIAN_POINT('',(0.897597901025,0.517879761339));
#4586 = CARTESIAN_POINT('',(1.121997376282,0.826802941022));
#4587 = CARTESIAN_POINT('',(1.346396851538,1.163400787115));
#4588 = CARTESIAN_POINT('',(1.570796326795,1.5));
#4589 = ( GEOMETRIC_REPRESENTATION_CONTEXT(2) 
PARAMETRIC_REPRESENTATION_CONTEXT() REPRESENTATION_CONTEXT('2D SPACE',''
  ) );
#4590 = PCURVE('',#4402,#4591);
#4591 = DEFINITIONAL_REPRESENTATION('',(#4592),#4601);
#4592 = B_SPLINE_CURVE_WITH_KNOTS('',7,(#4593,#4594,#4595,#4596,#4597,
    #4598,#4599,#4600),.UNSPECIFIED.,.F.,.F.,(8,8),(3.14159265359,
    4.712388980385),.PIECEWISE_BEZIER_KNOTS.);
#4593 = CARTESIAN_POINT('',(0.,0.));
#4594 = CARTESIAN_POINT('',(-0.224399475256,-4.122151486547E-17));
#4595 = CARTESIAN_POINT('',(-0.448798950513,8.812300891493E-02));
#4596 = CARTESIAN_POINT('',(-0.673198425769,0.264356243062));
#4597 = CARTESIAN_POINT('',(-0.897597901026,0.517879761339));
#4598 = CARTESIAN_POINT('',(-1.121997376282,0.826802941021));
#4599 = CARTESIAN_POINT('',(-1.346396851538,1.163400787115));
#4600 = CARTESIAN_POINT('',(-1.570796326795,1.5));
#4601 = ( GEOMETRIC_REPRESENTATION_CONTEXT(2) 
PARAMETRIC_REPRESENTATION_CONTEXT() REPRESENTATION_CONTEXT('2D SPACE',''
  ) );
#4602 = ORIENTED_EDGE('',*,*,#4603,.T.);
#4603 = EDGE_CURVE('',#4570,#4472,#4604,.T.);
#4604 = SURFACE_CURVE('',#4605,(#4609,#4616),.PCURVE_S1.);
#4605 = LINE('',#4606,#4607);
#4606 = CARTESIAN_POINT('',(-138.5,-97.5,19.));
#4607 = VECTOR('',#4608,1.);
#4608 = DIRECTION('',(0.,1.,0.));
#4609 = PCURVE('',#4370,#4610);
#4610 = DEFINITIONAL_REPRESENTATION('',(#4611),#4615);
#4611 = LINE('',#4612,#4613);
#4612 = CARTESIAN_POINT('',(1.570796326795,0.));
#4613 = VECTOR('',#4614,1.);
#4614 = DIRECTION('',(0.,1.));
#4615 = ( GEOMETRIC_REPRESENTATION_CONTEXT(2) 
PARAMETRIC_REPRESENTATION_CONTEXT() REPRESENTATION_CONTEXT('2D SPACE',''
  ) );
#4616 = PCURVE('',#4521,#4617);
#4617 = DEFINITIONAL_REPRESENTATION('',(#4618),#4622);
#4618 = LINE('',#4619,#4620);
#4619 = CARTESIAN_POINT('',(1.5,0.));
#4620 = VECTOR('',#4621,1.);
#4621 = DIRECTION('',(0.,1.));
#4622 = ( GEOMETRIC_REPRESENTATION_CONTEXT(2) 
PARAMETRIC_REPRESENTATION_CONTEXT() REPRESENTATION_CONTEXT('2D SPACE',''
  ) );
#4623 = ORIENTED_EDGE('',*,*,#4471,.F.);
#4624 = ORIENTED_EDGE('',*,*,#4356,.F.);
#4625 = ADVANCED_FACE('',(#4626),#4402,.T.);
#4626 = FACE_BOUND('',#4627,.F.);
#4627 = EDGE_LOOP('',(#4628,#4629,#4652,#4684));
#4628 = ORIENTED_EDGE('',*,*,#4569,.T.);
#4629 = ORIENTED_EDGE('',*,*,#4630,.T.);
#4630 = EDGE_CURVE('',#4570,#4631,#4633,.T.);
#4631 = VERTEX_POINT('',#4632);
#4632 = CARTESIAN_POINT('',(138.5,-96.,19.));
#4633 = SURFACE_CURVE('',#4634,(#4638,#4645),.PCURVE_S1.);
#4634 = LINE('',#4635,#4636);
#4635 = CARTESIAN_POINT('',(-140.,-96.,19.));
#4636 = VECTOR('',#4637,1.);
#4637 = DIRECTION('',(1.,0.,0.));
#4638 = PCURVE('',#4402,#4639);
#4639 = DEFINITIONAL_REPRESENTATION('',(#4640),#4644);
#4640 = LINE('',#4641,#4642);
#4641 = CARTESIAN_POINT('',(-1.570796326795,0.));
#4642 = VECTOR('',#4643,1.);
#4643 = DIRECTION('',(-0.,1.));
#4644 = ( GEOMETRIC_REPRESENTATION_CONTEXT(2) 
PARAMETRIC_REPRESENTATION_CONTEXT() REPRESENTATION_CONTEXT('2D SPACE',''
  ) );
#4645 = PCURVE('',#4521,#4646);
#4646 = DEFINITIONAL_REPRESENTATION('',(#4647),#4651);
#4647 = LINE('',#4648,#4649);
#4648 = CARTESIAN_POINT('',(0.,1.5));
#4649 = VECTOR('',#4650,1.);
#4650 = DIRECTION('',(1.,0.));
#4651 = ( GEOMETRIC_REPRESENTATION_CONTEXT(2) 
PARAMETRIC_REPRESENTATION_CONTEXT() REPRESENTATION_CONTEXT('2D SPACE',''
  ) );
#4652 = ORIENTED_EDGE('',*,*,#4653,.F.);
#4653 = EDGE_CURVE('',#4387,#4631,#4654,.T.);
#4654 = SURFACE_CURVE('',#4655,(#4660,#4672),.PCURVE_S1.);
#4655 = ELLIPSE('',#4656,2.12132034356,1.5);
#4656 = AXIS2_PLACEMENT_3D('',#4657,#4658,#4659);
#4657 = CARTESIAN_POINT('',(138.5,-96.,17.5));
#4658 = DIRECTION('',(-0.707106781187,-0.707106781187,-0.));
#4659 = DIRECTION('',(-0.707106781187,0.707106781187,0.));
#4660 = PCURVE('',#4402,#4661);
#4661 = DEFINITIONAL_REPRESENTATION('',(#4662),#4671);
#4662 = B_SPLINE_CURVE_WITH_KNOTS('',7,(#4663,#4664,#4665,#4666,#4667,
    #4668,#4669,#4670),.UNSPECIFIED.,.F.,.F.,(8,8),(3.14159265359,
    4.712388980385),.PIECEWISE_BEZIER_KNOTS.);
#4663 = CARTESIAN_POINT('',(0.,280.));
#4664 = CARTESIAN_POINT('',(-0.224399475256,280.));
#4665 = CARTESIAN_POINT('',(-0.448798950513,279.91187699112));
#4666 = CARTESIAN_POINT('',(-0.673198425769,279.73564375683));
#4667 = CARTESIAN_POINT('',(-0.897597901026,279.48212023885));
#4668 = CARTESIAN_POINT('',(-1.121997376282,279.17319705893));
#4669 = CARTESIAN_POINT('',(-1.346396851538,278.83659921288));
#4670 = CARTESIAN_POINT('',(-1.570796326795,278.5));
#4671 = ( GEOMETRIC_REPRESENTATION_CONTEXT(2) 
PARAMETRIC_REPRESENTATION_CONTEXT() REPRESENTATION_CONTEXT('2D SPACE',''
  ) );
#4672 = PCURVE('',#4456,#4673);
#4673 = DEFINITIONAL_REPRESENTATION('',(#4674),#4683);
#4674 = B_SPLINE_CURVE_WITH_KNOTS('',7,(#4675,#4676,#4677,#4678,#4679,
    #4680,#4681,#4682),.UNSPECIFIED.,.F.,.F.,(8,8),(3.14159265359,
    4.712388980385),.PIECEWISE_BEZIER_KNOTS.);
#4675 = CARTESIAN_POINT('',(0.,0.));
#4676 = CARTESIAN_POINT('',(-0.224399475256,4.122151486547E-17));
#4677 = CARTESIAN_POINT('',(-0.448798950513,8.812300891492E-02));
#4678 = CARTESIAN_POINT('',(-0.673198425769,0.264356243062));
#4679 = CARTESIAN_POINT('',(-0.897597901026,0.517879761339));
#4680 = CARTESIAN_POINT('',(-1.121997376282,0.826802941021));
#4681 = CARTESIAN_POINT('',(-1.346396851538,1.163400787115));
#4682 = CARTESIAN_POINT('',(-1.570796326795,1.5));
#4683 = ( GEOMETRIC_REPRESENTATION_CONTEXT(2) 
PARAMETRIC_REPRESENTATION_CONTEXT() REPRESENTATION_CONTEXT('2D SPACE',''
  ) );
#4684 = ORIENTED_EDGE('',*,*,#4386,.F.);
#4685 = ADVANCED_FACE('',(#4686),#4456,.T.);
#4686 = FACE_BOUND('',#4687,.F.);
#4687 = EDGE_LOOP('',(#4688,#4689,#4710,#4711));
#4688 = ORIENTED_EDGE('',*,*,#4653,.T.);
#4689 = ORIENTED_EDGE('',*,*,#4690,.T.);
#4690 = EDGE_CURVE('',#4631,#4506,#4691,.T.);
#4691 = SURFACE_CURVE('',#4692,(#4696,#4703),.PCURVE_S1.);
#4692 = LINE('',#4693,#4694);
#4693 = CARTESIAN_POINT('',(138.5,-97.5,19.));
#4694 = VECTOR('',#4695,1.);
#4695 = DIRECTION('',(0.,1.,0.));
#4696 = PCURVE('',#4456,#4697);
#4697 = DEFINITIONAL_REPRESENTATION('',(#4698),#4702);
#4698 = LINE('',#4699,#4700);
#4699 = CARTESIAN_POINT('',(-1.570796326795,0.));
#4700 = VECTOR('',#4701,1.);
#4701 = DIRECTION('',(-0.,1.));
#4702 = ( GEOMETRIC_REPRESENTATION_CONTEXT(2) 
PARAMETRIC_REPRESENTATION_CONTEXT() REPRESENTATION_CONTEXT('2D SPACE',''
  ) );
#4703 = PCURVE('',#4521,#4704);
#4704 = DEFINITIONAL_REPRESENTATION('',(#4705),#4709);
#4705 = LINE('',#4706,#4707);
#4706 = CARTESIAN_POINT('',(278.5,0.));
#4707 = VECTOR('',#4708,1.);
#4708 = DIRECTION('',(0.,1.));
#4709 = ( GEOMETRIC_REPRESENTATION_CONTEXT(2) 
PARAMETRIC_REPRESENTATION_CONTEXT() REPRESENTATION_CONTEXT('2D SPACE',''
  ) );
#4710 = ORIENTED_EDGE('',*,*,#4533,.F.);
#4711 = ORIENTED_EDGE('',*,*,#4442,.F.);
#4712 = ADVANCED_FACE('',(#4713),#4521,.T.);
#4713 = FACE_BOUND('',#4714,.T.);
#4714 = EDGE_LOOP('',(#4715,#4716,#4717,#4718));
#4715 = ORIENTED_EDGE('',*,*,#4603,.F.);
#4716 = ORIENTED_EDGE('',*,*,#4630,.T.);
#4717 = ORIENTED_EDGE('',*,*,#4690,.T.);
#4718 = ORIENTED_EDGE('',*,*,#4505,.F.);
#4719 = ( GEOMETRIC_REPRESENTATION_CONTEXT(3) 
GLOBAL_UNCERTAINTY_ASSIGNED_CONTEXT((#4723)) 
GLOBAL_UNIT_ASSIGNED_CONTEXT((#4720,#4721,#4722)) REPRESENTATION_CONTEXT
('Context #1','3D Context with UNIT and UNCERTAINTY') );
#4720 = ( LENGTH_UNIT() NAMED_UNIT(*) SI_UNIT(.MILLI.,.METRE.) );
#4721 = ( NAMED_UNIT(*) PLANE_ANGLE_UNIT() SI_UNIT($,.RADIAN.) );
#4722 = ( NAMED_UNIT(*) SI_UNIT($,.STERADIAN.) SOLID_ANGLE_UNIT() );
#4723 = UNCERTAINTY_MEASURE_WITH_UNIT(LENGTH_MEASURE(1.E-07),#4720,
  'distance_accuracy_value','confusion accuracy');
#4724 = PRODUCT_RELATED_PRODUCT_CATEGORY('part',$,(#7));
ENDSEC;
END-ISO-10303-21;
