ISO-10303-21;
HEADER;
FILE_DESCRIPTION(('Open CASCADE Model'),'2;1');
FILE_NAME('Open CASCADE Shape Model','2026-05-31T15:12:00',('Author'),(
    'Open CASCADE'),'Open CASCADE STEP processor 7.7','Open CASCADE 7.7'
  ,'Unknown');
FILE_SCHEMA(('AUTOMOTIVE_DESIGN { 1 0 10303 214 1 1 1 1 }'));
ENDSEC;
DATA;
#1 = APPLICATION_PROTOCOL_DEFINITION('international standard',
  'automotive_design',2000,#2);
#2 = APPLICATION_CONTEXT(
  'core data for automotive mechanical design processes');
#3 = SHAPE_DEFINITION_REPRESENTATION(#4,#10);
#4 = PRODUCT_DEFINITION_SHAPE('','',#5);
#5 = PRODUCT_DEFINITION('design','',#6,#9);
#6 = PRODUCT_DEFINITION_FORMATION('','',#7);
#7 = PRODUCT('Open CASCADE STEP translator 7.7 7',
  'Open CASCADE STEP translator 7.7 7','',(#8));
#8 = PRODUCT_CONTEXT('',#2,'mechanical');
#9 = PRODUCT_DEFINITION_CONTEXT('part definition',#2,'design');
#10 = ADVANCED_BREP_SHAPE_REPRESENTATION('',(#11,#15),#3255);
#11 = AXIS2_PLACEMENT_3D('',#12,#13,#14);
#12 = CARTESIAN_POINT('',(0.,0.,0.));
#13 = DIRECTION('',(0.,0.,1.));
#14 = DIRECTION('',(1.,0.,-0.));
#15 = MANIFOLD_SOLID_BREP('',#16);
#16 = CLOSED_SHELL('',(#17,#135,#216,#472,#844,#892,#945,#1082,#1224,
    #1572,#1620,#1668,#1716,#1764,#1812,#1860,#1908,#1956,#2004,#2032,
    #2082,#2196,#2310,#2531,#2645,#2759,#2873,#2987,#2994,#3108,#3222,
    #3229));
#17 = ADVANCED_FACE('',(#18),#32,.T.);
#18 = FACE_BOUND('',#19,.T.);
#19 = EDGE_LOOP('',(#20,#53,#82,#108));
#20 = ORIENTED_EDGE('',*,*,#21,.T.);
#21 = EDGE_CURVE('',#22,#24,#26,.T.);
#22 = VERTEX_POINT('',#23);
#23 = CARTESIAN_POINT('',(13.734103698421,11.635050305049,-6.));
#24 = VERTEX_POINT('',#25);
#25 = CARTESIAN_POINT('',(13.734103698421,11.635050305049,4.5));
#26 = SURFACE_CURVE('',#27,(#31,#42),.PCURVE_S1.);
#27 = LINE('',#28,#29);
#28 = CARTESIAN_POINT('',(13.734103698421,11.635050305049,-6.));
#29 = VECTOR('',#30,1.);
#30 = DIRECTION('',(0.,0.,1.));
#31 = PCURVE('',#32,#37);
#32 = CYLINDRICAL_SURFACE('',#33,18.);
#33 = AXIS2_PLACEMENT_3D('',#34,#35,#36);
#34 = CARTESIAN_POINT('',(0.,0.,-6.));
#35 = DIRECTION('',(0.,0.,1.));
#36 = DIRECTION('',(1.,0.,0.));
#37 = DEFINITIONAL_REPRESENTATION('',(#38),#41);
#38 = B_SPLINE_CURVE_WITH_KNOTS('',1,(#39,#40),.UNSPECIFIED.,.F.,.F.,(2,
    2),(-5.999999999062E-07,12.0000006),.PIECEWISE_BEZIER_KNOTS.);
#39 = CARTESIAN_POINT('',(0.702845826263,-5.999999999062E-07));
#40 = CARTESIAN_POINT('',(0.702845826263,12.0000006));
#41 = ( GEOMETRIC_REPRESENTATION_CONTEXT(2) 
PARAMETRIC_REPRESENTATION_CONTEXT() REPRESENTATION_CONTEXT('2D SPACE',''
  ) );
#42 = PCURVE('',#43,#48);
#43 = CYLINDRICAL_SURFACE('',#44,3.5);
#44 = AXIS2_PLACEMENT_3D('',#45,#46,#47);
#45 = CARTESIAN_POINT('',(11.222816433457,14.072966684425,-7.));
#46 = DIRECTION('',(0.,0.,1.));
#47 = DIRECTION('',(0.623489801859,0.781831482468,0.));
#48 = DEFINITIONAL_REPRESENTATION('',(#49),#52);
#49 = B_SPLINE_CURVE_WITH_KNOTS('',1,(#50,#51),.UNSPECIFIED.,.F.,.F.,(2,
    2),(-5.999999999062E-07,12.0000006),.PIECEWISE_BEZIER_KNOTS.);
#50 = CARTESIAN_POINT('',(4.615012943004,0.9999994));
#51 = CARTESIAN_POINT('',(4.615012943004,13.0000006));
#52 = ( GEOMETRIC_REPRESENTATION_CONTEXT(2) 
PARAMETRIC_REPRESENTATION_CONTEXT() REPRESENTATION_CONTEXT('2D SPACE',''
  ) );
#53 = ORIENTED_EDGE('',*,*,#54,.F.);
#54 = EDGE_CURVE('',#55,#24,#57,.T.);
#55 = VERTEX_POINT('',#56);
#56 = CARTESIAN_POINT('',(17.659722222222,3.483419445595,4.5));
#57 = SURFACE_CURVE('',#58,(#63,#70),.PCURVE_S1.);
#58 = CIRCLE('',#59,18.);
#59 = AXIS2_PLACEMENT_3D('',#60,#61,#62);
#60 = CARTESIAN_POINT('',(0.,0.,4.5));
#61 = DIRECTION('',(0.,0.,1.));
#62 = DIRECTION('',(0.981095679012,0.193523302533,-0.));
#63 = PCURVE('',#32,#64);
#64 = DEFINITIONAL_REPRESENTATION('',(#65),#69);
#65 = LINE('',#66,#67);
#66 = CARTESIAN_POINT('',(0.194752074762,10.5));
#67 = VECTOR('',#68,1.);
#68 = DIRECTION('',(1.,0.));
#69 = ( GEOMETRIC_REPRESENTATION_CONTEXT(2) 
PARAMETRIC_REPRESENTATION_CONTEXT() REPRESENTATION_CONTEXT('2D SPACE',''
  ) );
#70 = PCURVE('',#71,#76);
#71 = TOROIDAL_SURFACE('',#72,16.5,1.5);
#72 = AXIS2_PLACEMENT_3D('',#73,#74,#75);
#73 = CARTESIAN_POINT('',(0.,0.,4.5));
#74 = DIRECTION('',(0.,0.,1.));
#75 = DIRECTION('',(0.981095679012,0.193523302533,-0.));
#76 = DEFINITIONAL_REPRESENTATION('',(#77),#81);
#77 = LINE('',#78,#79);
#78 = CARTESIAN_POINT('',(0.,0.));
#79 = VECTOR('',#80,1.);
#80 = DIRECTION('',(1.,0.));
#81 = ( GEOMETRIC_REPRESENTATION_CONTEXT(2) 
PARAMETRIC_REPRESENTATION_CONTEXT() REPRESENTATION_CONTEXT('2D SPACE',''
  ) );
#82 = ORIENTED_EDGE('',*,*,#83,.F.);
#83 = EDGE_CURVE('',#84,#55,#86,.T.);
#84 = VERTEX_POINT('',#85);
#85 = CARTESIAN_POINT('',(17.659722222222,3.483419445595,-6.));
#86 = SURFACE_CURVE('',#87,(#91,#97),.PCURVE_S1.);
#87 = LINE('',#88,#89);
#88 = CARTESIAN_POINT('',(17.659722222222,3.483419445595,-6.));
#89 = VECTOR('',#90,1.);
#90 = DIRECTION('',(0.,0.,1.));
#91 = PCURVE('',#32,#92);
#92 = DEFINITIONAL_REPRESENTATION('',(#93),#96);
#93 = B_SPLINE_CURVE_WITH_KNOTS('',1,(#94,#95),.UNSPECIFIED.,.F.,.F.,(2,
    2),(-5.999999999062E-07,12.0000006),.PIECEWISE_BEZIER_KNOTS.);
#94 = CARTESIAN_POINT('',(0.194752074762,-5.999999999062E-07));
#95 = CARTESIAN_POINT('',(0.194752074762,12.0000006));
#96 = ( GEOMETRIC_REPRESENTATION_CONTEXT(2) 
PARAMETRIC_REPRESENTATION_CONTEXT() REPRESENTATION_CONTEXT('2D SPACE',''
  ) );
#97 = PCURVE('',#98,#103);
#98 = CYLINDRICAL_SURFACE('',#99,3.5);
#99 = AXIS2_PLACEMENT_3D('',#100,#101,#102);
#100 = CARTESIAN_POINT('',(18.,0.,-7.));
#101 = DIRECTION('',(0.,0.,1.));
#102 = DIRECTION('',(1.,0.,0.));
#103 = DEFINITIONAL_REPRESENTATION('',(#104),#107);
#104 = B_SPLINE_CURVE_WITH_KNOTS('',1,(#105,#106),.UNSPECIFIED.,.F.,.F.,
  (2,2),(-5.999999999062E-07,12.0000006),.PIECEWISE_BEZIER_KNOTS.);
#105 = CARTESIAN_POINT('',(1.668172364176,0.9999994));
#106 = CARTESIAN_POINT('',(1.668172364176,13.0000006));
#107 = ( GEOMETRIC_REPRESENTATION_CONTEXT(2) 
PARAMETRIC_REPRESENTATION_CONTEXT() REPRESENTATION_CONTEXT('2D SPACE',''
  ) );
#108 = ORIENTED_EDGE('',*,*,#109,.T.);
#109 = EDGE_CURVE('',#84,#22,#110,.T.);
#110 = SURFACE_CURVE('',#111,(#116,#123),.PCURVE_S1.);
#111 = CIRCLE('',#112,18.);
#112 = AXIS2_PLACEMENT_3D('',#113,#114,#115);
#113 = CARTESIAN_POINT('',(0.,0.,-6.));
#114 = DIRECTION('',(0.,0.,1.));
#115 = DIRECTION('',(1.,0.,0.));
#116 = PCURVE('',#32,#117);
#117 = DEFINITIONAL_REPRESENTATION('',(#118),#122);
#118 = LINE('',#119,#120);
#119 = CARTESIAN_POINT('',(0.,0.));
#120 = VECTOR('',#121,1.);
#121 = DIRECTION('',(1.,0.));
#122 = ( GEOMETRIC_REPRESENTATION_CONTEXT(2) 
PARAMETRIC_REPRESENTATION_CONTEXT() REPRESENTATION_CONTEXT('2D SPACE',''
  ) );
#123 = PCURVE('',#124,#129);
#124 = PLANE('',#125);
#125 = AXIS2_PLACEMENT_3D('',#126,#127,#128);
#126 = CARTESIAN_POINT('',(0.,0.,-6.));
#127 = DIRECTION('',(0.,0.,1.));
#128 = DIRECTION('',(1.,0.,0.));
#129 = DEFINITIONAL_REPRESENTATION('',(#130),#134);
#130 = CIRCLE('',#131,18.);
#131 = AXIS2_PLACEMENT_2D('',#132,#133);
#132 = CARTESIAN_POINT('',(0.,0.));
#133 = DIRECTION('',(1.,0.));
#134 = ( GEOMETRIC_REPRESENTATION_CONTEXT(2) 
PARAMETRIC_REPRESENTATION_CONTEXT() REPRESENTATION_CONTEXT('2D SPACE',''
  ) );
#135 = ADVANCED_FACE('',(#136),#43,.F.);
#136 = FACE_BOUND('',#137,.F.);
#137 = EDGE_LOOP('',(#138,#166,#188,#189));
#138 = ORIENTED_EDGE('',*,*,#139,.F.);
#139 = EDGE_CURVE('',#140,#142,#144,.T.);
#140 = VERTEX_POINT('',#141);
#141 = CARTESIAN_POINT('',(8.287209720006,15.978803304899,-6.));
#142 = VERTEX_POINT('',#143);
#143 = CARTESIAN_POINT('',(8.287209720006,15.978803304899,4.5));
#144 = SURFACE_CURVE('',#145,(#149,#155),.PCURVE_S1.);
#145 = LINE('',#146,#147);
#146 = CARTESIAN_POINT('',(8.287209720006,15.978803304899,-6.));
#147 = VECTOR('',#148,1.);
#148 = DIRECTION('',(0.,0.,1.));
#149 = PCURVE('',#43,#150);
#150 = DEFINITIONAL_REPRESENTATION('',(#151),#154);
#151 = B_SPLINE_CURVE_WITH_KNOTS('',1,(#152,#153),.UNSPECIFIED.,.F.,.F.,
  (2,2),(-5.999999999062E-07,12.0000006),.PIECEWISE_BEZIER_KNOTS.);
#152 = CARTESIAN_POINT('',(1.668172364176,0.9999994));
#153 = CARTESIAN_POINT('',(1.668172364176,13.0000006));
#154 = ( GEOMETRIC_REPRESENTATION_CONTEXT(2) 
PARAMETRIC_REPRESENTATION_CONTEXT() REPRESENTATION_CONTEXT('2D SPACE',''
  ) );
#155 = PCURVE('',#156,#161);
#156 = CYLINDRICAL_SURFACE('',#157,18.);
#157 = AXIS2_PLACEMENT_3D('',#158,#159,#160);
#158 = CARTESIAN_POINT('',(0.,0.,-6.));
#159 = DIRECTION('',(0.,0.,1.));
#160 = DIRECTION('',(1.,0.,0.));
#161 = DEFINITIONAL_REPRESENTATION('',(#162),#165);
#162 = B_SPLINE_CURVE_WITH_KNOTS('',1,(#163,#164),.UNSPECIFIED.,.F.,.F.,
  (2,2),(-5.999999999062E-07,12.0000006),.PIECEWISE_BEZIER_KNOTS.);
#163 = CARTESIAN_POINT('',(1.092349975788,-5.999999999062E-07));
#164 = CARTESIAN_POINT('',(1.092349975788,12.0000006));
#165 = ( GEOMETRIC_REPRESENTATION_CONTEXT(2) 
PARAMETRIC_REPRESENTATION_CONTEXT() REPRESENTATION_CONTEXT('2D SPACE',''
  ) );
#166 = ORIENTED_EDGE('',*,*,#167,.T.);
#167 = EDGE_CURVE('',#140,#22,#168,.T.);
#168 = SURFACE_CURVE('',#169,(#174,#181),.PCURVE_S1.);
#169 = CIRCLE('',#170,3.5);
#170 = AXIS2_PLACEMENT_3D('',#171,#172,#173);
#171 = CARTESIAN_POINT('',(11.222816433457,14.072966684425,-6.));
#172 = DIRECTION('',(0.,0.,1.));
#173 = DIRECTION('',(0.623489801859,0.781831482468,-0.));
#174 = PCURVE('',#43,#175);
#175 = DEFINITIONAL_REPRESENTATION('',(#176),#180);
#176 = LINE('',#177,#178);
#177 = CARTESIAN_POINT('',(0.,1.));
#178 = VECTOR('',#179,1.);
#179 = DIRECTION('',(1.,0.));
#180 = ( GEOMETRIC_REPRESENTATION_CONTEXT(2) 
PARAMETRIC_REPRESENTATION_CONTEXT() REPRESENTATION_CONTEXT('2D SPACE',''
  ) );
#181 = PCURVE('',#124,#182);
#182 = DEFINITIONAL_REPRESENTATION('',(#183),#187);
#183 = CIRCLE('',#184,3.5);
#184 = AXIS2_PLACEMENT_2D('',#185,#186);
#185 = CARTESIAN_POINT('',(11.222816433457,14.072966684425));
#186 = DIRECTION('',(0.623489801859,0.781831482468));
#187 = ( GEOMETRIC_REPRESENTATION_CONTEXT(2) 
PARAMETRIC_REPRESENTATION_CONTEXT() REPRESENTATION_CONTEXT('2D SPACE',''
  ) );
#188 = ORIENTED_EDGE('',*,*,#21,.T.);
#189 = ORIENTED_EDGE('',*,*,#190,.F.);
#190 = EDGE_CURVE('',#142,#24,#191,.T.);
#191 = SURFACE_CURVE('',#192,(#197,#204),.PCURVE_S1.);
#192 = CIRCLE('',#193,3.5);
#193 = AXIS2_PLACEMENT_3D('',#194,#195,#196);
#194 = CARTESIAN_POINT('',(11.222816433457,14.072966684425,4.5));
#195 = DIRECTION('',(0.,0.,1.));
#196 = DIRECTION('',(-0.838744775272,0.544524748707,0.));
#197 = PCURVE('',#43,#198);
#198 = DEFINITIONAL_REPRESENTATION('',(#199),#203);
#199 = LINE('',#200,#201);
#200 = CARTESIAN_POINT('',(1.668172364176,11.5));
#201 = VECTOR('',#202,1.);
#202 = DIRECTION('',(1.,0.));
#203 = ( GEOMETRIC_REPRESENTATION_CONTEXT(2) 
PARAMETRIC_REPRESENTATION_CONTEXT() REPRESENTATION_CONTEXT('2D SPACE',''
  ) );
#204 = PCURVE('',#205,#210);
#205 = TOROIDAL_SURFACE('',#206,5.,1.5);
#206 = AXIS2_PLACEMENT_3D('',#207,#208,#209);
#207 = CARTESIAN_POINT('',(11.222816433457,14.072966684425,4.5));
#208 = DIRECTION('',(0.,0.,1.));
#209 = DIRECTION('',(-0.838744775272,0.544524748707,0.));
#210 = DEFINITIONAL_REPRESENTATION('',(#211),#215);
#211 = LINE('',#212,#213);
#212 = CARTESIAN_POINT('',(0.,3.14159265359));
#213 = VECTOR('',#214,1.);
#214 = DIRECTION('',(1.,0.));
#215 = ( GEOMETRIC_REPRESENTATION_CONTEXT(2) 
PARAMETRIC_REPRESENTATION_CONTEXT() REPRESENTATION_CONTEXT('2D SPACE',''
  ) );
#216 = ADVANCED_FACE('',(#217),#71,.T.);
#217 = FACE_BOUND('',#218,.T.);
#218 = EDGE_LOOP('',(#219,#334,#335,#445));
#219 = ORIENTED_EDGE('',*,*,#220,.F.);
#220 = EDGE_CURVE('',#55,#221,#223,.T.);
#221 = VERTEX_POINT('',#222);
#222 = CARTESIAN_POINT('',(15.868055555556,4.522699734208,6.));
#223 = SURFACE_CURVE('',#224,(#257,#293),.PCURVE_S1.);
#224 = B_SPLINE_CURVE_WITH_KNOTS('',6,(#225,#226,#227,#228,#229,#230,
    #231,#232,#233,#234,#235,#236,#237,#238,#239,#240,#241,#242,#243,
    #244,#245,#246,#247,#248,#249,#250,#251,#252,#253,#254,#255,#256),
  .UNSPECIFIED.,.F.,.F.,(7,5,5,5,5,5,7),(0.,0.118242701792,0.29260367621
    ,0.430999490241,0.641240387229,0.857131834513,1.),.UNSPECIFIED.);
#225 = CARTESIAN_POINT('',(17.659722222222,3.483419445595,4.5));
#226 = CARTESIAN_POINT('',(17.659722222222,3.483419445595,4.551737832174
    ));
#227 = CARTESIAN_POINT('',(17.657164352967,3.485321171006,4.60347875008)
  );
#228 = CARTESIAN_POINT('',(17.652048215011,3.489125283828,4.655027173645
    ));
#229 = CARTESIAN_POINT('',(17.644409946666,3.494792156625,4.706200284736
    ));
#230 = CARTESIAN_POINT('',(17.634315691305,3.502249517491,4.756829569567
    ));
#231 = CARTESIAN_POINT('',(17.60348059443,3.524893558815,4.880393376421)
  );
#232 = CARTESIAN_POINT('',(17.579959324799,3.542069858954,4.952514919336
    ));
#233 = CARTESIAN_POINT('',(17.551573298653,3.562622192026,5.022656244286
    ));
#234 = CARTESIAN_POINT('',(17.518691426703,3.586145798881,5.090480732883
    ));
#235 = CARTESIAN_POINT('',(17.481689644537,3.61223209196,5.155756179672)
  );
#236 = CARTESIAN_POINT('',(17.408556331385,3.662946515436,5.267996808694
    ));
#237 = CARTESIAN_POINT('',(17.373818823978,3.686766128765,5.315962611266
    ));
#238 = CARTESIAN_POINT('',(17.336877076625,3.711778078127,5.362156202745
    ));
#239 = CARTESIAN_POINT('',(17.297894097319,3.737808825633,5.406529320752
    ));
#240 = CARTESIAN_POINT('',(17.257019707637,3.764701633787,5.449050979677
    ));
#241 = CARTESIAN_POINT('',(17.149619722536,3.834278115256,5.551455607422
    ));
#242 = CARTESIAN_POINT('',(17.080802393573,3.877905938416,5.608883694513
    ));
#243 = CARTESIAN_POINT('',(17.008392636468,3.922729927706,5.661925744925
    ));
#244 = CARTESIAN_POINT('',(16.932801902218,3.968354904777,5.710540036421
    ));
#245 = CARTESIAN_POINT('',(16.854395401515,4.014456998068,5.754695283607
    ));
#246 = CARTESIAN_POINT('',(16.690416485933,4.108339239614,5.835095774734
    ));
#247 = CARTESIAN_POINT('',(16.604718497591,4.156125066354,5.871091464226
    ));
#248 = CARTESIAN_POINT('',(16.516752929038,4.203846769748,5.902315136275
    ));
#249 = CARTESIAN_POINT('',(16.426860275047,4.251265750766,5.928720574619
    ));
#250 = CARTESIAN_POINT('',(16.335373178642,4.298182564009,5.950253303387
    ));
#251 = CARTESIAN_POINT('',(16.181242795398,4.375031818062,5.977839899055
    ));
#252 = CARTESIAN_POINT('',(16.119312040364,4.405340470427,5.986665557865
    ));
#253 = CARTESIAN_POINT('',(16.05692648644,4.435304903199,5.993313287477)
  );
#254 = CARTESIAN_POINT('',(15.994186069794,4.464879793685,5.997764551174
    ));
#255 = CARTESIAN_POINT('',(15.931193759105,4.494023834628,6.000000105448
    ));
#256 = CARTESIAN_POINT('',(15.868055555555,4.522699734209,6.));
#257 = PCURVE('',#71,#258);
#258 = DEFINITIONAL_REPRESENTATION('',(#259),#292);
#259 = B_SPLINE_CURVE_WITH_KNOTS('',6,(#260,#261,#262,#263,#264,#265,
    #266,#267,#268,#269,#270,#271,#272,#273,#274,#275,#276,#277,#278,
    #279,#280,#281,#282,#283,#284,#285,#286,#287,#288,#289,#290,#291),
  .UNSPECIFIED.,.F.,.F.,(7,5,5,5,5,5,7),(0.,0.118242701792,0.29260367621
    ,0.430999490241,0.641240387229,0.857131834513,1.),.UNSPECIFIED.);
#260 = CARTESIAN_POINT('',(8.881784197001E-16,0.));
#261 = CARTESIAN_POINT('',(8.881784197001E-16,3.449188811584E-02));
#262 = CARTESIAN_POINT('',(1.311557920909E-04,6.89858008351E-02));
#263 = CARTESIAN_POINT('',(3.935016501089E-04,0.103425372406));
#264 = CARTESIAN_POINT('',(7.847358246211E-04,0.137762308142));
#265 = CARTESIAN_POINT('',(1.300661115315E-03,0.171954026939));
#266 = CARTESIAN_POINT('',(2.871945379316E-03,0.256108516586));
#267 = CARTESIAN_POINT('',(4.067177174022E-03,0.305858134531));
#268 = CARTESIAN_POINT('',(5.503513003548E-03,0.355097946611));
#269 = CARTESIAN_POINT('',(7.157589574216E-03,0.40377446015));
#270 = CARTESIAN_POINT('',(9.005896204592E-03,0.451866998289));
#271 = CARTESIAN_POINT('',(1.263099795112E-02,0.537103436316));
#272 = CARTESIAN_POINT('',(1.43439448724E-02,0.574460282139));
#273 = CARTESIAN_POINT('',(1.615509845264E-02,0.611465801592));
#274 = CARTESIAN_POINT('',(1.805455440218E-02,0.648135223767));
#275 = CARTESIAN_POINT('',(2.003338572872E-02,0.684489362819));
#276 = CARTESIAN_POINT('',(2.519889887301E-02,0.775341239293));
#277 = CARTESIAN_POINT('',(2.847888807685E-02,0.829453191078));
#278 = CARTESIAN_POINT('',(3.189704342887E-02,0.882986760087));
#279 = CARTESIAN_POINT('',(3.54307388328E-02,0.936029489505));
#280 = CARTESIAN_POINT('',(3.906112157023E-02,0.988668063801));
#281 = CARTESIAN_POINT('',(4.658400279621E-02,1.094731609857));
#282 = CARTESIAN_POINT('',(5.048044152237E-02,1.148133018896));
#283 = CARTESIAN_POINT('',(5.444487512129E-02,1.201297822848));
#284 = CARTESIAN_POINT('',(5.846215124977E-02,1.254309241321));
#285 = CARTESIAN_POINT('',(6.251850689409E-02,1.307244477164));
#286 = CARTESIAN_POINT('',(6.930260074554E-02,1.395214635218));
#287 = CARTESIAN_POINT('',(7.201556812314E-02,1.430247007606));
#288 = CARTESIAN_POINT('',(7.473609418375E-02,1.465301154917));
#289 = CARTESIAN_POINT('',(7.746036639235E-02,1.500397746854));
#290 = CARTESIAN_POINT('',(8.018455144513E-02,1.535556529797));
#291 = CARTESIAN_POINT('',(8.290479526954E-02,1.570796326795));
#292 = ( GEOMETRIC_REPRESENTATION_CONTEXT(2) 
PARAMETRIC_REPRESENTATION_CONTEXT() REPRESENTATION_CONTEXT('2D SPACE',''
  ) );
#293 = PCURVE('',#294,#299);
#294 = TOROIDAL_SURFACE('',#295,5.,1.5);
#295 = AXIS2_PLACEMENT_3D('',#296,#297,#298);
#296 = CARTESIAN_POINT('',(18.,0.,4.5));
#297 = DIRECTION('',(0.,0.,1.));
#298 = DIRECTION('',(-9.722222222222E-02,0.995262698741,0.));
#299 = DEFINITIONAL_REPRESENTATION('',(#300),#333);
#300 = B_SPLINE_CURVE_WITH_KNOTS('',6,(#301,#302,#303,#304,#305,#306,
    #307,#308,#309,#310,#311,#312,#313,#314,#315,#316,#317,#318,#319,
    #320,#321,#322,#323,#324,#325,#326,#327,#328,#329,#330,#331,#332),
  .UNSPECIFIED.,.F.,.F.,(7,5,5,5,5,5,7),(0.,0.118242701792,0.29260367621
    ,0.430999490241,0.641240387229,0.857131834513,1.),.UNSPECIFIED.);
#301 = CARTESIAN_POINT('',(1.505608793195E-08,3.14159265359));
#302 = CARTESIAN_POINT('',(1.505608793195E-08,3.107100765474));
#303 = CARTESIAN_POINT('',(6.744707388675E-04,3.072606852755));
#304 = CARTESIAN_POINT('',(2.023760954803E-03,3.038167281184));
#305 = CARTESIAN_POINT('',(4.032066191709E-03,3.003830345448));
#306 = CARTESIAN_POINT('',(6.670655433614E-03,2.969638626651));
#307 = CARTESIAN_POINT('',(1.466490207522E-02,2.885484137004));
#308 = CARTESIAN_POINT('',(2.07160963154E-02,2.835734519059));
#309 = CARTESIAN_POINT('',(2.793359739533E-02,2.786494706979));
#310 = CARTESIAN_POINT('',(3.615782193699E-02,2.73781819344));
#311 = CARTESIAN_POINT('',(4.522989697339E-02,2.689725655301));
#312 = CARTESIAN_POINT('',(6.276574417601E-02,2.604489217273));
#313 = CARTESIAN_POINT('',(7.0969219053E-02,2.567132371451));
#314 = CARTESIAN_POINT('',(7.95452185755E-02,2.530126851997));
#315 = CARTESIAN_POINT('',(8.842840137735E-02,2.493457429823));
#316 = CARTESIAN_POINT('',(9.756088782338E-02,2.457103290771));
#317 = CARTESIAN_POINT('',(0.121071628027,2.366251414297));
#318 = CARTESIAN_POINT('',(0.135709961215,2.312139462512));
#319 = CARTESIAN_POINT('',(0.150637396205,2.258605893503));
#320 = CARTESIAN_POINT('',(0.165718580516,2.205563164085));
#321 = CARTESIAN_POINT('',(0.180848876762,2.152924589789));
#322 = CARTESIAN_POINT('',(0.211455062138,2.046861043733));
#323 = CARTESIAN_POINT('',(0.226927289022,1.993459634694));
#324 = CARTESIAN_POINT('',(0.242278600111,1.940294830742));
#325 = CARTESIAN_POINT('',(0.257442489173,1.887283412269));
#326 = CARTESIAN_POINT('',(0.272368037536,1.834348176426));
#327 = CARTESIAN_POINT('',(0.296707560647,1.746378018372));
#328 = CARTESIAN_POINT('',(0.306277856951,1.711345645987));
#329 = CARTESIAN_POINT('',(0.315714059853,1.676291498675));
#330 = CARTESIAN_POINT('',(0.325005776917,1.641194906732));
#331 = CARTESIAN_POINT('',(0.334143930492,1.606036123786));
#332 = CARTESIAN_POINT('',(0.343120757716,1.570796326804));
#333 = ( GEOMETRIC_REPRESENTATION_CONTEXT(2) 
PARAMETRIC_REPRESENTATION_CONTEXT() REPRESENTATION_CONTEXT('2D SPACE',''
  ) );
#334 = ORIENTED_EDGE('',*,*,#54,.T.);
#335 = ORIENTED_EDGE('',*,*,#336,.T.);
#336 = EDGE_CURVE('',#24,#337,#339,.T.);
#337 = VERTEX_POINT('',#338);
#338 = CARTESIAN_POINT('',(13.42955985217,9.586288237737,6.));
#339 = SURFACE_CURVE('',#340,(#373,#409),.PCURVE_S1.);
#340 = B_SPLINE_CURVE_WITH_KNOTS('',6,(#341,#342,#343,#344,#345,#346,
    #347,#348,#349,#350,#351,#352,#353,#354,#355,#356,#357,#358,#359,
    #360,#361,#362,#363,#364,#365,#366,#367,#368,#369,#370,#371,#372),
  .UNSPECIFIED.,.F.,.F.,(7,5,5,5,5,5,7),(0.,0.11825815913,0.293004253346
    ,0.431418455526,0.640837496457,0.856722907752,1.),.UNSPECIFIED.);
#341 = CARTESIAN_POINT('',(13.734103698421,11.635050305049,4.5));
#342 = CARTESIAN_POINT('',(13.734103698421,11.635050305049,
    4.551744609481));
#343 = CARTESIAN_POINT('',(13.733995693504,11.631863941263,
    4.603492307136));
#344 = CARTESIAN_POINT('',(13.733779952391,11.625490488238,
    4.655047433121));
#345 = CARTESIAN_POINT('',(13.733448020426,11.615982935504,
    4.706227099489));
#346 = CARTESIAN_POINT('',(13.732984625028,11.60343810635,4.756862731659
    ));
#347 = CARTESIAN_POINT('',(13.731460751512,11.565154867606,
    4.880594606323));
#348 = CARTESIAN_POINT('',(13.730220821739,11.535975021432,
    4.952871251288));
#349 = CARTESIAN_POINT('',(13.728585344769,11.500861814708,
    5.023157731943));
#350 = CARTESIAN_POINT('',(13.726467249911,11.460359907808,
    5.091115555235));
#351 = CARTESIAN_POINT('',(13.723780928122,11.415021630026,
    5.156511473184));
#352 = CARTESIAN_POINT('',(13.717812281574,11.326020263229,
    5.268841215524));
#353 = CARTESIAN_POINT('',(13.714769978482,11.283967763543,
    5.316787682307));
#354 = CARTESIAN_POINT('',(13.711285027921,11.239450667974,
    5.362960842846));
#355 = CARTESIAN_POINT('',(13.707323416147,11.192704523701,5.40731259461
    ));
#356 = CARTESIAN_POINT('',(13.702856050587,11.143944070161,
    5.449812061107));
#357 = CARTESIAN_POINT('',(13.690299172977,11.016819205496,
    5.551909445871));
#358 = CARTESIAN_POINT('',(13.681528233992,10.936110603822,
    5.609086475649));
#359 = CARTESIAN_POINT('',(13.671462684299,10.851877411317,
    5.661911548999));
#360 = CARTESIAN_POINT('',(13.660050750769,10.764680891452,
    5.710343451132));
#361 = CARTESIAN_POINT('',(13.647267162451,10.675002952149,
    5.754351233054));
#362 = CARTESIAN_POINT('',(13.618510961575,10.488667599936,5.83468254895
    ));
#363 = CARTESIAN_POINT('',(13.602453745208,10.391892026938,
    5.870721821151));
#364 = CARTESIAN_POINT('',(13.58493252688,10.293380494384,5.901989663548
    ));
#365 = CARTESIAN_POINT('',(13.565972910916,10.193548151868,
    5.928439911757));
#366 = CARTESIAN_POINT('',(13.545626218284,10.092779516278,
    5.950018143473));
#367 = CARTESIAN_POINT('',(13.509590898405,9.924180638468,5.977713423509
    ));
#368 = CARTESIAN_POINT('',(13.494637616171,9.856673043697,5.986589344403
    ));
#369 = CARTESIAN_POINT('',(13.479128249301,9.789022764418,5.99327501221)
  );
#370 = CARTESIAN_POINT('',(13.463089874974,9.721337112577,5.997751735814
    ));
#371 = CARTESIAN_POINT('',(13.446554658378,9.653723259713,6.00000010691)
  );
#372 = CARTESIAN_POINT('',(13.429559852719,9.586288236969,6.));
#373 = PCURVE('',#71,#374);
#374 = DEFINITIONAL_REPRESENTATION('',(#375),#408);
#375 = B_SPLINE_CURVE_WITH_KNOTS('',6,(#376,#377,#378,#379,#380,#381,
    #382,#383,#384,#385,#386,#387,#388,#389,#390,#391,#392,#393,#394,
    #395,#396,#397,#398,#399,#400,#401,#402,#403,#404,#405,#406,#407),
  .UNSPECIFIED.,.F.,.F.,(7,5,5,5,5,5,7),(0.,0.11825815913,0.293004253346
    ,0.431418455526,0.640837496457,0.856722907752,1.),.UNSPECIFIED.);
#376 = CARTESIAN_POINT('',(0.508093751501,0.));
#377 = CARTESIAN_POINT('',(0.508093751501,3.449640632035E-02));
#378 = CARTESIAN_POINT('',(0.507962561344,6.899483884477E-02));
#379 = CARTESIAN_POINT('',(0.507700146736,0.103438907807));
#380 = CARTESIAN_POINT('',(0.507308810651,0.137780300767));
#381 = CARTESIAN_POINT('',(0.506792752438,0.171976422463));
#382 = CARTESIAN_POINT('',(0.505219123365,0.256245847192));
#383 = CARTESIAN_POINT('',(0.504020569573,0.306104242361));
#384 = CARTESIAN_POINT('',(0.502579893452,0.355450295695));
#385 = CARTESIAN_POINT('',(0.500920625546,0.40423031873));
#386 = CARTESIAN_POINT('',(0.499066432479,0.452423665846));
#387 = CARTESIAN_POINT('',(0.495433090801,0.537758288438));
#388 = CARTESIAN_POINT('',(0.49371845101,0.575114915645));
#389 = CARTESIAN_POINT('',(0.491905697071,0.612120289305));
#390 = CARTESIAN_POINT('',(0.490004728255,0.648789704455));
#391 = CARTESIAN_POINT('',(0.488024465507,0.685144020278));
#392 = CARTESIAN_POINT('',(0.482868134808,0.775775462817));
#393 = CARTESIAN_POINT('',(0.479600184759,0.829672589474));
#394 = CARTESIAN_POINT('',(0.47619523067,0.882996170588));
#395 = CARTESIAN_POINT('',(0.472675626543,0.935832754582));
#396 = CARTESIAN_POINT('',(0.469060011759,0.988268040916));
#397 = CARTESIAN_POINT('',(0.461553315888,1.094131605974));
#398 = CARTESIAN_POINT('',(0.457657654901,1.147533925868));
#399 = CARTESIAN_POINT('',(0.453693886165,1.200699000977));
#400 = CARTESIAN_POINT('',(0.449677170485,1.253710077138));
#401 = CARTESIAN_POINT('',(0.445621275311,1.306644381705));
#402 = CARTESIAN_POINT('',(0.438829973899,1.394713310984));
#403 = CARTESIAN_POINT('',(0.436109328567,1.429845698965));
#404 = CARTESIAN_POINT('',(0.433381048369,1.464999808756));
#405 = CARTESIAN_POINT('',(0.430648978733,1.500196493459));
#406 = CARTESIAN_POINT('',(0.42791698575,1.535455671534));
#407 = CARTESIAN_POINT('',(0.425188956175,1.570796326795));
#408 = ( GEOMETRIC_REPRESENTATION_CONTEXT(2) 
PARAMETRIC_REPRESENTATION_CONTEXT() REPRESENTATION_CONTEXT('2D SPACE',''
  ) );
#409 = PCURVE('',#205,#410);
#410 = DEFINITIONAL_REPRESENTATION('',(#411),#444);
#411 = B_SPLINE_CURVE_WITH_KNOTS('',6,(#412,#413,#414,#415,#416,#417,
    #418,#419,#420,#421,#422,#423,#424,#425,#426,#427,#428,#429,#430,
    #431,#432,#433,#434,#435,#436,#437,#438,#439,#440,#441,#442,#443),
  .UNSPECIFIED.,.F.,.F.,(7,5,5,5,5,5,7),(0.,0.11825815913,0.293004253346
    ,0.431418455526,0.640837496457,0.856722907752,1.),.UNSPECIFIED.);
#412 = CARTESIAN_POINT('',(2.946840566302,3.14159265359));
#413 = CARTESIAN_POINT('',(2.946840566302,3.107096247269));
#414 = CARTESIAN_POINT('',(2.946165927907,3.072597814745));
#415 = CARTESIAN_POINT('',(2.944816286141,3.038153745783));
#416 = CARTESIAN_POINT('',(2.942807462639,3.003812352823));
#417 = CARTESIAN_POINT('',(2.940168195036,2.969616231126));
#418 = CARTESIAN_POINT('',(2.932162040917,2.885346806398));
#419 = CARTESIAN_POINT('',(2.926094101412,2.835488411229));
#420 = CARTESIAN_POINT('',(2.918855022185,2.786142357895));
#421 = CARTESIAN_POINT('',(2.910605532316,2.73736233486));
#422 = CARTESIAN_POINT('',(2.901505550154,2.689168987743));
#423 = CARTESIAN_POINT('',(2.883932554429,2.603834365152));
#424 = CARTESIAN_POINT('',(2.875722339765,2.566477737945));
#425 = CARTESIAN_POINT('',(2.867140288173,2.529472364284));
#426 = CARTESIAN_POINT('',(2.858251698992,2.492802949135));
#427 = CARTESIAN_POINT('',(2.849114401702,2.456448633312));
#428 = CARTESIAN_POINT('',(2.825650248016,2.365817190773));
#429 = CARTESIAN_POINT('',(2.811067718243,2.311920064116));
#430 = CARTESIAN_POINT('',(2.796198823649,2.258596483002));
#431 = CARTESIAN_POINT('',(2.781177278929,2.205759899008));
#432 = CARTESIAN_POINT('',(2.76610656146,2.153324612673));
#433 = CARTESIAN_POINT('',(2.735559240657,2.047461047616));
#434 = CARTESIAN_POINT('',(2.720086480067,1.994058727722));
#435 = CARTESIAN_POINT('',(2.70473409445,1.940893652613));
#436 = CARTESIAN_POINT('',(2.689568683365,1.887882576452));
#437 = CARTESIAN_POINT('',(2.674641234061,1.834948271885));
#438 = CARTESIAN_POINT('',(2.650269984675,1.746879342606));
#439 = CARTESIAN_POINT('',(2.640670758263,1.711746954626));
#440 = CARTESIAN_POINT('',(2.631206303208,1.676592844834));
#441 = CARTESIAN_POINT('',(2.621887109977,1.64139616013));
#442 = CARTESIAN_POINT('',(2.612722339609,1.606136982054));
#443 = CARTESIAN_POINT('',(2.603719823721,1.570796326797));
#444 = ( GEOMETRIC_REPRESENTATION_CONTEXT(2) 
PARAMETRIC_REPRESENTATION_CONTEXT() REPRESENTATION_CONTEXT('2D SPACE',''
  ) );
#445 = ORIENTED_EDGE('',*,*,#446,.F.);
#446 = EDGE_CURVE('',#221,#337,#447,.T.);
#447 = SURFACE_CURVE('',#448,(#453,#460),.PCURVE_S1.);
#448 = CIRCLE('',#449,16.5);
#449 = AXIS2_PLACEMENT_3D('',#450,#451,#452);
#450 = CARTESIAN_POINT('',(0.,0.,6.));
#451 = DIRECTION('',(0.,0.,1.));
#452 = DIRECTION('',(0.981095679012,0.193523302533,-0.));
#453 = PCURVE('',#71,#454);
#454 = DEFINITIONAL_REPRESENTATION('',(#455),#459);
#455 = LINE('',#456,#457);
#456 = CARTESIAN_POINT('',(0.,1.570796326795));
#457 = VECTOR('',#458,1.);
#458 = DIRECTION('',(1.,0.));
#459 = ( GEOMETRIC_REPRESENTATION_CONTEXT(2) 
PARAMETRIC_REPRESENTATION_CONTEXT() REPRESENTATION_CONTEXT('2D SPACE',''
  ) );
#460 = PCURVE('',#461,#466);
#461 = PLANE('',#462);
#462 = AXIS2_PLACEMENT_3D('',#463,#464,#465);
#463 = CARTESIAN_POINT('',(0.,0.,6.));
#464 = DIRECTION('',(0.,0.,1.));
#465 = DIRECTION('',(1.,0.,0.));
#466 = DEFINITIONAL_REPRESENTATION('',(#467),#471);
#467 = CIRCLE('',#468,16.5);
#468 = AXIS2_PLACEMENT_2D('',#469,#470);
#469 = CARTESIAN_POINT('',(0.,0.));
#470 = DIRECTION('',(0.981095679012,0.193523302533));
#471 = ( GEOMETRIC_REPRESENTATION_CONTEXT(2) 
PARAMETRIC_REPRESENTATION_CONTEXT() REPRESENTATION_CONTEXT('2D SPACE',''
  ) );
#472 = ADVANCED_FACE('',(#473,#813),#124,.F.);
#473 = FACE_BOUND('',#474,.F.);
#474 = EDGE_LOOP('',(#475,#499,#500,#501,#525,#554,#583,#612,#641,#670,
    #699,#728,#757,#786));
#475 = ORIENTED_EDGE('',*,*,#476,.F.);
#476 = EDGE_CURVE('',#84,#477,#479,.T.);
#477 = VERTEX_POINT('',#478);
#478 = CARTESIAN_POINT('',(17.659722222222,-3.483419445595,-6.));
#479 = SURFACE_CURVE('',#480,(#485,#492),.PCURVE_S1.);
#480 = CIRCLE('',#481,3.5);
#481 = AXIS2_PLACEMENT_3D('',#482,#483,#484);
#482 = CARTESIAN_POINT('',(18.,0.,-6.));
#483 = DIRECTION('',(0.,0.,1.));
#484 = DIRECTION('',(1.,0.,-0.));
#485 = PCURVE('',#124,#486);
#486 = DEFINITIONAL_REPRESENTATION('',(#487),#491);
#487 = CIRCLE('',#488,3.5);
#488 = AXIS2_PLACEMENT_2D('',#489,#490);
#489 = CARTESIAN_POINT('',(18.,0.));
#490 = DIRECTION('',(1.,0.));
#491 = ( GEOMETRIC_REPRESENTATION_CONTEXT(2) 
PARAMETRIC_REPRESENTATION_CONTEXT() REPRESENTATION_CONTEXT('2D SPACE',''
  ) );
#492 = PCURVE('',#98,#493);
#493 = DEFINITIONAL_REPRESENTATION('',(#494),#498);
#494 = LINE('',#495,#496);
#495 = CARTESIAN_POINT('',(0.,1.));
#496 = VECTOR('',#497,1.);
#497 = DIRECTION('',(1.,0.));
#498 = ( GEOMETRIC_REPRESENTATION_CONTEXT(2) 
PARAMETRIC_REPRESENTATION_CONTEXT() REPRESENTATION_CONTEXT('2D SPACE',''
  ) );
#499 = ORIENTED_EDGE('',*,*,#109,.T.);
#500 = ORIENTED_EDGE('',*,*,#167,.F.);
#501 = ORIENTED_EDGE('',*,*,#502,.T.);
#502 = EDGE_CURVE('',#140,#503,#505,.T.);
#503 = VERTEX_POINT('',#504);
#504 = CARTESIAN_POINT('',(-0.53357503495,17.992089864217,-6.));
#505 = SURFACE_CURVE('',#506,(#511,#518),.PCURVE_S1.);
#506 = CIRCLE('',#507,18.);
#507 = AXIS2_PLACEMENT_3D('',#508,#509,#510);
#508 = CARTESIAN_POINT('',(0.,0.,-6.));
#509 = DIRECTION('',(0.,0.,1.));
#510 = DIRECTION('',(1.,0.,0.));
#511 = PCURVE('',#124,#512);
#512 = DEFINITIONAL_REPRESENTATION('',(#513),#517);
#513 = CIRCLE('',#514,18.);
#514 = AXIS2_PLACEMENT_2D('',#515,#516);
#515 = CARTESIAN_POINT('',(0.,0.));
#516 = DIRECTION('',(1.,0.));
#517 = ( GEOMETRIC_REPRESENTATION_CONTEXT(2) 
PARAMETRIC_REPRESENTATION_CONTEXT() REPRESENTATION_CONTEXT('2D SPACE',''
  ) );
#518 = PCURVE('',#156,#519);
#519 = DEFINITIONAL_REPRESENTATION('',(#520),#524);
#520 = LINE('',#521,#522);
#521 = CARTESIAN_POINT('',(0.,0.));
#522 = VECTOR('',#523,1.);
#523 = DIRECTION('',(1.,0.));
#524 = ( GEOMETRIC_REPRESENTATION_CONTEXT(2) 
PARAMETRIC_REPRESENTATION_CONTEXT() REPRESENTATION_CONTEXT('2D SPACE',''
  ) );
#525 = ORIENTED_EDGE('',*,*,#526,.F.);
#526 = EDGE_CURVE('',#527,#503,#529,.T.);
#527 = VERTEX_POINT('',#528);
#528 = CARTESIAN_POINT('',(-7.325740729646,16.441822367427,-6.));
#529 = SURFACE_CURVE('',#530,(#535,#542),.PCURVE_S1.);
#530 = CIRCLE('',#531,3.5);
#531 = AXIS2_PLACEMENT_3D('',#532,#533,#534);
#532 = CARTESIAN_POINT('',(-4.005376811214,17.548702419273,-6.));
#533 = DIRECTION('',(0.,0.,1.));
#534 = DIRECTION('',(-0.222520933956,0.974927912182,0.));
#535 = PCURVE('',#124,#536);
#536 = DEFINITIONAL_REPRESENTATION('',(#537),#541);
#537 = CIRCLE('',#538,3.5);
#538 = AXIS2_PLACEMENT_2D('',#539,#540);
#539 = CARTESIAN_POINT('',(-4.005376811214,17.548702419273));
#540 = DIRECTION('',(-0.222520933956,0.974927912182));
#541 = ( GEOMETRIC_REPRESENTATION_CONTEXT(2) 
PARAMETRIC_REPRESENTATION_CONTEXT() REPRESENTATION_CONTEXT('2D SPACE',''
  ) );
#542 = PCURVE('',#543,#548);
#543 = CYLINDRICAL_SURFACE('',#544,3.5);
#544 = AXIS2_PLACEMENT_3D('',#545,#546,#547);
#545 = CARTESIAN_POINT('',(-4.005376811214,17.548702419273,-7.));
#546 = DIRECTION('',(0.,0.,1.));
#547 = DIRECTION('',(-0.222520933956,0.974927912182,0.));
#548 = DEFINITIONAL_REPRESENTATION('',(#549),#553);
#549 = LINE('',#550,#551);
#550 = CARTESIAN_POINT('',(0.,1.));
#551 = VECTOR('',#552,1.);
#552 = DIRECTION('',(1.,0.));
#553 = ( GEOMETRIC_REPRESENTATION_CONTEXT(2) 
PARAMETRIC_REPRESENTATION_CONTEXT() REPRESENTATION_CONTEXT('2D SPACE',''
  ) );
#554 = ORIENTED_EDGE('',*,*,#555,.T.);
#555 = EDGE_CURVE('',#527,#556,#558,.T.);
#556 = VERTEX_POINT('',#557);
#557 = CARTESIAN_POINT('',(-14.39946088405,10.800718783882,-6.));
#558 = SURFACE_CURVE('',#559,(#564,#571),.PCURVE_S1.);
#559 = CIRCLE('',#560,18.);
#560 = AXIS2_PLACEMENT_3D('',#561,#562,#563);
#561 = CARTESIAN_POINT('',(0.,0.,-6.));
#562 = DIRECTION('',(0.,0.,1.));
#563 = DIRECTION('',(1.,0.,0.));
#564 = PCURVE('',#124,#565);
#565 = DEFINITIONAL_REPRESENTATION('',(#566),#570);
#566 = CIRCLE('',#567,18.);
#567 = AXIS2_PLACEMENT_2D('',#568,#569);
#568 = CARTESIAN_POINT('',(0.,0.));
#569 = DIRECTION('',(1.,0.));
#570 = ( GEOMETRIC_REPRESENTATION_CONTEXT(2) 
PARAMETRIC_REPRESENTATION_CONTEXT() REPRESENTATION_CONTEXT('2D SPACE',''
  ) );
#571 = PCURVE('',#572,#577);
#572 = CYLINDRICAL_SURFACE('',#573,18.);
#573 = AXIS2_PLACEMENT_3D('',#574,#575,#576);
#574 = CARTESIAN_POINT('',(0.,0.,-6.));
#575 = DIRECTION('',(0.,0.,1.));
#576 = DIRECTION('',(1.,0.,0.));
#577 = DEFINITIONAL_REPRESENTATION('',(#578),#582);
#578 = LINE('',#579,#580);
#579 = CARTESIAN_POINT('',(0.,0.));
#580 = VECTOR('',#581,1.);
#581 = DIRECTION('',(1.,0.));
#582 = ( GEOMETRIC_REPRESENTATION_CONTEXT(2) 
PARAMETRIC_REPRESENTATION_CONTEXT() REPRESENTATION_CONTEXT('2D SPACE',''
  ) );
#583 = ORIENTED_EDGE('',*,*,#584,.F.);
#584 = EDGE_CURVE('',#585,#556,#587,.T.);
#585 = VERTEX_POINT('',#586);
#586 = CARTESIAN_POINT('',(-17.42225899199,4.523813835228,-6.));
#587 = SURFACE_CURVE('',#588,(#593,#600),.PCURVE_S1.);
#588 = CIRCLE('',#589,3.5);
#589 = AXIS2_PLACEMENT_3D('',#590,#591,#592);
#590 = CARTESIAN_POINT('',(-16.21743962224,7.809907304116,-6.));
#591 = DIRECTION('',(0.,0.,1.));
#592 = DIRECTION('',(-0.900968867902,0.433883739118,0.));
#593 = PCURVE('',#124,#594);
#594 = DEFINITIONAL_REPRESENTATION('',(#595),#599);
#595 = CIRCLE('',#596,3.5);
#596 = AXIS2_PLACEMENT_2D('',#597,#598);
#597 = CARTESIAN_POINT('',(-16.21743962224,7.809907304116));
#598 = DIRECTION('',(-0.900968867902,0.433883739118));
#599 = ( GEOMETRIC_REPRESENTATION_CONTEXT(2) 
PARAMETRIC_REPRESENTATION_CONTEXT() REPRESENTATION_CONTEXT('2D SPACE',''
  ) );
#600 = PCURVE('',#601,#606);
#601 = CYLINDRICAL_SURFACE('',#602,3.5);
#602 = AXIS2_PLACEMENT_3D('',#603,#604,#605);
#603 = CARTESIAN_POINT('',(-16.21743962224,7.809907304116,-7.));
#604 = DIRECTION('',(0.,0.,1.));
#605 = DIRECTION('',(-0.900968867902,0.433883739118,0.));
#606 = DEFINITIONAL_REPRESENTATION('',(#607),#611);
#607 = LINE('',#608,#609);
#608 = CARTESIAN_POINT('',(0.,1.));
#609 = VECTOR('',#610,1.);
#610 = DIRECTION('',(1.,0.));
#611 = ( GEOMETRIC_REPRESENTATION_CONTEXT(2) 
PARAMETRIC_REPRESENTATION_CONTEXT() REPRESENTATION_CONTEXT('2D SPACE',''
  ) );
#612 = ORIENTED_EDGE('',*,*,#613,.T.);
#613 = EDGE_CURVE('',#585,#614,#616,.T.);
#614 = VERTEX_POINT('',#615);
#615 = CARTESIAN_POINT('',(-17.42225899199,-4.523813835228,-6.));
#616 = SURFACE_CURVE('',#617,(#622,#629),.PCURVE_S1.);
#617 = CIRCLE('',#618,18.);
#618 = AXIS2_PLACEMENT_3D('',#619,#620,#621);
#619 = CARTESIAN_POINT('',(0.,0.,-6.));
#620 = DIRECTION('',(0.,0.,1.));
#621 = DIRECTION('',(1.,0.,0.));
#622 = PCURVE('',#124,#623);
#623 = DEFINITIONAL_REPRESENTATION('',(#624),#628);
#624 = CIRCLE('',#625,18.);
#625 = AXIS2_PLACEMENT_2D('',#626,#627);
#626 = CARTESIAN_POINT('',(0.,0.));
#627 = DIRECTION('',(1.,0.));
#628 = ( GEOMETRIC_REPRESENTATION_CONTEXT(2) 
PARAMETRIC_REPRESENTATION_CONTEXT() REPRESENTATION_CONTEXT('2D SPACE',''
  ) );
#629 = PCURVE('',#630,#635);
#630 = CYLINDRICAL_SURFACE('',#631,18.);
#631 = AXIS2_PLACEMENT_3D('',#632,#633,#634);
#632 = CARTESIAN_POINT('',(0.,0.,-6.));
#633 = DIRECTION('',(0.,0.,1.));
#634 = DIRECTION('',(1.,0.,0.));
#635 = DEFINITIONAL_REPRESENTATION('',(#636),#640);
#636 = LINE('',#637,#638);
#637 = CARTESIAN_POINT('',(0.,0.));
#638 = VECTOR('',#639,1.);
#639 = DIRECTION('',(1.,0.));
#640 = ( GEOMETRIC_REPRESENTATION_CONTEXT(2) 
PARAMETRIC_REPRESENTATION_CONTEXT() REPRESENTATION_CONTEXT('2D SPACE',''
  ) );
#641 = ORIENTED_EDGE('',*,*,#642,.F.);
#642 = EDGE_CURVE('',#643,#614,#645,.T.);
#643 = VERTEX_POINT('',#644);
#644 = CARTESIAN_POINT('',(-14.39946088405,-10.80071878388,-6.));
#645 = SURFACE_CURVE('',#646,(#651,#658),.PCURVE_S1.);
#646 = CIRCLE('',#647,3.5);
#647 = AXIS2_PLACEMENT_3D('',#648,#649,#650);
#648 = CARTESIAN_POINT('',(-16.21743962224,-7.809907304116,-6.));
#649 = DIRECTION('',(0.,0.,1.));
#650 = DIRECTION('',(-0.900968867902,-0.433883739118,0.));
#651 = PCURVE('',#124,#652);
#652 = DEFINITIONAL_REPRESENTATION('',(#653),#657);
#653 = CIRCLE('',#654,3.5);
#654 = AXIS2_PLACEMENT_2D('',#655,#656);
#655 = CARTESIAN_POINT('',(-16.21743962224,-7.809907304116));
#656 = DIRECTION('',(-0.900968867902,-0.433883739118));
#657 = ( GEOMETRIC_REPRESENTATION_CONTEXT(2) 
PARAMETRIC_REPRESENTATION_CONTEXT() REPRESENTATION_CONTEXT('2D SPACE',''
  ) );
#658 = PCURVE('',#659,#664);
#659 = CYLINDRICAL_SURFACE('',#660,3.5);
#660 = AXIS2_PLACEMENT_3D('',#661,#662,#663);
#661 = CARTESIAN_POINT('',(-16.21743962224,-7.809907304116,-7.));
#662 = DIRECTION('',(0.,0.,1.));
#663 = DIRECTION('',(-0.900968867902,-0.433883739118,0.));
#664 = DEFINITIONAL_REPRESENTATION('',(#665),#669);
#665 = LINE('',#666,#667);
#666 = CARTESIAN_POINT('',(0.,1.));
#667 = VECTOR('',#668,1.);
#668 = DIRECTION('',(1.,0.));
#669 = ( GEOMETRIC_REPRESENTATION_CONTEXT(2) 
PARAMETRIC_REPRESENTATION_CONTEXT() REPRESENTATION_CONTEXT('2D SPACE',''
  ) );
#670 = ORIENTED_EDGE('',*,*,#671,.T.);
#671 = EDGE_CURVE('',#643,#672,#674,.T.);
#672 = VERTEX_POINT('',#673);
#673 = CARTESIAN_POINT('',(-7.325740729646,-16.44182236742,-6.));
#674 = SURFACE_CURVE('',#675,(#680,#687),.PCURVE_S1.);
#675 = CIRCLE('',#676,18.);
#676 = AXIS2_PLACEMENT_3D('',#677,#678,#679);
#677 = CARTESIAN_POINT('',(0.,0.,-6.));
#678 = DIRECTION('',(0.,0.,1.));
#679 = DIRECTION('',(1.,0.,0.));
#680 = PCURVE('',#124,#681);
#681 = DEFINITIONAL_REPRESENTATION('',(#682),#686);
#682 = CIRCLE('',#683,18.);
#683 = AXIS2_PLACEMENT_2D('',#684,#685);
#684 = CARTESIAN_POINT('',(0.,0.));
#685 = DIRECTION('',(1.,0.));
#686 = ( GEOMETRIC_REPRESENTATION_CONTEXT(2) 
PARAMETRIC_REPRESENTATION_CONTEXT() REPRESENTATION_CONTEXT('2D SPACE',''
  ) );
#687 = PCURVE('',#688,#693);
#688 = CYLINDRICAL_SURFACE('',#689,18.);
#689 = AXIS2_PLACEMENT_3D('',#690,#691,#692);
#690 = CARTESIAN_POINT('',(0.,0.,-6.));
#691 = DIRECTION('',(0.,0.,1.));
#692 = DIRECTION('',(1.,0.,0.));
#693 = DEFINITIONAL_REPRESENTATION('',(#694),#698);
#694 = LINE('',#695,#696);
#695 = CARTESIAN_POINT('',(0.,0.));
#696 = VECTOR('',#697,1.);
#697 = DIRECTION('',(1.,0.));
#698 = ( GEOMETRIC_REPRESENTATION_CONTEXT(2) 
PARAMETRIC_REPRESENTATION_CONTEXT() REPRESENTATION_CONTEXT('2D SPACE',''
  ) );
#699 = ORIENTED_EDGE('',*,*,#700,.F.);
#700 = EDGE_CURVE('',#701,#672,#703,.T.);
#701 = VERTEX_POINT('',#702);
#702 = CARTESIAN_POINT('',(-0.53357503495,-17.99208986421,-6.));
#703 = SURFACE_CURVE('',#704,(#709,#716),.PCURVE_S1.);
#704 = CIRCLE('',#705,3.5);
#705 = AXIS2_PLACEMENT_3D('',#706,#707,#708);
#706 = CARTESIAN_POINT('',(-4.005376811214,-17.54870241927,-6.));
#707 = DIRECTION('',(0.,0.,1.));
#708 = DIRECTION('',(-0.222520933956,-0.974927912182,0.));
#709 = PCURVE('',#124,#710);
#710 = DEFINITIONAL_REPRESENTATION('',(#711),#715);
#711 = CIRCLE('',#712,3.5);
#712 = AXIS2_PLACEMENT_2D('',#713,#714);
#713 = CARTESIAN_POINT('',(-4.005376811214,-17.54870241927));
#714 = DIRECTION('',(-0.222520933956,-0.974927912182));
#715 = ( GEOMETRIC_REPRESENTATION_CONTEXT(2) 
PARAMETRIC_REPRESENTATION_CONTEXT() REPRESENTATION_CONTEXT('2D SPACE',''
  ) );
#716 = PCURVE('',#717,#722);
#717 = CYLINDRICAL_SURFACE('',#718,3.5);
#718 = AXIS2_PLACEMENT_3D('',#719,#720,#721);
#719 = CARTESIAN_POINT('',(-4.005376811214,-17.54870241927,-7.));
#720 = DIRECTION('',(0.,0.,1.));
#721 = DIRECTION('',(-0.222520933956,-0.974927912182,0.));
#722 = DEFINITIONAL_REPRESENTATION('',(#723),#727);
#723 = LINE('',#724,#725);
#724 = CARTESIAN_POINT('',(0.,1.));
#725 = VECTOR('',#726,1.);
#726 = DIRECTION('',(1.,0.));
#727 = ( GEOMETRIC_REPRESENTATION_CONTEXT(2) 
PARAMETRIC_REPRESENTATION_CONTEXT() REPRESENTATION_CONTEXT('2D SPACE',''
  ) );
#728 = ORIENTED_EDGE('',*,*,#729,.T.);
#729 = EDGE_CURVE('',#701,#730,#732,.T.);
#730 = VERTEX_POINT('',#731);
#731 = CARTESIAN_POINT('',(8.287209720006,-15.97880330489,-6.));
#732 = SURFACE_CURVE('',#733,(#738,#745),.PCURVE_S1.);
#733 = CIRCLE('',#734,18.);
#734 = AXIS2_PLACEMENT_3D('',#735,#736,#737);
#735 = CARTESIAN_POINT('',(0.,0.,-6.));
#736 = DIRECTION('',(0.,0.,1.));
#737 = DIRECTION('',(1.,0.,0.));
#738 = PCURVE('',#124,#739);
#739 = DEFINITIONAL_REPRESENTATION('',(#740),#744);
#740 = CIRCLE('',#741,18.);
#741 = AXIS2_PLACEMENT_2D('',#742,#743);
#742 = CARTESIAN_POINT('',(0.,0.));
#743 = DIRECTION('',(1.,0.));
#744 = ( GEOMETRIC_REPRESENTATION_CONTEXT(2) 
PARAMETRIC_REPRESENTATION_CONTEXT() REPRESENTATION_CONTEXT('2D SPACE',''
  ) );
#745 = PCURVE('',#746,#751);
#746 = CYLINDRICAL_SURFACE('',#747,18.);
#747 = AXIS2_PLACEMENT_3D('',#748,#749,#750);
#748 = CARTESIAN_POINT('',(0.,0.,-6.));
#749 = DIRECTION('',(0.,0.,1.));
#750 = DIRECTION('',(1.,0.,0.));
#751 = DEFINITIONAL_REPRESENTATION('',(#752),#756);
#752 = LINE('',#753,#754);
#753 = CARTESIAN_POINT('',(0.,0.));
#754 = VECTOR('',#755,1.);
#755 = DIRECTION('',(1.,0.));
#756 = ( GEOMETRIC_REPRESENTATION_CONTEXT(2) 
PARAMETRIC_REPRESENTATION_CONTEXT() REPRESENTATION_CONTEXT('2D SPACE',''
  ) );
#757 = ORIENTED_EDGE('',*,*,#758,.F.);
#758 = EDGE_CURVE('',#759,#730,#761,.T.);
#759 = VERTEX_POINT('',#760);
#760 = CARTESIAN_POINT('',(13.734103698421,-11.63505030504,-6.));
#761 = SURFACE_CURVE('',#762,(#767,#774),.PCURVE_S1.);
#762 = CIRCLE('',#763,3.5);
#763 = AXIS2_PLACEMENT_3D('',#764,#765,#766);
#764 = CARTESIAN_POINT('',(11.222816433457,-14.07296668442,-6.));
#765 = DIRECTION('',(0.,0.,1.));
#766 = DIRECTION('',(0.623489801859,-0.781831482468,0.));
#767 = PCURVE('',#124,#768);
#768 = DEFINITIONAL_REPRESENTATION('',(#769),#773);
#769 = CIRCLE('',#770,3.5);
#770 = AXIS2_PLACEMENT_2D('',#771,#772);
#771 = CARTESIAN_POINT('',(11.222816433457,-14.07296668442));
#772 = DIRECTION('',(0.623489801859,-0.781831482468));
#773 = ( GEOMETRIC_REPRESENTATION_CONTEXT(2) 
PARAMETRIC_REPRESENTATION_CONTEXT() REPRESENTATION_CONTEXT('2D SPACE',''
  ) );
#774 = PCURVE('',#775,#780);
#775 = CYLINDRICAL_SURFACE('',#776,3.5);
#776 = AXIS2_PLACEMENT_3D('',#777,#778,#779);
#777 = CARTESIAN_POINT('',(11.222816433457,-14.07296668442,-7.));
#778 = DIRECTION('',(0.,0.,1.));
#779 = DIRECTION('',(0.623489801859,-0.781831482468,0.));
#780 = DEFINITIONAL_REPRESENTATION('',(#781),#785);
#781 = LINE('',#782,#783);
#782 = CARTESIAN_POINT('',(0.,1.));
#783 = VECTOR('',#784,1.);
#784 = DIRECTION('',(1.,0.));
#785 = ( GEOMETRIC_REPRESENTATION_CONTEXT(2) 
PARAMETRIC_REPRESENTATION_CONTEXT() REPRESENTATION_CONTEXT('2D SPACE',''
  ) );
#786 = ORIENTED_EDGE('',*,*,#787,.T.);
#787 = EDGE_CURVE('',#759,#477,#788,.T.);
#788 = SURFACE_CURVE('',#789,(#794,#801),.PCURVE_S1.);
#789 = CIRCLE('',#790,18.);
#790 = AXIS2_PLACEMENT_3D('',#791,#792,#793);
#791 = CARTESIAN_POINT('',(0.,0.,-6.));
#792 = DIRECTION('',(0.,0.,1.));
#793 = DIRECTION('',(1.,0.,0.));
#794 = PCURVE('',#124,#795);
#795 = DEFINITIONAL_REPRESENTATION('',(#796),#800);
#796 = CIRCLE('',#797,18.);
#797 = AXIS2_PLACEMENT_2D('',#798,#799);
#798 = CARTESIAN_POINT('',(0.,0.));
#799 = DIRECTION('',(1.,0.));
#800 = ( GEOMETRIC_REPRESENTATION_CONTEXT(2) 
PARAMETRIC_REPRESENTATION_CONTEXT() REPRESENTATION_CONTEXT('2D SPACE',''
  ) );
#801 = PCURVE('',#802,#807);
#802 = CYLINDRICAL_SURFACE('',#803,18.);
#803 = AXIS2_PLACEMENT_3D('',#804,#805,#806);
#804 = CARTESIAN_POINT('',(0.,0.,-6.));
#805 = DIRECTION('',(0.,0.,1.));
#806 = DIRECTION('',(1.,0.,0.));
#807 = DEFINITIONAL_REPRESENTATION('',(#808),#812);
#808 = LINE('',#809,#810);
#809 = CARTESIAN_POINT('',(0.,0.));
#810 = VECTOR('',#811,1.);
#811 = DIRECTION('',(1.,0.));
#812 = ( GEOMETRIC_REPRESENTATION_CONTEXT(2) 
PARAMETRIC_REPRESENTATION_CONTEXT() REPRESENTATION_CONTEXT('2D SPACE',''
  ) );
#813 = FACE_BOUND('',#814,.F.);
#814 = EDGE_LOOP('',(#815));
#815 = ORIENTED_EDGE('',*,*,#816,.F.);
#816 = EDGE_CURVE('',#817,#817,#819,.T.);
#817 = VERTEX_POINT('',#818);
#818 = CARTESIAN_POINT('',(3.2,0.,-6.));
#819 = SURFACE_CURVE('',#820,(#825,#832),.PCURVE_S1.);
#820 = CIRCLE('',#821,3.2);
#821 = AXIS2_PLACEMENT_3D('',#822,#823,#824);
#822 = CARTESIAN_POINT('',(-1.625479323517E-16,-1.110223024625E-16,-6.)
  );
#823 = DIRECTION('',(0.,0.,1.));
#824 = DIRECTION('',(1.,2.79623829349E-16,-0.));
#825 = PCURVE('',#124,#826);
#826 = DEFINITIONAL_REPRESENTATION('',(#827),#831);
#827 = CIRCLE('',#828,3.2);
#828 = AXIS2_PLACEMENT_2D('',#829,#830);
#829 = CARTESIAN_POINT('',(-1.625479323517E-16,-1.110223024625E-16));
#830 = DIRECTION('',(1.,2.79623829349E-16));
#831 = ( GEOMETRIC_REPRESENTATION_CONTEXT(2) 
PARAMETRIC_REPRESENTATION_CONTEXT() REPRESENTATION_CONTEXT('2D SPACE',''
  ) );
#832 = PCURVE('',#833,#838);
#833 = CYLINDRICAL_SURFACE('',#834,3.2);
#834 = AXIS2_PLACEMENT_3D('',#835,#836,#837);
#835 = CARTESIAN_POINT('',(0.,0.,-30.0000002));
#836 = DIRECTION('',(-0.,-0.,-1.));
#837 = DIRECTION('',(1.,0.,0.));
#838 = DEFINITIONAL_REPRESENTATION('',(#839),#843);
#839 = LINE('',#840,#841);
#840 = CARTESIAN_POINT('',(-0.,-24.0000002));
#841 = VECTOR('',#842,1.);
#842 = DIRECTION('',(-1.,-0.));
#843 = ( GEOMETRIC_REPRESENTATION_CONTEXT(2) 
PARAMETRIC_REPRESENTATION_CONTEXT() REPRESENTATION_CONTEXT('2D SPACE',''
  ) );
#844 = ADVANCED_FACE('',(#845),#98,.F.);
#845 = FACE_BOUND('',#846,.F.);
#846 = EDGE_LOOP('',(#847,#848,#849,#870));
#847 = ORIENTED_EDGE('',*,*,#83,.F.);
#848 = ORIENTED_EDGE('',*,*,#476,.T.);
#849 = ORIENTED_EDGE('',*,*,#850,.T.);
#850 = EDGE_CURVE('',#477,#851,#853,.T.);
#851 = VERTEX_POINT('',#852);
#852 = CARTESIAN_POINT('',(17.659722222222,-3.483419445595,4.5));
#853 = SURFACE_CURVE('',#854,(#858,#864),.PCURVE_S1.);
#854 = LINE('',#855,#856);
#855 = CARTESIAN_POINT('',(17.659722222222,-3.483419445595,-6.));
#856 = VECTOR('',#857,1.);
#857 = DIRECTION('',(0.,0.,1.));
#858 = PCURVE('',#98,#859);
#859 = DEFINITIONAL_REPRESENTATION('',(#860),#863);
#860 = B_SPLINE_CURVE_WITH_KNOTS('',1,(#861,#862),.UNSPECIFIED.,.F.,.F.,
  (2,2),(-5.999999999062E-07,12.0000006),.PIECEWISE_BEZIER_KNOTS.);
#861 = CARTESIAN_POINT('',(4.615012943004,0.9999994));
#862 = CARTESIAN_POINT('',(4.615012943004,13.0000006));
#863 = ( GEOMETRIC_REPRESENTATION_CONTEXT(2) 
PARAMETRIC_REPRESENTATION_CONTEXT() REPRESENTATION_CONTEXT('2D SPACE',''
  ) );
#864 = PCURVE('',#802,#865);
#865 = DEFINITIONAL_REPRESENTATION('',(#866),#869);
#866 = B_SPLINE_CURVE_WITH_KNOTS('',1,(#867,#868),.UNSPECIFIED.,.F.,.F.,
  (2,2),(-5.999999999062E-07,12.0000006),.PIECEWISE_BEZIER_KNOTS.);
#867 = CARTESIAN_POINT('',(6.088433232417,-5.999999999062E-07));
#868 = CARTESIAN_POINT('',(6.088433232417,12.0000006));
#869 = ( GEOMETRIC_REPRESENTATION_CONTEXT(2) 
PARAMETRIC_REPRESENTATION_CONTEXT() REPRESENTATION_CONTEXT('2D SPACE',''
  ) );
#870 = ORIENTED_EDGE('',*,*,#871,.F.);
#871 = EDGE_CURVE('',#55,#851,#872,.T.);
#872 = SURFACE_CURVE('',#873,(#878,#885),.PCURVE_S1.);
#873 = CIRCLE('',#874,3.5);
#874 = AXIS2_PLACEMENT_3D('',#875,#876,#877);
#875 = CARTESIAN_POINT('',(18.,0.,4.5));
#876 = DIRECTION('',(0.,0.,1.));
#877 = DIRECTION('',(-9.722222222222E-02,0.995262698741,0.));
#878 = PCURVE('',#98,#879);
#879 = DEFINITIONAL_REPRESENTATION('',(#880),#884);
#880 = LINE('',#881,#882);
#881 = CARTESIAN_POINT('',(1.668172364176,11.5));
#882 = VECTOR('',#883,1.);
#883 = DIRECTION('',(1.,0.));
#884 = ( GEOMETRIC_REPRESENTATION_CONTEXT(2) 
PARAMETRIC_REPRESENTATION_CONTEXT() REPRESENTATION_CONTEXT('2D SPACE',''
  ) );
#885 = PCURVE('',#294,#886);
#886 = DEFINITIONAL_REPRESENTATION('',(#887),#891);
#887 = LINE('',#888,#889);
#888 = CARTESIAN_POINT('',(0.,3.14159265359));
#889 = VECTOR('',#890,1.);
#890 = DIRECTION('',(1.,0.));
#891 = ( GEOMETRIC_REPRESENTATION_CONTEXT(2) 
PARAMETRIC_REPRESENTATION_CONTEXT() REPRESENTATION_CONTEXT('2D SPACE',''
  ) );
#892 = ADVANCED_FACE('',(#893),#156,.T.);
#893 = FACE_BOUND('',#894,.T.);
#894 = EDGE_LOOP('',(#895,#916,#943,#944));
#895 = ORIENTED_EDGE('',*,*,#896,.T.);
#896 = EDGE_CURVE('',#503,#897,#899,.T.);
#897 = VERTEX_POINT('',#898);
#898 = CARTESIAN_POINT('',(-0.53357503495,17.992089864217,4.5));
#899 = SURFACE_CURVE('',#900,(#904,#910),.PCURVE_S1.);
#900 = LINE('',#901,#902);
#901 = CARTESIAN_POINT('',(-0.53357503495,17.992089864217,-6.));
#902 = VECTOR('',#903,1.);
#903 = DIRECTION('',(0.,0.,1.));
#904 = PCURVE('',#156,#905);
#905 = DEFINITIONAL_REPRESENTATION('',(#906),#909);
#906 = B_SPLINE_CURVE_WITH_KNOTS('',1,(#907,#908),.UNSPECIFIED.,.F.,.F.,
  (2,2),(-5.999999999062E-07,12.0000006),.PIECEWISE_BEZIER_KNOTS.);
#907 = CARTESIAN_POINT('',(1.600443727289,-5.999999999062E-07));
#908 = CARTESIAN_POINT('',(1.600443727289,12.0000006));
#909 = ( GEOMETRIC_REPRESENTATION_CONTEXT(2) 
PARAMETRIC_REPRESENTATION_CONTEXT() REPRESENTATION_CONTEXT('2D SPACE',''
  ) );
#910 = PCURVE('',#543,#911);
#911 = DEFINITIONAL_REPRESENTATION('',(#912),#915);
#912 = B_SPLINE_CURVE_WITH_KNOTS('',1,(#913,#914),.UNSPECIFIED.,.F.,.F.,
  (2,2),(-5.999999999062E-07,12.0000006),.PIECEWISE_BEZIER_KNOTS.);
#913 = CARTESIAN_POINT('',(4.615012943004,0.9999994));
#914 = CARTESIAN_POINT('',(4.615012943004,13.0000006));
#915 = ( GEOMETRIC_REPRESENTATION_CONTEXT(2) 
PARAMETRIC_REPRESENTATION_CONTEXT() REPRESENTATION_CONTEXT('2D SPACE',''
  ) );
#916 = ORIENTED_EDGE('',*,*,#917,.F.);
#917 = EDGE_CURVE('',#142,#897,#918,.T.);
#918 = SURFACE_CURVE('',#919,(#924,#931),.PCURVE_S1.);
#919 = CIRCLE('',#920,18.);
#920 = AXIS2_PLACEMENT_3D('',#921,#922,#923);
#921 = CARTESIAN_POINT('',(0.,0.,4.5));
#922 = DIRECTION('',(0.,0.,1.));
#923 = DIRECTION('',(0.46040054,0.887711294717,-0.));
#924 = PCURVE('',#156,#925);
#925 = DEFINITIONAL_REPRESENTATION('',(#926),#930);
#926 = LINE('',#927,#928);
#927 = CARTESIAN_POINT('',(1.092349975788,10.5));
#928 = VECTOR('',#929,1.);
#929 = DIRECTION('',(1.,0.));
#930 = ( GEOMETRIC_REPRESENTATION_CONTEXT(2) 
PARAMETRIC_REPRESENTATION_CONTEXT() REPRESENTATION_CONTEXT('2D SPACE',''
  ) );
#931 = PCURVE('',#932,#937);
#932 = TOROIDAL_SURFACE('',#933,16.5,1.5);
#933 = AXIS2_PLACEMENT_3D('',#934,#935,#936);
#934 = CARTESIAN_POINT('',(0.,0.,4.5));
#935 = DIRECTION('',(-0.,-0.,-1.));
#936 = DIRECTION('',(0.46040054,0.887711294717,-0.));
#937 = DEFINITIONAL_REPRESENTATION('',(#938),#942);
#938 = LINE('',#939,#940);
#939 = CARTESIAN_POINT('',(-0.,6.28318530718));
#940 = VECTOR('',#941,1.);
#941 = DIRECTION('',(-1.,0.));
#942 = ( GEOMETRIC_REPRESENTATION_CONTEXT(2) 
PARAMETRIC_REPRESENTATION_CONTEXT() REPRESENTATION_CONTEXT('2D SPACE',''
  ) );
#943 = ORIENTED_EDGE('',*,*,#139,.F.);
#944 = ORIENTED_EDGE('',*,*,#502,.T.);
#945 = ADVANCED_FACE('',(#946),#205,.T.);
#946 = FACE_BOUND('',#947,.T.);
#947 = EDGE_LOOP('',(#948,#949,#1059,#1081));
#948 = ORIENTED_EDGE('',*,*,#190,.F.);
#949 = ORIENTED_EDGE('',*,*,#950,.F.);
#950 = EDGE_CURVE('',#951,#142,#953,.T.);
#951 = VERTEX_POINT('',#952);
#952 = CARTESIAN_POINT('',(6.357581776263,15.226002560033,6.));
#953 = SURFACE_CURVE('',#954,(#987,#1023),.PCURVE_S1.);
#954 = B_SPLINE_CURVE_WITH_KNOTS('',6,(#955,#956,#957,#958,#959,#960,
    #961,#962,#963,#964,#965,#966,#967,#968,#969,#970,#971,#972,#973,
    #974,#975,#976,#977,#978,#979,#980,#981,#982,#983,#984,#985,#986),
  .UNSPECIFIED.,.F.,.F.,(7,5,5,5,5,5,7),(0.,0.142885504371,
    0.357935267411,0.567409152713,0.705105735826,0.881043945744,1.),
  .UNSPECIFIED.);
#955 = CARTESIAN_POINT('',(6.357581776257,15.226002560006,6.));
#956 = CARTESIAN_POINT('',(6.419374982263,15.257490665212,6.00000010551)
  );
#957 = CARTESIAN_POINT('',(6.481443299455,15.288572727318,5.997764011368
    ));
#958 = CARTESIAN_POINT('',(6.543691447023,15.319189100845,5.99331167524)
  );
#959 = CARTESIAN_POINT('',(6.606022894693,15.349285017081,5.986662347568
    ));
#960 = CARTESIAN_POINT('',(6.668339862727,15.378810584083,5.977834571565
    ));
#961 = CARTESIAN_POINT('',(6.824162609741,15.451232073883,5.950308114356
    ));
#962 = CARTESIAN_POINT('',(6.917520329927,15.493347445207,5.928876549107
    ));
#963 = CARTESIAN_POINT('',(7.010282402648,15.533915811058,5.902609990225
    ));
#964 = CARTESIAN_POINT('',(7.102089798828,15.572802967257,5.871562302435
    ));
#965 = CARTESIAN_POINT('',(7.192548620077,15.609892715706,5.835779216988
    ));
#966 = CARTESIAN_POINT('',(7.367592633192,15.679370700403,5.755860147154
    ));
#967 = CARTESIAN_POINT('',(7.452258858168,15.711851906877,5.711969485425
    ));
#968 = CARTESIAN_POINT('',(7.534820492057,15.742444609431,5.663651679714
    ));
#969 = CARTESIAN_POINT('',(7.614803016784,15.771065981834,5.610937695581
    ));
#970 = CARTESIAN_POINT('',(7.691648907341,15.797641437508,5.553868513282
    ));
#971 = CARTESIAN_POINT('',(7.812737629263,15.838192129987,5.45216470418)
  );
#972 = CARTESIAN_POINT('',(7.859125039855,15.853363135104,5.409973448669
    ));
#973 = CARTESIAN_POINT('',(7.903688220937,15.867603309143,5.365948046342
    ));
#974 = CARTESIAN_POINT('',(7.946215425442,15.880893528307,5.320118510805
    ));
#975 = CARTESIAN_POINT('',(7.986473913101,15.893214840709,5.272531509182
    ));
#976 = CARTESIAN_POINT('',(8.072439764696,15.919031735527,5.160295071727
    ));
#977 = CARTESIAN_POINT('',(8.116556822765,15.931903485342,5.094575671291
    ));
#978 = CARTESIAN_POINT('',(8.156042738232,15.943124197063,5.026251187804
    ));
#979 = CARTESIAN_POINT('',(8.190328589106,15.952653534421,4.955556962794
    ));
#980 = CARTESIAN_POINT('',(8.218851246602,15.960454388069,4.882835948251
    ));
#981 = CARTESIAN_POINT('',(8.256280188063,15.970581911967,4.758356985103
    ));
#982 = CARTESIAN_POINT('',(8.268548560871,15.973863414849,4.707435434861
    ));
#983 = CARTESIAN_POINT('',(8.277852115547,15.976331491283,4.655960404762
    ));
#984 = CARTESIAN_POINT('',(8.284090781898,15.977979332199,4.604103247902
    ));
#985 = CARTESIAN_POINT('',(8.287209720006,15.978803304899,4.552050037127
    ));
#986 = CARTESIAN_POINT('',(8.287209720006,15.978803304899,4.5));
#987 = PCURVE('',#205,#988);
#988 = DEFINITIONAL_REPRESENTATION('',(#989),#1022);
#989 = B_SPLINE_CURVE_WITH_KNOTS('',6,(#990,#991,#992,#993,#994,#995,
    #996,#997,#998,#999,#1000,#1001,#1002,#1003,#1004,#1005,#1006,#1007,
    #1008,#1009,#1010,#1011,#1012,#1013,#1014,#1015,#1016,#1017,#1018,
    #1019,#1020,#1021),.UNSPECIFIED.,.F.,.F.,(7,5,5,5,5,5,7),(0.,
    0.142885504371,0.357935267411,0.567409152713,0.705105735826,
    0.881043945744,1.),.UNSPECIFIED.);
#990 = CARTESIAN_POINT('',(0.343120757957,1.570796326795));
#991 = CARTESIAN_POINT('',(0.334142846615,1.606040377936));
#992 = CARTESIAN_POINT('',(0.325003570497,1.641203395547));
#993 = CARTESIAN_POINT('',(0.315710694804,1.676304209414));
#994 = CARTESIAN_POINT('',(0.306273300416,1.711362573138));
#995 = CARTESIAN_POINT('',(0.296701783889,1.746399164138));
#996 = CARTESIAN_POINT('',(0.272418017914,1.834167130819));
#997 = CARTESIAN_POINT('',(0.257551646147,1.88689601888));
#998 = CARTESIAN_POINT('',(0.242448649003,1.939700203242));
#999 = CARTESIAN_POINT('',(0.227159319562,1.992655988138));
#1000 = CARTESIAN_POINT('',(0.211749269496,2.045845599893));
#1001 = CARTESIAN_POINT('',(0.181259913803,2.15149625891));
#1002 = CARTESIAN_POINT('',(0.166184266047,2.203934245725));
#1003 = CARTESIAN_POINT('',(0.15115558035,2.256771678876));
#1004 = CARTESIAN_POINT('',(0.136276936816,2.310094263682));
#1005 = CARTESIAN_POINT('',(0.121681576273,2.363988640684));
#1006 = CARTESIAN_POINT('',(9.824102986213E-02,2.454416580421));
#1007 = CARTESIAN_POINT('',(8.91400396035E-02,2.490567905774));
#1008 = CARTESIAN_POINT('',(8.028309463203E-02,2.527030179165));
#1009 = CARTESIAN_POINT('',(7.172687520699E-02,2.563824058672));
#1010 = CARTESIAN_POINT('',(6.353539418914E-02,2.600964839037));
#1011 = CARTESIAN_POINT('',(4.58674945635E-02,2.686373152943));
#1012 = CARTESIAN_POINT('',(3.666567677815E-02,2.734867435519));
#1013 = CARTESIAN_POINT('',(2.832017321212E-02,2.783956931597));
#1014 = CARTESIAN_POINT('',(2.0994085438E-02,2.833621510751));
#1015 = CARTESIAN_POINT('',(1.485186198177E-02,2.883807385102));
#1016 = CARTESIAN_POINT('',(6.750496506299E-03,2.968607030149));
#1017 = CARTESIAN_POINT('',(4.080673841012E-03,3.003001531156));
#1018 = CARTESIAN_POINT('',(2.048271659433E-03,3.037543779375));
#1019 = CARTESIAN_POINT('',(6.826556786637E-04,3.072190522199));
#1020 = CARTESIAN_POINT('',(0.,3.106892628839));
#1021 = CARTESIAN_POINT('',(0.,3.14159265359));
#1022 = ( GEOMETRIC_REPRESENTATION_CONTEXT(2) 
PARAMETRIC_REPRESENTATION_CONTEXT() REPRESENTATION_CONTEXT('2D SPACE',''
  ) );
#1023 = PCURVE('',#932,#1024);
#1024 = DEFINITIONAL_REPRESENTATION('',(#1025),#1058);
#1025 = B_SPLINE_CURVE_WITH_KNOTS('',6,(#1026,#1027,#1028,#1029,#1030,
    #1031,#1032,#1033,#1034,#1035,#1036,#1037,#1038,#1039,#1040,#1041,
    #1042,#1043,#1044,#1045,#1046,#1047,#1048,#1049,#1050,#1051,#1052,
    #1053,#1054,#1055,#1056,#1057),.UNSPECIFIED.,.F.,.F.,(7,5,5,5,5,5,7)
  ,(0.,0.142885504371,0.357935267411,0.567409152713,0.705105735826,
    0.881043945744,1.),.UNSPECIFIED.);
#1026 = CARTESIAN_POINT('',(-8.290479526526E-02,4.712388980356));
#1027 = CARTESIAN_POINT('',(-8.018422305355E-02,4.747633031545));
#1028 = CARTESIAN_POINT('',(-7.745970866368E-02,4.782796049148));
#1029 = CARTESIAN_POINT('',(-7.473510755582E-02,4.817896862998));
#1030 = CARTESIAN_POINT('',(-7.201425441937E-02,4.852955226718));
#1031 = CARTESIAN_POINT('',(-6.930096317296E-02,4.887991817728));
#1032 = CARTESIAN_POINT('',(-6.253247910909E-02,4.975759784409));
#1033 = CARTESIAN_POINT('',(-5.849185143713E-02,5.028488672469));
#1034 = CARTESIAN_POINT('',(-5.448995395604E-02,5.081292856831));
#1035 = CARTESIAN_POINT('',(-5.05403873797E-02,5.134248641728));
#1036 = CARTESIAN_POINT('',(-4.66581159045E-02,5.187438253483));
#1037 = CARTESIAN_POINT('',(-3.916044177032E-02,5.2930889125));
#1038 = CARTESIAN_POINT('',(-3.554117694856E-02,5.345526899315));
#1039 = CARTESIAN_POINT('',(-3.201756348239E-02,5.398364332466));
#1040 = CARTESIAN_POINT('',(-2.860819768593E-02,5.451686917271));
#1041 = CARTESIAN_POINT('',(-2.533537821211E-02,5.505581294274));
#1042 = CARTESIAN_POINT('',(-2.018128730873E-02,5.596009234011));
#1043 = CARTESIAN_POINT('',(-1.820765050769E-02,5.632160559364));
#1044 = CARTESIAN_POINT('',(-1.631216292742E-02,5.668622832754));
#1045 = CARTESIAN_POINT('',(-1.450357385183E-02,5.705416712262));
#1046 = CARTESIAN_POINT('',(-1.279159281138E-02,5.742557492627));
#1047 = CARTESIAN_POINT('',(-9.13596223498E-03,5.827965806533));
#1048 = CARTESIAN_POINT('',(-7.259951718416E-03,5.876460089109));
#1049 = CARTESIAN_POINT('',(-5.580672094106E-03,5.925549585187));
#1050 = CARTESIAN_POINT('',(-4.122268902846E-03,5.975214164341));
#1051 = CARTESIAN_POINT('',(-2.908816112813E-03,6.025400038691));
#1052 = CARTESIAN_POINT('',(-1.316273067403E-03,6.110199683739));
#1053 = CARTESIAN_POINT('',(-7.942111523285E-04,6.144594184746));
#1054 = CARTESIAN_POINT('',(-3.982638681279E-04,6.179136432965));
#1055 = CARTESIAN_POINT('',(-1.327388931713E-04,6.213783175788));
#1056 = CARTESIAN_POINT('',(-3.333894937896E-09,6.248485282429));
#1057 = CARTESIAN_POINT('',(-3.333894937896E-09,6.28318530718));
#1058 = ( GEOMETRIC_REPRESENTATION_CONTEXT(2) 
PARAMETRIC_REPRESENTATION_CONTEXT() REPRESENTATION_CONTEXT('2D SPACE',''
  ) );
#1059 = ORIENTED_EDGE('',*,*,#1060,.T.);
#1060 = EDGE_CURVE('',#951,#337,#1061,.T.);
#1061 = SURFACE_CURVE('',#1062,(#1067,#1074),.PCURVE_S1.);
#1062 = CIRCLE('',#1063,5.);
#1063 = AXIS2_PLACEMENT_3D('',#1064,#1065,#1066);
#1064 = CARTESIAN_POINT('',(11.222816433457,14.072966684425,6.));
#1065 = DIRECTION('',(0.,0.,1.));
#1066 = DIRECTION('',(-0.838744775272,0.544524748707,0.));
#1067 = PCURVE('',#205,#1068);
#1068 = DEFINITIONAL_REPRESENTATION('',(#1069),#1073);
#1069 = LINE('',#1070,#1071);
#1070 = CARTESIAN_POINT('',(0.,1.570796326795));
#1071 = VECTOR('',#1072,1.);
#1072 = DIRECTION('',(1.,0.));
#1073 = ( GEOMETRIC_REPRESENTATION_CONTEXT(2) 
PARAMETRIC_REPRESENTATION_CONTEXT() REPRESENTATION_CONTEXT('2D SPACE',''
  ) );
#1074 = PCURVE('',#461,#1075);
#1075 = DEFINITIONAL_REPRESENTATION('',(#1076),#1080);
#1076 = CIRCLE('',#1077,5.);
#1077 = AXIS2_PLACEMENT_2D('',#1078,#1079);
#1078 = CARTESIAN_POINT('',(11.222816433457,14.072966684425));
#1079 = DIRECTION('',(-0.838744775272,0.544524748707));
#1080 = ( GEOMETRIC_REPRESENTATION_CONTEXT(2) 
PARAMETRIC_REPRESENTATION_CONTEXT() REPRESENTATION_CONTEXT('2D SPACE',''
  ) );
#1081 = ORIENTED_EDGE('',*,*,#336,.F.);
#1082 = ADVANCED_FACE('',(#1083),#294,.T.);
#1083 = FACE_BOUND('',#1084,.T.);
#1084 = EDGE_LOOP('',(#1085,#1086,#1110,#1223));
#1085 = ORIENTED_EDGE('',*,*,#220,.T.);
#1086 = ORIENTED_EDGE('',*,*,#1087,.T.);
#1087 = EDGE_CURVE('',#221,#1088,#1090,.T.);
#1088 = VERTEX_POINT('',#1089);
#1089 = CARTESIAN_POINT('',(15.868055555556,-4.522699734208,6.));
#1090 = SURFACE_CURVE('',#1091,(#1096,#1103),.PCURVE_S1.);
#1091 = CIRCLE('',#1092,5.);
#1092 = AXIS2_PLACEMENT_3D('',#1093,#1094,#1095);
#1093 = CARTESIAN_POINT('',(18.,0.,6.));
#1094 = DIRECTION('',(0.,0.,1.));
#1095 = DIRECTION('',(-9.722222222222E-02,0.995262698741,0.));
#1096 = PCURVE('',#294,#1097);
#1097 = DEFINITIONAL_REPRESENTATION('',(#1098),#1102);
#1098 = LINE('',#1099,#1100);
#1099 = CARTESIAN_POINT('',(0.,1.570796326795));
#1100 = VECTOR('',#1101,1.);
#1101 = DIRECTION('',(1.,0.));
#1102 = ( GEOMETRIC_REPRESENTATION_CONTEXT(2) 
PARAMETRIC_REPRESENTATION_CONTEXT() REPRESENTATION_CONTEXT('2D SPACE',''
  ) );
#1103 = PCURVE('',#461,#1104);
#1104 = DEFINITIONAL_REPRESENTATION('',(#1105),#1109);
#1105 = CIRCLE('',#1106,5.);
#1106 = AXIS2_PLACEMENT_2D('',#1107,#1108);
#1107 = CARTESIAN_POINT('',(18.,0.));
#1108 = DIRECTION('',(-9.722222222222E-02,0.995262698741));
#1109 = ( GEOMETRIC_REPRESENTATION_CONTEXT(2) 
PARAMETRIC_REPRESENTATION_CONTEXT() REPRESENTATION_CONTEXT('2D SPACE',''
  ) );
#1110 = ORIENTED_EDGE('',*,*,#1111,.T.);
#1111 = EDGE_CURVE('',#1088,#851,#1112,.T.);
#1112 = SURFACE_CURVE('',#1113,(#1146,#1182),.PCURVE_S1.);
#1113 = B_SPLINE_CURVE_WITH_KNOTS('',6,(#1114,#1115,#1116,#1117,#1118,
    #1119,#1120,#1121,#1122,#1123,#1124,#1125,#1126,#1127,#1128,#1129,
    #1130,#1131,#1132,#1133,#1134,#1135,#1136,#1137,#1138,#1139,#1140,
    #1141,#1142,#1143,#1144,#1145),.UNSPECIFIED.,.F.,.F.,(7,5,5,5,5,5,7)
  ,(0.,0.143341274728,0.358384357954,0.567034100777,0.704747031407,
    0.881068429732,1.),.UNSPECIFIED.);
#1114 = CARTESIAN_POINT('',(15.868055555529,-4.522699734195,6.));
#1115 = CARTESIAN_POINT('',(15.931402790848,-4.493928896736,
    6.000000107135));
#1116 = CARTESIAN_POINT('',(15.994603160242,-4.464686816876,
    5.997749723841));
#1117 = CARTESIAN_POINT('',(16.057549613735,-4.435011152876,
    5.993269003167));
#1118 = CARTESIAN_POINT('',(16.120138168718,-4.404943635599,
    5.986577379334));
#1119 = CARTESIAN_POINT('',(16.182267909959,-4.374530068516,
    5.977693567729));
#1120 = CARTESIAN_POINT('',(16.336213998801,-4.297749038304,
    5.950046155998));
#1121 = CARTESIAN_POINT('',(16.42732979881,-4.251013399858,
    5.928564067229));
#1122 = CARTESIAN_POINT('',(16.516862056135,-4.203780547819,
    5.902247750345));
#1123 = CARTESIAN_POINT('',(16.604482014152,-4.156247697563,
    5.871151011141));
#1124 = CARTESIAN_POINT('',(16.689853183348,-4.10865060959,
    5.835319523696));
#1125 = CARTESIAN_POINT('',(16.852938000834,-4.015302088461,
    5.75546020786));
#1126 = CARTESIAN_POINT('',(16.930794356283,-3.969543445167,
    5.711712356098));
#1127 = CARTESIAN_POINT('',(17.00588217387,-3.924250689599,
    5.663572283381));
#1128 = CARTESIAN_POINT('',(17.077844985309,-3.879739593086,
    5.611070619457));
#1129 = CARTESIAN_POINT('',(17.146281712547,-3.836394873994,
    5.554247853133));
#1130 = CARTESIAN_POINT('',(17.253293036295,-3.767143940736,
    5.452844228824));
#1131 = CARTESIAN_POINT('',(17.294105965196,-3.740321517651,
    5.410672782052));
#1132 = CARTESIAN_POINT('',(17.333054837659,-3.71434358132,
    5.366666461607));
#1133 = CARTESIAN_POINT('',(17.369992742116,-3.689363666728,
    5.320855186516));
#1134 = CARTESIAN_POINT('',(17.404759801217,-3.665551846503,
    5.273285485139));
#1135 = CARTESIAN_POINT('',(17.478706607874,-3.614332342232,
    5.160956230937));
#1136 = CARTESIAN_POINT('',(17.516392131723,-3.587787125561,
    5.095114586187));
#1137 = CARTESIAN_POINT('',(17.549883439028,-3.563842065231,
    5.026655101043));
#1138 = CARTESIAN_POINT('',(17.578791727038,-3.542919566495,
    4.955814223859));
#1139 = CARTESIAN_POINT('',(17.602734225309,-3.525439690337,
    4.882936868675));
#1140 = CARTESIAN_POINT('',(17.634020726747,-3.502467419193,
    4.758304655278));
#1141 = CARTESIAN_POINT('',(17.644231373009,-3.494924641661,
    4.707393115501));
#1142 = CARTESIAN_POINT('',(17.651958502197,-3.489191990861,
    4.655928428566));
#1143 = CARTESIAN_POINT('',(17.657134452386,-3.485343399969,
    4.604081849738));
#1144 = CARTESIAN_POINT('',(17.659722222222,-3.483419445595,
    4.552039339587));
#1145 = CARTESIAN_POINT('',(17.659722222222,-3.483419445595,4.5));
#1146 = PCURVE('',#294,#1147);
#1147 = DEFINITIONAL_REPRESENTATION('',(#1148),#1181);
#1148 = B_SPLINE_CURVE_WITH_KNOTS('',6,(#1149,#1150,#1151,#1152,#1153,
    #1154,#1155,#1156,#1157,#1158,#1159,#1160,#1161,#1162,#1163,#1164,
    #1165,#1166,#1167,#1168,#1169,#1170,#1171,#1172,#1173,#1174,#1175,
    #1176,#1177,#1178,#1179,#1180),.UNSPECIFIED.,.F.,.F.,(7,5,5,5,5,5,7)
  ,(0.,0.143341274728,0.358384357954,0.567034100777,0.704747031407,
    0.881068429732,1.),.UNSPECIFIED.);
#1149 = CARTESIAN_POINT('',(2.60371982087,1.570796326795));
#1150 = CARTESIAN_POINT('',(2.612726368606,1.606152790436));
#1151 = CARTESIAN_POINT('',(2.62189531017,1.641427704013));
#1152 = CARTESIAN_POINT('',(2.631218808406,1.676640076763));
#1153 = CARTESIAN_POINT('',(2.640687691791,1.711809854278));
#1154 = CARTESIAN_POINT('',(2.65029145443,1.746957918503));
#1155 = CARTESIAN_POINT('',(2.674610573706,1.834835984955));
#1156 = CARTESIAN_POINT('',(2.689479058731,1.887563843422));
#1157 = CARTESIAN_POINT('',(2.704583750295,1.940367649425));
#1158 = CARTESIAN_POINT('',(2.719874279827,1.993323734223));
#1159 = CARTESIAN_POINT('',(2.735284933026,2.046514353077));
#1160 = CARTESIAN_POINT('',(2.765715309563,2.15196497154));
#1161 = CARTESIAN_POINT('',(2.780731187941,2.20419952274));
#1162 = CARTESIAN_POINT('',(2.79569995097,2.256830754412));
#1163 = CARTESIAN_POINT('',(2.810519651177,2.309943393911));
#1164 = CARTESIAN_POINT('',(2.825058648564,2.363623089567));
#1165 = CARTESIAN_POINT('',(2.848451348304,2.453830800573));
#1166 = CARTESIAN_POINT('',(2.857556587661,2.489982287201));
#1167 = CARTESIAN_POINT('',(2.866418307152,2.526444557147));
#1168 = CARTESIAN_POINT('',(2.874979870805,2.563238307532));
#1169 = CARTESIAN_POINT('',(2.883177303211,2.600378890338));
#1170 = CARTESIAN_POINT('',(2.900880614359,2.685885433261));
#1171 = CARTESIAN_POINT('',(2.910109373337,2.734480568837));
#1172 = CARTESIAN_POINT('',(2.918479060616,2.783673616585));
#1173 = CARTESIAN_POINT('',(2.925825513867,2.833444457687));
#1174 = CARTESIAN_POINT('',(2.931983129781,2.883739083793));
#1175 = CARTESIAN_POINT('',(2.940092825638,2.968642375713));
#1176 = CARTESIAN_POINT('',(2.94276157578,3.00302992951));
#1177 = CARTESIAN_POINT('',(2.944793149177,3.037565143288));
#1178 = CARTESIAN_POINT('',(2.946158203706,3.072204787595));
#1179 = CARTESIAN_POINT('',(2.946840578828,3.106899760532));
#1180 = CARTESIAN_POINT('',(2.946840578828,3.14159265359));
#1181 = ( GEOMETRIC_REPRESENTATION_CONTEXT(2) 
PARAMETRIC_REPRESENTATION_CONTEXT() REPRESENTATION_CONTEXT('2D SPACE',''
  ) );
#1182 = PCURVE('',#1183,#1188);
#1183 = TOROIDAL_SURFACE('',#1184,16.5,1.5);
#1184 = AXIS2_PLACEMENT_3D('',#1185,#1186,#1187);
#1185 = CARTESIAN_POINT('',(0.,0.,4.5));
#1186 = DIRECTION('',(-0.,-0.,-1.));
#1187 = DIRECTION('',(0.763005761023,-0.646391683614,0.));
#1188 = DEFINITIONAL_REPRESENTATION('',(#1189),#1222);
#1189 = B_SPLINE_CURVE_WITH_KNOTS('',6,(#1190,#1191,#1192,#1193,#1194,
    #1195,#1196,#1197,#1198,#1199,#1200,#1201,#1202,#1203,#1204,#1205,
    #1206,#1207,#1208,#1209,#1210,#1211,#1212,#1213,#1214,#1215,#1216,
    #1217,#1218,#1219,#1220,#1221),.UNSPECIFIED.,.F.,.F.,(7,5,5,5,5,5,7)
  ,(0.,0.143341274728,0.358384357954,0.567034100777,0.704747031407,
    0.881068429732,1.),.UNSPECIFIED.);
#1190 = CARTESIAN_POINT('',(-0.425188956233,4.712388980365));
#1191 = CARTESIAN_POINT('',(-0.427918206024,4.747745444039));
#1192 = CARTESIAN_POINT('',(-0.430651422821,4.783020357611));
#1193 = CARTESIAN_POINT('',(-0.433384714634,4.818232730349));
#1194 = CARTESIAN_POINT('',(-0.436114210168,4.853402507861));
#1195 = CARTESIAN_POINT('',(-0.438836058822,4.888550572093));
#1196 = CARTESIAN_POINT('',(-0.445612577889,4.976428638545));
#1197 = CARTESIAN_POINT('',(-0.449652695134,5.029156497012));
#1198 = CARTESIAN_POINT('',(-0.453653971612,5.081960303015));
#1199 = CARTESIAN_POINT('',(-0.457602801731,5.134916387813));
#1200 = CARTESIAN_POINT('',(-0.461484212001,5.188107006667));
#1201 = CARTESIAN_POINT('',(-0.468965474817,5.29355762513));
#1202 = CARTESIAN_POINT('',(-0.472569826758,5.34579217633));
#1203 = CARTESIAN_POINT('',(-0.476079186312,5.398423408002));
#1204 = CARTESIAN_POINT('',(-0.479475166856,5.451536047501));
#1205 = CARTESIAN_POINT('',(-0.482735736855,5.505215743157));
#1206 = CARTESIAN_POINT('',(-0.487880249507,5.595423454163));
#1207 = CARTESIAN_POINT('',(-0.489855155859,5.63157494079));
#1208 = CARTESIAN_POINT('',(-0.491751984899,5.668037210736));
#1209 = CARTESIAN_POINT('',(-0.493561992682,5.704830961122));
#1210 = CARTESIAN_POINT('',(-0.495275474155,5.741971543928));
#1211 = CARTESIAN_POINT('',(-0.498938940398,5.827478086851));
#1212 = CARTESIAN_POINT('',(-0.500820620531,5.876073222427));
#1213 = CARTESIAN_POINT('',(-0.5025048563,5.925266270175));
#1214 = CARTESIAN_POINT('',(-0.503967344042,5.975037111276));
#1215 = CARTESIAN_POINT('',(-0.505183841295,6.025331737383));
#1216 = CARTESIAN_POINT('',(-0.506778014874,6.110235029303));
#1217 = CARTESIAN_POINT('',(-0.507299865312,6.144622583099));
#1218 = CARTESIAN_POINT('',(-0.507695651646,6.179157796878));
#1219 = CARTESIAN_POINT('',(-0.507961067912,6.213797441185));
#1220 = CARTESIAN_POINT('',(-0.508093747623,6.248492414122));
#1221 = CARTESIAN_POINT('',(-0.508093747623,6.28318530718));
#1222 = ( GEOMETRIC_REPRESENTATION_CONTEXT(2) 
PARAMETRIC_REPRESENTATION_CONTEXT() REPRESENTATION_CONTEXT('2D SPACE',''
  ) );
#1223 = ORIENTED_EDGE('',*,*,#871,.F.);
#1224 = ADVANCED_FACE('',(#1225,#1537),#461,.T.);
#1225 = FACE_BOUND('',#1226,.T.);
#1226 = EDGE_LOOP('',(#1227,#1258,#1287,#1316,#1345,#1374,#1403,#1425,
    #1426,#1427,#1428,#1452,#1481,#1510));
#1227 = ORIENTED_EDGE('',*,*,#1228,.T.);
#1228 = EDGE_CURVE('',#1229,#1231,#1233,.T.);
#1229 = VERTEX_POINT('',#1230);
#1230 = CARTESIAN_POINT('',(-16.25894992128,2.810079617578,6.));
#1231 = VERTEX_POINT('',#1232);
#1232 = CARTESIAN_POINT('',(-16.25894992128,-2.810079617578,6.));
#1233 = SURFACE_CURVE('',#1234,(#1239,#1246),.PCURVE_S1.);
#1234 = CIRCLE('',#1235,16.5);
#1235 = AXIS2_PLACEMENT_3D('',#1236,#1237,#1238);
#1236 = CARTESIAN_POINT('',(0.,0.,6.));
#1237 = DIRECTION('',(0.,0.,1.));
#1238 = DIRECTION('',(-0.967903277333,0.251322990846,0.));
#1239 = PCURVE('',#461,#1240);
#1240 = DEFINITIONAL_REPRESENTATION('',(#1241),#1245);
#1241 = CIRCLE('',#1242,16.5);
#1242 = AXIS2_PLACEMENT_2D('',#1243,#1244);
#1243 = CARTESIAN_POINT('',(0.,0.));
#1244 = DIRECTION('',(-0.967903277333,0.251322990846));
#1245 = ( GEOMETRIC_REPRESENTATION_CONTEXT(2) 
PARAMETRIC_REPRESENTATION_CONTEXT() REPRESENTATION_CONTEXT('2D SPACE',''
  ) );
#1246 = PCURVE('',#1247,#1252);
#1247 = TOROIDAL_SURFACE('',#1248,16.5,1.5);
#1248 = AXIS2_PLACEMENT_3D('',#1249,#1250,#1251);
#1249 = CARTESIAN_POINT('',(0.,0.,4.5));
#1250 = DIRECTION('',(-0.,-0.,-1.));
#1251 = DIRECTION('',(-0.967903277333,0.251322990846,0.));
#1252 = DEFINITIONAL_REPRESENTATION('',(#1253),#1257);
#1253 = LINE('',#1254,#1255);
#1254 = CARTESIAN_POINT('',(-0.,4.712388980385));
#1255 = VECTOR('',#1256,1.);
#1256 = DIRECTION('',(-1.,0.));
#1257 = ( GEOMETRIC_REPRESENTATION_CONTEXT(2) 
PARAMETRIC_REPRESENTATION_CONTEXT() REPRESENTATION_CONTEXT('2D SPACE',''
  ) );
#1258 = ORIENTED_EDGE('',*,*,#1259,.F.);
#1259 = EDGE_CURVE('',#1260,#1231,#1262,.T.);
#1260 = VERTEX_POINT('',#1261);
#1261 = CARTESIAN_POINT('',(-12.33429817811,-10.95970293636,6.));
#1262 = SURFACE_CURVE('',#1263,(#1268,#1275),.PCURVE_S1.);
#1263 = CIRCLE('',#1264,5.);
#1264 = AXIS2_PLACEMENT_3D('',#1265,#1266,#1267);
#1265 = CARTESIAN_POINT('',(-16.21743962224,-7.809907304116,6.));
#1266 = DIRECTION('',(0.,0.,1.));
#1267 = DIRECTION('',(0.519422496625,-0.854517565648,0.));
#1268 = PCURVE('',#461,#1269);
#1269 = DEFINITIONAL_REPRESENTATION('',(#1270),#1274);
#1270 = CIRCLE('',#1271,5.);
#1271 = AXIS2_PLACEMENT_2D('',#1272,#1273);
#1272 = CARTESIAN_POINT('',(-16.21743962224,-7.809907304116));
#1273 = DIRECTION('',(0.519422496625,-0.854517565648));
#1274 = ( GEOMETRIC_REPRESENTATION_CONTEXT(2) 
PARAMETRIC_REPRESENTATION_CONTEXT() REPRESENTATION_CONTEXT('2D SPACE',''
  ) );
#1275 = PCURVE('',#1276,#1281);
#1276 = TOROIDAL_SURFACE('',#1277,5.,1.5);
#1277 = AXIS2_PLACEMENT_3D('',#1278,#1279,#1280);
#1278 = CARTESIAN_POINT('',(-16.21743962224,-7.809907304116,4.5));
#1279 = DIRECTION('',(0.,0.,1.));
#1280 = DIRECTION('',(0.519422496625,-0.854517565648,0.));
#1281 = DEFINITIONAL_REPRESENTATION('',(#1282),#1286);
#1282 = LINE('',#1283,#1284);
#1283 = CARTESIAN_POINT('',(0.,1.570796326795));
#1284 = VECTOR('',#1285,1.);
#1285 = DIRECTION('',(1.,0.));
#1286 = ( GEOMETRIC_REPRESENTATION_CONTEXT(2) 
PARAMETRIC_REPRESENTATION_CONTEXT() REPRESENTATION_CONTEXT('2D SPACE',''
  ) );
#1287 = ORIENTED_EDGE('',*,*,#1288,.T.);
#1288 = EDGE_CURVE('',#1260,#1289,#1291,.T.);
#1289 = VERTEX_POINT('',#1290);
#1290 = CARTESIAN_POINT('',(-7.940280751589,-14.4638149043,6.));
#1291 = SURFACE_CURVE('',#1292,(#1297,#1304),.PCURVE_S1.);
#1292 = CIRCLE('',#1293,16.5);
#1293 = AXIS2_PLACEMENT_3D('',#1294,#1295,#1296);
#1294 = CARTESIAN_POINT('',(0.,0.,6.));
#1295 = DIRECTION('',(0.,0.,1.));
#1296 = DIRECTION('',(-0.799970049114,-0.600039932438,0.));
#1297 = PCURVE('',#461,#1298);
#1298 = DEFINITIONAL_REPRESENTATION('',(#1299),#1303);
#1299 = CIRCLE('',#1300,16.5);
#1300 = AXIS2_PLACEMENT_2D('',#1301,#1302);
#1301 = CARTESIAN_POINT('',(0.,0.));
#1302 = DIRECTION('',(-0.799970049114,-0.600039932438));
#1303 = ( GEOMETRIC_REPRESENTATION_CONTEXT(2) 
PARAMETRIC_REPRESENTATION_CONTEXT() REPRESENTATION_CONTEXT('2D SPACE',''
  ) );
#1304 = PCURVE('',#1305,#1310);
#1305 = TOROIDAL_SURFACE('',#1306,16.5,1.5);
#1306 = AXIS2_PLACEMENT_3D('',#1307,#1308,#1309);
#1307 = CARTESIAN_POINT('',(0.,0.,4.5));
#1308 = DIRECTION('',(-0.,-0.,-1.));
#1309 = DIRECTION('',(-0.799970049114,-0.600039932438,0.));
#1310 = DEFINITIONAL_REPRESENTATION('',(#1311),#1315);
#1311 = LINE('',#1312,#1313);
#1312 = CARTESIAN_POINT('',(-0.,4.712388980385));
#1313 = VECTOR('',#1314,1.);
#1314 = DIRECTION('',(-1.,0.));
#1315 = ( GEOMETRIC_REPRESENTATION_CONTEXT(2) 
PARAMETRIC_REPRESENTATION_CONTEXT() REPRESENTATION_CONTEXT('2D SPACE',''
  ) );
#1316 = ORIENTED_EDGE('',*,*,#1317,.F.);
#1317 = EDGE_CURVE('',#1318,#1289,#1320,.T.);
#1318 = VERTEX_POINT('',#1319);
#1319 = CARTESIAN_POINT('',(0.878331667004,-16.47660564202,6.));
#1320 = SURFACE_CURVE('',#1321,(#1326,#1333),.PCURVE_S1.);
#1321 = CIRCLE('',#1322,5.);
#1322 = AXIS2_PLACEMENT_3D('',#1323,#1324,#1325);
#1323 = CARTESIAN_POINT('',(-4.005376811214,-17.54870241927,6.));
#1324 = DIRECTION('',(0.,0.,1.));
#1325 = DIRECTION('',(0.991943364647,-0.126682127127,0.));
#1326 = PCURVE('',#461,#1327);
#1327 = DEFINITIONAL_REPRESENTATION('',(#1328),#1332);
#1328 = CIRCLE('',#1329,5.);
#1329 = AXIS2_PLACEMENT_2D('',#1330,#1331);
#1330 = CARTESIAN_POINT('',(-4.005376811214,-17.54870241927));
#1331 = DIRECTION('',(0.991943364647,-0.126682127127));
#1332 = ( GEOMETRIC_REPRESENTATION_CONTEXT(2) 
PARAMETRIC_REPRESENTATION_CONTEXT() REPRESENTATION_CONTEXT('2D SPACE',''
  ) );
#1333 = PCURVE('',#1334,#1339);
#1334 = TOROIDAL_SURFACE('',#1335,5.,1.5);
#1335 = AXIS2_PLACEMENT_3D('',#1336,#1337,#1338);
#1336 = CARTESIAN_POINT('',(-4.005376811214,-17.54870241927,4.5));
#1337 = DIRECTION('',(0.,0.,1.));
#1338 = DIRECTION('',(0.991943364647,-0.126682127127,0.));
#1339 = DEFINITIONAL_REPRESENTATION('',(#1340),#1344);
#1340 = LINE('',#1341,#1342);
#1341 = CARTESIAN_POINT('',(0.,1.570796326795));
#1342 = VECTOR('',#1343,1.);
#1343 = DIRECTION('',(1.,0.));
#1344 = ( GEOMETRIC_REPRESENTATION_CONTEXT(2) 
PARAMETRIC_REPRESENTATION_CONTEXT() REPRESENTATION_CONTEXT('2D SPACE',''
  ) );
#1345 = ORIENTED_EDGE('',*,*,#1346,.T.);
#1346 = EDGE_CURVE('',#1318,#1347,#1349,.T.);
#1347 = VERTEX_POINT('',#1348);
#1348 = CARTESIAN_POINT('',(6.357581776263,-15.22600256003,6.));
#1349 = SURFACE_CURVE('',#1350,(#1355,#1362),.PCURVE_S1.);
#1350 = CIRCLE('',#1351,16.5);
#1351 = AXIS2_PLACEMENT_3D('',#1352,#1353,#1354);
#1352 = CARTESIAN_POINT('',(0.,0.,6.));
#1353 = DIRECTION('',(0.,0.,1.));
#1354 = DIRECTION('',(-2.964305749724E-02,-0.999560548012,0.));
#1355 = PCURVE('',#461,#1356);
#1356 = DEFINITIONAL_REPRESENTATION('',(#1357),#1361);
#1357 = CIRCLE('',#1358,16.5);
#1358 = AXIS2_PLACEMENT_2D('',#1359,#1360);
#1359 = CARTESIAN_POINT('',(0.,0.));
#1360 = DIRECTION('',(-2.964305749724E-02,-0.999560548012));
#1361 = ( GEOMETRIC_REPRESENTATION_CONTEXT(2) 
PARAMETRIC_REPRESENTATION_CONTEXT() REPRESENTATION_CONTEXT('2D SPACE',''
  ) );
#1362 = PCURVE('',#1363,#1368);
#1363 = TOROIDAL_SURFACE('',#1364,16.5,1.5);
#1364 = AXIS2_PLACEMENT_3D('',#1365,#1366,#1367);
#1365 = CARTESIAN_POINT('',(0.,0.,4.5));
#1366 = DIRECTION('',(-0.,-0.,-1.));
#1367 = DIRECTION('',(-2.964305749724E-02,-0.999560548012,0.));
#1368 = DEFINITIONAL_REPRESENTATION('',(#1369),#1373);
#1369 = LINE('',#1370,#1371);
#1370 = CARTESIAN_POINT('',(-0.,4.712388980385));
#1371 = VECTOR('',#1372,1.);
#1372 = DIRECTION('',(-1.,0.));
#1373 = ( GEOMETRIC_REPRESENTATION_CONTEXT(2) 
PARAMETRIC_REPRESENTATION_CONTEXT() REPRESENTATION_CONTEXT('2D SPACE',''
  ) );
#1374 = ORIENTED_EDGE('',*,*,#1375,.F.);
#1375 = EDGE_CURVE('',#1376,#1347,#1378,.T.);
#1376 = VERTEX_POINT('',#1377);
#1377 = CARTESIAN_POINT('',(13.42955985217,-9.586288237737,6.));
#1378 = SURFACE_CURVE('',#1379,(#1384,#1391),.PCURVE_S1.);
#1379 = CIRCLE('',#1380,5.);
#1380 = AXIS2_PLACEMENT_3D('',#1381,#1382,#1383);
#1381 = CARTESIAN_POINT('',(11.222816433457,-14.07296668442,6.));
#1382 = DIRECTION('',(0.,0.,1.));
#1383 = DIRECTION('',(0.717510647133,0.696547536965,-0.));
#1384 = PCURVE('',#461,#1385);
#1385 = DEFINITIONAL_REPRESENTATION('',(#1386),#1390);
#1386 = CIRCLE('',#1387,5.);
#1387 = AXIS2_PLACEMENT_2D('',#1388,#1389);
#1388 = CARTESIAN_POINT('',(11.222816433457,-14.07296668442));
#1389 = DIRECTION('',(0.717510647133,0.696547536965));
#1390 = ( GEOMETRIC_REPRESENTATION_CONTEXT(2) 
PARAMETRIC_REPRESENTATION_CONTEXT() REPRESENTATION_CONTEXT('2D SPACE',''
  ) );
#1391 = PCURVE('',#1392,#1397);
#1392 = TOROIDAL_SURFACE('',#1393,5.,1.5);
#1393 = AXIS2_PLACEMENT_3D('',#1394,#1395,#1396);
#1394 = CARTESIAN_POINT('',(11.222816433457,-14.07296668442,4.5));
#1395 = DIRECTION('',(0.,0.,1.));
#1396 = DIRECTION('',(0.717510647133,0.696547536965,-0.));
#1397 = DEFINITIONAL_REPRESENTATION('',(#1398),#1402);
#1398 = LINE('',#1399,#1400);
#1399 = CARTESIAN_POINT('',(0.,1.570796326795));
#1400 = VECTOR('',#1401,1.);
#1401 = DIRECTION('',(1.,0.));
#1402 = ( GEOMETRIC_REPRESENTATION_CONTEXT(2) 
PARAMETRIC_REPRESENTATION_CONTEXT() REPRESENTATION_CONTEXT('2D SPACE',''
  ) );
#1403 = ORIENTED_EDGE('',*,*,#1404,.T.);
#1404 = EDGE_CURVE('',#1376,#1088,#1405,.T.);
#1405 = SURFACE_CURVE('',#1406,(#1411,#1418),.PCURVE_S1.);
#1406 = CIRCLE('',#1407,16.5);
#1407 = AXIS2_PLACEMENT_3D('',#1408,#1409,#1410);
#1408 = CARTESIAN_POINT('',(0.,0.,6.));
#1409 = DIRECTION('',(0.,0.,1.));
#1410 = DIRECTION('',(0.763005761023,-0.646391683614,0.));
#1411 = PCURVE('',#461,#1412);
#1412 = DEFINITIONAL_REPRESENTATION('',(#1413),#1417);
#1413 = CIRCLE('',#1414,16.5);
#1414 = AXIS2_PLACEMENT_2D('',#1415,#1416);
#1415 = CARTESIAN_POINT('',(0.,0.));
#1416 = DIRECTION('',(0.763005761023,-0.646391683614));
#1417 = ( GEOMETRIC_REPRESENTATION_CONTEXT(2) 
PARAMETRIC_REPRESENTATION_CONTEXT() REPRESENTATION_CONTEXT('2D SPACE',''
  ) );
#1418 = PCURVE('',#1183,#1419);
#1419 = DEFINITIONAL_REPRESENTATION('',(#1420),#1424);
#1420 = LINE('',#1421,#1422);
#1421 = CARTESIAN_POINT('',(-0.,4.712388980385));
#1422 = VECTOR('',#1423,1.);
#1423 = DIRECTION('',(-1.,0.));
#1424 = ( GEOMETRIC_REPRESENTATION_CONTEXT(2) 
PARAMETRIC_REPRESENTATION_CONTEXT() REPRESENTATION_CONTEXT('2D SPACE',''
  ) );
#1425 = ORIENTED_EDGE('',*,*,#1087,.F.);
#1426 = ORIENTED_EDGE('',*,*,#446,.T.);
#1427 = ORIENTED_EDGE('',*,*,#1060,.F.);
#1428 = ORIENTED_EDGE('',*,*,#1429,.T.);
#1429 = EDGE_CURVE('',#951,#1430,#1432,.T.);
#1430 = VERTEX_POINT('',#1431);
#1431 = CARTESIAN_POINT('',(0.878331667004,16.476605642023,6.));
#1432 = SURFACE_CURVE('',#1433,(#1438,#1445),.PCURVE_S1.);
#1433 = CIRCLE('',#1434,16.5);
#1434 = AXIS2_PLACEMENT_3D('',#1435,#1436,#1437);
#1435 = CARTESIAN_POINT('',(0.,0.,6.));
#1436 = DIRECTION('',(0.,0.,1.));
#1437 = DIRECTION('',(0.46040054,0.887711294717,-0.));
#1438 = PCURVE('',#461,#1439);
#1439 = DEFINITIONAL_REPRESENTATION('',(#1440),#1444);
#1440 = CIRCLE('',#1441,16.5);
#1441 = AXIS2_PLACEMENT_2D('',#1442,#1443);
#1442 = CARTESIAN_POINT('',(0.,0.));
#1443 = DIRECTION('',(0.46040054,0.887711294717));
#1444 = ( GEOMETRIC_REPRESENTATION_CONTEXT(2) 
PARAMETRIC_REPRESENTATION_CONTEXT() REPRESENTATION_CONTEXT('2D SPACE',''
  ) );
#1445 = PCURVE('',#932,#1446);
#1446 = DEFINITIONAL_REPRESENTATION('',(#1447),#1451);
#1447 = LINE('',#1448,#1449);
#1448 = CARTESIAN_POINT('',(-0.,4.712388980385));
#1449 = VECTOR('',#1450,1.);
#1450 = DIRECTION('',(-1.,0.));
#1451 = ( GEOMETRIC_REPRESENTATION_CONTEXT(2) 
PARAMETRIC_REPRESENTATION_CONTEXT() REPRESENTATION_CONTEXT('2D SPACE',''
  ) );
#1452 = ORIENTED_EDGE('',*,*,#1453,.F.);
#1453 = EDGE_CURVE('',#1454,#1430,#1456,.T.);
#1454 = VERTEX_POINT('',#1455);
#1455 = CARTESIAN_POINT('',(-7.940280751589,14.463814904303,6.));
#1456 = SURFACE_CURVE('',#1457,(#1462,#1469),.PCURVE_S1.);
#1457 = CIRCLE('',#1458,5.);
#1458 = AXIS2_PLACEMENT_3D('',#1459,#1460,#1461);
#1459 = CARTESIAN_POINT('',(-4.005376811214,17.548702419273,6.));
#1460 = DIRECTION('',(0.,0.,1.));
#1461 = DIRECTION('',(-0.948675405266,-0.316251443385,0.));
#1462 = PCURVE('',#461,#1463);
#1463 = DEFINITIONAL_REPRESENTATION('',(#1464),#1468);
#1464 = CIRCLE('',#1465,5.);
#1465 = AXIS2_PLACEMENT_2D('',#1466,#1467);
#1466 = CARTESIAN_POINT('',(-4.005376811214,17.548702419273));
#1467 = DIRECTION('',(-0.948675405266,-0.316251443385));
#1468 = ( GEOMETRIC_REPRESENTATION_CONTEXT(2) 
PARAMETRIC_REPRESENTATION_CONTEXT() REPRESENTATION_CONTEXT('2D SPACE',''
  ) );
#1469 = PCURVE('',#1470,#1475);
#1470 = TOROIDAL_SURFACE('',#1471,5.,1.5);
#1471 = AXIS2_PLACEMENT_3D('',#1472,#1473,#1474);
#1472 = CARTESIAN_POINT('',(-4.005376811214,17.548702419273,4.5));
#1473 = DIRECTION('',(0.,0.,1.));
#1474 = DIRECTION('',(-0.948675405266,-0.316251443385,0.));
#1475 = DEFINITIONAL_REPRESENTATION('',(#1476),#1480);
#1476 = LINE('',#1477,#1478);
#1477 = CARTESIAN_POINT('',(0.,1.570796326795));
#1478 = VECTOR('',#1479,1.);
#1479 = DIRECTION('',(1.,0.));
#1480 = ( GEOMETRIC_REPRESENTATION_CONTEXT(2) 
PARAMETRIC_REPRESENTATION_CONTEXT() REPRESENTATION_CONTEXT('2D SPACE',''
  ) );
#1481 = ORIENTED_EDGE('',*,*,#1482,.T.);
#1482 = EDGE_CURVE('',#1454,#1483,#1485,.T.);
#1483 = VERTEX_POINT('',#1484);
#1484 = CARTESIAN_POINT('',(-12.33429817811,10.959702936361,6.));
#1485 = SURFACE_CURVE('',#1486,(#1491,#1498),.PCURVE_S1.);
#1486 = CIRCLE('',#1487,16.5);
#1487 = AXIS2_PLACEMENT_3D('',#1488,#1489,#1490);
#1488 = CARTESIAN_POINT('',(0.,0.,6.));
#1489 = DIRECTION('',(0.,0.,1.));
#1490 = DIRECTION('',(-0.406985596091,0.913434575968,0.));
#1491 = PCURVE('',#461,#1492);
#1492 = DEFINITIONAL_REPRESENTATION('',(#1493),#1497);
#1493 = CIRCLE('',#1494,16.5);
#1494 = AXIS2_PLACEMENT_2D('',#1495,#1496);
#1495 = CARTESIAN_POINT('',(0.,0.));
#1496 = DIRECTION('',(-0.406985596091,0.913434575968));
#1497 = ( GEOMETRIC_REPRESENTATION_CONTEXT(2) 
PARAMETRIC_REPRESENTATION_CONTEXT() REPRESENTATION_CONTEXT('2D SPACE',''
  ) );
#1498 = PCURVE('',#1499,#1504);
#1499 = TOROIDAL_SURFACE('',#1500,16.5,1.5);
#1500 = AXIS2_PLACEMENT_3D('',#1501,#1502,#1503);
#1501 = CARTESIAN_POINT('',(0.,0.,4.5));
#1502 = DIRECTION('',(-0.,-0.,-1.));
#1503 = DIRECTION('',(-0.406985596091,0.913434575968,0.));
#1504 = DEFINITIONAL_REPRESENTATION('',(#1505),#1509);
#1505 = LINE('',#1506,#1507);
#1506 = CARTESIAN_POINT('',(-0.,4.712388980385));
#1507 = VECTOR('',#1508,1.);
#1508 = DIRECTION('',(-1.,0.));
#1509 = ( GEOMETRIC_REPRESENTATION_CONTEXT(2) 
PARAMETRIC_REPRESENTATION_CONTEXT() REPRESENTATION_CONTEXT('2D SPACE',''
  ) );
#1510 = ORIENTED_EDGE('',*,*,#1511,.F.);
#1511 = EDGE_CURVE('',#1229,#1483,#1512,.T.);
#1512 = SURFACE_CURVE('',#1513,(#1518,#1525),.PCURVE_S1.);
#1513 = CIRCLE('',#1514,5.);
#1514 = AXIS2_PLACEMENT_3D('',#1515,#1516,#1517);
#1515 = CARTESIAN_POINT('',(-16.21743962224,7.809907304116,6.));
#1516 = DIRECTION('',(0.,0.,1.));
#1517 = DIRECTION('',(-0.344234105644,-0.938883848254,0.));
#1518 = PCURVE('',#461,#1519);
#1519 = DEFINITIONAL_REPRESENTATION('',(#1520),#1524);
#1520 = CIRCLE('',#1521,5.);
#1521 = AXIS2_PLACEMENT_2D('',#1522,#1523);
#1522 = CARTESIAN_POINT('',(-16.21743962224,7.809907304116));
#1523 = DIRECTION('',(-0.344234105644,-0.938883848254));
#1524 = ( GEOMETRIC_REPRESENTATION_CONTEXT(2) 
PARAMETRIC_REPRESENTATION_CONTEXT() REPRESENTATION_CONTEXT('2D SPACE',''
  ) );
#1525 = PCURVE('',#1526,#1531);
#1526 = TOROIDAL_SURFACE('',#1527,5.,1.5);
#1527 = AXIS2_PLACEMENT_3D('',#1528,#1529,#1530);
#1528 = CARTESIAN_POINT('',(-16.21743962224,7.809907304116,4.5));
#1529 = DIRECTION('',(0.,0.,1.));
#1530 = DIRECTION('',(-0.344234105644,-0.938883848254,0.));
#1531 = DEFINITIONAL_REPRESENTATION('',(#1532),#1536);
#1532 = LINE('',#1533,#1534);
#1533 = CARTESIAN_POINT('',(0.,1.570796326795));
#1534 = VECTOR('',#1535,1.);
#1535 = DIRECTION('',(1.,0.));
#1536 = ( GEOMETRIC_REPRESENTATION_CONTEXT(2) 
PARAMETRIC_REPRESENTATION_CONTEXT() REPRESENTATION_CONTEXT('2D SPACE',''
  ) );
#1537 = FACE_BOUND('',#1538,.T.);
#1538 = EDGE_LOOP('',(#1539));
#1539 = ORIENTED_EDGE('',*,*,#1540,.T.);
#1540 = EDGE_CURVE('',#1541,#1541,#1543,.T.);
#1541 = VERTEX_POINT('',#1542);
#1542 = CARTESIAN_POINT('',(4.7,-1.151167991199E-15,6.));
#1543 = SURFACE_CURVE('',#1544,(#1549,#1560),.PCURVE_S1.);
#1544 = CIRCLE('',#1545,4.7);
#1545 = AXIS2_PLACEMENT_3D('',#1546,#1547,#1548);
#1546 = CARTESIAN_POINT('',(0.,0.,6.));
#1547 = DIRECTION('',(0.,-0.,-1.));
#1548 = DIRECTION('',(1.,-2.449293598295E-16,0.));
#1549 = PCURVE('',#461,#1550);
#1550 = DEFINITIONAL_REPRESENTATION('',(#1551),#1559);
#1551 = ( BOUNDED_CURVE() B_SPLINE_CURVE(2,(#1552,#1553,#1554,#1555,
#1556,#1557,#1558),.UNSPECIFIED.,.T.,.F.) B_SPLINE_CURVE_WITH_KNOTS((1,2
    ,2,2,2,1),(-2.094395102393,0.,2.094395102393,4.188790204786,
6.28318530718,8.377580409573),.UNSPECIFIED.) CURVE() 
GEOMETRIC_REPRESENTATION_ITEM() RATIONAL_B_SPLINE_CURVE((1.,0.5,1.,0.5,
1.,0.5,1.)) REPRESENTATION_ITEM('') );
#1552 = CARTESIAN_POINT('',(4.7,-1.151167991199E-15));
#1553 = CARTESIAN_POINT('',(4.7,-8.140638795574));
#1554 = CARTESIAN_POINT('',(-2.35,-4.070319397787));
#1555 = CARTESIAN_POINT('',(-9.4,1.151167991199E-15));
#1556 = CARTESIAN_POINT('',(-2.35,4.070319397787));
#1557 = CARTESIAN_POINT('',(4.7,8.140638795574));
#1558 = CARTESIAN_POINT('',(4.7,-1.151167991199E-15));
#1559 = ( GEOMETRIC_REPRESENTATION_CONTEXT(2) 
PARAMETRIC_REPRESENTATION_CONTEXT() REPRESENTATION_CONTEXT('2D SPACE',''
  ) );
#1560 = PCURVE('',#1561,#1566);
#1561 = TOROIDAL_SURFACE('',#1562,4.7,1.5);
#1562 = AXIS2_PLACEMENT_3D('',#1563,#1564,#1565);
#1563 = CARTESIAN_POINT('',(0.,0.,4.5));
#1564 = DIRECTION('',(0.,0.,1.));
#1565 = DIRECTION('',(1.,-2.449293598295E-16,0.));
#1566 = DEFINITIONAL_REPRESENTATION('',(#1567),#1571);
#1567 = LINE('',#1568,#1569);
#1568 = CARTESIAN_POINT('',(-0.,1.570796326795));
#1569 = VECTOR('',#1570,1.);
#1570 = DIRECTION('',(-1.,0.));
#1571 = ( GEOMETRIC_REPRESENTATION_CONTEXT(2) 
PARAMETRIC_REPRESENTATION_CONTEXT() REPRESENTATION_CONTEXT('2D SPACE',''
  ) );
#1572 = ADVANCED_FACE('',(#1573),#543,.F.);
#1573 = FACE_BOUND('',#1574,.F.);
#1574 = EDGE_LOOP('',(#1575,#1576,#1600,#1619));
#1575 = ORIENTED_EDGE('',*,*,#896,.T.);
#1576 = ORIENTED_EDGE('',*,*,#1577,.F.);
#1577 = EDGE_CURVE('',#1578,#897,#1580,.T.);
#1578 = VERTEX_POINT('',#1579);
#1579 = CARTESIAN_POINT('',(-7.325740729646,16.441822367427,4.5));
#1580 = SURFACE_CURVE('',#1581,(#1586,#1593),.PCURVE_S1.);
#1581 = CIRCLE('',#1582,3.5);
#1582 = AXIS2_PLACEMENT_3D('',#1583,#1584,#1585);
#1583 = CARTESIAN_POINT('',(-4.005376811214,17.548702419273,4.5));
#1584 = DIRECTION('',(0.,0.,1.));
#1585 = DIRECTION('',(-0.948675405266,-0.316251443385,0.));
#1586 = PCURVE('',#543,#1587);
#1587 = DEFINITIONAL_REPRESENTATION('',(#1588),#1592);
#1588 = LINE('',#1589,#1590);
#1589 = CARTESIAN_POINT('',(1.668172364176,11.5));
#1590 = VECTOR('',#1591,1.);
#1591 = DIRECTION('',(1.,0.));
#1592 = ( GEOMETRIC_REPRESENTATION_CONTEXT(2) 
PARAMETRIC_REPRESENTATION_CONTEXT() REPRESENTATION_CONTEXT('2D SPACE',''
  ) );
#1593 = PCURVE('',#1470,#1594);
#1594 = DEFINITIONAL_REPRESENTATION('',(#1595),#1599);
#1595 = LINE('',#1596,#1597);
#1596 = CARTESIAN_POINT('',(0.,3.14159265359));
#1597 = VECTOR('',#1598,1.);
#1598 = DIRECTION('',(1.,0.));
#1599 = ( GEOMETRIC_REPRESENTATION_CONTEXT(2) 
PARAMETRIC_REPRESENTATION_CONTEXT() REPRESENTATION_CONTEXT('2D SPACE',''
  ) );
#1600 = ORIENTED_EDGE('',*,*,#1601,.F.);
#1601 = EDGE_CURVE('',#527,#1578,#1602,.T.);
#1602 = SURFACE_CURVE('',#1603,(#1607,#1613),.PCURVE_S1.);
#1603 = LINE('',#1604,#1605);
#1604 = CARTESIAN_POINT('',(-7.325740729646,16.441822367427,-6.));
#1605 = VECTOR('',#1606,1.);
#1606 = DIRECTION('',(0.,0.,1.));
#1607 = PCURVE('',#543,#1608);
#1608 = DEFINITIONAL_REPRESENTATION('',(#1609),#1612);
#1609 = B_SPLINE_CURVE_WITH_KNOTS('',1,(#1610,#1611),.UNSPECIFIED.,.F.,
  .F.,(2,2),(-5.999999999062E-07,12.0000006),.PIECEWISE_BEZIER_KNOTS.);
#1610 = CARTESIAN_POINT('',(1.668172364176,0.9999994));
#1611 = CARTESIAN_POINT('',(1.668172364176,13.0000006));
#1612 = ( GEOMETRIC_REPRESENTATION_CONTEXT(2) 
PARAMETRIC_REPRESENTATION_CONTEXT() REPRESENTATION_CONTEXT('2D SPACE',''
  ) );
#1613 = PCURVE('',#572,#1614);
#1614 = DEFINITIONAL_REPRESENTATION('',(#1615),#1618);
#1615 = B_SPLINE_CURVE_WITH_KNOTS('',1,(#1616,#1617),.UNSPECIFIED.,.F.,
  .F.,(2,2),(-5.999999999062E-07,12.0000006),.PIECEWISE_BEZIER_KNOTS.);
#1616 = CARTESIAN_POINT('',(1.989947876814,-5.999999999062E-07));
#1617 = CARTESIAN_POINT('',(1.989947876814,12.0000006));
#1618 = ( GEOMETRIC_REPRESENTATION_CONTEXT(2) 
PARAMETRIC_REPRESENTATION_CONTEXT() REPRESENTATION_CONTEXT('2D SPACE',''
  ) );
#1619 = ORIENTED_EDGE('',*,*,#526,.T.);
#1620 = ADVANCED_FACE('',(#1621),#572,.T.);
#1621 = FACE_BOUND('',#1622,.T.);
#1622 = EDGE_LOOP('',(#1623,#1644,#1666,#1667));
#1623 = ORIENTED_EDGE('',*,*,#1624,.T.);
#1624 = EDGE_CURVE('',#556,#1625,#1627,.T.);
#1625 = VERTEX_POINT('',#1626);
#1626 = CARTESIAN_POINT('',(-14.39946088405,10.800718783882,4.5));
#1627 = SURFACE_CURVE('',#1628,(#1632,#1638),.PCURVE_S1.);
#1628 = LINE('',#1629,#1630);
#1629 = CARTESIAN_POINT('',(-14.39946088405,10.800718783882,-6.));
#1630 = VECTOR('',#1631,1.);
#1631 = DIRECTION('',(0.,0.,1.));
#1632 = PCURVE('',#572,#1633);
#1633 = DEFINITIONAL_REPRESENTATION('',(#1634),#1637);
#1634 = B_SPLINE_CURVE_WITH_KNOTS('',1,(#1635,#1636),.UNSPECIFIED.,.F.,
  .F.,(2,2),(-5.999999999062E-07,12.0000006),.PIECEWISE_BEZIER_KNOTS.);
#1635 = CARTESIAN_POINT('',(2.498041628315,-5.999999999062E-07));
#1636 = CARTESIAN_POINT('',(2.498041628315,12.0000006));
#1637 = ( GEOMETRIC_REPRESENTATION_CONTEXT(2) 
PARAMETRIC_REPRESENTATION_CONTEXT() REPRESENTATION_CONTEXT('2D SPACE',''
  ) );
#1638 = PCURVE('',#601,#1639);
#1639 = DEFINITIONAL_REPRESENTATION('',(#1640),#1643);
#1640 = B_SPLINE_CURVE_WITH_KNOTS('',1,(#1641,#1642),.UNSPECIFIED.,.F.,
  .F.,(2,2),(-5.999999999062E-07,12.0000006),.PIECEWISE_BEZIER_KNOTS.);
#1641 = CARTESIAN_POINT('',(4.615012943004,0.9999994));
#1642 = CARTESIAN_POINT('',(4.615012943004,13.0000006));
#1643 = ( GEOMETRIC_REPRESENTATION_CONTEXT(2) 
PARAMETRIC_REPRESENTATION_CONTEXT() REPRESENTATION_CONTEXT('2D SPACE',''
  ) );
#1644 = ORIENTED_EDGE('',*,*,#1645,.F.);
#1645 = EDGE_CURVE('',#1578,#1625,#1646,.T.);
#1646 = SURFACE_CURVE('',#1647,(#1652,#1659),.PCURVE_S1.);
#1647 = CIRCLE('',#1648,18.);
#1648 = AXIS2_PLACEMENT_3D('',#1649,#1650,#1651);
#1649 = CARTESIAN_POINT('',(0.,0.,4.5));
#1650 = DIRECTION('',(0.,0.,1.));
#1651 = DIRECTION('',(-0.406985596091,0.913434575968,0.));
#1652 = PCURVE('',#572,#1653);
#1653 = DEFINITIONAL_REPRESENTATION('',(#1654),#1658);
#1654 = LINE('',#1655,#1656);
#1655 = CARTESIAN_POINT('',(1.989947876814,10.5));
#1656 = VECTOR('',#1657,1.);
#1657 = DIRECTION('',(1.,0.));
#1658 = ( GEOMETRIC_REPRESENTATION_CONTEXT(2) 
PARAMETRIC_REPRESENTATION_CONTEXT() REPRESENTATION_CONTEXT('2D SPACE',''
  ) );
#1659 = PCURVE('',#1499,#1660);
#1660 = DEFINITIONAL_REPRESENTATION('',(#1661),#1665);
#1661 = LINE('',#1662,#1663);
#1662 = CARTESIAN_POINT('',(-0.,6.28318530718));
#1663 = VECTOR('',#1664,1.);
#1664 = DIRECTION('',(-1.,0.));
#1665 = ( GEOMETRIC_REPRESENTATION_CONTEXT(2) 
PARAMETRIC_REPRESENTATION_CONTEXT() REPRESENTATION_CONTEXT('2D SPACE',''
  ) );
#1666 = ORIENTED_EDGE('',*,*,#1601,.F.);
#1667 = ORIENTED_EDGE('',*,*,#555,.T.);
#1668 = ADVANCED_FACE('',(#1669),#601,.F.);
#1669 = FACE_BOUND('',#1670,.F.);
#1670 = EDGE_LOOP('',(#1671,#1672,#1696,#1715));
#1671 = ORIENTED_EDGE('',*,*,#1624,.T.);
#1672 = ORIENTED_EDGE('',*,*,#1673,.F.);
#1673 = EDGE_CURVE('',#1674,#1625,#1676,.T.);
#1674 = VERTEX_POINT('',#1675);
#1675 = CARTESIAN_POINT('',(-17.42225899199,4.523813835228,4.5));
#1676 = SURFACE_CURVE('',#1677,(#1682,#1689),.PCURVE_S1.);
#1677 = CIRCLE('',#1678,3.5);
#1678 = AXIS2_PLACEMENT_3D('',#1679,#1680,#1681);
#1679 = CARTESIAN_POINT('',(-16.21743962224,7.809907304116,4.5));
#1680 = DIRECTION('',(0.,0.,1.));
#1681 = DIRECTION('',(-0.344234105644,-0.938883848254,0.));
#1682 = PCURVE('',#601,#1683);
#1683 = DEFINITIONAL_REPRESENTATION('',(#1684),#1688);
#1684 = LINE('',#1685,#1686);
#1685 = CARTESIAN_POINT('',(1.668172364176,11.5));
#1686 = VECTOR('',#1687,1.);
#1687 = DIRECTION('',(1.,0.));
#1688 = ( GEOMETRIC_REPRESENTATION_CONTEXT(2) 
PARAMETRIC_REPRESENTATION_CONTEXT() REPRESENTATION_CONTEXT('2D SPACE',''
  ) );
#1689 = PCURVE('',#1526,#1690);
#1690 = DEFINITIONAL_REPRESENTATION('',(#1691),#1695);
#1691 = LINE('',#1692,#1693);
#1692 = CARTESIAN_POINT('',(0.,3.14159265359));
#1693 = VECTOR('',#1694,1.);
#1694 = DIRECTION('',(1.,0.));
#1695 = ( GEOMETRIC_REPRESENTATION_CONTEXT(2) 
PARAMETRIC_REPRESENTATION_CONTEXT() REPRESENTATION_CONTEXT('2D SPACE',''
  ) );
#1696 = ORIENTED_EDGE('',*,*,#1697,.F.);
#1697 = EDGE_CURVE('',#585,#1674,#1698,.T.);
#1698 = SURFACE_CURVE('',#1699,(#1703,#1709),.PCURVE_S1.);
#1699 = LINE('',#1700,#1701);
#1700 = CARTESIAN_POINT('',(-17.42225899199,4.523813835228,-6.));
#1701 = VECTOR('',#1702,1.);
#1702 = DIRECTION('',(0.,0.,1.));
#1703 = PCURVE('',#601,#1704);
#1704 = DEFINITIONAL_REPRESENTATION('',(#1705),#1708);
#1705 = B_SPLINE_CURVE_WITH_KNOTS('',1,(#1706,#1707),.UNSPECIFIED.,.F.,
  .F.,(2,2),(-5.999999999062E-07,12.0000006),.PIECEWISE_BEZIER_KNOTS.);
#1706 = CARTESIAN_POINT('',(1.668172364176,0.9999994));
#1707 = CARTESIAN_POINT('',(1.668172364176,13.0000006));
#1708 = ( GEOMETRIC_REPRESENTATION_CONTEXT(2) 
PARAMETRIC_REPRESENTATION_CONTEXT() REPRESENTATION_CONTEXT('2D SPACE',''
  ) );
#1709 = PCURVE('',#630,#1710);
#1710 = DEFINITIONAL_REPRESENTATION('',(#1711),#1714);
#1711 = B_SPLINE_CURVE_WITH_KNOTS('',1,(#1712,#1713),.UNSPECIFIED.,.F.,
  .F.,(2,2),(-5.999999999062E-07,12.0000006),.PIECEWISE_BEZIER_KNOTS.);
#1712 = CARTESIAN_POINT('',(2.887545777839,-5.999999999062E-07));
#1713 = CARTESIAN_POINT('',(2.887545777839,12.0000006));
#1714 = ( GEOMETRIC_REPRESENTATION_CONTEXT(2) 
PARAMETRIC_REPRESENTATION_CONTEXT() REPRESENTATION_CONTEXT('2D SPACE',''
  ) );
#1715 = ORIENTED_EDGE('',*,*,#584,.T.);
#1716 = ADVANCED_FACE('',(#1717),#630,.T.);
#1717 = FACE_BOUND('',#1718,.T.);
#1718 = EDGE_LOOP('',(#1719,#1740,#1762,#1763));
#1719 = ORIENTED_EDGE('',*,*,#1720,.T.);
#1720 = EDGE_CURVE('',#614,#1721,#1723,.T.);
#1721 = VERTEX_POINT('',#1722);
#1722 = CARTESIAN_POINT('',(-17.42225899199,-4.523813835228,4.5));
#1723 = SURFACE_CURVE('',#1724,(#1728,#1734),.PCURVE_S1.);
#1724 = LINE('',#1725,#1726);
#1725 = CARTESIAN_POINT('',(-17.42225899199,-4.523813835228,-6.));
#1726 = VECTOR('',#1727,1.);
#1727 = DIRECTION('',(0.,0.,1.));
#1728 = PCURVE('',#630,#1729);
#1729 = DEFINITIONAL_REPRESENTATION('',(#1730),#1733);
#1730 = B_SPLINE_CURVE_WITH_KNOTS('',1,(#1731,#1732),.UNSPECIFIED.,.F.,
  .F.,(2,2),(-5.999999999062E-07,12.0000006),.PIECEWISE_BEZIER_KNOTS.);
#1731 = CARTESIAN_POINT('',(3.39563952934,-5.999999999062E-07));
#1732 = CARTESIAN_POINT('',(3.39563952934,12.0000006));
#1733 = ( GEOMETRIC_REPRESENTATION_CONTEXT(2) 
PARAMETRIC_REPRESENTATION_CONTEXT() REPRESENTATION_CONTEXT('2D SPACE',''
  ) );
#1734 = PCURVE('',#659,#1735);
#1735 = DEFINITIONAL_REPRESENTATION('',(#1736),#1739);
#1736 = B_SPLINE_CURVE_WITH_KNOTS('',1,(#1737,#1738),.UNSPECIFIED.,.F.,
  .F.,(2,2),(-5.999999999062E-07,12.0000006),.PIECEWISE_BEZIER_KNOTS.);
#1737 = CARTESIAN_POINT('',(4.615012943004,0.9999994));
#1738 = CARTESIAN_POINT('',(4.615012943004,13.0000006));
#1739 = ( GEOMETRIC_REPRESENTATION_CONTEXT(2) 
PARAMETRIC_REPRESENTATION_CONTEXT() REPRESENTATION_CONTEXT('2D SPACE',''
  ) );
#1740 = ORIENTED_EDGE('',*,*,#1741,.F.);
#1741 = EDGE_CURVE('',#1674,#1721,#1742,.T.);
#1742 = SURFACE_CURVE('',#1743,(#1748,#1755),.PCURVE_S1.);
#1743 = CIRCLE('',#1744,18.);
#1744 = AXIS2_PLACEMENT_3D('',#1745,#1746,#1747);
#1745 = CARTESIAN_POINT('',(0.,0.,4.5));
#1746 = DIRECTION('',(0.,0.,1.));
#1747 = DIRECTION('',(-0.967903277333,0.251322990846,0.));
#1748 = PCURVE('',#630,#1749);
#1749 = DEFINITIONAL_REPRESENTATION('',(#1750),#1754);
#1750 = LINE('',#1751,#1752);
#1751 = CARTESIAN_POINT('',(2.887545777839,10.5));
#1752 = VECTOR('',#1753,1.);
#1753 = DIRECTION('',(1.,0.));
#1754 = ( GEOMETRIC_REPRESENTATION_CONTEXT(2) 
PARAMETRIC_REPRESENTATION_CONTEXT() REPRESENTATION_CONTEXT('2D SPACE',''
  ) );
#1755 = PCURVE('',#1247,#1756);
#1756 = DEFINITIONAL_REPRESENTATION('',(#1757),#1761);
#1757 = LINE('',#1758,#1759);
#1758 = CARTESIAN_POINT('',(-0.,6.28318530718));
#1759 = VECTOR('',#1760,1.);
#1760 = DIRECTION('',(-1.,0.));
#1761 = ( GEOMETRIC_REPRESENTATION_CONTEXT(2) 
PARAMETRIC_REPRESENTATION_CONTEXT() REPRESENTATION_CONTEXT('2D SPACE',''
  ) );
#1762 = ORIENTED_EDGE('',*,*,#1697,.F.);
#1763 = ORIENTED_EDGE('',*,*,#613,.T.);
#1764 = ADVANCED_FACE('',(#1765),#659,.F.);
#1765 = FACE_BOUND('',#1766,.F.);
#1766 = EDGE_LOOP('',(#1767,#1768,#1792,#1811));
#1767 = ORIENTED_EDGE('',*,*,#1720,.T.);
#1768 = ORIENTED_EDGE('',*,*,#1769,.F.);
#1769 = EDGE_CURVE('',#1770,#1721,#1772,.T.);
#1770 = VERTEX_POINT('',#1771);
#1771 = CARTESIAN_POINT('',(-14.39946088405,-10.80071878388,4.5));
#1772 = SURFACE_CURVE('',#1773,(#1778,#1785),.PCURVE_S1.);
#1773 = CIRCLE('',#1774,3.5);
#1774 = AXIS2_PLACEMENT_3D('',#1775,#1776,#1777);
#1775 = CARTESIAN_POINT('',(-16.21743962224,-7.809907304116,4.5));
#1776 = DIRECTION('',(0.,0.,1.));
#1777 = DIRECTION('',(0.519422496625,-0.854517565648,0.));
#1778 = PCURVE('',#659,#1779);
#1779 = DEFINITIONAL_REPRESENTATION('',(#1780),#1784);
#1780 = LINE('',#1781,#1782);
#1781 = CARTESIAN_POINT('',(1.668172364176,11.5));
#1782 = VECTOR('',#1783,1.);
#1783 = DIRECTION('',(1.,0.));
#1784 = ( GEOMETRIC_REPRESENTATION_CONTEXT(2) 
PARAMETRIC_REPRESENTATION_CONTEXT() REPRESENTATION_CONTEXT('2D SPACE',''
  ) );
#1785 = PCURVE('',#1276,#1786);
#1786 = DEFINITIONAL_REPRESENTATION('',(#1787),#1791);
#1787 = LINE('',#1788,#1789);
#1788 = CARTESIAN_POINT('',(0.,3.14159265359));
#1789 = VECTOR('',#1790,1.);
#1790 = DIRECTION('',(1.,0.));
#1791 = ( GEOMETRIC_REPRESENTATION_CONTEXT(2) 
PARAMETRIC_REPRESENTATION_CONTEXT() REPRESENTATION_CONTEXT('2D SPACE',''
  ) );
#1792 = ORIENTED_EDGE('',*,*,#1793,.F.);
#1793 = EDGE_CURVE('',#643,#1770,#1794,.T.);
#1794 = SURFACE_CURVE('',#1795,(#1799,#1805),.PCURVE_S1.);
#1795 = LINE('',#1796,#1797);
#1796 = CARTESIAN_POINT('',(-14.39946088405,-10.80071878388,-6.));
#1797 = VECTOR('',#1798,1.);
#1798 = DIRECTION('',(0.,0.,1.));
#1799 = PCURVE('',#659,#1800);
#1800 = DEFINITIONAL_REPRESENTATION('',(#1801),#1804);
#1801 = B_SPLINE_CURVE_WITH_KNOTS('',1,(#1802,#1803),.UNSPECIFIED.,.F.,
  .F.,(2,2),(-5.999999999062E-07,12.0000006),.PIECEWISE_BEZIER_KNOTS.);
#1802 = CARTESIAN_POINT('',(1.668172364176,0.9999994));
#1803 = CARTESIAN_POINT('',(1.668172364176,13.0000006));
#1804 = ( GEOMETRIC_REPRESENTATION_CONTEXT(2) 
PARAMETRIC_REPRESENTATION_CONTEXT() REPRESENTATION_CONTEXT('2D SPACE',''
  ) );
#1805 = PCURVE('',#688,#1806);
#1806 = DEFINITIONAL_REPRESENTATION('',(#1807),#1810);
#1807 = B_SPLINE_CURVE_WITH_KNOTS('',1,(#1808,#1809),.UNSPECIFIED.,.F.,
  .F.,(2,2),(-5.999999999062E-07,12.0000006),.PIECEWISE_BEZIER_KNOTS.);
#1808 = CARTESIAN_POINT('',(3.785143678865,-5.999999999062E-07));
#1809 = CARTESIAN_POINT('',(3.785143678865,12.0000006));
#1810 = ( GEOMETRIC_REPRESENTATION_CONTEXT(2) 
PARAMETRIC_REPRESENTATION_CONTEXT() REPRESENTATION_CONTEXT('2D SPACE',''
  ) );
#1811 = ORIENTED_EDGE('',*,*,#642,.T.);
#1812 = ADVANCED_FACE('',(#1813),#688,.T.);
#1813 = FACE_BOUND('',#1814,.T.);
#1814 = EDGE_LOOP('',(#1815,#1836,#1858,#1859));
#1815 = ORIENTED_EDGE('',*,*,#1816,.T.);
#1816 = EDGE_CURVE('',#672,#1817,#1819,.T.);
#1817 = VERTEX_POINT('',#1818);
#1818 = CARTESIAN_POINT('',(-7.325740729646,-16.44182236742,4.5));
#1819 = SURFACE_CURVE('',#1820,(#1824,#1830),.PCURVE_S1.);
#1820 = LINE('',#1821,#1822);
#1821 = CARTESIAN_POINT('',(-7.325740729646,-16.44182236742,-6.));
#1822 = VECTOR('',#1823,1.);
#1823 = DIRECTION('',(0.,0.,1.));
#1824 = PCURVE('',#688,#1825);
#1825 = DEFINITIONAL_REPRESENTATION('',(#1826),#1829);
#1826 = B_SPLINE_CURVE_WITH_KNOTS('',1,(#1827,#1828),.UNSPECIFIED.,.F.,
  .F.,(2,2),(-5.999999999062E-07,12.0000006),.PIECEWISE_BEZIER_KNOTS.);
#1827 = CARTESIAN_POINT('',(4.293237430366,-5.999999999062E-07));
#1828 = CARTESIAN_POINT('',(4.293237430366,12.0000006));
#1829 = ( GEOMETRIC_REPRESENTATION_CONTEXT(2) 
PARAMETRIC_REPRESENTATION_CONTEXT() REPRESENTATION_CONTEXT('2D SPACE',''
  ) );
#1830 = PCURVE('',#717,#1831);
#1831 = DEFINITIONAL_REPRESENTATION('',(#1832),#1835);
#1832 = B_SPLINE_CURVE_WITH_KNOTS('',1,(#1833,#1834),.UNSPECIFIED.,.F.,
  .F.,(2,2),(-5.999999999062E-07,12.0000006),.PIECEWISE_BEZIER_KNOTS.);
#1833 = CARTESIAN_POINT('',(4.615012943004,0.9999994));
#1834 = CARTESIAN_POINT('',(4.615012943004,13.0000006));
#1835 = ( GEOMETRIC_REPRESENTATION_CONTEXT(2) 
PARAMETRIC_REPRESENTATION_CONTEXT() REPRESENTATION_CONTEXT('2D SPACE',''
  ) );
#1836 = ORIENTED_EDGE('',*,*,#1837,.F.);
#1837 = EDGE_CURVE('',#1770,#1817,#1838,.T.);
#1838 = SURFACE_CURVE('',#1839,(#1844,#1851),.PCURVE_S1.);
#1839 = CIRCLE('',#1840,18.);
#1840 = AXIS2_PLACEMENT_3D('',#1841,#1842,#1843);
#1841 = CARTESIAN_POINT('',(0.,0.,4.5));
#1842 = DIRECTION('',(0.,0.,1.));
#1843 = DIRECTION('',(-0.799970049114,-0.600039932438,0.));
#1844 = PCURVE('',#688,#1845);
#1845 = DEFINITIONAL_REPRESENTATION('',(#1846),#1850);
#1846 = LINE('',#1847,#1848);
#1847 = CARTESIAN_POINT('',(3.785143678865,10.5));
#1848 = VECTOR('',#1849,1.);
#1849 = DIRECTION('',(1.,0.));
#1850 = ( GEOMETRIC_REPRESENTATION_CONTEXT(2) 
PARAMETRIC_REPRESENTATION_CONTEXT() REPRESENTATION_CONTEXT('2D SPACE',''
  ) );
#1851 = PCURVE('',#1305,#1852);
#1852 = DEFINITIONAL_REPRESENTATION('',(#1853),#1857);
#1853 = LINE('',#1854,#1855);
#1854 = CARTESIAN_POINT('',(-0.,6.28318530718));
#1855 = VECTOR('',#1856,1.);
#1856 = DIRECTION('',(-1.,0.));
#1857 = ( GEOMETRIC_REPRESENTATION_CONTEXT(2) 
PARAMETRIC_REPRESENTATION_CONTEXT() REPRESENTATION_CONTEXT('2D SPACE',''
  ) );
#1858 = ORIENTED_EDGE('',*,*,#1793,.F.);
#1859 = ORIENTED_EDGE('',*,*,#671,.T.);
#1860 = ADVANCED_FACE('',(#1861),#717,.F.);
#1861 = FACE_BOUND('',#1862,.F.);
#1862 = EDGE_LOOP('',(#1863,#1864,#1888,#1907));
#1863 = ORIENTED_EDGE('',*,*,#1816,.T.);
#1864 = ORIENTED_EDGE('',*,*,#1865,.F.);
#1865 = EDGE_CURVE('',#1866,#1817,#1868,.T.);
#1866 = VERTEX_POINT('',#1867);
#1867 = CARTESIAN_POINT('',(-0.53357503495,-17.99208986421,4.5));
#1868 = SURFACE_CURVE('',#1869,(#1874,#1881),.PCURVE_S1.);
#1869 = CIRCLE('',#1870,3.5);
#1870 = AXIS2_PLACEMENT_3D('',#1871,#1872,#1873);
#1871 = CARTESIAN_POINT('',(-4.005376811214,-17.54870241927,4.5));
#1872 = DIRECTION('',(0.,0.,1.));
#1873 = DIRECTION('',(0.991943364647,-0.126682127127,0.));
#1874 = PCURVE('',#717,#1875);
#1875 = DEFINITIONAL_REPRESENTATION('',(#1876),#1880);
#1876 = LINE('',#1877,#1878);
#1877 = CARTESIAN_POINT('',(1.668172364176,11.5));
#1878 = VECTOR('',#1879,1.);
#1879 = DIRECTION('',(1.,0.));
#1880 = ( GEOMETRIC_REPRESENTATION_CONTEXT(2) 
PARAMETRIC_REPRESENTATION_CONTEXT() REPRESENTATION_CONTEXT('2D SPACE',''
  ) );
#1881 = PCURVE('',#1334,#1882);
#1882 = DEFINITIONAL_REPRESENTATION('',(#1883),#1887);
#1883 = LINE('',#1884,#1885);
#1884 = CARTESIAN_POINT('',(0.,3.14159265359));
#1885 = VECTOR('',#1886,1.);
#1886 = DIRECTION('',(1.,0.));
#1887 = ( GEOMETRIC_REPRESENTATION_CONTEXT(2) 
PARAMETRIC_REPRESENTATION_CONTEXT() REPRESENTATION_CONTEXT('2D SPACE',''
  ) );
#1888 = ORIENTED_EDGE('',*,*,#1889,.F.);
#1889 = EDGE_CURVE('',#701,#1866,#1890,.T.);
#1890 = SURFACE_CURVE('',#1891,(#1895,#1901),.PCURVE_S1.);
#1891 = LINE('',#1892,#1893);
#1892 = CARTESIAN_POINT('',(-0.53357503495,-17.99208986421,-6.));
#1893 = VECTOR('',#1894,1.);
#1894 = DIRECTION('',(0.,0.,1.));
#1895 = PCURVE('',#717,#1896);
#1896 = DEFINITIONAL_REPRESENTATION('',(#1897),#1900);
#1897 = B_SPLINE_CURVE_WITH_KNOTS('',1,(#1898,#1899),.UNSPECIFIED.,.F.,
  .F.,(2,2),(-5.999999999062E-07,12.0000006),.PIECEWISE_BEZIER_KNOTS.);
#1898 = CARTESIAN_POINT('',(1.668172364176,0.9999994));
#1899 = CARTESIAN_POINT('',(1.668172364176,13.0000006));
#1900 = ( GEOMETRIC_REPRESENTATION_CONTEXT(2) 
PARAMETRIC_REPRESENTATION_CONTEXT() REPRESENTATION_CONTEXT('2D SPACE',''
  ) );
#1901 = PCURVE('',#746,#1902);
#1902 = DEFINITIONAL_REPRESENTATION('',(#1903),#1906);
#1903 = B_SPLINE_CURVE_WITH_KNOTS('',1,(#1904,#1905),.UNSPECIFIED.,.F.,
  .F.,(2,2),(-5.999999999062E-07,12.0000006),.PIECEWISE_BEZIER_KNOTS.);
#1904 = CARTESIAN_POINT('',(4.682741579891,-5.999999999062E-07));
#1905 = CARTESIAN_POINT('',(4.682741579891,12.0000006));
#1906 = ( GEOMETRIC_REPRESENTATION_CONTEXT(2) 
PARAMETRIC_REPRESENTATION_CONTEXT() REPRESENTATION_CONTEXT('2D SPACE',''
  ) );
#1907 = ORIENTED_EDGE('',*,*,#700,.T.);
#1908 = ADVANCED_FACE('',(#1909),#746,.T.);
#1909 = FACE_BOUND('',#1910,.T.);
#1910 = EDGE_LOOP('',(#1911,#1932,#1954,#1955));
#1911 = ORIENTED_EDGE('',*,*,#1912,.T.);
#1912 = EDGE_CURVE('',#730,#1913,#1915,.T.);
#1913 = VERTEX_POINT('',#1914);
#1914 = CARTESIAN_POINT('',(8.287209720006,-15.97880330489,4.5));
#1915 = SURFACE_CURVE('',#1916,(#1920,#1926),.PCURVE_S1.);
#1916 = LINE('',#1917,#1918);
#1917 = CARTESIAN_POINT('',(8.287209720006,-15.97880330489,-6.));
#1918 = VECTOR('',#1919,1.);
#1919 = DIRECTION('',(0.,0.,1.));
#1920 = PCURVE('',#746,#1921);
#1921 = DEFINITIONAL_REPRESENTATION('',(#1922),#1925);
#1922 = B_SPLINE_CURVE_WITH_KNOTS('',1,(#1923,#1924),.UNSPECIFIED.,.F.,
  .F.,(2,2),(-5.999999999062E-07,12.0000006),.PIECEWISE_BEZIER_KNOTS.);
#1923 = CARTESIAN_POINT('',(5.190835331392,-5.999999999062E-07));
#1924 = CARTESIAN_POINT('',(5.190835331392,12.0000006));
#1925 = ( GEOMETRIC_REPRESENTATION_CONTEXT(2) 
PARAMETRIC_REPRESENTATION_CONTEXT() REPRESENTATION_CONTEXT('2D SPACE',''
  ) );
#1926 = PCURVE('',#775,#1927);
#1927 = DEFINITIONAL_REPRESENTATION('',(#1928),#1931);
#1928 = B_SPLINE_CURVE_WITH_KNOTS('',1,(#1929,#1930),.UNSPECIFIED.,.F.,
  .F.,(2,2),(-5.999999999062E-07,12.0000006),.PIECEWISE_BEZIER_KNOTS.);
#1929 = CARTESIAN_POINT('',(4.615012943004,0.9999994));
#1930 = CARTESIAN_POINT('',(4.615012943004,13.0000006));
#1931 = ( GEOMETRIC_REPRESENTATION_CONTEXT(2) 
PARAMETRIC_REPRESENTATION_CONTEXT() REPRESENTATION_CONTEXT('2D SPACE',''
  ) );
#1932 = ORIENTED_EDGE('',*,*,#1933,.F.);
#1933 = EDGE_CURVE('',#1866,#1913,#1934,.T.);
#1934 = SURFACE_CURVE('',#1935,(#1940,#1947),.PCURVE_S1.);
#1935 = CIRCLE('',#1936,18.);
#1936 = AXIS2_PLACEMENT_3D('',#1937,#1938,#1939);
#1937 = CARTESIAN_POINT('',(0.,0.,4.5));
#1938 = DIRECTION('',(0.,0.,1.));
#1939 = DIRECTION('',(-2.964305749724E-02,-0.999560548012,0.));
#1940 = PCURVE('',#746,#1941);
#1941 = DEFINITIONAL_REPRESENTATION('',(#1942),#1946);
#1942 = LINE('',#1943,#1944);
#1943 = CARTESIAN_POINT('',(4.682741579891,10.5));
#1944 = VECTOR('',#1945,1.);
#1945 = DIRECTION('',(1.,0.));
#1946 = ( GEOMETRIC_REPRESENTATION_CONTEXT(2) 
PARAMETRIC_REPRESENTATION_CONTEXT() REPRESENTATION_CONTEXT('2D SPACE',''
  ) );
#1947 = PCURVE('',#1363,#1948);
#1948 = DEFINITIONAL_REPRESENTATION('',(#1949),#1953);
#1949 = LINE('',#1950,#1951);
#1950 = CARTESIAN_POINT('',(-0.,6.28318530718));
#1951 = VECTOR('',#1952,1.);
#1952 = DIRECTION('',(-1.,0.));
#1953 = ( GEOMETRIC_REPRESENTATION_CONTEXT(2) 
PARAMETRIC_REPRESENTATION_CONTEXT() REPRESENTATION_CONTEXT('2D SPACE',''
  ) );
#1954 = ORIENTED_EDGE('',*,*,#1889,.F.);
#1955 = ORIENTED_EDGE('',*,*,#729,.T.);
#1956 = ADVANCED_FACE('',(#1957),#775,.F.);
#1957 = FACE_BOUND('',#1958,.F.);
#1958 = EDGE_LOOP('',(#1959,#1960,#1984,#2003));
#1959 = ORIENTED_EDGE('',*,*,#1912,.T.);
#1960 = ORIENTED_EDGE('',*,*,#1961,.F.);
#1961 = EDGE_CURVE('',#1962,#1913,#1964,.T.);
#1962 = VERTEX_POINT('',#1963);
#1963 = CARTESIAN_POINT('',(13.734103698421,-11.63505030504,4.5));
#1964 = SURFACE_CURVE('',#1965,(#1970,#1977),.PCURVE_S1.);
#1965 = CIRCLE('',#1966,3.5);
#1966 = AXIS2_PLACEMENT_3D('',#1967,#1968,#1969);
#1967 = CARTESIAN_POINT('',(11.222816433457,-14.07296668442,4.5));
#1968 = DIRECTION('',(0.,0.,1.));
#1969 = DIRECTION('',(0.717510647133,0.696547536965,-0.));
#1970 = PCURVE('',#775,#1971);
#1971 = DEFINITIONAL_REPRESENTATION('',(#1972),#1976);
#1972 = LINE('',#1973,#1974);
#1973 = CARTESIAN_POINT('',(1.668172364176,11.5));
#1974 = VECTOR('',#1975,1.);
#1975 = DIRECTION('',(1.,0.));
#1976 = ( GEOMETRIC_REPRESENTATION_CONTEXT(2) 
PARAMETRIC_REPRESENTATION_CONTEXT() REPRESENTATION_CONTEXT('2D SPACE',''
  ) );
#1977 = PCURVE('',#1392,#1978);
#1978 = DEFINITIONAL_REPRESENTATION('',(#1979),#1983);
#1979 = LINE('',#1980,#1981);
#1980 = CARTESIAN_POINT('',(0.,3.14159265359));
#1981 = VECTOR('',#1982,1.);
#1982 = DIRECTION('',(1.,0.));
#1983 = ( GEOMETRIC_REPRESENTATION_CONTEXT(2) 
PARAMETRIC_REPRESENTATION_CONTEXT() REPRESENTATION_CONTEXT('2D SPACE',''
  ) );
#1984 = ORIENTED_EDGE('',*,*,#1985,.F.);
#1985 = EDGE_CURVE('',#759,#1962,#1986,.T.);
#1986 = SURFACE_CURVE('',#1987,(#1991,#1997),.PCURVE_S1.);
#1987 = LINE('',#1988,#1989);
#1988 = CARTESIAN_POINT('',(13.734103698421,-11.63505030504,-6.));
#1989 = VECTOR('',#1990,1.);
#1990 = DIRECTION('',(0.,0.,1.));
#1991 = PCURVE('',#775,#1992);
#1992 = DEFINITIONAL_REPRESENTATION('',(#1993),#1996);
#1993 = B_SPLINE_CURVE_WITH_KNOTS('',1,(#1994,#1995),.UNSPECIFIED.,.F.,
  .F.,(2,2),(-5.999999999062E-07,12.0000006),.PIECEWISE_BEZIER_KNOTS.);
#1994 = CARTESIAN_POINT('',(1.668172364176,0.9999994));
#1995 = CARTESIAN_POINT('',(1.668172364176,13.0000006));
#1996 = ( GEOMETRIC_REPRESENTATION_CONTEXT(2) 
PARAMETRIC_REPRESENTATION_CONTEXT() REPRESENTATION_CONTEXT('2D SPACE',''
  ) );
#1997 = PCURVE('',#802,#1998);
#1998 = DEFINITIONAL_REPRESENTATION('',(#1999),#2002);
#1999 = B_SPLINE_CURVE_WITH_KNOTS('',1,(#2000,#2001),.UNSPECIFIED.,.F.,
  .F.,(2,2),(-5.999999999062E-07,12.0000006),.PIECEWISE_BEZIER_KNOTS.);
#2000 = CARTESIAN_POINT('',(5.580339480916,-5.999999999062E-07));
#2001 = CARTESIAN_POINT('',(5.580339480916,12.0000006));
#2002 = ( GEOMETRIC_REPRESENTATION_CONTEXT(2) 
PARAMETRIC_REPRESENTATION_CONTEXT() REPRESENTATION_CONTEXT('2D SPACE',''
  ) );
#2003 = ORIENTED_EDGE('',*,*,#758,.T.);
#2004 = ADVANCED_FACE('',(#2005),#802,.T.);
#2005 = FACE_BOUND('',#2006,.T.);
#2006 = EDGE_LOOP('',(#2007,#2008,#2030,#2031));
#2007 = ORIENTED_EDGE('',*,*,#850,.T.);
#2008 = ORIENTED_EDGE('',*,*,#2009,.F.);
#2009 = EDGE_CURVE('',#1962,#851,#2010,.T.);
#2010 = SURFACE_CURVE('',#2011,(#2016,#2023),.PCURVE_S1.);
#2011 = CIRCLE('',#2012,18.);
#2012 = AXIS2_PLACEMENT_3D('',#2013,#2014,#2015);
#2013 = CARTESIAN_POINT('',(0.,0.,4.5));
#2014 = DIRECTION('',(0.,0.,1.));
#2015 = DIRECTION('',(0.763005761023,-0.646391683614,0.));
#2016 = PCURVE('',#802,#2017);
#2017 = DEFINITIONAL_REPRESENTATION('',(#2018),#2022);
#2018 = LINE('',#2019,#2020);
#2019 = CARTESIAN_POINT('',(5.580339480916,10.5));
#2020 = VECTOR('',#2021,1.);
#2021 = DIRECTION('',(1.,0.));
#2022 = ( GEOMETRIC_REPRESENTATION_CONTEXT(2) 
PARAMETRIC_REPRESENTATION_CONTEXT() REPRESENTATION_CONTEXT('2D SPACE',''
  ) );
#2023 = PCURVE('',#1183,#2024);
#2024 = DEFINITIONAL_REPRESENTATION('',(#2025),#2029);
#2025 = LINE('',#2026,#2027);
#2026 = CARTESIAN_POINT('',(-0.,6.28318530718));
#2027 = VECTOR('',#2028,1.);
#2028 = DIRECTION('',(-1.,0.));
#2029 = ( GEOMETRIC_REPRESENTATION_CONTEXT(2) 
PARAMETRIC_REPRESENTATION_CONTEXT() REPRESENTATION_CONTEXT('2D SPACE',''
  ) );
#2030 = ORIENTED_EDGE('',*,*,#1985,.F.);
#2031 = ORIENTED_EDGE('',*,*,#787,.T.);
#2032 = ADVANCED_FACE('',(#2033),#833,.F.);
#2033 = FACE_BOUND('',#2034,.T.);
#2034 = EDGE_LOOP('',(#2035,#2058,#2080,#2081));
#2035 = ORIENTED_EDGE('',*,*,#2036,.T.);
#2036 = EDGE_CURVE('',#817,#2037,#2039,.T.);
#2037 = VERTEX_POINT('',#2038);
#2038 = CARTESIAN_POINT('',(3.2,-7.837739514543E-16,4.5));
#2039 = SEAM_CURVE('',#2040,(#2044,#2051),.PCURVE_S1.);
#2040 = LINE('',#2041,#2042);
#2041 = CARTESIAN_POINT('',(3.2,0.,-30.0000002));
#2042 = VECTOR('',#2043,1.);
#2043 = DIRECTION('',(0.,0.,1.));
#2044 = PCURVE('',#833,#2045);
#2045 = DEFINITIONAL_REPRESENTATION('',(#2046),#2050);
#2046 = LINE('',#2047,#2048);
#2047 = CARTESIAN_POINT('',(-0.,0.));
#2048 = VECTOR('',#2049,1.);
#2049 = DIRECTION('',(-0.,-1.));
#2050 = ( GEOMETRIC_REPRESENTATION_CONTEXT(2) 
PARAMETRIC_REPRESENTATION_CONTEXT() REPRESENTATION_CONTEXT('2D SPACE',''
  ) );
#2051 = PCURVE('',#833,#2052);
#2052 = DEFINITIONAL_REPRESENTATION('',(#2053),#2057);
#2053 = LINE('',#2054,#2055);
#2054 = CARTESIAN_POINT('',(-6.28318530718,0.));
#2055 = VECTOR('',#2056,1.);
#2056 = DIRECTION('',(-0.,-1.));
#2057 = ( GEOMETRIC_REPRESENTATION_CONTEXT(2) 
PARAMETRIC_REPRESENTATION_CONTEXT() REPRESENTATION_CONTEXT('2D SPACE',''
  ) );
#2058 = ORIENTED_EDGE('',*,*,#2059,.F.);
#2059 = EDGE_CURVE('',#2037,#2037,#2060,.T.);
#2060 = SURFACE_CURVE('',#2061,(#2066,#2073),.PCURVE_S1.);
#2061 = CIRCLE('',#2062,3.2);
#2062 = AXIS2_PLACEMENT_3D('',#2063,#2064,#2065);
#2063 = CARTESIAN_POINT('',(0.,0.,4.5));
#2064 = DIRECTION('',(0.,-0.,-1.));
#2065 = DIRECTION('',(1.,-2.449293598295E-16,0.));
#2066 = PCURVE('',#833,#2067);
#2067 = DEFINITIONAL_REPRESENTATION('',(#2068),#2072);
#2068 = LINE('',#2069,#2070);
#2069 = CARTESIAN_POINT('',(-6.28318530718,-34.5000002));
#2070 = VECTOR('',#2071,1.);
#2071 = DIRECTION('',(1.,-0.));
#2072 = ( GEOMETRIC_REPRESENTATION_CONTEXT(2) 
PARAMETRIC_REPRESENTATION_CONTEXT() REPRESENTATION_CONTEXT('2D SPACE',''
  ) );
#2073 = PCURVE('',#1561,#2074);
#2074 = DEFINITIONAL_REPRESENTATION('',(#2075),#2079);
#2075 = LINE('',#2076,#2077);
#2076 = CARTESIAN_POINT('',(-0.,3.14159265359));
#2077 = VECTOR('',#2078,1.);
#2078 = DIRECTION('',(-1.,0.));
#2079 = ( GEOMETRIC_REPRESENTATION_CONTEXT(2) 
PARAMETRIC_REPRESENTATION_CONTEXT() REPRESENTATION_CONTEXT('2D SPACE',''
  ) );
#2080 = ORIENTED_EDGE('',*,*,#2036,.F.);
#2081 = ORIENTED_EDGE('',*,*,#816,.F.);
#2082 = ADVANCED_FACE('',(#2083),#932,.T.);
#2083 = FACE_BOUND('',#2084,.F.);
#2084 = EDGE_LOOP('',(#2085,#2086,#2087,#2195));
#2085 = ORIENTED_EDGE('',*,*,#950,.F.);
#2086 = ORIENTED_EDGE('',*,*,#1429,.T.);
#2087 = ORIENTED_EDGE('',*,*,#2088,.T.);
#2088 = EDGE_CURVE('',#1430,#897,#2089,.T.);
#2089 = SURFACE_CURVE('',#2090,(#2123,#2159),.PCURVE_S1.);
#2090 = B_SPLINE_CURVE_WITH_KNOTS('',6,(#2091,#2092,#2093,#2094,#2095,
    #2096,#2097,#2098,#2099,#2100,#2101,#2102,#2103,#2104,#2105,#2106,
    #2107,#2108,#2109,#2110,#2111,#2112,#2113,#2114,#2115,#2116,#2117,
    #2118,#2119,#2120,#2121,#2122),.UNSPECIFIED.,.F.,.F.,(7,5,5,5,5,5,7)
  ,(0.,0.142708761006,0.364489859456,0.580083676938,0.722581617531,
    0.885260284429,1.),.UNSPECIFIED.);
#2091 = CARTESIAN_POINT('',(0.878331666996,16.476605642023,6.));
#2092 = CARTESIAN_POINT('',(0.836371842978,16.531718534816,
    6.000000104886));
#2093 = CARTESIAN_POINT('',(0.793989019127,16.586585570218,
    5.997769517352));
#2094 = CARTESIAN_POINT('',(0.751242942408,16.641112017377,
    5.993328119953));
#2095 = CARTESIAN_POINT('',(0.708196583741,16.695206979863,
    5.986695092455));
#2096 = CARTESIAN_POINT('',(0.664916138,16.748783395664,5.977888911844)
  );
#2097 = CARTESIAN_POINT('',(0.553953759955,16.884084967257,
    5.949892191367));
#2098 = CARTESIAN_POINT('',(0.486042410475,16.964954187585,
    5.927652230248));
#2099 = CARTESIAN_POINT('',(0.417994793291,17.044057845889,
    5.900271548246));
#2100 = CARTESIAN_POINT('',(0.350102637274,17.121092702745,
    5.867809025269));
#2101 = CARTESIAN_POINT('',(0.282702690575,17.195756284553,
    5.830314360742));
#2102 = CARTESIAN_POINT('',(0.151528608104,17.33772149166,5.746519223877
    ));
#2103 = CARTESIAN_POINT('',(8.771492020399E-02,17.405160766302,
    5.700499263664));
#2104 = CARTESIAN_POINT('',(2.510119847677E-02,17.469786903669,
    5.649794518847));
#2105 = CARTESIAN_POINT('',(-3.587592789625E-02,17.531290683364,
    5.594438604558));
#2106 = CARTESIAN_POINT('',(-9.468933816471E-02,17.58932903783,
    5.534478887283));
#2107 = CARTESIAN_POINT('',(-0.187742359207,17.679348564256,
    5.427360606581));
#2108 = CARTESIAN_POINT('',(-0.223548993084,17.713488894401,
    5.382758634637));
#2109 = CARTESIAN_POINT('',(-0.257951774213,17.745837767068,
    5.336204437277));
#2110 = CARTESIAN_POINT('',(-0.290740988775,17.776270703026,
    5.287735947421));
#2111 = CARTESIAN_POINT('',(-0.321685845383,17.804653204445,
    5.237412736312));
#2112 = CARTESIAN_POINT('',(-0.383484496802,17.860747229271,
    5.125856562179));
#2113 = CARTESIAN_POINT('',(-0.413705477731,17.887795017004,
    5.06408695903));
#2114 = CARTESIAN_POINT('',(-0.440836562402,17.911775927666,
    5.000155554341));
#2115 = CARTESIAN_POINT('',(-0.464486819873,17.932466932992,
    4.934267713787));
#2116 = CARTESIAN_POINT('',(-0.484277401779,17.949653459708,
    4.866710792186));
#2117 = CARTESIAN_POINT('',(-0.510953560029,17.97270521608,
    4.749322708377));
#2118 = CARTESIAN_POINT('',(-0.519924060589,17.980414678923,
    4.700132078841));
#2119 = CARTESIAN_POINT('',(-0.526729214191,17.986240687495,
    4.650443478991));
#2120 = CARTESIAN_POINT('',(-0.531293303881,17.990140208676,
    4.600411863682));
#2121 = CARTESIAN_POINT('',(-0.53357503495,17.992089864217,4.55020458407
    ));
#2122 = CARTESIAN_POINT('',(-0.53357503495,17.992089864217,4.5));
#2123 = PCURVE('',#932,#2124);
#2124 = DEFINITIONAL_REPRESENTATION('',(#2125),#2158);
#2125 = B_SPLINE_CURVE_WITH_KNOTS('',6,(#2126,#2127,#2128,#2129,#2130,
    #2131,#2132,#2133,#2134,#2135,#2136,#2137,#2138,#2139,#2140,#2141,
    #2142,#2143,#2144,#2145,#2146,#2147,#2148,#2149,#2150,#2151,#2152,
    #2153,#2154,#2155,#2156,#2157),.UNSPECIFIED.,.F.,.F.,(7,5,5,5,5,5,7)
  ,(0.,0.142708761006,0.364489859456,0.580083676938,0.722581617531,
    0.885260284429,1.),.UNSPECIFIED.);
#2126 = CARTESIAN_POINT('',(-0.425188956232,4.712388980385));
#2127 = CARTESIAN_POINT('',(-0.427906176974,4.747589615254));
#2128 = CARTESIAN_POINT('',(-0.430627330313,4.782709415633));
#2129 = CARTESIAN_POINT('',(-0.433348574847,4.817767142316));
#2130 = CARTESIAN_POINT('',(-0.436066089967,4.852782475099));
#2131 = CARTESIAN_POINT('',(-0.43877607586,4.887776012778));
#2132 = CARTESIAN_POINT('',(-0.445668719509,4.977151664742));
#2133 = CARTESIAN_POINT('',(-0.44983514517,5.03153072834));
#2134 = CARTESIAN_POINT('',(-0.453960004172,5.085992321682));
#2135 = CARTESIAN_POINT('',(-0.458028361676,5.140620127521));
#2136 = CARTESIAN_POINT('',(-0.462023701772,5.195504539192));
#2137 = CARTESIAN_POINT('',(-0.469721906165,5.304457264239));
#2138 = CARTESIAN_POINT('',(-0.473429288932,5.35849826726));
#2139 = CARTESIAN_POINT('',(-0.477032534093,5.412977337629));
#2140 = CARTESIAN_POINT('',(-0.480510917555,5.467988188465));
#2141 = CARTESIAN_POINT('',(-0.48383941614,5.523624750057));
#2142 = CARTESIAN_POINT('',(-0.48906951174,5.617245685359));
#2143 = CARTESIAN_POINT('',(-0.491072056148,5.654815655162));
#2144 = CARTESIAN_POINT('',(-0.492987260138,5.692728150876));
#2145 = CARTESIAN_POINT('',(-0.494805051499,5.731004593887));
#2146 = CARTESIAN_POINT('',(-0.496514286549,5.769659243969));
#2147 = CARTESIAN_POINT('',(-0.499916953752,5.85326633046));
#2148 = CARTESIAN_POINT('',(-0.501573904948,5.898336019297));
#2149 = CARTESIAN_POINT('',(-0.50305607429,5.94390937777));
#2150 = CARTESIAN_POINT('',(-0.50434437616,5.989963794174));
#2151 = CARTESIAN_POINT('',(-0.505420230354,6.036450002334));
#2152 = CARTESIAN_POINT('',(-0.506868441927,6.116298988092));
#2153 = CARTESIAN_POINT('',(-0.507354715434,6.149493965747));
#2154 = CARTESIAN_POINT('',(-0.507723229902,6.182822116388));
#2155 = CARTESIAN_POINT('',(-0.507970254082,6.216244091357));
#2156 = CARTESIAN_POINT('',(-0.508093751501,6.249715584466));
#2157 = CARTESIAN_POINT('',(-0.508093751501,6.28318530718));
#2158 = ( GEOMETRIC_REPRESENTATION_CONTEXT(2) 
PARAMETRIC_REPRESENTATION_CONTEXT() REPRESENTATION_CONTEXT('2D SPACE',''
  ) );
#2159 = PCURVE('',#1470,#2160);
#2160 = DEFINITIONAL_REPRESENTATION('',(#2161),#2194);
#2161 = B_SPLINE_CURVE_WITH_KNOTS('',6,(#2162,#2163,#2164,#2165,#2166,
    #2167,#2168,#2169,#2170,#2171,#2172,#2173,#2174,#2175,#2176,#2177,
    #2178,#2179,#2180,#2181,#2182,#2183,#2184,#2185,#2186,#2187,#2188,
    #2189,#2190,#2191,#2192,#2193),.UNSPECIFIED.,.F.,.F.,(7,5,5,5,5,5,7)
  ,(0.,0.142708761006,0.364489859456,0.580083676938,0.722581617531,
    0.885260284429,1.),.UNSPECIFIED.);
#2162 = CARTESIAN_POINT('',(2.603719820963,1.570796326804));
#2163 = CARTESIAN_POINT('',(2.612686672126,1.605996961658));
#2164 = CARTESIAN_POINT('',(2.621814491664,1.64111676204));
#2165 = CARTESIAN_POINT('',(2.631095541912,1.676174488728));
#2166 = CARTESIAN_POINT('',(2.640520776758,1.711189821512));
#2167 = CARTESIAN_POINT('',(2.650079841652,1.746183359188));
#2168 = CARTESIAN_POINT('',(2.674806500679,1.835559011152));
#2169 = CARTESIAN_POINT('',(2.690146127443,1.88993807475));
#2170 = CARTESIAN_POINT('',(2.705736276167,1.944399668092));
#2171 = CARTESIAN_POINT('',(2.721521506164,1.999027473931));
#2172 = CARTESIAN_POINT('',(2.737428802795,2.053911885603));
#2173 = CARTESIAN_POINT('',(2.768850230018,2.162864610649));
#2174 = CARTESIAN_POINT('',(2.784360706211,2.216905613671));
#2175 = CARTESIAN_POINT('',(2.799806156838,2.271384684039));
#2176 = CARTESIAN_POINT('',(2.815070530301,2.326395534875));
#2177 = CARTESIAN_POINT('',(2.830002967025,2.382032096467));
#2178 = CARTESIAN_POINT('',(2.853935739113,2.475653031769));
#2179 = CARTESIAN_POINT('',(2.863229809422,2.513223001572));
#2180 = CARTESIAN_POINT('',(2.872238954178,2.551135497286));
#2181 = CARTESIAN_POINT('',(2.880897512037,2.589411940297));
#2182 = CARTESIAN_POINT('',(2.889131644534,2.628066590379));
#2183 = CARTESIAN_POINT('',(2.905686192354,2.711673676871));
#2184 = CARTESIAN_POINT('',(2.913853901481,2.756743365708));
#2185 = CARTESIAN_POINT('',(2.921244986017,2.80231672418));
#2186 = CARTESIAN_POINT('',(2.927730200277,2.848371140584));
#2187 = CARTESIAN_POINT('',(2.933182699641,2.894857348744));
#2188 = CARTESIAN_POINT('',(2.940555355423,2.974706334503));
#2189 = CARTESIAN_POINT('',(2.943043116655,3.007901312157));
#2190 = CARTESIAN_POINT('',(2.94493500715,3.041229462799));
#2191 = CARTESIAN_POINT('',(2.946205487682,3.074651437767));
#2192 = CARTESIAN_POINT('',(2.946840565707,3.108122930877));
#2193 = CARTESIAN_POINT('',(2.946840565707,3.14159265359));
#2194 = ( GEOMETRIC_REPRESENTATION_CONTEXT(2) 
PARAMETRIC_REPRESENTATION_CONTEXT() REPRESENTATION_CONTEXT('2D SPACE',''
  ) );
#2195 = ORIENTED_EDGE('',*,*,#917,.F.);
#2196 = ADVANCED_FACE('',(#2197),#1183,.T.);
#2197 = FACE_BOUND('',#2198,.F.);
#2198 = EDGE_LOOP('',(#2199,#2200,#2308,#2309));
#2199 = ORIENTED_EDGE('',*,*,#2009,.F.);
#2200 = ORIENTED_EDGE('',*,*,#2201,.F.);
#2201 = EDGE_CURVE('',#1376,#1962,#2202,.T.);
#2202 = SURFACE_CURVE('',#2203,(#2236,#2272),.PCURVE_S1.);
#2203 = B_SPLINE_CURVE_WITH_KNOTS('',6,(#2204,#2205,#2206,#2207,#2208,
    #2209,#2210,#2211,#2212,#2213,#2214,#2215,#2216,#2217,#2218,#2219,
    #2220,#2221,#2222,#2223,#2224,#2225,#2226,#2227,#2228,#2229,#2230,
    #2231,#2232,#2233,#2234,#2235),.UNSPECIFIED.,.F.,.F.,(7,5,5,5,5,5,7)
  ,(0.,0.142864883344,0.358756490803,0.567389651957,0.705856097421,
    0.881390457932,1.),.UNSPECIFIED.);
#2204 = CARTESIAN_POINT('',(13.429559852397,-9.586288237419,6.));
#2205 = CARTESIAN_POINT('',(13.446505758943,-9.653529224835,
    6.000000105438));
#2206 = CARTESIAN_POINT('',(13.462994717072,-9.72094802125,
    5.997764656183));
#2207 = CARTESIAN_POINT('',(13.478989794245,-9.788438508298,5.9933136011
    ));
#2208 = CARTESIAN_POINT('',(13.494459087782,-9.855894434824,
    5.986666182349));
#2209 = CARTESIAN_POINT('',(13.50937572487,-9.923209416879,
    5.977840935383));
#2210 = CARTESIAN_POINT('',(13.545391118347,-10.09162665043,
    5.950255230843));
#2211 = CARTESIAN_POINT('',(13.565751459364,-10.19240638743,
    5.92872287549));
#2212 = CARTESIAN_POINT('',(13.584725074079,-10.29225265865,
    5.902317804877));
#2213 = CARTESIAN_POINT('',(13.602260494452,-10.3907810419,
    5.871094495315));
#2214 = CARTESIAN_POINT('',(13.618331968496,-10.48757656503,
    5.835099163489));
#2215 = CARTESIAN_POINT('',(13.64706246838,-10.67361083146,
    5.755002735516));
#2216 = CARTESIAN_POINT('',(13.659816502251,-10.76298326772,
    5.711219495442));
#2217 = CARTESIAN_POINT('',(13.671208982585,-10.84989787992,
    5.663044943767));
#2218 = CARTESIAN_POINT('',(13.681264663988,-10.93387883335,
    5.61050970522));
#2219 = CARTESIAN_POINT('',(13.690034391833,-11.01437234945,
    5.553654338319));
#2220 = CARTESIAN_POINT('',(13.702621980892,-11.14142576767,
    5.451974573329));
#2221 = CARTESIAN_POINT('',(13.707112838353,-11.19028897495,
    5.409538321604));
#2222 = CARTESIAN_POINT('',(13.711096621855,-11.23714338979,
    5.36524744094));
#2223 = CARTESIAN_POINT('',(13.714602316942,-11.28177461488,
    5.319132499533));
#2224 = CARTESIAN_POINT('',(13.717663852022,-11.32394738001,
    5.271241147571));
#2225 = CARTESIAN_POINT('',(13.723686342527,-11.41344086992,
    5.158768926227));
#2226 = CARTESIAN_POINT('',(13.726400997933,-11.45911899548,
    5.093150660852));
#2227 = CARTESIAN_POINT('',(13.728540450534,-11.49992891526,
    5.024942507361));
#2228 = CARTESIAN_POINT('',(13.730191418389,-11.53531081266,
    4.954379299107));
#2229 = CARTESIAN_POINT('',(13.731442315105,-11.56471180105,
    4.881802710702));
#2230 = CARTESIAN_POINT('',(13.732977726402,-11.60325141686,
    4.757615158806));
#2231 = CARTESIAN_POINT('',(13.73344406879,-11.61586973555,
    4.706835535467));
#2232 = CARTESIAN_POINT('',(13.733778026144,-11.62543357193,
    4.655507133257));
#2233 = CARTESIAN_POINT('',(13.73399504993,-11.63184497283,
    4.603799924466));
#2234 = CARTESIAN_POINT('',(13.734103698421,-11.63505030504,
    4.551898397825));
#2235 = CARTESIAN_POINT('',(13.734103698421,-11.63505030504,4.5));
#2236 = PCURVE('',#1183,#2237);
#2237 = DEFINITIONAL_REPRESENTATION('',(#2238),#2271);
#2238 = B_SPLINE_CURVE_WITH_KNOTS('',6,(#2239,#2240,#2241,#2242,#2243,
    #2244,#2245,#2246,#2247,#2248,#2249,#2250,#2251,#2252,#2253,#2254,
    #2255,#2256,#2257,#2258,#2259,#2260,#2261,#2262,#2263,#2264,#2265,
    #2266,#2267,#2268,#2269,#2270),.UNSPECIFIED.,.F.,.F.,(7,5,5,5,5,5,7)
  ,(0.,0.142864883344,0.358756490803,0.567389651957,0.705856097421,
    0.881390457932,1.),.UNSPECIFIED.);
#2239 = CARTESIAN_POINT('',(-8.290479529315E-02,4.712388980385));
#2240 = CARTESIAN_POINT('',(-8.018461532064E-02,4.747627949711));
#2241 = CARTESIAN_POINT('',(-7.746049434061E-02,4.782785908875));
#2242 = CARTESIAN_POINT('',(-7.473628612591E-02,4.817881679528));
#2243 = CARTESIAN_POINT('',(-7.201582369589E-02,4.8529350066));
#2244 = CARTESIAN_POINT('',(-6.930291931639E-02,4.8879665583));
#2245 = CARTESIAN_POINT('',(-6.251888461831E-02,4.975935905904));
#2246 = CARTESIAN_POINT('',(-5.846252520129E-02,5.028871149388));
#2247 = CARTESIAN_POINT('',(-5.444524447977E-02,5.08188257067));
#2248 = CARTESIAN_POINT('',(-5.048080543117E-02,5.135047372397));
#2249 = CARTESIAN_POINT('',(-4.658436032931E-02,5.188448773964));
#2250 = CARTESIAN_POINT('',(-3.908985001671E-02,5.294112093488));
#2251 = CARTESIAN_POINT('',(-3.548660007743E-02,5.346345831681));
#2252 = CARTESIAN_POINT('',(-3.197845064418E-02,5.398976807461));
#2253 = CARTESIAN_POINT('',(-2.858380123736E-02,5.452089746483));
#2254 = CARTESIAN_POINT('',(-2.532469995521E-02,5.505770269712));
#2255 = CARTESIAN_POINT('',(-2.017153550725E-02,5.596179249445));
#2256 = CARTESIAN_POINT('',(-1.818720748477E-02,5.632534074447));
#2257 = CARTESIAN_POINT('',(-1.628194196729E-02,5.66920347285));
#2258 = CARTESIAN_POINT('',(-1.44646426622E-02,5.706208431069));
#2259 = CARTESIAN_POINT('',(-1.274519448267E-02,5.743564430731));
#2260 = CARTESIAN_POINT('',(-9.091958362493E-03,5.829094505381));
#2261 = CARTESIAN_POINT('',(-7.223949363785E-03,5.877488738345));
#2262 = CARTESIAN_POINT('',(-5.552118831472E-03,5.926475265457));
#2263 = CARTESIAN_POINT('',(-4.100451045142E-03,5.976033705731));
#2264 = CARTESIAN_POINT('',(-2.892831359764E-03,6.026110217249));
#2265 = CARTESIAN_POINT('',(-1.308678900981E-03,6.110700723776));
#2266 = CARTESIAN_POINT('',(-7.896002297612E-04,6.144996739284));
#2267 = CARTESIAN_POINT('',(-3.959481897162E-04,6.179439270601));
#2268 = CARTESIAN_POINT('',(-1.319711229621E-04,6.213985390766));
#2269 = CARTESIAN_POINT('',(8.881784197001E-16,6.248586375296));
#2270 = CARTESIAN_POINT('',(8.881784197001E-16,6.28318530718));
#2271 = ( GEOMETRIC_REPRESENTATION_CONTEXT(2) 
PARAMETRIC_REPRESENTATION_CONTEXT() REPRESENTATION_CONTEXT('2D SPACE',''
  ) );
#2272 = PCURVE('',#1392,#2273);
#2273 = DEFINITIONAL_REPRESENTATION('',(#2274),#2307);
#2274 = B_SPLINE_CURVE_WITH_KNOTS('',6,(#2275,#2276,#2277,#2278,#2279,
    #2280,#2281,#2282,#2283,#2284,#2285,#2286,#2287,#2288,#2289,#2290,
    #2291,#2292,#2293,#2294,#2295,#2296,#2297,#2298,#2299,#2300,#2301,
    #2302,#2303,#2304,#2305,#2306),.UNSPECIFIED.,.F.,.F.,(7,5,5,5,5,5,7)
  ,(0.,0.142864883344,0.358756490803,0.567389651957,0.705856097421,
    0.881390457932,1.),.UNSPECIFIED.);
#2275 = CARTESIAN_POINT('',(0.343120756776,1.570796326795));
#2276 = CARTESIAN_POINT('',(0.334144141965,1.606035296121));
#2277 = CARTESIAN_POINT('',(0.32500620652,1.641193255285));
#2278 = CARTESIAN_POINT('',(0.315714714306,1.676289025938));
#2279 = CARTESIAN_POINT('',(0.306278743069,1.711342353011));
#2280 = CARTESIAN_POINT('',(0.296708684443,1.74637390471));
#2281 = CARTESIAN_POINT('',(0.272369421647,1.834343252315));
#2282 = CARTESIAN_POINT('',(0.257443888904,1.887278495799));
#2283 = CARTESIAN_POINT('',(0.242280012354,1.94028991708));
#2284 = CARTESIAN_POINT('',(0.226928710108,1.993454718807));
#2285 = CARTESIAN_POINT('',(0.211456487632,2.046856120374));
#2286 = CARTESIAN_POINT('',(0.180965784055,2.152519439898));
#2287 = CARTESIAN_POINT('',(0.165951391849,2.204753178091));
#2288 = CARTESIAN_POINT('',(0.150984780007,2.257384153871));
#2289 = CARTESIAN_POINT('',(0.13616801498,2.310497092893));
#2290 = CARTESIAN_POINT('',(0.121632878657,2.364177616123));
#2291 = CARTESIAN_POINT('',(9.819676765976E-02,2.454586595855));
#2292 = CARTESIAN_POINT('',(8.9045834036E-02,2.490941420857));
#2293 = CARTESIAN_POINT('',(8.014191685465E-02,2.527610819261));
#2294 = CARTESIAN_POINT('',(7.154270264027E-02,2.564615777479));
#2295 = CARTESIAN_POINT('',(6.331337054478E-02,2.601971777141));
#2296 = CARTESIAN_POINT('',(4.5651920168E-02,2.687501851791));
#2297 = CARTESIAN_POINT('',(3.648721773758E-02,2.735896084755));
#2298 = CARTESIAN_POINT('',(2.817726090446E-02,2.784882611867));
#2299 = CARTESIAN_POINT('',(2.088408380093E-02,2.834441052141));
#2300 = CARTESIAN_POINT('',(1.477084498948E-02,2.88451756366));
#2301 = CARTESIAN_POINT('',(6.711659867928E-03,2.969108070186));
#2302 = CARTESIAN_POINT('',(4.05703590798E-03,3.003404085695));
#2303 = CARTESIAN_POINT('',(2.036344215234E-03,3.037846617011));
#2304 = CARTESIAN_POINT('',(6.78664061649E-04,3.072392737176));
#2305 = CARTESIAN_POINT('',(1.461422360904E-08,3.106993721707));
#2306 = CARTESIAN_POINT('',(1.461422360904E-08,3.14159265359));
#2307 = ( GEOMETRIC_REPRESENTATION_CONTEXT(2) 
PARAMETRIC_REPRESENTATION_CONTEXT() REPRESENTATION_CONTEXT('2D SPACE',''
  ) );
#2308 = ORIENTED_EDGE('',*,*,#1404,.T.);
#2309 = ORIENTED_EDGE('',*,*,#1111,.T.);
#2310 = ADVANCED_FACE('',(#2311),#1247,.T.);
#2311 = FACE_BOUND('',#2312,.F.);
#2312 = EDGE_LOOP('',(#2313,#2421,#2422,#2530));
#2313 = ORIENTED_EDGE('',*,*,#2314,.F.);
#2314 = EDGE_CURVE('',#1229,#1674,#2315,.T.);
#2315 = SURFACE_CURVE('',#2316,(#2349,#2385),.PCURVE_S1.);
#2316 = B_SPLINE_CURVE_WITH_KNOTS('',6,(#2317,#2318,#2319,#2320,#2321,
    #2322,#2323,#2324,#2325,#2326,#2327,#2328,#2329,#2330,#2331,#2332,
    #2333,#2334,#2335,#2336,#2337,#2338,#2339,#2340,#2341,#2342,#2343,
    #2344,#2345,#2346,#2347,#2348),.UNSPECIFIED.,.F.,.F.,(7,5,5,5,5,5,7)
  ,(0.,0.142885485838,0.358776787737,0.567409047314,0.705874643933,
    0.881408023426,1.),.UNSPECIFIED.);
#2317 = CARTESIAN_POINT('',(-16.25894992127,2.810079617658,6.));
#2318 = CARTESIAN_POINT('',(-16.3033988359,2.863316776354,6.000000105508
    ));
#2319 = CARTESIAN_POINT('',(-16.34751310571,2.916912501753,
    5.997764011364));
#2320 = CARTESIAN_POINT('',(-16.39121337873,2.97078717427,5.993311675236
    ));
#2321 = CARTESIAN_POINT('',(-16.43442477945,3.024858871013,
    5.986662347565));
#2322 = CARTESIAN_POINT('',(-16.47707690877,3.079043365789,
    5.977834571563));
#2323 = CARTESIAN_POINT('',(-16.58260399399,3.215163304118,
    5.950243394963));
#2324 = CARTESIAN_POINT('',(-16.64467386177,3.297128485623,
    5.928708746703));
#2325 = CARTESIAN_POINT('',(-16.70508923958,3.378854201828,
    5.902301418089));
#2326 = CARTESIAN_POINT('',(-16.76363696638,3.460016424009,
    5.871075882733));
#2327 = CARTESIAN_POINT('',(-16.82011379354,3.540252437357,
    5.835078354707));
#2328 = CARTESIAN_POINT('',(-16.92671392352,3.69539614247,5.754977776662
    ));
#2329 = CARTESIAN_POINT('',(-16.97698084938,3.77038308187,5.711192607131
    ));
#2330 = CARTESIAN_POINT('',(-17.02495459884,3.843746207357,
    5.663016175607));
#2331 = CARTESIAN_POINT('',(-17.07045101833,3.91504605038,5.610479106548
    ));
#2332 = CARTESIAN_POINT('',(-17.11327564084,3.983761593216,5.55362196229
    ));
#2333 = CARTESIAN_POINT('',(-17.1797405181,4.092768192904,5.451939418665
    ));
#2334 = CARTESIAN_POINT('',(-17.2049865226,4.134842572894,5.409502137423
    ));
#2335 = CARTESIAN_POINT('',(-17.22890406728,4.175327014451,
    5.365210265296));
#2336 = CARTESIAN_POINT('',(-17.25142624286,4.21401577013,5.319094375472
    ));
#2337 = CARTESIAN_POINT('',(-17.27248153716,4.250682143133,
    5.271202125471));
#2338 = CARTESIAN_POINT('',(-17.31673478488,4.328696035971,
    5.158727971035));
#2339 = CARTESIAN_POINT('',(-17.33899811764,4.368670425617,
    5.093108702465));
#2340 = CARTESIAN_POINT('',(-17.35863093687,4.404508109436,5.02489966275
    ));
#2341 = CARTESIAN_POINT('',(-17.3754684801,4.435667089262,4.954335714049
    ));
#2342 = CARTESIAN_POINT('',(-17.38935052366,4.461610893789,
    4.881758563293));
#2343 = CARTESIAN_POINT('',(-17.40745187063,4.495660835767,
    4.757577556925));
#2344 = CARTESIAN_POINT('',(-17.41334518528,4.506823960223,
    4.706805128792));
#2345 = CARTESIAN_POINT('',(-17.41779435006,4.515293286573,
    4.655484158979));
#2346 = CARTESIAN_POINT('',(-17.42077080249,4.520973912866,
    4.603784550411));
#2347 = CARTESIAN_POINT('',(-17.42225899199,4.523813835228,
    4.551890712144));
#2348 = CARTESIAN_POINT('',(-17.42225899199,4.523813835228,4.5));
#2349 = PCURVE('',#1247,#2350);
#2350 = DEFINITIONAL_REPRESENTATION('',(#2351),#2384);
#2351 = B_SPLINE_CURVE_WITH_KNOTS('',6,(#2352,#2353,#2354,#2355,#2356,
    #2357,#2358,#2359,#2360,#2361,#2362,#2363,#2364,#2365,#2366,#2367,
    #2368,#2369,#2370,#2371,#2372,#2373,#2374,#2375,#2376,#2377,#2378,
    #2379,#2380,#2381,#2382,#2383),.UNSPECIFIED.,.F.,.F.,(7,5,5,5,5,5,7)
  ,(0.,0.142885485838,0.358776787737,0.567409047314,0.705874643933,
    0.881408023426,1.),.UNSPECIFIED.);
#2352 = CARTESIAN_POINT('',(-8.290479526452E-02,4.712388980385));
#2353 = CARTESIAN_POINT('',(-8.018422304945E-02,4.747633031585));
#2354 = CARTESIAN_POINT('',(-7.745970866069E-02,4.782796049179));
#2355 = CARTESIAN_POINT('',(-7.473510755473E-02,4.817896863016));
#2356 = CARTESIAN_POINT('',(-7.201425441912E-02,4.852955226728));
#2357 = CARTESIAN_POINT('',(-6.930096317249E-02,4.887991817734));
#2358 = CARTESIAN_POINT('',(-6.251656524935E-02,4.975966141859));
#2359 = CARTESIAN_POINT('',(-5.846022899969E-02,5.028901338425));
#2360 = CARTESIAN_POINT('',(-5.444297648265E-02,5.08191274246));
#2361 = CARTESIAN_POINT('',(-5.047857089872E-02,5.135077557847));
#2362 = CARTESIAN_POINT('',(-4.658216494768E-02,5.188479005302));
#2363 = CARTESIAN_POINT('',(-3.90877547728E-02,5.294142330822));
#2364 = CARTESIAN_POINT('',(-3.548456496405E-02,5.346376024691));
#2365 = CARTESIAN_POINT('',(-3.197648155894E-02,5.399006986526));
#2366 = CARTESIAN_POINT('',(-2.858190478146E-02,5.452119941884));
#2367 = CARTESIAN_POINT('',(-2.532288363359E-02,5.505800510236));
#2368 = CARTESIAN_POINT('',(-2.016987041063E-02,5.596209542192));
#2369 = CARTESIAN_POINT('',(-1.818560845213E-02,5.632564358835));
#2370 = CARTESIAN_POINT('',(-1.628041276097E-02,5.669233757472));
#2371 = CARTESIAN_POINT('',(-1.446318732534E-02,5.706238722458));
#2372 = CARTESIAN_POINT('',(-1.274381729304E-02,5.743594732398));
#2373 = CARTESIAN_POINT('',(-9.090767259428E-03,5.829124854403));
#2374 = CARTESIAN_POINT('',(-7.222868999021E-03,5.877519126045));
#2375 = CARTESIAN_POINT('',(-5.551156791938E-03,5.926505681201));
#2376 = CARTESIAN_POINT('',(-4.09961475619E-03,5.976064127155));
#2377 = CARTESIAN_POINT('',(-2.892127234785E-03,6.026140608882));
#2378 = CARTESIAN_POINT('',(-1.308294561441E-03,6.110726119602));
#2379 = CARTESIAN_POINT('',(-7.893670444687E-04,6.145017142868));
#2380 = CARTESIAN_POINT('',(-3.958309075598E-04,6.179454619964));
#2381 = CARTESIAN_POINT('',(-1.319320365871E-04,6.213995640104));
#2382 = CARTESIAN_POINT('',(8.881784197001E-16,6.248591499083));
#2383 = CARTESIAN_POINT('',(8.881784197001E-16,6.28318530718));
#2384 = ( GEOMETRIC_REPRESENTATION_CONTEXT(2) 
PARAMETRIC_REPRESENTATION_CONTEXT() REPRESENTATION_CONTEXT('2D SPACE',''
  ) );
#2385 = PCURVE('',#1526,#2386);
#2386 = DEFINITIONAL_REPRESENTATION('',(#2387),#2420);
#2387 = B_SPLINE_CURVE_WITH_KNOTS('',6,(#2388,#2389,#2390,#2391,#2392,
    #2393,#2394,#2395,#2396,#2397,#2398,#2399,#2400,#2401,#2402,#2403,
    #2404,#2405,#2406,#2407,#2408,#2409,#2410,#2411,#2412,#2413,#2414,
    #2415,#2416,#2417,#2418,#2419),.UNSPECIFIED.,.F.,.F.,(7,5,5,5,5,5,7)
  ,(0.,0.142885485838,0.358776787737,0.567409047314,0.705874643933,
    0.881408023426,1.),.UNSPECIFIED.);
#2388 = CARTESIAN_POINT('',(0.343120757907,1.570796326851));
#2389 = CARTESIAN_POINT('',(0.334142846632,1.606040377958));
#2390 = CARTESIAN_POINT('',(0.325003570505,1.641203395567));
#2391 = CARTESIAN_POINT('',(0.315710694791,1.676304209437));
#2392 = CARTESIAN_POINT('',(0.306273300399,1.711362573157));
#2393 = CARTESIAN_POINT('',(0.296701783887,1.746399164145));
#2394 = CARTESIAN_POINT('',(0.272360922641,1.834373488269));
#2395 = CARTESIAN_POINT('',(0.257435293994,1.887308684835));
#2396 = CARTESIAN_POINT('',(0.242271340618,1.940320088871));
#2397 = CARTESIAN_POINT('',(0.22691998408,1.993484904258));
#2398 = CARTESIAN_POINT('',(0.211447734543,2.046886351712));
#2399 = CARTESIAN_POINT('',(0.180957087048,2.152549677232));
#2400 = CARTESIAN_POINT('',(0.165942776089,2.204783371101));
#2401 = CARTESIAN_POINT('',(0.150976281778,2.257414332936));
#2402 = CARTESIAN_POINT('',(0.136159677059,2.310527288295));
#2403 = CARTESIAN_POINT('',(0.121624751558,2.364207856646));
#2404 = CARTESIAN_POINT('',(9.818910638334E-02,2.454616888602));
#2405 = CARTESIAN_POINT('',(8.90383940459E-02,2.490971705245));
#2406 = CARTESIAN_POINT('',(8.013472564573E-02,2.527641103883));
#2407 = CARTESIAN_POINT('',(7.153579003652E-02,2.564646068869));
#2408 = CARTESIAN_POINT('',(6.330676833321E-02,2.602002078808));
#2409 = CARTESIAN_POINT('',(4.564609107285E-02,2.687532200813));
#2410 = CARTESIAN_POINT('',(3.648187180478E-02,2.735926472455));
#2411 = CARTESIAN_POINT('',(2.817245439657E-02,2.784913027612));
#2412 = CARTESIAN_POINT('',(2.087987254073E-02,2.834471473565));
#2413 = CARTESIAN_POINT('',(1.47672780269E-02,2.884547955293));
#2414 = CARTESIAN_POINT('',(6.709694317558E-03,2.969133466012));
#2415 = CARTESIAN_POINT('',(4.055841372955E-03,3.003424489279));
#2416 = CARTESIAN_POINT('',(2.035739618772E-03,3.037861966375));
#2417 = CARTESIAN_POINT('',(6.784596003113E-04,3.072402986514));
#2418 = CARTESIAN_POINT('',(1.714573816258E-08,3.106998845494));
#2419 = CARTESIAN_POINT('',(1.714573816258E-08,3.14159265359));
#2420 = ( GEOMETRIC_REPRESENTATION_CONTEXT(2) 
PARAMETRIC_REPRESENTATION_CONTEXT() REPRESENTATION_CONTEXT('2D SPACE',''
  ) );
#2421 = ORIENTED_EDGE('',*,*,#1228,.T.);
#2422 = ORIENTED_EDGE('',*,*,#2423,.T.);
#2423 = EDGE_CURVE('',#1231,#1721,#2424,.T.);
#2424 = SURFACE_CURVE('',#2425,(#2458,#2494),.PCURVE_S1.);
#2425 = B_SPLINE_CURVE_WITH_KNOTS('',6,(#2426,#2427,#2428,#2429,#2430,
    #2431,#2432,#2433,#2434,#2435,#2436,#2437,#2438,#2439,#2440,#2441,
    #2442,#2443,#2444,#2445,#2446,#2447,#2448,#2449,#2450,#2451,#2452,
    #2453,#2454,#2455,#2456,#2457),.UNSPECIFIED.,.F.,.F.,(7,5,5,5,5,5,7)
  ,(0.,0.142708761006,0.364489859456,0.580083676938,0.722581617531,
    0.885260284429,1.),.UNSPECIFIED.);
#2426 = CARTESIAN_POINT('',(-16.25894992128,-2.810079617586,6.));
#2427 = CARTESIAN_POINT('',(-16.30334407956,-2.863251193589,
    6.000000104886));
#2428 = CARTESIAN_POINT('',(-16.34740441828,-2.916780455519,
    5.997769517352));
#2429 = CARTESIAN_POINT('',(-16.39105187665,-2.970588074796,
    5.993328119953));
#2430 = CARTESIAN_POINT('',(-16.43421184956,-3.024592432953,
    5.986695092455));
#2431 = CARTESIAN_POINT('',(-16.47681418755,-3.078709621639,
    5.977888911844));
#2432 = CARTESIAN_POINT('',(-16.58403201426,-3.216997373274,
    5.949892191367));
#2433 = CARTESIAN_POINT('',(-16.64776197748,-3.301201137871,
    5.927652230248));
#2434 = CARTESIAN_POINT('',(-16.70974032259,-3.385144879146,
    5.900271548246));
#2435 = CARTESIAN_POINT('',(-16.76973632878,-3.468476705361,
    5.867809025269));
#2436 = CARTESIAN_POINT('',(-16.82753003962,-3.550801004634,
    5.830314360742));
#2437 = CARTESIAN_POINT('',(-16.93674690325,-3.710276509464,
    5.746519223877));
#2438 = CARTESIAN_POINT('',(-16.98829545304,-3.787496905356,
    5.700499263664));
#2439 = CARTESIAN_POINT('',(-17.03736841438,-3.862921438798,
    5.649794518847));
#2440 = CARTESIAN_POINT('',(-17.0837614788,-3.936055619803,
    5.594438604558));
#2441 = CARTESIAN_POINT('',(-17.12725747556,-4.006309203926,
    5.534478887283));
#2442 = CARTESIAN_POINT('',(-17.19431377937,-4.117060420547,
    5.427360606581));
#2443 = CARTESIAN_POINT('',(-17.21963041454,-4.159566245505,
    5.382758634637));
#2444 = CARTESIAN_POINT('',(-17.24351289445,-4.200304778442,
    5.336204437277));
#2445 = CARTESIAN_POINT('',(-17.26588652651,-4.23904386427,5.28773594742
    ));
#2446 = CARTESIAN_POINT('',(-17.28667154097,-4.275528569439,
    5.237412736312));
#2447 = CARTESIAN_POINT('',(-17.32760767785,-4.348259894436,
    5.125856562179));
#2448 = CARTESIAN_POINT('',(-17.34725252017,-4.383741871265,
    5.06408695903));
#2449 = CARTESIAN_POINT('',(-17.36459494504,-4.415528977636,
    5.000155554341));
#2450 = CARTESIAN_POINT('',(-17.37950450628,-4.443190455605,
    4.934267713787));
#2451 = CARTESIAN_POINT('',(-17.39185631212,-4.466309208279,
    4.866710792186));
#2452 = CARTESIAN_POINT('',(-17.40839410918,-4.497446037905,
    4.749322708377));
#2453 = CARTESIAN_POINT('',(-17.41391415553,-4.507907146159,
    4.700132078841));
#2454 = CARTESIAN_POINT('',(-17.41807980477,-4.515838089221,
    4.650443478991));
#2455 = CARTESIAN_POINT('',(-17.42086595131,-4.521155472749,
    4.600411863682));
#2456 = CARTESIAN_POINT('',(-17.42225899199,-4.523813835228,
    4.55020458407));
#2457 = CARTESIAN_POINT('',(-17.42225899199,-4.523813835228,4.5));
#2458 = PCURVE('',#1247,#2459);
#2459 = DEFINITIONAL_REPRESENTATION('',(#2460),#2493);
#2460 = B_SPLINE_CURVE_WITH_KNOTS('',6,(#2461,#2462,#2463,#2464,#2465,
    #2466,#2467,#2468,#2469,#2470,#2471,#2472,#2473,#2474,#2475,#2476,
    #2477,#2478,#2479,#2480,#2481,#2482,#2483,#2484,#2485,#2486,#2487,
    #2488,#2489,#2490,#2491,#2492),.UNSPECIFIED.,.F.,.F.,(7,5,5,5,5,5,7)
  ,(0.,0.142708761006,0.364489859456,0.580083676938,0.722581617531,
    0.885260284429,1.),.UNSPECIFIED.);
#2461 = CARTESIAN_POINT('',(-0.425188956232,4.712388980385));
#2462 = CARTESIAN_POINT('',(-0.427906176974,4.747589615254));
#2463 = CARTESIAN_POINT('',(-0.430627330313,4.782709415633));
#2464 = CARTESIAN_POINT('',(-0.433348574847,4.817767142316));
#2465 = CARTESIAN_POINT('',(-0.436066089967,4.852782475099));
#2466 = CARTESIAN_POINT('',(-0.43877607586,4.887776012778));
#2467 = CARTESIAN_POINT('',(-0.445668719509,4.977151664742));
#2468 = CARTESIAN_POINT('',(-0.44983514517,5.03153072834));
#2469 = CARTESIAN_POINT('',(-0.453960004172,5.085992321682));
#2470 = CARTESIAN_POINT('',(-0.458028361676,5.140620127521));
#2471 = CARTESIAN_POINT('',(-0.462023701772,5.195504539192));
#2472 = CARTESIAN_POINT('',(-0.469721906165,5.304457264239));
#2473 = CARTESIAN_POINT('',(-0.473429288932,5.35849826726));
#2474 = CARTESIAN_POINT('',(-0.477032534093,5.412977337629));
#2475 = CARTESIAN_POINT('',(-0.480510917555,5.467988188465));
#2476 = CARTESIAN_POINT('',(-0.48383941614,5.523624750057));
#2477 = CARTESIAN_POINT('',(-0.48906951174,5.617245685359));
#2478 = CARTESIAN_POINT('',(-0.491072056148,5.654815655162));
#2479 = CARTESIAN_POINT('',(-0.492987260138,5.692728150876));
#2480 = CARTESIAN_POINT('',(-0.494805051499,5.731004593887));
#2481 = CARTESIAN_POINT('',(-0.496514286549,5.769659243969));
#2482 = CARTESIAN_POINT('',(-0.499916953752,5.85326633046));
#2483 = CARTESIAN_POINT('',(-0.501573904948,5.898336019298));
#2484 = CARTESIAN_POINT('',(-0.50305607429,5.94390937777));
#2485 = CARTESIAN_POINT('',(-0.50434437616,5.989963794174));
#2486 = CARTESIAN_POINT('',(-0.505420230354,6.036450002334));
#2487 = CARTESIAN_POINT('',(-0.506868441927,6.116298988092));
#2488 = CARTESIAN_POINT('',(-0.507354715434,6.149493965747));
#2489 = CARTESIAN_POINT('',(-0.507723229902,6.182822116388));
#2490 = CARTESIAN_POINT('',(-0.507970254082,6.216244091357));
#2491 = CARTESIAN_POINT('',(-0.508093751501,6.249715584466));
#2492 = CARTESIAN_POINT('',(-0.508093751501,6.28318530718));
#2493 = ( GEOMETRIC_REPRESENTATION_CONTEXT(2) 
PARAMETRIC_REPRESENTATION_CONTEXT() REPRESENTATION_CONTEXT('2D SPACE',''
  ) );
#2494 = PCURVE('',#1276,#2495);
#2495 = DEFINITIONAL_REPRESENTATION('',(#2496),#2529);
#2496 = B_SPLINE_CURVE_WITH_KNOTS('',6,(#2497,#2498,#2499,#2500,#2501,
    #2502,#2503,#2504,#2505,#2506,#2507,#2508,#2509,#2510,#2511,#2512,
    #2513,#2514,#2515,#2516,#2517,#2518,#2519,#2520,#2521,#2522,#2523,
    #2524,#2525,#2526,#2527,#2528),.UNSPECIFIED.,.F.,.F.,(7,5,5,5,5,5,7)
  ,(0.,0.142708761006,0.364489859456,0.580083676938,0.722581617531,
    0.885260284429,1.),.UNSPECIFIED.);
#2497 = CARTESIAN_POINT('',(2.603719820963,1.570796326804));
#2498 = CARTESIAN_POINT('',(2.612686672126,1.605996961658));
#2499 = CARTESIAN_POINT('',(2.621814491665,1.64111676204));
#2500 = CARTESIAN_POINT('',(2.631095541912,1.676174488728));
#2501 = CARTESIAN_POINT('',(2.640520776758,1.711189821512));
#2502 = CARTESIAN_POINT('',(2.650079841652,1.746183359188));
#2503 = CARTESIAN_POINT('',(2.674806500679,1.835559011152));
#2504 = CARTESIAN_POINT('',(2.690146127443,1.88993807475));
#2505 = CARTESIAN_POINT('',(2.705736276167,1.944399668092));
#2506 = CARTESIAN_POINT('',(2.721521506164,1.999027473931));
#2507 = CARTESIAN_POINT('',(2.737428802795,2.053911885603));
#2508 = CARTESIAN_POINT('',(2.768850230018,2.162864610649));
#2509 = CARTESIAN_POINT('',(2.784360706211,2.216905613671));
#2510 = CARTESIAN_POINT('',(2.799806156838,2.271384684039));
#2511 = CARTESIAN_POINT('',(2.815070530301,2.326395534875));
#2512 = CARTESIAN_POINT('',(2.830002967025,2.382032096467));
#2513 = CARTESIAN_POINT('',(2.853935739113,2.475653031769));
#2514 = CARTESIAN_POINT('',(2.863229809422,2.513223001572));
#2515 = CARTESIAN_POINT('',(2.872238954178,2.551135497286));
#2516 = CARTESIAN_POINT('',(2.880897512037,2.589411940297));
#2517 = CARTESIAN_POINT('',(2.889131644534,2.628066590379));
#2518 = CARTESIAN_POINT('',(2.905686192354,2.711673676871));
#2519 = CARTESIAN_POINT('',(2.913853901481,2.756743365708));
#2520 = CARTESIAN_POINT('',(2.921244986017,2.80231672418));
#2521 = CARTESIAN_POINT('',(2.927730200277,2.848371140584));
#2522 = CARTESIAN_POINT('',(2.933182699641,2.894857348744));
#2523 = CARTESIAN_POINT('',(2.940555355423,2.974706334503));
#2524 = CARTESIAN_POINT('',(2.943043116655,3.007901312157));
#2525 = CARTESIAN_POINT('',(2.94493500715,3.041229462799));
#2526 = CARTESIAN_POINT('',(2.946205487682,3.074651437767));
#2527 = CARTESIAN_POINT('',(2.946840565707,3.108122930877));
#2528 = CARTESIAN_POINT('',(2.946840565707,3.14159265359));
#2529 = ( GEOMETRIC_REPRESENTATION_CONTEXT(2) 
PARAMETRIC_REPRESENTATION_CONTEXT() REPRESENTATION_CONTEXT('2D SPACE',''
  ) );
#2530 = ORIENTED_EDGE('',*,*,#1741,.F.);
#2531 = ADVANCED_FACE('',(#2532),#1526,.T.);
#2532 = FACE_BOUND('',#2533,.T.);
#2533 = EDGE_LOOP('',(#2534,#2535,#2536,#2644));
#2534 = ORIENTED_EDGE('',*,*,#2314,.F.);
#2535 = ORIENTED_EDGE('',*,*,#1511,.T.);
#2536 = ORIENTED_EDGE('',*,*,#2537,.T.);
#2537 = EDGE_CURVE('',#1483,#1625,#2538,.T.);
#2538 = SURFACE_CURVE('',#2539,(#2572,#2608),.PCURVE_S1.);
#2539 = B_SPLINE_CURVE_WITH_KNOTS('',6,(#2540,#2541,#2542,#2543,#2544,
    #2545,#2546,#2547,#2548,#2549,#2550,#2551,#2552,#2553,#2554,#2555,
    #2556,#2557,#2558,#2559,#2560,#2561,#2562,#2563,#2564,#2565,#2566,
    #2567,#2568,#2569,#2570,#2571),.UNSPECIFIED.,.F.,.F.,(7,5,5,5,5,5,7)
  ,(0.,0.142708761006,0.364489859456,0.580083676938,0.722581617531,
    0.885260284429,1.),.UNSPECIFIED.);
#2540 = CARTESIAN_POINT('',(-12.33429817812,10.959702936353,6.));
#2541 = CARTESIAN_POINT('',(-12.40354869516,10.961259751548,
    6.000000104886));
#2542 = CARTESIAN_POINT('',(-12.47287072923,10.962332562576,
    5.997769517352));
#2543 = CARTESIAN_POINT('',(-12.54215296515,10.962909017779,
    5.993328119953));
#2544 = CARTESIAN_POINT('',(-12.6112850755,10.962981676809,
    5.986695092455));
#2545 = CARTESIAN_POINT('',(-12.68015772063,10.962548010627,
    5.977888911844));
#2546 = CARTESIAN_POINT('',(-12.85512466003,10.960153280165,
    5.949892191367));
#2547 = CARTESIAN_POINT('',(-12.96069279628,10.957479183284,
    5.927652230248));
#2548 = CARTESIAN_POINT('',(-13.06496552207,10.953597738105,
    5.900271548246));
#2549 = CARTESIAN_POINT('',(-13.16752386531,10.948547960755,
    5.867809025269));
#2550 = CARTESIAN_POINT('',(-13.26792138358,10.942404542337,
    5.830314360742));
#2551 = CARTESIAN_POINT('',(-13.4606999546,10.928362373827,
    5.746519223877));
#2552 = CARTESIAN_POINT('',(-13.55321328629,10.920518523599,
    5.700499263664));
#2553 = CARTESIAN_POINT('',(-13.64277905203,10.9118588823,5.649794518847
    ));
#2554 = CARTESIAN_POINT('',(-13.72888325972,10.902532024607,
    5.594438604558));
#2555 = CARTESIAN_POINT('',(-13.81092903395,10.892736170993,
    5.534478887283));
#2556 = CARTESIAN_POINT('',(-13.9393267434,10.876110646299,
    5.427360606581));
#2557 = CARTESIAN_POINT('',(-13.98834379939,10.869402040329,
    5.382758634637));
#2558 = CARTESIAN_POINT('',(-14.03508494965,10.862674055168,
    5.336204437277));
#2559 = CARTESIAN_POINT('',(-14.07932211798,10.856013040149,
    5.28773594742));
#2560 = CARTESIAN_POINT('',(-14.12080625365,10.849515577219,
    5.237412736312));
#2561 = CARTESIAN_POINT('',(-14.20319315717,10.836173498389,
    5.125856562179));
#2562 = CARTESIAN_POINT('',(-14.24318244256,10.829409803882,
    5.06408695903));
#2563 = CARTESIAN_POINT('',(-14.2788474281,10.823149720969,
    5.000155554341));
#2564 = CARTESIAN_POINT('',(-14.30977000181,10.817559835922,
    4.934267713787));
#2565 = CARTESIAN_POINT('',(-14.33554619547,10.812802560068,
    4.866710792186));
#2566 = CARTESIAN_POINT('',(-14.37020109695,10.806318834729,
    4.749322708377));
#2567 = CARTESIAN_POINT('',(-14.38182161333,10.804112186439,
    4.700132078841));
#2568 = CARTESIAN_POINT('',(-14.39061951412,10.80242416004,
    4.650443478991));
#2569 = CARTESIAN_POINT('',(-14.39651394592,10.80128712272,
    4.600411863682));
#2570 = CARTESIAN_POINT('',(-14.39946088405,10.800718783882,
    4.55020458407));
#2571 = CARTESIAN_POINT('',(-14.39946088405,10.800718783882,4.5));
#2572 = PCURVE('',#1526,#2573);
#2573 = DEFINITIONAL_REPRESENTATION('',(#2574),#2607);
#2574 = B_SPLINE_CURVE_WITH_KNOTS('',6,(#2575,#2576,#2577,#2578,#2579,
    #2580,#2581,#2582,#2583,#2584,#2585,#2586,#2587,#2588,#2589,#2590,
    #2591,#2592,#2593,#2594,#2595,#2596,#2597,#2598,#2599,#2600,#2601,
    #2602,#2603,#2604,#2605,#2606),.UNSPECIFIED.,.F.,.F.,(7,5,5,5,5,5,7)
  ,(0.,0.142708761006,0.364489859456,0.580083676938,0.722581617531,
    0.885260284429,1.),.UNSPECIFIED.);
#2575 = CARTESIAN_POINT('',(2.603719820963,1.570796326806));
#2576 = CARTESIAN_POINT('',(2.612686672126,1.605996961658));
#2577 = CARTESIAN_POINT('',(2.621814491665,1.64111676204));
#2578 = CARTESIAN_POINT('',(2.631095541912,1.676174488729));
#2579 = CARTESIAN_POINT('',(2.640520776758,1.711189821513));
#2580 = CARTESIAN_POINT('',(2.650079841652,1.746183359188));
#2581 = CARTESIAN_POINT('',(2.674806500679,1.835559011152));
#2582 = CARTESIAN_POINT('',(2.690146127443,1.88993807475));
#2583 = CARTESIAN_POINT('',(2.705736276167,1.944399668092));
#2584 = CARTESIAN_POINT('',(2.721521506164,1.999027473931));
#2585 = CARTESIAN_POINT('',(2.737428802795,2.053911885603));
#2586 = CARTESIAN_POINT('',(2.768850230018,2.162864610649));
#2587 = CARTESIAN_POINT('',(2.784360706211,2.216905613671));
#2588 = CARTESIAN_POINT('',(2.799806156838,2.271384684039));
#2589 = CARTESIAN_POINT('',(2.815070530301,2.326395534875));
#2590 = CARTESIAN_POINT('',(2.830002967025,2.382032096467));
#2591 = CARTESIAN_POINT('',(2.853935739113,2.475653031769));
#2592 = CARTESIAN_POINT('',(2.863229809422,2.513223001572));
#2593 = CARTESIAN_POINT('',(2.872238954178,2.551135497286));
#2594 = CARTESIAN_POINT('',(2.880897512037,2.589411940297));
#2595 = CARTESIAN_POINT('',(2.889131644534,2.628066590379));
#2596 = CARTESIAN_POINT('',(2.905686192354,2.711673676871));
#2597 = CARTESIAN_POINT('',(2.913853901481,2.756743365708));
#2598 = CARTESIAN_POINT('',(2.921244986017,2.80231672418));
#2599 = CARTESIAN_POINT('',(2.927730200277,2.848371140584));
#2600 = CARTESIAN_POINT('',(2.933182699641,2.894857348744));
#2601 = CARTESIAN_POINT('',(2.940555355423,2.974706334503));
#2602 = CARTESIAN_POINT('',(2.943043116655,3.007901312157));
#2603 = CARTESIAN_POINT('',(2.94493500715,3.041229462799));
#2604 = CARTESIAN_POINT('',(2.946205487682,3.074651437767));
#2605 = CARTESIAN_POINT('',(2.946840565707,3.108122930877));
#2606 = CARTESIAN_POINT('',(2.946840565707,3.14159265359));
#2607 = ( GEOMETRIC_REPRESENTATION_CONTEXT(2) 
PARAMETRIC_REPRESENTATION_CONTEXT() REPRESENTATION_CONTEXT('2D SPACE',''
  ) );
#2608 = PCURVE('',#1499,#2609);
#2609 = DEFINITIONAL_REPRESENTATION('',(#2610),#2643);
#2610 = B_SPLINE_CURVE_WITH_KNOTS('',6,(#2611,#2612,#2613,#2614,#2615,
    #2616,#2617,#2618,#2619,#2620,#2621,#2622,#2623,#2624,#2625,#2626,
    #2627,#2628,#2629,#2630,#2631,#2632,#2633,#2634,#2635,#2636,#2637,
    #2638,#2639,#2640,#2641,#2642),.UNSPECIFIED.,.F.,.F.,(7,5,5,5,5,5,7)
  ,(0.,0.142708761006,0.364489859456,0.580083676938,0.722581617531,
    0.885260284429,1.),.UNSPECIFIED.);
#2611 = CARTESIAN_POINT('',(-0.425188956232,4.712388980385));
#2612 = CARTESIAN_POINT('',(-0.427906176974,4.747589615255));
#2613 = CARTESIAN_POINT('',(-0.430627330313,4.782709415634));
#2614 = CARTESIAN_POINT('',(-0.433348574847,4.817767142317));
#2615 = CARTESIAN_POINT('',(-0.436066089967,4.852782475099));
#2616 = CARTESIAN_POINT('',(-0.43877607586,4.887776012778));
#2617 = CARTESIAN_POINT('',(-0.445668719509,4.977151664742));
#2618 = CARTESIAN_POINT('',(-0.44983514517,5.03153072834));
#2619 = CARTESIAN_POINT('',(-0.453960004172,5.085992321682));
#2620 = CARTESIAN_POINT('',(-0.458028361676,5.140620127521));
#2621 = CARTESIAN_POINT('',(-0.462023701772,5.195504539192));
#2622 = CARTESIAN_POINT('',(-0.469721906165,5.304457264239));
#2623 = CARTESIAN_POINT('',(-0.473429288932,5.35849826726));
#2624 = CARTESIAN_POINT('',(-0.477032534093,5.412977337629));
#2625 = CARTESIAN_POINT('',(-0.480510917555,5.467988188465));
#2626 = CARTESIAN_POINT('',(-0.48383941614,5.523624750057));
#2627 = CARTESIAN_POINT('',(-0.48906951174,5.617245685359));
#2628 = CARTESIAN_POINT('',(-0.491072056148,5.654815655162));
#2629 = CARTESIAN_POINT('',(-0.492987260138,5.692728150876));
#2630 = CARTESIAN_POINT('',(-0.494805051499,5.731004593887));
#2631 = CARTESIAN_POINT('',(-0.496514286549,5.769659243969));
#2632 = CARTESIAN_POINT('',(-0.499916953752,5.85326633046));
#2633 = CARTESIAN_POINT('',(-0.501573904948,5.898336019298));
#2634 = CARTESIAN_POINT('',(-0.50305607429,5.943909377769));
#2635 = CARTESIAN_POINT('',(-0.50434437616,5.989963794174));
#2636 = CARTESIAN_POINT('',(-0.505420230354,6.036450002334));
#2637 = CARTESIAN_POINT('',(-0.506868441927,6.116298988092));
#2638 = CARTESIAN_POINT('',(-0.507354715434,6.149493965747));
#2639 = CARTESIAN_POINT('',(-0.507723229902,6.182822116388));
#2640 = CARTESIAN_POINT('',(-0.507970254082,6.216244091357));
#2641 = CARTESIAN_POINT('',(-0.508093751501,6.249715584466));
#2642 = CARTESIAN_POINT('',(-0.508093751501,6.28318530718));
#2643 = ( GEOMETRIC_REPRESENTATION_CONTEXT(2) 
PARAMETRIC_REPRESENTATION_CONTEXT() REPRESENTATION_CONTEXT('2D SPACE',''
  ) );
#2644 = ORIENTED_EDGE('',*,*,#1673,.F.);
#2645 = ADVANCED_FACE('',(#2646),#1276,.T.);
#2646 = FACE_BOUND('',#2647,.T.);
#2647 = EDGE_LOOP('',(#2648,#2756,#2757,#2758));
#2648 = ORIENTED_EDGE('',*,*,#2649,.F.);
#2649 = EDGE_CURVE('',#1260,#1770,#2650,.T.);
#2650 = SURFACE_CURVE('',#2651,(#2684,#2720),.PCURVE_S1.);
#2651 = B_SPLINE_CURVE_WITH_KNOTS('',6,(#2652,#2653,#2654,#2655,#2656,
    #2657,#2658,#2659,#2660,#2661,#2662,#2663,#2664,#2665,#2666,#2667,
    #2668,#2669,#2670,#2671,#2672,#2673,#2674,#2675,#2676,#2677,#2678,
    #2679,#2680,#2681,#2682,#2683),.UNSPECIFIED.,.F.,.F.,(7,5,5,5,5,5,7)
  ,(0.,0.142885485885,0.358776787773,0.567409047338,0.70587464395,
    0.881408023433,1.),.UNSPECIFIED.);
#2652 = CARTESIAN_POINT('',(-12.33429817798,-10.95970293651,6.));
#2653 = CARTESIAN_POINT('',(-12.40363410971,-10.96126167144,
    6.000000105512));
#2654 = CARTESIAN_POINT('',(-12.47304173252,-10.96233520826,
    5.997764011372));
#2655 = CARTESIAN_POINT('',(-12.54240932219,-10.96291114874,
    5.993311675245));
#2656 = CARTESIAN_POINT('',(-12.61162614472,-10.96298203076,
    5.986662347572));
#2657 = CARTESIAN_POINT('',(-12.68058245629,-10.96254532828,
    5.977834571567));
#2658 = CARTESIAN_POINT('',(-12.85280037095,-10.96018033237,
    5.950243394963));
#2659 = CARTESIAN_POINT('',(-12.95558325988,-10.95760405434,
    5.928708746703));
#2660 = CARTESIAN_POINT('',(-13.05714736968,-10.95388354814,
    5.902301418089));
#2661 = CARTESIAN_POINT('',(-13.15710646074,-10.94905418634,
    5.871075882733));
#2662 = CARTESIAN_POINT('',(-13.25505022778,-10.94318321178,
    5.835078354707));
#2663 = CARTESIAN_POINT('',(-13.44281055467,-10.92979603148,
    5.754977776662));
#2664 = CARTESIAN_POINT('',(-13.53277862031,-10.92234270466,
    5.711192607131));
#2665 = CARTESIAN_POINT('',(-13.62004736501,-10.91410893174,
    5.663016175607));
#2666 = CARTESIAN_POINT('',(-13.70415838056,-10.90522473984,
    5.610479106548));
#2667 = CARTESIAN_POINT('',(-13.78458307069,-10.89586293776,
    5.55362196229));
#2668 = CARTESIAN_POINT('',(-13.91124803527,-10.87986276803,
    5.451939418665));
#2669 = CARTESIAN_POINT('',(-13.95988373649,-10.87336794231,
    5.409502137423));
#2670 = CARTESIAN_POINT('',(-14.00644809265,-10.86682579528,
    5.365210265296));
#2671 = CARTESIAN_POINT('',(-14.05073852664,-10.86031229659,
    5.319094375472));
#2672 = CARTESIAN_POINT('',(-14.09253321267,-10.85391287891,
    5.271202125471));
#2673 = CARTESIAN_POINT('',(-14.18111837882,-10.83987059459,
    5.158727971035));
#2674 = CARTESIAN_POINT('',(-14.22625257607,-10.83235314477,
    5.093108702465));
#2675 = CARTESIAN_POINT('',(-14.26651246811,-10.82535827055,
    5.02489966275));
#2676 = CARTESIAN_POINT('',(-14.30137157599,-10.81909508578,
    4.954335714049));
#2677 = CARTESIAN_POINT('',(-14.33031057173,-10.81377280693,
    4.881758563293));
#2678 = CARTESIAN_POINT('',(-14.36821789359,-10.80669521829,
    4.757577556925));
#2679 = CARTESIAN_POINT('',(-14.38061999731,-10.80434270296,
    4.706805128792));
#2680 = CARTESIAN_POINT('',(-14.39001559216,-10.80254066145,
    4.655484158979));
#2681 = CARTESIAN_POINT('',(-14.39631267236,-10.8013259331,
    4.603784550411));
#2682 = CARTESIAN_POINT('',(-14.39946088405,-10.80071878388,
    4.551890712144));
#2683 = CARTESIAN_POINT('',(-14.39946088405,-10.80071878388,4.5));
#2684 = PCURVE('',#1276,#2685);
#2685 = DEFINITIONAL_REPRESENTATION('',(#2686),#2719);
#2686 = B_SPLINE_CURVE_WITH_KNOTS('',6,(#2687,#2688,#2689,#2690,#2691,
    #2692,#2693,#2694,#2695,#2696,#2697,#2698,#2699,#2700,#2701,#2702,
    #2703,#2704,#2705,#2706,#2707,#2708,#2709,#2710,#2711,#2712,#2713,
    #2714,#2715,#2716,#2717,#2718),.UNSPECIFIED.,.F.,.F.,(7,5,5,5,5,5,7)
  ,(0.,0.142885485885,0.358776787773,0.567409047338,0.70587464395,
    0.881408023433,1.),.UNSPECIFIED.);
#2687 = CARTESIAN_POINT('',(0.343120757898,1.570796326665));
#2688 = CARTESIAN_POINT('',(0.334142846674,1.606040377946));
#2689 = CARTESIAN_POINT('',(0.325003570535,1.641203395543));
#2690 = CARTESIAN_POINT('',(0.315710694797,1.676304209371));
#2691 = CARTESIAN_POINT('',(0.306273300396,1.711362573095));
#2692 = CARTESIAN_POINT('',(0.296701783891,1.746399164131));
#2693 = CARTESIAN_POINT('',(0.272360922641,1.834373488269));
#2694 = CARTESIAN_POINT('',(0.257435293994,1.887308684835));
#2695 = CARTESIAN_POINT('',(0.242271340618,1.940320088871));
#2696 = CARTESIAN_POINT('',(0.22691998408,1.993484904258));
#2697 = CARTESIAN_POINT('',(0.211447734543,2.046886351712));
#2698 = CARTESIAN_POINT('',(0.180957087048,2.152549677232));
#2699 = CARTESIAN_POINT('',(0.165942776089,2.204783371101));
#2700 = CARTESIAN_POINT('',(0.150976281778,2.257414332936));
#2701 = CARTESIAN_POINT('',(0.136159677059,2.310527288295));
#2702 = CARTESIAN_POINT('',(0.121624751558,2.364207856646));
#2703 = CARTESIAN_POINT('',(9.818910638335E-02,2.454616888602));
#2704 = CARTESIAN_POINT('',(8.90383940459E-02,2.490971705245));
#2705 = CARTESIAN_POINT('',(8.013472564573E-02,2.527641103883));
#2706 = CARTESIAN_POINT('',(7.153579003653E-02,2.564646068869));
#2707 = CARTESIAN_POINT('',(6.330676833321E-02,2.602002078808));
#2708 = CARTESIAN_POINT('',(4.564609107286E-02,2.687532200813));
#2709 = CARTESIAN_POINT('',(3.648187180475E-02,2.735926472456));
#2710 = CARTESIAN_POINT('',(2.817245439661E-02,2.784913027611));
#2711 = CARTESIAN_POINT('',(2.087987254071E-02,2.834471473565));
#2712 = CARTESIAN_POINT('',(1.47672780269E-02,2.884547955292));
#2713 = CARTESIAN_POINT('',(6.709694317562E-03,2.969133466012));
#2714 = CARTESIAN_POINT('',(4.055841372953E-03,3.003424489279));
#2715 = CARTESIAN_POINT('',(2.03573961877E-03,3.037861966375));
#2716 = CARTESIAN_POINT('',(6.784596003122E-04,3.072402986514));
#2717 = CARTESIAN_POINT('',(1.714573816258E-08,3.106998845494));
#2718 = CARTESIAN_POINT('',(1.714573816258E-08,3.14159265359));
#2719 = ( GEOMETRIC_REPRESENTATION_CONTEXT(2) 
PARAMETRIC_REPRESENTATION_CONTEXT() REPRESENTATION_CONTEXT('2D SPACE',''
  ) );
#2720 = PCURVE('',#1305,#2721);
#2721 = DEFINITIONAL_REPRESENTATION('',(#2722),#2755);
#2722 = B_SPLINE_CURVE_WITH_KNOTS('',6,(#2723,#2724,#2725,#2726,#2727,
    #2728,#2729,#2730,#2731,#2732,#2733,#2734,#2735,#2736,#2737,#2738,
    #2739,#2740,#2741,#2742,#2743,#2744,#2745,#2746,#2747,#2748,#2749,
    #2750,#2751,#2752,#2753,#2754),.UNSPECIFIED.,.F.,.F.,(7,5,5,5,5,5,7)
  ,(0.,0.142885485885,0.358776787773,0.567409047338,0.70587464395,
    0.881408023433,1.),.UNSPECIFIED.);
#2723 = CARTESIAN_POINT('',(-8.290479528164E-02,4.712388980385));
#2724 = CARTESIAN_POINT('',(-8.018422304856E-02,4.747633031449));
#2725 = CARTESIAN_POINT('',(-7.745970866143E-02,4.782796049081));
#2726 = CARTESIAN_POINT('',(-7.473510756039E-02,4.817896862987));
#2727 = CARTESIAN_POINT('',(-7.201425442484E-02,4.852955226728));
#2728 = CARTESIAN_POINT('',(-6.930096317353E-02,4.887991817721));
#2729 = CARTESIAN_POINT('',(-6.251656524935E-02,4.975966141859));
#2730 = CARTESIAN_POINT('',(-5.846022899969E-02,5.028901338425));
#2731 = CARTESIAN_POINT('',(-5.444297648266E-02,5.08191274246));
#2732 = CARTESIAN_POINT('',(-5.047857089872E-02,5.135077557847));
#2733 = CARTESIAN_POINT('',(-4.658216494769E-02,5.188479005302));
#2734 = CARTESIAN_POINT('',(-3.90877547728E-02,5.294142330822));
#2735 = CARTESIAN_POINT('',(-3.548456496406E-02,5.346376024691));
#2736 = CARTESIAN_POINT('',(-3.197648155894E-02,5.399006986526));
#2737 = CARTESIAN_POINT('',(-2.858190478146E-02,5.452119941884));
#2738 = CARTESIAN_POINT('',(-2.532288363359E-02,5.505800510236));
#2739 = CARTESIAN_POINT('',(-2.016987041064E-02,5.596209542192));
#2740 = CARTESIAN_POINT('',(-1.818560845213E-02,5.632564358835));
#2741 = CARTESIAN_POINT('',(-1.628041276097E-02,5.669233757472));
#2742 = CARTESIAN_POINT('',(-1.446318732535E-02,5.706238722458));
#2743 = CARTESIAN_POINT('',(-1.274381729304E-02,5.743594732398));
#2744 = CARTESIAN_POINT('',(-9.090767259432E-03,5.829124854402));
#2745 = CARTESIAN_POINT('',(-7.222868999019E-03,5.877519126045));
#2746 = CARTESIAN_POINT('',(-5.551156791948E-03,5.926505681201));
#2747 = CARTESIAN_POINT('',(-4.099614756187E-03,5.976064127155));
#2748 = CARTESIAN_POINT('',(-2.892127234789E-03,6.026140608882));
#2749 = CARTESIAN_POINT('',(-1.308294561443E-03,6.110726119602));
#2750 = CARTESIAN_POINT('',(-7.893670444714E-04,6.145017142868));
#2751 = CARTESIAN_POINT('',(-3.958309075607E-04,6.179454619964));
#2752 = CARTESIAN_POINT('',(-1.31932036588E-04,6.213995640104));
#2753 = CARTESIAN_POINT('',(-8.881784197001E-16,6.248591499083));
#2754 = CARTESIAN_POINT('',(-8.881784197001E-16,6.28318530718));
#2755 = ( GEOMETRIC_REPRESENTATION_CONTEXT(2) 
PARAMETRIC_REPRESENTATION_CONTEXT() REPRESENTATION_CONTEXT('2D SPACE',''
  ) );
#2756 = ORIENTED_EDGE('',*,*,#1259,.T.);
#2757 = ORIENTED_EDGE('',*,*,#2423,.T.);
#2758 = ORIENTED_EDGE('',*,*,#1769,.F.);
#2759 = ADVANCED_FACE('',(#2760),#1499,.T.);
#2760 = FACE_BOUND('',#2761,.F.);
#2761 = EDGE_LOOP('',(#2762,#2870,#2871,#2872));
#2762 = ORIENTED_EDGE('',*,*,#2763,.F.);
#2763 = EDGE_CURVE('',#1454,#1578,#2764,.T.);
#2764 = SURFACE_CURVE('',#2765,(#2798,#2834),.PCURVE_S1.);
#2765 = B_SPLINE_CURVE_WITH_KNOTS('',6,(#2766,#2767,#2768,#2769,#2770,
    #2771,#2772,#2773,#2774,#2775,#2776,#2777,#2778,#2779,#2780,#2781,
    #2782,#2783,#2784,#2785,#2786,#2787,#2788,#2789,#2790,#2791,#2792,
    #2793,#2794,#2795,#2796,#2797),.UNSPECIFIED.,.F.,.F.,(7,5,5,5,5,5,7)
  ,(0.,0.142885485837,0.358776787736,0.567409047314,0.705874643933,
    0.881408023426,1.),.UNSPECIFIED.);
#2766 = CARTESIAN_POINT('',(-7.940280751514,14.463814904345,6.));
#2767 = CARTESIAN_POINT('',(-7.926371709791,14.531759290692,
    6.000000105508));
#2768 = CARTESIAN_POINT('',(-7.911973681689,14.599665603863,
    5.997764011364));
#2769 = CARTESIAN_POINT('',(-7.897099441175,14.667422161998,
    5.993311675236));
#2770 = CARTESIAN_POINT('',(-7.881766354022,14.734919346969,
    5.986662347565));
#2771 = CARTESIAN_POINT('',(-7.865996377807,14.802049604382,
    5.977834571563));
#2772 = CARTESIAN_POINT('',(-7.825368586082,14.969423395234,
    5.950243394963));
#2773 = CARTESIAN_POINT('',(-7.799985556277,15.06905602675,
    5.928708746703));
#2774 = CARTESIAN_POINT('',(-7.773758190365,15.167245821756,
    5.902301418089));
#2775 = CARTESIAN_POINT('',(-7.746806920453,15.263624095614,
    5.871075882733));
#2776 = CARTESIAN_POINT('',(-7.719288604966,15.357805793182,
    5.835078354707));
#2777 = CARTESIAN_POINT('',(-7.664456465923,15.537879648798,
    5.754977776662));
#2778 = CARTESIAN_POINT('',(-7.637170231572,15.623933505952,
    5.711192607131));
#2779 = CARTESIAN_POINT('',(-7.609723773956,15.707182054182,
    5.663016175607));
#2780 = CARTESIAN_POINT('',(-7.582345865564,15.787207312284,
    5.610479106548));
#2781 = CARTESIAN_POINT('',(-7.555322606244,15.863532390576,
    5.55362196229));
#2782 = CARTESIAN_POINT('',(-7.51153798796,15.983461227331,
    5.451939418665));
#2783 = CARTESIAN_POINT('',(-7.494383539422,16.029432295299,
    5.409502137423));
#2784 = CARTESIAN_POINT('',(-7.477643873657,16.07337342116,
    5.365210265296));
#2785 = CARTESIAN_POINT('',(-7.46143813324,16.115104011695,
    5.319094375472));
#2786 = CARTESIAN_POINT('',(-7.445898969747,16.154426813287,
    5.271202125471));
#2787 = CARTESIAN_POINT('',(-7.41249670091,16.237666262145,
    5.158727971035));
#2788 = CARTESIAN_POINT('',(-7.395124425526,16.279996060883,
    5.093108702465));
#2789 = CARTESIAN_POINT('',(-7.379346258629,16.31769004743,5.02489966275
    ));
#2790 = CARTESIAN_POINT('',(-7.36548322373,16.350281474971,
    4.954335714049));
#2791 = CARTESIAN_POINT('',(-7.353854853164,16.37731059121,
    4.881758563293));
#2792 = CARTESIAN_POINT('',(-7.338519541789,16.412692585729,
    4.757577556926));
#2793 = CARTESIAN_POINT('',(-7.333466281226,16.424260258908,
    4.706805128792));
#2794 = CARTESIAN_POINT('',(-7.32961870412,16.433019294617,
    4.655484158979));
#2795 = CARTESIAN_POINT('',(-7.327033199376,16.438888191388,
    4.603784550411));
#2796 = CARTESIAN_POINT('',(-7.325740729646,16.441822367427,
    4.551890712144));
#2797 = CARTESIAN_POINT('',(-7.325740729646,16.441822367427,4.5));
#2798 = PCURVE('',#1499,#2799);
#2799 = DEFINITIONAL_REPRESENTATION('',(#2800),#2833);
#2800 = B_SPLINE_CURVE_WITH_KNOTS('',6,(#2801,#2802,#2803,#2804,#2805,
    #2806,#2807,#2808,#2809,#2810,#2811,#2812,#2813,#2814,#2815,#2816,
    #2817,#2818,#2819,#2820,#2821,#2822,#2823,#2824,#2825,#2826,#2827,
    #2828,#2829,#2830,#2831,#2832),.UNSPECIFIED.,.F.,.F.,(7,5,5,5,5,5,7)
  ,(0.,0.142885485837,0.358776787736,0.567409047314,0.705874643933,
    0.881408023426,1.),.UNSPECIFIED.);
#2801 = CARTESIAN_POINT('',(-8.290479526423E-02,4.712388980385));
#2802 = CARTESIAN_POINT('',(-8.018422304947E-02,4.747633031587));
#2803 = CARTESIAN_POINT('',(-7.745970866068E-02,4.782796049181));
#2804 = CARTESIAN_POINT('',(-7.473510755463E-02,4.817896863016));
#2805 = CARTESIAN_POINT('',(-7.201425441902E-02,4.852955226728));
#2806 = CARTESIAN_POINT('',(-6.930096317247E-02,4.887991817735));
#2807 = CARTESIAN_POINT('',(-6.251656524935E-02,4.975966141859));
#2808 = CARTESIAN_POINT('',(-5.846022899969E-02,5.028901338425));
#2809 = CARTESIAN_POINT('',(-5.444297648265E-02,5.08191274246));
#2810 = CARTESIAN_POINT('',(-5.047857089872E-02,5.135077557847));
#2811 = CARTESIAN_POINT('',(-4.658216494768E-02,5.188479005302));
#2812 = CARTESIAN_POINT('',(-3.90877547728E-02,5.294142330822));
#2813 = CARTESIAN_POINT('',(-3.548456496405E-02,5.346376024691));
#2814 = CARTESIAN_POINT('',(-3.197648155894E-02,5.399006986526));
#2815 = CARTESIAN_POINT('',(-2.858190478146E-02,5.452119941884));
#2816 = CARTESIAN_POINT('',(-2.532288363359E-02,5.505800510236));
#2817 = CARTESIAN_POINT('',(-2.016987041063E-02,5.596209542192));
#2818 = CARTESIAN_POINT('',(-1.818560845213E-02,5.632564358835));
#2819 = CARTESIAN_POINT('',(-1.628041276097E-02,5.669233757472));
#2820 = CARTESIAN_POINT('',(-1.446318732535E-02,5.706238722458));
#2821 = CARTESIAN_POINT('',(-1.274381729304E-02,5.743594732398));
#2822 = CARTESIAN_POINT('',(-9.090767259431E-03,5.829124854402));
#2823 = CARTESIAN_POINT('',(-7.222868999021E-03,5.877519126045));
#2824 = CARTESIAN_POINT('',(-5.551156791946E-03,5.926505681201));
#2825 = CARTESIAN_POINT('',(-4.099614756188E-03,5.976064127155));
#2826 = CARTESIAN_POINT('',(-2.892127234788E-03,6.026140608882));
#2827 = CARTESIAN_POINT('',(-1.308294561443E-03,6.110726119602));
#2828 = CARTESIAN_POINT('',(-7.893670444696E-04,6.145017142868));
#2829 = CARTESIAN_POINT('',(-3.958309075616E-04,6.179454619964));
#2830 = CARTESIAN_POINT('',(-1.31932036588E-04,6.213995640104));
#2831 = CARTESIAN_POINT('',(0.,6.248591499083));
#2832 = CARTESIAN_POINT('',(0.,6.28318530718));
#2833 = ( GEOMETRIC_REPRESENTATION_CONTEXT(2) 
PARAMETRIC_REPRESENTATION_CONTEXT() REPRESENTATION_CONTEXT('2D SPACE',''
  ) );
#2834 = PCURVE('',#1470,#2835);
#2835 = DEFINITIONAL_REPRESENTATION('',(#2836),#2869);
#2836 = B_SPLINE_CURVE_WITH_KNOTS('',6,(#2837,#2838,#2839,#2840,#2841,
    #2842,#2843,#2844,#2845,#2846,#2847,#2848,#2849,#2850,#2851,#2852,
    #2853,#2854,#2855,#2856,#2857,#2858,#2859,#2860,#2861,#2862,#2863,
    #2864,#2865,#2866,#2867,#2868),.UNSPECIFIED.,.F.,.F.,(7,5,5,5,5,5,7)
  ,(0.,0.142885485837,0.358776787736,0.567409047314,0.705874643933,
    0.881408023426,1.),.UNSPECIFIED.);
#2837 = CARTESIAN_POINT('',(0.343120757908,1.570796326854));
#2838 = CARTESIAN_POINT('',(0.334142846632,1.606040377958));
#2839 = CARTESIAN_POINT('',(0.325003570505,1.641203395567));
#2840 = CARTESIAN_POINT('',(0.315710694791,1.676304209438));
#2841 = CARTESIAN_POINT('',(0.306273300399,1.711362573158));
#2842 = CARTESIAN_POINT('',(0.296701783887,1.746399164145));
#2843 = CARTESIAN_POINT('',(0.272360922641,1.834373488269));
#2844 = CARTESIAN_POINT('',(0.257435293994,1.887308684835));
#2845 = CARTESIAN_POINT('',(0.242271340618,1.940320088871));
#2846 = CARTESIAN_POINT('',(0.22691998408,1.993484904258));
#2847 = CARTESIAN_POINT('',(0.211447734543,2.046886351712));
#2848 = CARTESIAN_POINT('',(0.180957087048,2.152549677233));
#2849 = CARTESIAN_POINT('',(0.165942776089,2.204783371101));
#2850 = CARTESIAN_POINT('',(0.150976281778,2.257414332936));
#2851 = CARTESIAN_POINT('',(0.136159677059,2.310527288295));
#2852 = CARTESIAN_POINT('',(0.121624751558,2.364207856646));
#2853 = CARTESIAN_POINT('',(9.818910638335E-02,2.454616888602));
#2854 = CARTESIAN_POINT('',(8.90383940459E-02,2.490971705245));
#2855 = CARTESIAN_POINT('',(8.013472564573E-02,2.527641103883));
#2856 = CARTESIAN_POINT('',(7.153579003654E-02,2.564646068869));
#2857 = CARTESIAN_POINT('',(6.330676833321E-02,2.602002078808));
#2858 = CARTESIAN_POINT('',(4.564609107286E-02,2.687532200813));
#2859 = CARTESIAN_POINT('',(3.648187180477E-02,2.735926472456));
#2860 = CARTESIAN_POINT('',(2.817245439661E-02,2.784913027611));
#2861 = CARTESIAN_POINT('',(2.087987254071E-02,2.834471473565));
#2862 = CARTESIAN_POINT('',(1.476727802691E-02,2.884547955292));
#2863 = CARTESIAN_POINT('',(6.709694317562E-03,2.969133466012));
#2864 = CARTESIAN_POINT('',(4.055841372956E-03,3.003424489279));
#2865 = CARTESIAN_POINT('',(2.035739618772E-03,3.037861966375));
#2866 = CARTESIAN_POINT('',(6.784596003131E-04,3.072402986514));
#2867 = CARTESIAN_POINT('',(1.714573816258E-08,3.106998845494));
#2868 = CARTESIAN_POINT('',(1.714573816258E-08,3.14159265359));
#2869 = ( GEOMETRIC_REPRESENTATION_CONTEXT(2) 
PARAMETRIC_REPRESENTATION_CONTEXT() REPRESENTATION_CONTEXT('2D SPACE',''
  ) );
#2870 = ORIENTED_EDGE('',*,*,#1482,.T.);
#2871 = ORIENTED_EDGE('',*,*,#2537,.T.);
#2872 = ORIENTED_EDGE('',*,*,#1645,.F.);
#2873 = ADVANCED_FACE('',(#2874),#1305,.T.);
#2874 = FACE_BOUND('',#2875,.F.);
#2875 = EDGE_LOOP('',(#2876,#2877,#2878,#2986));
#2876 = ORIENTED_EDGE('',*,*,#2649,.F.);
#2877 = ORIENTED_EDGE('',*,*,#1288,.T.);
#2878 = ORIENTED_EDGE('',*,*,#2879,.T.);
#2879 = EDGE_CURVE('',#1289,#1817,#2880,.T.);
#2880 = SURFACE_CURVE('',#2881,(#2914,#2950),.PCURVE_S1.);
#2881 = B_SPLINE_CURVE_WITH_KNOTS('',6,(#2882,#2883,#2884,#2885,#2886,
    #2887,#2888,#2889,#2890,#2891,#2892,#2893,#2894,#2895,#2896,#2897,
    #2898,#2899,#2900,#2901,#2902,#2903,#2904,#2905,#2906,#2907,#2908,
    #2909,#2910,#2911,#2912,#2913),.UNSPECIFIED.,.F.,.F.,(7,5,5,5,5,5,7)
  ,(0.,0.142708761027,0.364489859472,0.580083676948,0.722581617538,
    0.885260284432,1.),.UNSPECIFIED.);
#2882 = CARTESIAN_POINT('',(-7.940280751693,-14.46381490424,6.));
#2883 = CARTESIAN_POINT('',(-7.926388844389,-14.53167559019,
    6.000000104888));
#2884 = CARTESIAN_POINT('',(-7.912009154063,-14.59949829906,
    5.997769517356));
#2885 = CARTESIAN_POINT('',(-7.897154408543,-14.66717175805,
    5.993328119957));
#2886 = CARTESIAN_POINT('',(-7.881841904107,-14.73458675024,
    5.986695092459));
#2887 = CARTESIAN_POINT('',(-7.866093505488,-14.80163611456,
    5.977888911846));
#2888 = CARTESIAN_POINT('',(-7.824825009149,-14.97168338985,
    5.949892191367));
#2889 = CARTESIAN_POINT('',(-7.798726837186,-15.07400966997,
    5.927652230248));
#2890 = CARTESIAN_POINT('',(-7.771739843611,-15.17480435802,
    5.900271548246));
#2891 = CARTESIAN_POINT('',(-7.7439952964,-15.2736676683,5.867809025269)
  );
#2892 = CARTESIAN_POINT('',(-7.715665356776,-15.37018097197,
    5.830314360742));
#2893 = CARTESIAN_POINT('',(-7.659077987078,-15.55500150528,
    5.746519223877));
#2894 = CARTESIAN_POINT('',(-7.63084464558,-15.64344991372,
    5.700499263664));
#2895 = CARTESIAN_POINT('',(-7.602471861725,-15.72884312724,
    5.649794518847));
#2896 = CARTESIAN_POINT('',(-7.574218859113,-15.81071310159,
    5.594438604558));
#2897 = CARTESIAN_POINT('',(-7.546411705694,-15.88852203447,
    5.534478887283));
#2898 = CARTESIAN_POINT('',(-7.50163183939,-16.01000101799,
    5.427360606581));
#2899 = CARTESIAN_POINT('',(-7.4841841111,-16.05629630878,5.382758634637
    ));
#2900 = CARTESIAN_POINT('',(-7.467223926163,-16.10036844328,
    5.336204437277));
#2901 = CARTESIAN_POINT('',(-7.450886220686,-16.14201427815,
    5.287735947421));
#2902 = CARTESIAN_POINT('',(-7.435320574102,-16.18101249842,
    5.237412736312));
#2903 = CARTESIAN_POINT('',(-7.403980198328,-16.25836489841,
    5.125856562179));
#2904 = CARTESIAN_POINT('',(-7.38848763063,-16.29584650531,5.06408695903
    ));
#2905 = CARTESIAN_POINT('',(-7.374448295174,-16.3292242957,
    5.000155554341));
#2906 = CARTESIAN_POINT('',(-7.362117640232,-16.35812770949,
    4.934267713787));
#2907 = CARTESIAN_POINT('',(-7.351743896531,-16.38219904668,
    4.866710792186));
#2908 = CARTESIAN_POINT('',(-7.33771129068,-16.41454231281,
    4.749322708377));
#2909 = CARTESIAN_POINT('',(-7.332974159511,-16.42538045315,
    4.700132078841));
#2910 = CARTESIAN_POINT('',(-7.329370738358,-16.43358215098,
    4.650443478991));
#2911 = CARTESIAN_POINT('',(-7.326950574468,-16.43907578247,
    4.600411863682));
#2912 = CARTESIAN_POINT('',(-7.325740729646,-16.44182236742,
    4.55020458407));
#2913 = CARTESIAN_POINT('',(-7.325740729646,-16.44182236742,4.5));
#2914 = PCURVE('',#1305,#2915);
#2915 = DEFINITIONAL_REPRESENTATION('',(#2916),#2949);
#2916 = B_SPLINE_CURVE_WITH_KNOTS('',6,(#2917,#2918,#2919,#2920,#2921,
    #2922,#2923,#2924,#2925,#2926,#2927,#2928,#2929,#2930,#2931,#2932,
    #2933,#2934,#2935,#2936,#2937,#2938,#2939,#2940,#2941,#2942,#2943,
    #2944,#2945,#2946,#2947,#2948),.UNSPECIFIED.,.F.,.F.,(7,5,5,5,5,5,7)
  ,(0.,0.142708761027,0.364489859472,0.580083676948,0.722581617538,
    0.885260284432,1.),.UNSPECIFIED.);
#2917 = CARTESIAN_POINT('',(-0.425188956225,4.712388980385));
#2918 = CARTESIAN_POINT('',(-0.427906176974,4.747589615193));
#2919 = CARTESIAN_POINT('',(-0.430627330312,4.782709415589));
#2920 = CARTESIAN_POINT('',(-0.433348574844,4.817767142304));
#2921 = CARTESIAN_POINT('',(-0.436066089965,4.852782475099));
#2922 = CARTESIAN_POINT('',(-0.438776075859,4.887776012772));
#2923 = CARTESIAN_POINT('',(-0.445668719509,4.977151664742));
#2924 = CARTESIAN_POINT('',(-0.44983514517,5.03153072834));
#2925 = CARTESIAN_POINT('',(-0.453960004172,5.085992321682));
#2926 = CARTESIAN_POINT('',(-0.458028361676,5.140620127521));
#2927 = CARTESIAN_POINT('',(-0.462023701772,5.195504539192));
#2928 = CARTESIAN_POINT('',(-0.469721906165,5.304457264239));
#2929 = CARTESIAN_POINT('',(-0.473429288932,5.35849826726));
#2930 = CARTESIAN_POINT('',(-0.477032534093,5.412977337629));
#2931 = CARTESIAN_POINT('',(-0.480510917555,5.467988188465));
#2932 = CARTESIAN_POINT('',(-0.48383941614,5.523624750057));
#2933 = CARTESIAN_POINT('',(-0.48906951174,5.617245685359));
#2934 = CARTESIAN_POINT('',(-0.491072056148,5.654815655162));
#2935 = CARTESIAN_POINT('',(-0.492987260138,5.692728150876));
#2936 = CARTESIAN_POINT('',(-0.494805051499,5.731004593887));
#2937 = CARTESIAN_POINT('',(-0.496514286549,5.769659243969));
#2938 = CARTESIAN_POINT('',(-0.499916953752,5.85326633046));
#2939 = CARTESIAN_POINT('',(-0.501573904948,5.898336019297));
#2940 = CARTESIAN_POINT('',(-0.50305607429,5.94390937777));
#2941 = CARTESIAN_POINT('',(-0.50434437616,5.989963794174));
#2942 = CARTESIAN_POINT('',(-0.505420230354,6.036450002334));
#2943 = CARTESIAN_POINT('',(-0.506868441927,6.116298988092));
#2944 = CARTESIAN_POINT('',(-0.507354715434,6.149493965747));
#2945 = CARTESIAN_POINT('',(-0.507723229902,6.182822116388));
#2946 = CARTESIAN_POINT('',(-0.507970254082,6.216244091357));
#2947 = CARTESIAN_POINT('',(-0.508093751501,6.249715584466));
#2948 = CARTESIAN_POINT('',(-0.508093751501,6.28318530718));
#2949 = ( GEOMETRIC_REPRESENTATION_CONTEXT(2) 
PARAMETRIC_REPRESENTATION_CONTEXT() REPRESENTATION_CONTEXT('2D SPACE',''
  ) );
#2950 = PCURVE('',#1334,#2951);
#2951 = DEFINITIONAL_REPRESENTATION('',(#2952),#2985);
#2952 = B_SPLINE_CURVE_WITH_KNOTS('',6,(#2953,#2954,#2955,#2956,#2957,
    #2958,#2959,#2960,#2961,#2962,#2963,#2964,#2965,#2966,#2967,#2968,
    #2969,#2970,#2971,#2972,#2973,#2974,#2975,#2976,#2977,#2978,#2979,
    #2980,#2981,#2982,#2983,#2984),.UNSPECIFIED.,.F.,.F.,(7,5,5,5,5,5,7)
  ,(0.,0.142708761027,0.364489859472,0.580083676948,0.722581617538,
    0.885260284432,1.),.UNSPECIFIED.);
#2953 = CARTESIAN_POINT('',(2.603719820968,1.570796326721));
#2954 = CARTESIAN_POINT('',(2.612686672107,1.605996961653));
#2955 = CARTESIAN_POINT('',(2.621814491651,1.641116762029));
#2956 = CARTESIAN_POINT('',(2.631095541909,1.676174488699));
#2957 = CARTESIAN_POINT('',(2.640520776759,1.711189821484));
#2958 = CARTESIAN_POINT('',(2.650079841651,1.746183359182));
#2959 = CARTESIAN_POINT('',(2.674806500679,1.835559011152));
#2960 = CARTESIAN_POINT('',(2.690146127443,1.88993807475));
#2961 = CARTESIAN_POINT('',(2.705736276167,1.944399668092));
#2962 = CARTESIAN_POINT('',(2.721521506164,1.999027473931));
#2963 = CARTESIAN_POINT('',(2.737428802795,2.053911885603));
#2964 = CARTESIAN_POINT('',(2.768850230018,2.162864610649));
#2965 = CARTESIAN_POINT('',(2.784360706211,2.216905613671));
#2966 = CARTESIAN_POINT('',(2.799806156838,2.271384684039));
#2967 = CARTESIAN_POINT('',(2.815070530301,2.326395534875));
#2968 = CARTESIAN_POINT('',(2.830002967025,2.382032096467));
#2969 = CARTESIAN_POINT('',(2.853935739113,2.475653031769));
#2970 = CARTESIAN_POINT('',(2.863229809422,2.513223001572));
#2971 = CARTESIAN_POINT('',(2.872238954178,2.551135497286));
#2972 = CARTESIAN_POINT('',(2.880897512037,2.589411940297));
#2973 = CARTESIAN_POINT('',(2.889131644534,2.628066590379));
#2974 = CARTESIAN_POINT('',(2.905686192354,2.711673676871));
#2975 = CARTESIAN_POINT('',(2.913853901481,2.756743365708));
#2976 = CARTESIAN_POINT('',(2.921244986017,2.80231672418));
#2977 = CARTESIAN_POINT('',(2.927730200277,2.848371140584));
#2978 = CARTESIAN_POINT('',(2.933182699641,2.894857348744));
#2979 = CARTESIAN_POINT('',(2.940555355423,2.974706334503));
#2980 = CARTESIAN_POINT('',(2.943043116655,3.007901312157));
#2981 = CARTESIAN_POINT('',(2.94493500715,3.041229462799));
#2982 = CARTESIAN_POINT('',(2.946205487682,3.074651437767));
#2983 = CARTESIAN_POINT('',(2.946840565707,3.108122930877));
#2984 = CARTESIAN_POINT('',(2.946840565707,3.14159265359));
#2985 = ( GEOMETRIC_REPRESENTATION_CONTEXT(2) 
PARAMETRIC_REPRESENTATION_CONTEXT() REPRESENTATION_CONTEXT('2D SPACE',''
  ) );
#2986 = ORIENTED_EDGE('',*,*,#1837,.F.);
#2987 = ADVANCED_FACE('',(#2988),#1470,.T.);
#2988 = FACE_BOUND('',#2989,.T.);
#2989 = EDGE_LOOP('',(#2990,#2991,#2992,#2993));
#2990 = ORIENTED_EDGE('',*,*,#2763,.F.);
#2991 = ORIENTED_EDGE('',*,*,#1453,.T.);
#2992 = ORIENTED_EDGE('',*,*,#2088,.T.);
#2993 = ORIENTED_EDGE('',*,*,#1577,.F.);
#2994 = ADVANCED_FACE('',(#2995),#1334,.T.);
#2995 = FACE_BOUND('',#2996,.T.);
#2996 = EDGE_LOOP('',(#2997,#3105,#3106,#3107));
#2997 = ORIENTED_EDGE('',*,*,#2998,.F.);
#2998 = EDGE_CURVE('',#1318,#1866,#2999,.T.);
#2999 = SURFACE_CURVE('',#3000,(#3033,#3069),.PCURVE_S1.);
#3000 = B_SPLINE_CURVE_WITH_KNOTS('',6,(#3001,#3002,#3003,#3004,#3005,
    #3006,#3007,#3008,#3009,#3010,#3011,#3012,#3013,#3014,#3015,#3016,
    #3017,#3018,#3019,#3020,#3021,#3022,#3023,#3024,#3025,#3026,#3027,
    #3028,#3029,#3030,#3031,#3032),.UNSPECIFIED.,.F.,.F.,(7,5,5,5,5,5,7)
  ,(0.,0.142885485513,0.358776787494,0.56740904715,0.705874643822,
    0.881408023381,1.),.UNSPECIFIED.);
#3001 = CARTESIAN_POINT('',(0.878331664988,-16.47660564213,6.));
#3002 = CARTESIAN_POINT('',(0.836320089113,-16.53178651323,
    6.000000105477));
#3003 = CARTESIAN_POINT('',(0.793884468757,-16.58672091668,5.99776401131
    ));
#3004 = CARTESIAN_POINT('',(0.751084771734,-16.64131377438,
    5.993311675175));
#3005 = CARTESIAN_POINT('',(0.707984206543,-16.69547385923,
    5.986662347512));
#3006 = CARTESIAN_POINT('',(0.66464922237,-16.74911379512,5.977834571533
    ));
#3007 = CARTESIAN_POINT('',(0.555424080764,-16.88228463165,
    5.950243394963));
#3008 = CARTESIAN_POINT('',(0.489325782436,-16.961037247,5.928708746703)
  );
#3009 = CARTESIAN_POINT('',(0.423092786861,-17.03812356785,
    5.902301418089));
#3010 = CARTESIAN_POINT('',(0.356993565889,-17.11326367438,
    5.871075882733));
#3011 = CARTESIAN_POINT('',(0.291336513241,-17.18617870219,
    5.835078354707));
#3012 = CARTESIAN_POINT('',(0.163803345211,-17.32462886652,
    5.754977776662));
#3013 = CARTESIAN_POINT('',(0.101881928231,-17.39032165939,
    5.711192607131));
#3014 = CARTESIAN_POINT('',(4.103333300284E-02,-17.45341743799,
    5.663016175607));
#3015 = CARTESIAN_POINT('',(-1.835496833627E-02,-17.51363887492,
    5.610479106548));
#3016 = CARTESIAN_POINT('',(-7.581829405055E-02,-17.5706804415,
    5.55362196229));
#3017 = CARTESIAN_POINT('',(-0.167302044136,-17.65973515589,
    5.451939418665));
#3018 = CARTESIAN_POINT('',(-0.202703767077,-17.69371062068,
    5.409502137423));
#3019 = CARTESIAN_POINT('',(-0.236851024779,-17.72603713832,
    5.365210265296));
#3020 = CARTESIAN_POINT('',(-0.269558117033,-17.75660369399,
    5.319094375472));
#3021 = CARTESIAN_POINT('',(-0.300619943761,-17.78529012366,
    5.271202125471));
#3022 = CARTESIAN_POINT('',(-0.366830591413,-17.84579357436,
    5.158727971035));
#3023 = CARTESIAN_POINT('',(-0.400848682052,-17.87639385741,
    5.093108702465));
#3024 = CARTESIAN_POINT('',(-0.431419127043,-17.90350907575,
    5.02489966275));
#3025 = CARTESIAN_POINT('',(-0.458050180347,-17.92685799191,
    4.954335714049));
#3026 = CARTESIAN_POINT('',(-0.48025447423,-17.94616502326,
    4.881758563293));
#3027 = CARTESIAN_POINT('',(-0.509422784437,-17.97138935657,
    4.757577556925));
#3028 = CARTESIAN_POINT('',(-0.518994640178,-17.97961894239,
    4.706805128793));
#3029 = CARTESIAN_POINT('',(-0.526261590531,-17.98584115973,
    4.655484158979));
#3030 = CARTESIAN_POINT('',(-0.53113746869,-17.99000704455,
    4.603784550411));
#3031 = CARTESIAN_POINT('',(-0.53357503495,-17.99208986421,
    4.551890712144));
#3032 = CARTESIAN_POINT('',(-0.53357503495,-17.99208986421,4.5));
#3033 = PCURVE('',#1334,#3034);
#3034 = DEFINITIONAL_REPRESENTATION('',(#3035),#3068);
#3035 = B_SPLINE_CURVE_WITH_KNOTS('',6,(#3036,#3037,#3038,#3039,#3040,
    #3041,#3042,#3043,#3044,#3045,#3046,#3047,#3048,#3049,#3050,#3051,
    #3052,#3053,#3054,#3055,#3056,#3057,#3058,#3059,#3060,#3061,#3062,
    #3063,#3064,#3065,#3066,#3067),.UNSPECIFIED.,.F.,.F.,(7,5,5,5,5,5,7)
  ,(0.,0.142885485513,0.358776787494,0.56740904715,0.705874643822,
    0.881408023381,1.),.UNSPECIFIED.);
#3036 = CARTESIAN_POINT('',(0.34312075797,1.570796328122));
#3037 = CARTESIAN_POINT('',(0.33414284635,1.606040378042));
#3038 = CARTESIAN_POINT('',(0.325003570305,1.64120339573));
#3039 = CARTESIAN_POINT('',(0.315710694749,1.676304209887));
#3040 = CARTESIAN_POINT('',(0.306273300416,1.711362573581));
#3041 = CARTESIAN_POINT('',(0.296701783861,1.746399164238));
#3042 = CARTESIAN_POINT('',(0.272360922641,1.834373488269));
#3043 = CARTESIAN_POINT('',(0.257435293994,1.887308684835));
#3044 = CARTESIAN_POINT('',(0.242271340618,1.940320088871));
#3045 = CARTESIAN_POINT('',(0.22691998408,1.993484904258));
#3046 = CARTESIAN_POINT('',(0.211447734543,2.046886351712));
#3047 = CARTESIAN_POINT('',(0.180957087048,2.152549677232));
#3048 = CARTESIAN_POINT('',(0.165942776089,2.204783371101));
#3049 = CARTESIAN_POINT('',(0.150976281778,2.257414332936));
#3050 = CARTESIAN_POINT('',(0.136159677059,2.310527288295));
#3051 = CARTESIAN_POINT('',(0.121624751558,2.364207856646));
#3052 = CARTESIAN_POINT('',(9.818910638335E-02,2.454616888602));
#3053 = CARTESIAN_POINT('',(8.903839404591E-02,2.490971705245));
#3054 = CARTESIAN_POINT('',(8.013472564574E-02,2.527641103882));
#3055 = CARTESIAN_POINT('',(7.153579003653E-02,2.564646068869));
#3056 = CARTESIAN_POINT('',(6.330676833322E-02,2.602002078808));
#3057 = CARTESIAN_POINT('',(4.564609107287E-02,2.687532200813));
#3058 = CARTESIAN_POINT('',(3.648187180477E-02,2.735926472456));
#3059 = CARTESIAN_POINT('',(2.81724543966E-02,2.784913027611));
#3060 = CARTESIAN_POINT('',(2.087987254072E-02,2.834471473565));
#3061 = CARTESIAN_POINT('',(1.47672780269E-02,2.884547955292));
#3062 = CARTESIAN_POINT('',(6.709694317562E-03,2.969133466012));
#3063 = CARTESIAN_POINT('',(4.055841372952E-03,3.003424489279));
#3064 = CARTESIAN_POINT('',(2.03573961877E-03,3.037861966375));
#3065 = CARTESIAN_POINT('',(6.784596003149E-04,3.072402986514));
#3066 = CARTESIAN_POINT('',(1.71457372744E-08,3.106998845494));
#3067 = CARTESIAN_POINT('',(1.71457372744E-08,3.14159265359));
#3068 = ( GEOMETRIC_REPRESENTATION_CONTEXT(2) 
PARAMETRIC_REPRESENTATION_CONTEXT() REPRESENTATION_CONTEXT('2D SPACE',''
  ) );
#3069 = PCURVE('',#1363,#3070);
#3070 = DEFINITIONAL_REPRESENTATION('',(#3071),#3104);
#3071 = B_SPLINE_CURVE_WITH_KNOTS('',6,(#3072,#3073,#3074,#3075,#3076,
    #3077,#3078,#3079,#3080,#3081,#3082,#3083,#3084,#3085,#3086,#3087,
    #3088,#3089,#3090,#3091,#3092,#3093,#3094,#3095,#3096,#3097,#3098,
    #3099,#3100,#3101,#3102,#3103),.UNSPECIFIED.,.F.,.F.,(7,5,5,5,5,5,7)
  ,(0.,0.142885485513,0.358776787494,0.56740904715,0.705874643822,
    0.881408023381,1.),.UNSPECIFIED.);
#3072 = CARTESIAN_POINT('',(-8.290479514716E-02,4.712388980385));
#3073 = CARTESIAN_POINT('',(-8.018422305564E-02,4.747633032518));
#3074 = CARTESIAN_POINT('',(-7.745970865565E-02,4.782796049851));
#3075 = CARTESIAN_POINT('',(-7.473510751597E-02,4.817896863211));
#3076 = CARTESIAN_POINT('',(-7.201425437992E-02,4.852955226727));
#3077 = CARTESIAN_POINT('',(-6.930096316531E-02,4.887991817827));
#3078 = CARTESIAN_POINT('',(-6.251656524935E-02,4.975966141859));
#3079 = CARTESIAN_POINT('',(-5.846022899969E-02,5.028901338425));
#3080 = CARTESIAN_POINT('',(-5.444297648266E-02,5.08191274246));
#3081 = CARTESIAN_POINT('',(-5.047857089872E-02,5.135077557847));
#3082 = CARTESIAN_POINT('',(-4.658216494768E-02,5.188479005302));
#3083 = CARTESIAN_POINT('',(-3.90877547728E-02,5.294142330822));
#3084 = CARTESIAN_POINT('',(-3.548456496405E-02,5.346376024691));
#3085 = CARTESIAN_POINT('',(-3.197648155894E-02,5.399006986526));
#3086 = CARTESIAN_POINT('',(-2.858190478146E-02,5.452119941884));
#3087 = CARTESIAN_POINT('',(-2.532288363359E-02,5.505800510236));
#3088 = CARTESIAN_POINT('',(-2.016987041063E-02,5.596209542192));
#3089 = CARTESIAN_POINT('',(-1.818560845213E-02,5.632564358835));
#3090 = CARTESIAN_POINT('',(-1.628041276097E-02,5.669233757472));
#3091 = CARTESIAN_POINT('',(-1.446318732534E-02,5.706238722458));
#3092 = CARTESIAN_POINT('',(-1.274381729304E-02,5.743594732398));
#3093 = CARTESIAN_POINT('',(-9.09076725943E-03,5.829124854402));
#3094 = CARTESIAN_POINT('',(-7.222868999019E-03,5.877519126045));
#3095 = CARTESIAN_POINT('',(-5.551156791942E-03,5.926505681201));
#3096 = CARTESIAN_POINT('',(-4.099614756189E-03,5.976064127155));
#3097 = CARTESIAN_POINT('',(-2.892127234785E-03,6.026140608882));
#3098 = CARTESIAN_POINT('',(-1.308294561441E-03,6.110726119602));
#3099 = CARTESIAN_POINT('',(-7.893670444661E-04,6.145017142868));
#3100 = CARTESIAN_POINT('',(-3.958309075598E-04,6.179454619964));
#3101 = CARTESIAN_POINT('',(-1.319320365871E-04,6.213995640104));
#3102 = CARTESIAN_POINT('',(2.6645352591E-15,6.248591499083));
#3103 = CARTESIAN_POINT('',(2.6645352591E-15,6.28318530718));
#3104 = ( GEOMETRIC_REPRESENTATION_CONTEXT(2) 
PARAMETRIC_REPRESENTATION_CONTEXT() REPRESENTATION_CONTEXT('2D SPACE',''
  ) );
#3105 = ORIENTED_EDGE('',*,*,#1317,.T.);
#3106 = ORIENTED_EDGE('',*,*,#2879,.T.);
#3107 = ORIENTED_EDGE('',*,*,#1865,.F.);
#3108 = ADVANCED_FACE('',(#3109),#1363,.T.);
#3109 = FACE_BOUND('',#3110,.F.);
#3110 = EDGE_LOOP('',(#3111,#3112,#3113,#3221));
#3111 = ORIENTED_EDGE('',*,*,#2998,.F.);
#3112 = ORIENTED_EDGE('',*,*,#1346,.T.);
#3113 = ORIENTED_EDGE('',*,*,#3114,.T.);
#3114 = EDGE_CURVE('',#1347,#1913,#3115,.T.);
#3115 = SURFACE_CURVE('',#3116,(#3149,#3185),.PCURVE_S1.);
#3116 = B_SPLINE_CURVE_WITH_KNOTS('',6,(#3117,#3118,#3119,#3120,#3121,
    #3122,#3123,#3124,#3125,#3126,#3127,#3128,#3129,#3130,#3131,#3132,
    #3133,#3134,#3135,#3136,#3137,#3138,#3139,#3140,#3141,#3142,#3143,
    #3144,#3145,#3146,#3147,#3148),.UNSPECIFIED.,.F.,.F.,(7,5,5,5,5,5,7)
  ,(0.,0.142708761006,0.364489859456,0.580083676938,0.722581617531,
    0.885260284429,1.),.UNSPECIFIED.);
#3117 = CARTESIAN_POINT('',(6.35758177627,-15.22600256003,6.));
#3118 = CARTESIAN_POINT('',(6.419298859412,-15.25745187531,
    6.000000104886));
#3119 = CARTESIAN_POINT('',(6.48129037871,-15.288496148,5.997769517352)
  );
#3120 = CARTESIAN_POINT('',(6.543461401833,-15.31907595177,
    5.993328119953));
#3121 = CARTESIAN_POINT('',(6.605715755459,-15.34913671382,
    5.986695092455));
#3122 = CARTESIAN_POINT('',(6.667956025277,-15.37862871489,
    5.977888911844));
#3123 = CARTESIAN_POINT('',(6.826634825195,-15.45238644718,
    5.949892191367));
#3124 = CARTESIAN_POINT('',(6.922908676549,-15.49578146683,
    5.927652230248));
#3125 = CARTESIAN_POINT('',(7.018539252209,-15.53752664571,
    5.900271548246));
#3126 = CARTESIAN_POINT('',(7.113132142891,-15.57747535098,
    5.867809025269));
#3127 = CARTESIAN_POINT('',(7.206252710616,-15.61550117286,
    5.830314360742));
#3128 = CARTESIAN_POINT('',(7.386032870082,-15.68649310341,
    5.746519223877));
#3129 = CARTESIAN_POINT('',(7.472787820871,-15.71956606883,
    5.700499263664));
#3130 = CARTESIAN_POINT('',(7.557241064976,-15.75062513094,
    5.649794518847));
#3131 = CARTESIAN_POINT('',(7.638865047397,-15.77958113811,
    5.594438604558));
#3132 = CARTESIAN_POINT('',(7.717035997311,-15.80635370627,
    5.534478887283));
#3133 = CARTESIAN_POINT('',(7.839931881054,-15.84708430438,
    5.427360606581));
#3134 = CARTESIAN_POINT('',(7.88700547754,-15.86230776279,5.382758634637
    ));
#3135 = CARTESIAN_POINT('',(7.932036962135,-15.87652628266,
    5.336204437277));
#3136 = CARTESIAN_POINT('',(7.974783379704,-15.8897187035,5.287735947421
    ));
#3137 = CARTESIAN_POINT('',(8.014978437971,-15.90186398358,
    5.237412736312));
#3138 = CARTESIAN_POINT('',(8.094995384211,-15.92558952368,
    5.125856562179));
#3139 = CARTESIAN_POINT('',(8.133959142462,-15.93684634616,5.06408695903
    ));
#3140 = CARTESIAN_POINT('',(8.168808332289,-15.94668066363,
    5.000155554341));
#3141 = CARTESIAN_POINT('',(8.199093968745,-15.95506115313,
    4.934267713787));
#3142 = CARTESIAN_POINT('',(8.224381621394,-15.96195886698,
    4.866710792186));
#3143 = CARTESIAN_POINT('',(8.25841779174,-15.97115343053,4.749322708377
    ));
#3144 = CARTESIAN_POINT('',(8.26984494404,-15.97420726222,4.700132078841
    ));
#3145 = CARTESIAN_POINT('',(8.278503985959,-15.97650366907,
    4.650443478991));
#3146 = CARTESIAN_POINT('',(8.284308027511,-15.97803673196,
    4.600411863682));
#3147 = CARTESIAN_POINT('',(8.287209720006,-15.97880330489,4.55020458407
    ));
#3148 = CARTESIAN_POINT('',(8.287209720006,-15.97880330489,4.5));
#3149 = PCURVE('',#1363,#3150);
#3150 = DEFINITIONAL_REPRESENTATION('',(#3151),#3184);
#3151 = B_SPLINE_CURVE_WITH_KNOTS('',6,(#3152,#3153,#3154,#3155,#3156,
    #3157,#3158,#3159,#3160,#3161,#3162,#3163,#3164,#3165,#3166,#3167,
    #3168,#3169,#3170,#3171,#3172,#3173,#3174,#3175,#3176,#3177,#3178,
    #3179,#3180,#3181,#3182,#3183),.UNSPECIFIED.,.F.,.F.,(7,5,5,5,5,5,7)
  ,(0.,0.142708761006,0.364489859456,0.580083676938,0.722581617531,
    0.885260284429,1.),.UNSPECIFIED.);
#3152 = CARTESIAN_POINT('',(-0.425188956232,4.712388980385));
#3153 = CARTESIAN_POINT('',(-0.427906176974,4.747589615254));
#3154 = CARTESIAN_POINT('',(-0.430627330313,4.782709415633));
#3155 = CARTESIAN_POINT('',(-0.433348574847,4.817767142316));
#3156 = CARTESIAN_POINT('',(-0.436066089967,4.852782475099));
#3157 = CARTESIAN_POINT('',(-0.43877607586,4.887776012778));
#3158 = CARTESIAN_POINT('',(-0.445668719509,4.977151664742));
#3159 = CARTESIAN_POINT('',(-0.44983514517,5.03153072834));
#3160 = CARTESIAN_POINT('',(-0.453960004171,5.085992321682));
#3161 = CARTESIAN_POINT('',(-0.458028361676,5.140620127521));
#3162 = CARTESIAN_POINT('',(-0.462023701772,5.195504539192));
#3163 = CARTESIAN_POINT('',(-0.469721906165,5.304457264239));
#3164 = CARTESIAN_POINT('',(-0.473429288932,5.35849826726));
#3165 = CARTESIAN_POINT('',(-0.477032534093,5.412977337629));
#3166 = CARTESIAN_POINT('',(-0.480510917555,5.467988188465));
#3167 = CARTESIAN_POINT('',(-0.48383941614,5.523624750057));
#3168 = CARTESIAN_POINT('',(-0.48906951174,5.617245685359));
#3169 = CARTESIAN_POINT('',(-0.491072056148,5.654815655162));
#3170 = CARTESIAN_POINT('',(-0.492987260138,5.692728150876));
#3171 = CARTESIAN_POINT('',(-0.494805051499,5.731004593887));
#3172 = CARTESIAN_POINT('',(-0.496514286549,5.769659243969));
#3173 = CARTESIAN_POINT('',(-0.499916953752,5.85326633046));
#3174 = CARTESIAN_POINT('',(-0.501573904948,5.898336019298));
#3175 = CARTESIAN_POINT('',(-0.50305607429,5.943909377769));
#3176 = CARTESIAN_POINT('',(-0.50434437616,5.989963794174));
#3177 = CARTESIAN_POINT('',(-0.505420230354,6.036450002334));
#3178 = CARTESIAN_POINT('',(-0.506868441927,6.116298988092));
#3179 = CARTESIAN_POINT('',(-0.507354715434,6.149493965747));
#3180 = CARTESIAN_POINT('',(-0.507723229902,6.182822116388));
#3181 = CARTESIAN_POINT('',(-0.507970254082,6.216244091357));
#3182 = CARTESIAN_POINT('',(-0.508093751501,6.249715584466));
#3183 = CARTESIAN_POINT('',(-0.508093751501,6.28318530718));
#3184 = ( GEOMETRIC_REPRESENTATION_CONTEXT(2) 
PARAMETRIC_REPRESENTATION_CONTEXT() REPRESENTATION_CONTEXT('2D SPACE',''
  ) );
#3185 = PCURVE('',#1392,#3186);
#3186 = DEFINITIONAL_REPRESENTATION('',(#3187),#3220);
#3187 = B_SPLINE_CURVE_WITH_KNOTS('',6,(#3188,#3189,#3190,#3191,#3192,
    #3193,#3194,#3195,#3196,#3197,#3198,#3199,#3200,#3201,#3202,#3203,
    #3204,#3205,#3206,#3207,#3208,#3209,#3210,#3211,#3212,#3213,#3214,
    #3215,#3216,#3217,#3218,#3219),.UNSPECIFIED.,.F.,.F.,(7,5,5,5,5,5,7)
  ,(0.,0.142708761006,0.364489859456,0.580083676938,0.722581617531,
    0.885260284429,1.),.UNSPECIFIED.);
#3188 = CARTESIAN_POINT('',(2.603719820963,1.570796326804));
#3189 = CARTESIAN_POINT('',(2.612686672126,1.605996961658));
#3190 = CARTESIAN_POINT('',(2.621814491664,1.64111676204));
#3191 = CARTESIAN_POINT('',(2.631095541911,1.676174488728));
#3192 = CARTESIAN_POINT('',(2.640520776758,1.711189821512));
#3193 = CARTESIAN_POINT('',(2.650079841652,1.746183359188));
#3194 = CARTESIAN_POINT('',(2.674806500679,1.835559011152));
#3195 = CARTESIAN_POINT('',(2.690146127443,1.88993807475));
#3196 = CARTESIAN_POINT('',(2.705736276167,1.944399668092));
#3197 = CARTESIAN_POINT('',(2.721521506164,1.999027473931));
#3198 = CARTESIAN_POINT('',(2.737428802795,2.053911885603));
#3199 = CARTESIAN_POINT('',(2.768850230018,2.162864610649));
#3200 = CARTESIAN_POINT('',(2.784360706211,2.216905613671));
#3201 = CARTESIAN_POINT('',(2.799806156838,2.271384684039));
#3202 = CARTESIAN_POINT('',(2.815070530301,2.326395534875));
#3203 = CARTESIAN_POINT('',(2.830002967025,2.382032096467));
#3204 = CARTESIAN_POINT('',(2.853935739113,2.475653031769));
#3205 = CARTESIAN_POINT('',(2.863229809422,2.513223001572));
#3206 = CARTESIAN_POINT('',(2.872238954178,2.551135497286));
#3207 = CARTESIAN_POINT('',(2.880897512037,2.589411940297));
#3208 = CARTESIAN_POINT('',(2.889131644534,2.628066590379));
#3209 = CARTESIAN_POINT('',(2.905686192354,2.711673676871));
#3210 = CARTESIAN_POINT('',(2.913853901481,2.756743365708));
#3211 = CARTESIAN_POINT('',(2.921244986017,2.80231672418));
#3212 = CARTESIAN_POINT('',(2.927730200277,2.848371140584));
#3213 = CARTESIAN_POINT('',(2.933182699641,2.894857348744));
#3214 = CARTESIAN_POINT('',(2.940555355423,2.974706334503));
#3215 = CARTESIAN_POINT('',(2.943043116655,3.007901312157));
#3216 = CARTESIAN_POINT('',(2.94493500715,3.041229462799));
#3217 = CARTESIAN_POINT('',(2.946205487682,3.074651437767));
#3218 = CARTESIAN_POINT('',(2.946840565707,3.108122930877));
#3219 = CARTESIAN_POINT('',(2.946840565707,3.14159265359));
#3220 = ( GEOMETRIC_REPRESENTATION_CONTEXT(2) 
PARAMETRIC_REPRESENTATION_CONTEXT() REPRESENTATION_CONTEXT('2D SPACE',''
  ) );
#3221 = ORIENTED_EDGE('',*,*,#1933,.F.);
#3222 = ADVANCED_FACE('',(#3223),#1392,.T.);
#3223 = FACE_BOUND('',#3224,.T.);
#3224 = EDGE_LOOP('',(#3225,#3226,#3227,#3228));
#3225 = ORIENTED_EDGE('',*,*,#2201,.F.);
#3226 = ORIENTED_EDGE('',*,*,#1375,.T.);
#3227 = ORIENTED_EDGE('',*,*,#3114,.T.);
#3228 = ORIENTED_EDGE('',*,*,#1961,.F.);
#3229 = ADVANCED_FACE('',(#3230),#1561,.T.);
#3230 = FACE_BOUND('',#3231,.F.);
#3231 = EDGE_LOOP('',(#3232,#3252,#3253,#3254));
#3232 = ORIENTED_EDGE('',*,*,#3233,.F.);
#3233 = EDGE_CURVE('',#1541,#2037,#3234,.T.);
#3234 = SEAM_CURVE('',#3235,(#3240,#3246),.PCURVE_S1.);
#3235 = CIRCLE('',#3236,1.5);
#3236 = AXIS2_PLACEMENT_3D('',#3237,#3238,#3239);
#3237 = CARTESIAN_POINT('',(4.7,-1.151167991199E-15,4.5));
#3238 = DIRECTION('',(-2.449293598295E-16,-1.,0.));
#3239 = DIRECTION('',(1.,-2.449293598295E-16,0.));
#3240 = PCURVE('',#1561,#3241);
#3241 = DEFINITIONAL_REPRESENTATION('',(#3242),#3245);
#3242 = B_SPLINE_CURVE_WITH_KNOTS('',1,(#3243,#3244),.UNSPECIFIED.,.F.,
  .F.,(2,2),(1.570796326795,3.14159265359),.PIECEWISE_BEZIER_KNOTS.);
#3243 = CARTESIAN_POINT('',(0.,1.570796326795));
#3244 = CARTESIAN_POINT('',(0.,3.14159265359));
#3245 = ( GEOMETRIC_REPRESENTATION_CONTEXT(2) 
PARAMETRIC_REPRESENTATION_CONTEXT() REPRESENTATION_CONTEXT('2D SPACE',''
  ) );
#3246 = PCURVE('',#1561,#3247);
#3247 = DEFINITIONAL_REPRESENTATION('',(#3248),#3251);
#3248 = B_SPLINE_CURVE_WITH_KNOTS('',1,(#3249,#3250),.UNSPECIFIED.,.F.,
  .F.,(2,2),(1.570796326795,3.14159265359),.PIECEWISE_BEZIER_KNOTS.);
#3249 = CARTESIAN_POINT('',(-6.28318530718,1.570796326795));
#3250 = CARTESIAN_POINT('',(-6.28318530718,3.14159265359));
#3251 = ( GEOMETRIC_REPRESENTATION_CONTEXT(2) 
PARAMETRIC_REPRESENTATION_CONTEXT() REPRESENTATION_CONTEXT('2D SPACE',''
  ) );
#3252 = ORIENTED_EDGE('',*,*,#1540,.F.);
#3253 = ORIENTED_EDGE('',*,*,#3233,.T.);
#3254 = ORIENTED_EDGE('',*,*,#2059,.T.);
#3255 = ( GEOMETRIC_REPRESENTATION_CONTEXT(3) 
GLOBAL_UNCERTAINTY_ASSIGNED_CONTEXT((#3259)) 
GLOBAL_UNIT_ASSIGNED_CONTEXT((#3256,#3257,#3258)) REPRESENTATION_CONTEXT
('Context #1','3D Context with UNIT and UNCERTAINTY') );
#3256 = ( LENGTH_UNIT() NAMED_UNIT(*) SI_UNIT(.MILLI.,.METRE.) );
#3257 = ( NAMED_UNIT(*) PLANE_ANGLE_UNIT() SI_UNIT($,.RADIAN.) );
#3258 = ( NAMED_UNIT(*) SI_UNIT($,.STERADIAN.) SOLID_ANGLE_UNIT() );
#3259 = UNCERTAINTY_MEASURE_WITH_UNIT(LENGTH_MEASURE(1.E-07),#3256,
  'distance_accuracy_value','confusion accuracy');
#3260 = PRODUCT_RELATED_PRODUCT_CATEGORY('part',$,(#7));
ENDSEC;
END-ISO-10303-21;
